fam,geneA1,geneA2,geneB1,geneB2,geneA1_extracted,geneA2_extracted,geneB1_extracted,geneB2_extracted
Legume.fam3.00127,glyma.Wm82.gnm4.ann1.Glyma.06G150400.1,glyma.Wm82.gnm4.ann1.Glyma.04G215600.1,glyma.Wm82.gnm4.ann1.Glyma.05G188900.1,glyma.Wm82.gnm4.ann1.Glyma.08G146600.1,Glyma.06G150400,Glyma.04G215600,Glyma.05G188900,Glyma.08G146600
Legume.fam3.00230,glyma.Wm82.gnm4.ann1.Glyma.08G159400.3,glyma.Wm82.gnm4.ann1.Glyma.15G267200.1,glyma.Wm82.gnm4.ann1.Glyma.15G267300.1,glyma.Wm82.gnm4.ann1.Glyma.08G159100.1,Glyma.08G159400,Glyma.15G267200,Glyma.15G267300,Glyma.08G159100
Legume.fam3.00318,glyma.Wm82.gnm4.ann1.Glyma.19G218800.1,glyma.Wm82.gnm4.ann1.Glyma.03G221700.1,glyma.Wm82.gnm4.ann1.Glyma.19G219000.1,glyma.Wm82.gnm4.ann1.Glyma.03G221900.1,Glyma.19G218800,Glyma.03G221700,Glyma.19G219000,Glyma.03G221900
Legume.fam3.00353,glyma.Wm82.gnm4.ann1.Glyma.15G014600.2,glyma.Wm82.gnm4.ann1.Glyma.13G359300.1,glyma.Wm82.gnm4.ann1.Glyma.07G006000.1,glyma.Wm82.gnm4.ann1.Glyma.08G206600.1,Glyma.15G014600,Glyma.13G359300,Glyma.07G006000,Glyma.08G206600
Legume.fam3.00356,glyma.Wm82.gnm4.ann1.Glyma.15G138400.1,glyma.Wm82.gnm4.ann1.Glyma.09G033700.1,glyma.Wm82.gnm4.ann1.Glyma.07G237500.1,glyma.Wm82.gnm4.ann1.Glyma.17G036100.1,Glyma.15G138400,Glyma.09G033700,Glyma.07G237500,Glyma.17G036100
Legume.fam3.00375,glyma.Wm82.gnm4.ann1.Glyma.11G230100.1,glyma.Wm82.gnm4.ann1.Glyma.18G027100.1,glyma.Wm82.gnm4.ann1.Glyma.14G059200.1,glyma.Wm82.gnm4.ann1.Glyma.02G257200.1,Glyma.11G230100,Glyma.18G027100,Glyma.14G059200,Glyma.02G257200
Legume.fam3.00376,glyma.Wm82.gnm4.ann1.Glyma.19G254000.2,glyma.Wm82.gnm4.ann1.Glyma.03G256200.4,glyma.Wm82.gnm4.ann1.Glyma.07G057900.1,glyma.Wm82.gnm4.ann1.Glyma.16G026900.5,Glyma.19G254000,Glyma.03G256200,Glyma.07G057900,Glyma.16G026900
Legume.fam3.00382,glyma.Wm82.gnm4.ann1.Glyma.09G194400.1,glyma.Wm82.gnm4.ann1.Glyma.01G146700.1,glyma.Wm82.gnm4.ann1.Glyma.08G035300.4,glyma.Wm82.gnm4.ann1.Glyma.05G228400.1,Glyma.09G194400,Glyma.01G146700,Glyma.08G035300,Glyma.05G228400
Legume.fam3.00391,glyma.Wm82.gnm4.ann1.Glyma.03G254800.1,glyma.Wm82.gnm4.ann1.Glyma.19G252500.1,glyma.Wm82.gnm4.ann1.Glyma.16G029600.1,glyma.Wm82.gnm4.ann1.Glyma.07G061000.1,Glyma.03G254800,Glyma.19G252500,Glyma.16G029600,Glyma.07G061000
Legume.fam3.00463,glyma.Wm82.gnm4.ann1.Glyma.07G266300.1,glyma.Wm82.gnm4.ann1.Glyma.17G008000.1,glyma.Wm82.gnm4.ann1.Glyma.15G115600.1,glyma.Wm82.gnm4.ann1.Glyma.09G011200.1,Glyma.07G266300,Glyma.17G008000,Glyma.15G115600,Glyma.09G011200
Legume.fam3.00470,glyma.Wm82.gnm4.ann1.Glyma.08G283600.2,glyma.Wm82.gnm4.ann1.Glyma.18G142900.3,glyma.Wm82.gnm4.ann1.Glyma.01G027800.1,glyma.Wm82.gnm4.ann1.Glyma.02G037400.1,Glyma.08G283600,Glyma.18G142900,Glyma.01G027800,Glyma.02G037400
Legume.fam3.00476,glyma.Wm82.gnm4.ann1.Glyma.05G126000.1,glyma.Wm82.gnm4.ann1.Glyma.08G081000.1,glyma.Wm82.gnm4.ann1.Glyma.15G132500.1,glyma.Wm82.gnm4.ann1.Glyma.09G026800.4,Glyma.05G126000,Glyma.08G081000,Glyma.15G132500,Glyma.09G026800
Legume.fam3.00481,glyma.Wm82.gnm4.ann1.Glyma.03G234100.1,glyma.Wm82.gnm4.ann1.Glyma.19G231500.1,glyma.Wm82.gnm4.ann1.Glyma.10G150700.1,glyma.Wm82.gnm4.ann1.Glyma.20G237800.3,Glyma.03G234100,Glyma.19G231500,Glyma.10G150700,Glyma.20G237800
Legume.fam3.00486,glyma.Wm82.gnm4.ann1.Glyma.14G153500.4,glyma.Wm82.gnm4.ann1.Glyma.13G031600.5,glyma.Wm82.gnm4.ann1.Glyma.06G116400.1,glyma.Wm82.gnm4.ann1.Glyma.04G246400.1,Glyma.14G153500,Glyma.13G031600,Glyma.06G116400,Glyma.04G246400
Legume.fam3.00502,glyma.Wm82.gnm4.ann1.Glyma.03G190200.1,glyma.Wm82.gnm4.ann1.Glyma.19G190600.1,glyma.Wm82.gnm4.ann1.Glyma.10G065600.1,glyma.Wm82.gnm4.ann1.Glyma.13G150700.2,Glyma.03G190200,Glyma.19G190600,Glyma.10G065600,Glyma.13G150700
Legume.fam3.00505,glyma.Wm82.gnm4.ann1.Glyma.14G148300.1,glyma.Wm82.gnm4.ann1.Glyma.13G081000.1,glyma.Wm82.gnm4.ann1.Glyma.06G112200.1,glyma.Wm82.gnm4.ann1.Glyma.04G250600.1,Glyma.14G148300,Glyma.13G081000,Glyma.06G112200,Glyma.04G250600
Legume.fam3.00506,glyma.Wm82.gnm4.ann1.Glyma.17G219700.1,glyma.Wm82.gnm4.ann1.Glyma.14G106200.3,glyma.Wm82.gnm4.ann1.Glyma.04G057700.2,glyma.Wm82.gnm4.ann1.Glyma.06G058400.1,Glyma.17G219700,Glyma.14G106200,Glyma.04G057700,Glyma.06G058400
Legume.fam3.00509,glyma.Wm82.gnm4.ann1.Glyma.08G074700.3,glyma.Wm82.gnm4.ann1.Glyma.05G119900.2,glyma.Wm82.gnm4.ann1.Glyma.08G180900.1,glyma.Wm82.gnm4.ann1.Glyma.15G051500.1,Glyma.08G074700,Glyma.05G119900,Glyma.08G180900,Glyma.15G051500
Legume.fam3.00512,glyma.Wm82.gnm4.ann1.Glyma.08G118000.1,glyma.Wm82.gnm4.ann1.Glyma.05G160500.1,glyma.Wm82.gnm4.ann1.Glyma.13G226900.3,glyma.Wm82.gnm4.ann1.Glyma.15G085500.1,Glyma.08G118000,Glyma.05G160500,Glyma.13G226900,Glyma.15G085500
Legume.fam3.00515,glyma.Wm82.gnm4.ann1.Glyma.18G189600.1,glyma.Wm82.gnm4.ann1.Glyma.07G139100.1,glyma.Wm82.gnm4.ann1.Glyma.01G105000.1,glyma.Wm82.gnm4.ann1.Glyma.03G072100.1,Glyma.18G189600,Glyma.07G139100,Glyma.01G105000,Glyma.03G072100
Legume.fam3.00517,glyma.Wm82.gnm4.ann1.Glyma.04G202100.1,glyma.Wm82.gnm4.ann1.Glyma.06G163500.1,glyma.Wm82.gnm4.ann1.Glyma.05G200000.3,glyma.Wm82.gnm4.ann1.Glyma.08G007400.1,Glyma.04G202100,Glyma.06G163500,Glyma.05G200000,Glyma.08G007400
Legume.fam3.00519,glyma.Wm82.gnm4.ann1.Glyma.07G257300.1,glyma.Wm82.gnm4.ann1.Glyma.17G016800.1,glyma.Wm82.gnm4.ann1.Glyma.13G208400.1,glyma.Wm82.gnm4.ann1.Glyma.15G104400.1,Glyma.07G257300,Glyma.17G016800,Glyma.13G208400,Glyma.15G104400
Legume.fam3.00521,glyma.Wm82.gnm4.ann1.Glyma.17G139400.1,glyma.Wm82.gnm4.ann1.Glyma.05G056900.2,glyma.Wm82.gnm4.ann1.Glyma.11G031500.1,glyma.Wm82.gnm4.ann1.Glyma.01G210500.1,Glyma.17G139400,Glyma.05G056900,Glyma.11G031500,Glyma.01G210500
Legume.fam3.00535,glyma.Wm82.gnm4.ann1.Glyma.17G254700.1,glyma.Wm82.gnm4.ann1.Glyma.14G216200.1,glyma.Wm82.gnm4.ann1.Glyma.04G027800.1,glyma.Wm82.gnm4.ann1.Glyma.06G028000.1,Glyma.17G254700,Glyma.14G216200,Glyma.04G027800,Glyma.06G028000
Legume.fam3.00536,glyma.Wm82.gnm4.ann1.Glyma.17G238200.1,glyma.Wm82.gnm4.ann1.Glyma.14G086300.1,glyma.Wm82.gnm4.ann1.Glyma.04G042100.1,glyma.Wm82.gnm4.ann1.Glyma.06G043000.1,Glyma.17G238200,Glyma.14G086300,Glyma.04G042100,Glyma.06G043000
Legume.fam3.00540,glyma.Wm82.gnm4.ann1.Glyma.07G007700.1,glyma.Wm82.gnm4.ann1.Glyma.08G190400.1,glyma.Wm82.gnm4.ann1.Glyma.15G025800.1,glyma.Wm82.gnm4.ann1.Glyma.13G348200.4,Glyma.07G007700,Glyma.08G190400,Glyma.15G025800,Glyma.13G348200
Legume.fam3.00541,glyma.Wm82.gnm4.ann1.Glyma.01G136300.1,glyma.Wm82.gnm4.ann1.Glyma.03G031800.1,glyma.Wm82.gnm4.ann1.Glyma.01G079500.1,glyma.Wm82.gnm4.ann1.Glyma.11G168219.1,Glyma.01G136300,Glyma.03G031800,Glyma.01G079500,Glyma.11G168219
Legume.fam3.00546,glyma.Wm82.gnm4.ann1.Glyma.15G167500.4,glyma.Wm82.gnm4.ann1.Glyma.09G061200.5,glyma.Wm82.gnm4.ann1.Glyma.13G101700.1,glyma.Wm82.gnm4.ann1.Glyma.17G057800.6,Glyma.15G167500,Glyma.09G061200,Glyma.13G101700,Glyma.17G057800
Legume.fam3.00554,glyma.Wm82.gnm4.ann1.Glyma.13G343300.1,glyma.Wm82.gnm4.ann1.Glyma.15G031100.1,glyma.Wm82.gnm4.ann1.Glyma.12G053500.1,glyma.Wm82.gnm4.ann1.Glyma.11G129000.1,Glyma.13G343300,Glyma.15G031100,Glyma.12G053500,Glyma.11G129000
Legume.fam3.00559,glyma.Wm82.gnm4.ann1.Glyma.07G006500.1,glyma.Wm82.gnm4.ann1.Glyma.08G207100.1,glyma.Wm82.gnm4.ann1.Glyma.15G014000.1,glyma.Wm82.gnm4.ann1.Glyma.13G360000.1,Glyma.07G006500,Glyma.08G207100,Glyma.15G014000,Glyma.13G360000
Legume.fam3.00561,glyma.Wm82.gnm4.ann1.Glyma.01G006000.1,glyma.Wm82.gnm4.ann1.Glyma.07G125600.1,glyma.Wm82.gnm4.ann1.Glyma.08G032800.1,glyma.Wm82.gnm4.ann1.Glyma.05G225900.1,Glyma.01G006000,Glyma.07G125600,Glyma.08G032800,Glyma.05G225900
Legume.fam3.00575,glyma.Wm82.gnm4.ann1.Glyma.06G191400.2,glyma.Wm82.gnm4.ann1.Glyma.04G172900.1,glyma.Wm82.gnm4.ann1.Glyma.17G098300.1,glyma.Wm82.gnm4.ann1.Glyma.05G028500.1,Glyma.06G191400,Glyma.04G172900,Glyma.17G098300,Glyma.05G028500
Legume.fam3.00577,glyma.Wm82.gnm4.ann1.Glyma.01G239800.1,glyma.Wm82.gnm4.ann1.Glyma.11G003900.1,glyma.Wm82.gnm4.ann1.Glyma.20G143000.1,glyma.Wm82.gnm4.ann1.Glyma.10G250700.1,Glyma.01G239800,Glyma.11G003900,Glyma.20G143000,Glyma.10G250700
Legume.fam3.00578,glyma.Wm82.gnm4.ann1.Glyma.01G156700.1,glyma.Wm82.gnm4.ann1.Glyma.11G088000.1,glyma.Wm82.gnm4.ann1.Glyma.16G113000.1,glyma.Wm82.gnm4.ann1.Glyma.09G196000.1,Glyma.01G156700,Glyma.11G088000,Glyma.16G113000,Glyma.09G196000
Legume.fam3.00581,glyma.Wm82.gnm4.ann1.Glyma.17G152900.1,glyma.Wm82.gnm4.ann1.Glyma.05G070266.1,glyma.Wm82.gnm4.ann1.Glyma.11G041400.1,glyma.Wm82.gnm4.ann1.Glyma.01G200700.1,Glyma.17G152900,Glyma.05G070266,Glyma.11G041400,Glyma.01G200700
Legume.fam3.00593,glyma.Wm82.gnm4.ann1.Glyma.12G087700.1,glyma.Wm82.gnm4.ann1.Glyma.11G184700.1,glyma.Wm82.gnm4.ann1.Glyma.13G317300.2,glyma.Wm82.gnm4.ann1.Glyma.12G183700.1,Glyma.12G087700,Glyma.11G184700,Glyma.13G317300,Glyma.12G183700
Legume.fam3.00595,glyma.Wm82.gnm4.ann1.Glyma.08G209100.1,glyma.Wm82.gnm4.ann1.Glyma.07G033100.1,glyma.Wm82.gnm4.ann1.Glyma.13G362300.1,glyma.Wm82.gnm4.ann1.Glyma.15G011500.1,Glyma.08G209100,Glyma.07G033100,Glyma.13G362300,Glyma.15G011500
Legume.fam3.00598,glyma.Wm82.gnm4.ann1.Glyma.07G262600.3,glyma.Wm82.gnm4.ann1.Glyma.17G011500.1,glyma.Wm82.gnm4.ann1.Glyma.15G110200.2,glyma.Wm82.gnm4.ann1.Glyma.09G005600.1,Glyma.07G262600,Glyma.17G011500,Glyma.15G110200,Glyma.09G005600
Legume.fam3.00599,glyma.Wm82.gnm4.ann1.Glyma.13G052900.3,glyma.Wm82.gnm4.ann1.Glyma.19G033900.1,glyma.Wm82.gnm4.ann1.Glyma.18G272300.1,glyma.Wm82.gnm4.ann1.Glyma.08G250000.1,Glyma.13G052900,Glyma.19G033900,Glyma.18G272300,Glyma.08G250000
Legume.fam3.00601,glyma.Wm82.gnm4.ann1.Glyma.07G101800.1,glyma.Wm82.gnm4.ann1.Glyma.09G177300.1,glyma.Wm82.gnm4.ann1.Glyma.08G052500.1,glyma.Wm82.gnm4.ann1.Glyma.05G244600.1,Glyma.07G101800,Glyma.09G177300,Glyma.08G052500,Glyma.05G244600
Legume.fam3.00602,glyma.Wm82.gnm4.ann1.Glyma.07G093900.1,glyma.Wm82.gnm4.ann1.Glyma.09G182400.1,glyma.Wm82.gnm4.ann1.Glyma.08G044400.2,glyma.Wm82.gnm4.ann1.Glyma.05G237200.1,Glyma.07G093900,Glyma.09G182400,Glyma.08G044400,Glyma.05G237200
Legume.fam3.00605,glyma.Wm82.gnm4.ann1.Glyma.19G250900.10,glyma.Wm82.gnm4.ann1.Glyma.03G253400.1,glyma.Wm82.gnm4.ann1.Glyma.10G169100.1,glyma.Wm82.gnm4.ann1.Glyma.20G220500.1,Glyma.19G250900,Glyma.03G253400,Glyma.10G169100,Glyma.20G220500
Legume.fam3.00606,glyma.Wm82.gnm4.ann1.Glyma.04G246600.1,glyma.Wm82.gnm4.ann1.Glyma.06G116100.1,glyma.Wm82.gnm4.ann1.Glyma.14G154200.1,glyma.Wm82.gnm4.ann1.Glyma.13G031500.1,Glyma.04G246600,Glyma.06G116100,Glyma.14G154200,Glyma.13G031500
Legume.fam3.00607,glyma.Wm82.gnm4.ann1.Glyma.17G204800.1,glyma.Wm82.gnm4.ann1.Glyma.14G128900.1,glyma.Wm82.gnm4.ann1.Glyma.04G071700.1,glyma.Wm82.gnm4.ann1.Glyma.06G073000.1,Glyma.17G204800,Glyma.14G128900,Glyma.04G071700,Glyma.06G073000
Legume.fam3.00609,glyma.Wm82.gnm4.ann1.Glyma.18G038500.1,glyma.Wm82.gnm4.ann1.Glyma.11G218900.5,glyma.Wm82.gnm4.ann1.Glyma.02G247600.3,glyma.Wm82.gnm4.ann1.Glyma.14G068700.1,Glyma.18G038500,Glyma.11G218900,Glyma.02G247600,Glyma.14G068700
Legume.fam3.00611,glyma.Wm82.gnm4.ann1.Glyma.18G080000.1,glyma.Wm82.gnm4.ann1.Glyma.08G327400.1,glyma.Wm82.gnm4.ann1.Glyma.14G014700.1,glyma.Wm82.gnm4.ann1.Glyma.02G299100.1,Glyma.18G080000,Glyma.08G327400,Glyma.14G014700,Glyma.02G299100
Legume.fam3.00616,glyma.Wm82.gnm4.ann1.Glyma.15G081600.2,glyma.Wm82.gnm4.ann1.Glyma.13G230800.5,glyma.Wm82.gnm4.ann1.Glyma.02G140100.1,glyma.Wm82.gnm4.ann1.Glyma.07G205200.1,Glyma.15G081600,Glyma.13G230800,Glyma.02G140100,Glyma.07G205200
Legume.fam3.00617,glyma.Wm82.gnm4.ann1.Glyma.13G225700.1,glyma.Wm82.gnm4.ann1.Glyma.15G086400.3,glyma.Wm82.gnm4.ann1.Glyma.05G162300.4,glyma.Wm82.gnm4.ann1.Glyma.08G119900.4,Glyma.13G225700,Glyma.15G086400,Glyma.05G162300,Glyma.08G119900
Legume.fam3.00624,glyma.Wm82.gnm4.ann1.Glyma.15G021202.1,glyma.Wm82.gnm4.ann1.Glyma.13G353100.1,glyma.Wm82.gnm4.ann1.Glyma.08G199500.1,glyma.Wm82.gnm4.ann1.Glyma.07G014100.1,Glyma.15G021202,Glyma.13G353100,Glyma.08G199500,Glyma.07G014100
Legume.fam3.00626,glyma.Wm82.gnm4.ann1.Glyma.08G008400.1,glyma.Wm82.gnm4.ann1.Glyma.05G201100.2,glyma.Wm82.gnm4.ann1.Glyma.04G200400.4,glyma.Wm82.gnm4.ann1.Glyma.06G165200.3,Glyma.08G008400,Glyma.05G201100,Glyma.04G200400,Glyma.06G165200
Legume.fam3.00629,glyma.Wm82.gnm4.ann1.Glyma.15G095500.1,glyma.Wm82.gnm4.ann1.Glyma.13G217000.1,glyma.Wm82.gnm4.ann1.Glyma.07G250000.1,glyma.Wm82.gnm4.ann1.Glyma.17G024400.1,Glyma.15G095500,Glyma.13G217000,Glyma.07G250000,Glyma.17G024400
Legume.fam3.00631,glyma.Wm82.gnm4.ann1.Glyma.07G238000.4,glyma.Wm82.gnm4.ann1.Glyma.17G035400.4,glyma.Wm82.gnm4.ann1.Glyma.09G034300.1,glyma.Wm82.gnm4.ann1.Glyma.15G139000.1,Glyma.07G238000,Glyma.17G035400,Glyma.09G034300,Glyma.15G139000
Legume.fam3.00632,glyma.Wm82.gnm4.ann1.Glyma.17G035900.3,glyma.Wm82.gnm4.ann1.Glyma.07G237600.2,glyma.Wm82.gnm4.ann1.Glyma.15G138500.1,glyma.Wm82.gnm4.ann1.Glyma.09G033800.4,Glyma.17G035900,Glyma.07G237600,Glyma.15G138500,Glyma.09G033800
Legume.fam3.00637,glyma.Wm82.gnm4.ann1.Glyma.05G058700.1,glyma.Wm82.gnm4.ann1.Glyma.17G141100.1,glyma.Wm82.gnm4.ann1.Glyma.01G210100.1,glyma.Wm82.gnm4.ann1.Glyma.11G032000.1,Glyma.05G058700,Glyma.17G141100,Glyma.01G210100,Glyma.11G032000
Legume.fam3.00644,glyma.Wm82.gnm4.ann1.Glyma.01G002300.1,glyma.Wm82.gnm4.ann1.Glyma.07G130100.1,glyma.Wm82.gnm4.ann1.Glyma.06G271600.1,glyma.Wm82.gnm4.ann1.Glyma.12G133400.1,Glyma.01G002300,Glyma.07G130100,Glyma.06G271600,Glyma.12G133400
Legume.fam3.00645,glyma.Wm82.gnm4.ann1.Glyma.07G011000.1,glyma.Wm82.gnm4.ann1.Glyma.08G194200.1,glyma.Wm82.gnm4.ann1.Glyma.15G023400.1,glyma.Wm82.gnm4.ann1.Glyma.13G351200.1,Glyma.07G011000,Glyma.08G194200,Glyma.15G023400,Glyma.13G351200
Legume.fam3.00647,glyma.Wm82.gnm4.ann1.Glyma.08G086300.1,glyma.Wm82.gnm4.ann1.Glyma.05G131800.6,glyma.Wm82.gnm4.ann1.Glyma.09G052700.8,glyma.Wm82.gnm4.ann1.Glyma.15G159000.6,Glyma.08G086300,Glyma.05G131800,Glyma.09G052700,Glyma.15G159000
Legume.fam3.00648,glyma.Wm82.gnm4.ann1.Glyma.07G153100.1,glyma.Wm82.gnm4.ann1.Glyma.18G204200.1,glyma.Wm82.gnm4.ann1.Glyma.01G118000.3,glyma.Wm82.gnm4.ann1.Glyma.03G055100.1,Glyma.07G153100,Glyma.18G204200,Glyma.01G118000,Glyma.03G055100
Legume.fam3.00649,glyma.Wm82.gnm4.ann1.Glyma.18G205800.1,glyma.Wm82.gnm4.ann1.Glyma.07G155200.1,glyma.Wm82.gnm4.ann1.Glyma.01G124500.1,glyma.Wm82.gnm4.ann1.Glyma.03G050100.1,Glyma.18G205800,Glyma.07G155200,Glyma.01G124500,Glyma.03G050100
Legume.fam3.00653,glyma.Wm82.gnm4.ann1.Glyma.13G367600.1,glyma.Wm82.gnm4.ann1.Glyma.15G005800.1,glyma.Wm82.gnm4.ann1.Glyma.07G027900.1,glyma.Wm82.gnm4.ann1.Glyma.08G214800.1,Glyma.13G367600,Glyma.15G005800,Glyma.07G027900,Glyma.08G214800
Legume.fam3.00655,glyma.Wm82.gnm4.ann1.Glyma.02G095200.1,glyma.Wm82.gnm4.ann1.Glyma.18G286200.1,glyma.Wm82.gnm4.ann1.Glyma.10G290900.2,glyma.Wm82.gnm4.ann1.Glyma.20G240000.1,Glyma.02G095200,Glyma.18G286200,Glyma.10G290900,Glyma.20G240000
Legume.fam3.00657,glyma.Wm82.gnm4.ann1.Glyma.07G100400.1,glyma.Wm82.gnm4.ann1.Glyma.09G178200.1,glyma.Wm82.gnm4.ann1.Glyma.08G052100.1,glyma.Wm82.gnm4.ann1.Glyma.05G244200.1,Glyma.07G100400,Glyma.09G178200,Glyma.08G052100,Glyma.05G244200
Legume.fam3.00658,glyma.Wm82.gnm4.ann1.Glyma.05G232400.18,glyma.Wm82.gnm4.ann1.Glyma.08G039800.5,glyma.Wm82.gnm4.ann1.Glyma.09G188000.5,glyma.Wm82.gnm4.ann1.Glyma.07G089000.2,Glyma.05G232400,Glyma.08G039800,Glyma.09G188000,Glyma.07G089000
Legume.fam3.00660,glyma.Wm82.gnm4.ann1.Glyma.03G169600.1,glyma.Wm82.gnm4.ann1.Glyma.19G170800.1,glyma.Wm82.gnm4.ann1.Glyma.13G128800.1,glyma.Wm82.gnm4.ann1.Glyma.10G041800.3,Glyma.03G169600,Glyma.19G170800,Glyma.13G128800,Glyma.10G041800
Legume.fam3.00661,glyma.Wm82.gnm4.ann1.Glyma.19G173800.1,glyma.Wm82.gnm4.ann1.Glyma.03G172900.1,glyma.Wm82.gnm4.ann1.Glyma.10G044800.1,glyma.Wm82.gnm4.ann1.Glyma.13G132500.1,Glyma.19G173800,Glyma.03G172900,Glyma.10G044800,Glyma.13G132500
Legume.fam3.00663,glyma.Wm82.gnm4.ann1.Glyma.08G070400.1,glyma.Wm82.gnm4.ann1.Glyma.13G042600.1,glyma.Wm82.gnm4.ann1.Glyma.08G177300.1,glyma.Wm82.gnm4.ann1.Glyma.15G055700.1,Glyma.08G070400,Glyma.13G042600,Glyma.08G177300,Glyma.15G055700
Legume.fam3.00664,glyma.Wm82.gnm4.ann1.Glyma.14G216400.1,glyma.Wm82.gnm4.ann1.Glyma.17G255000.1,glyma.Wm82.gnm4.ann1.Glyma.04G027400.1,glyma.Wm82.gnm4.ann1.Glyma.06G027500.6,Glyma.14G216400,Glyma.17G255000,Glyma.04G027400,Glyma.06G027500
Legume.fam3.00665,glyma.Wm82.gnm4.ann1.Glyma.04G028600.1,glyma.Wm82.gnm4.ann1.Glyma.06G028700.3,glyma.Wm82.gnm4.ann1.Glyma.17G254100.1,glyma.Wm82.gnm4.ann1.Glyma.14G070600.4,Glyma.04G028600,Glyma.06G028700,Glyma.17G254100,Glyma.14G070600
Legume.fam3.00667,glyma.Wm82.gnm4.ann1.Glyma.17G202000.3,glyma.Wm82.gnm4.ann1.Glyma.14G133200.1,glyma.Wm82.gnm4.ann1.Glyma.06G075700.1,glyma.Wm82.gnm4.ann1.Glyma.04G074600.1,Glyma.17G202000,Glyma.14G133200,Glyma.06G075700,Glyma.04G074600
Legume.fam3.00668,glyma.Wm82.gnm4.ann1.Glyma.04G067000.4,glyma.Wm82.gnm4.ann1.Glyma.06G068500.4,glyma.Wm82.gnm4.ann1.Glyma.14G116900.1,glyma.Wm82.gnm4.ann1.Glyma.17G210800.8,Glyma.04G067000,Glyma.06G068500,Glyma.14G116900,Glyma.17G210800
Legume.fam3.00669,glyma.Wm82.gnm4.ann1.Glyma.14G116600.2,glyma.Wm82.gnm4.ann1.Glyma.17G211100.1,glyma.Wm82.gnm4.ann1.Glyma.06G068300.2,glyma.Wm82.gnm4.ann1.Glyma.04G066800.1,Glyma.14G116600,Glyma.17G211100,Glyma.06G068300,Glyma.04G066800
Legume.fam3.00670,glyma.Wm82.gnm4.ann1.Glyma.17G216600.1,glyma.Wm82.gnm4.ann1.Glyma.14G111300.1,glyma.Wm82.gnm4.ann1.Glyma.06G063800.1,glyma.Wm82.gnm4.ann1.Glyma.04G062700.1,Glyma.17G216600,Glyma.14G111300,Glyma.06G063800,Glyma.04G062700
Legume.fam3.00672,glyma.Wm82.gnm4.ann1.Glyma.18G034100.1,glyma.Wm82.gnm4.ann1.Glyma.11G223800.4,glyma.Wm82.gnm4.ann1.Glyma.02G251800.1,glyma.Wm82.gnm4.ann1.Glyma.14G065000.1,Glyma.18G034100,Glyma.11G223800,Glyma.02G251800,Glyma.14G065000
Legume.fam3.00675,glyma.Wm82.gnm4.ann1.Glyma.18G114800.1,glyma.Wm82.gnm4.ann1.Glyma.08G304300.2,glyma.Wm82.gnm4.ann1.Glyma.02G282600.1,glyma.Wm82.gnm4.ann1.Glyma.14G031700.1,Glyma.18G114800,Glyma.08G304300,Glyma.02G282600,Glyma.14G031700
Legume.fam3.00685,glyma.Wm82.gnm4.ann1.Glyma.07G015800.1,glyma.Wm82.gnm4.ann1.Glyma.08G201300.1,glyma.Wm82.gnm4.ann1.Glyma.13G355000.1,glyma.Wm82.gnm4.ann1.Glyma.15G019200.1,Glyma.07G015800,Glyma.08G201300,Glyma.13G355000,Glyma.15G019200
Legume.fam3.00687,glyma.Wm82.gnm4.ann1.Glyma.06G165700.1,glyma.Wm82.gnm4.ann1.Glyma.04G199900.1,glyma.Wm82.gnm4.ann1.Glyma.08G009100.1,glyma.Wm82.gnm4.ann1.Glyma.05G201700.1,Glyma.06G165700,Glyma.04G199900,Glyma.08G009100,Glyma.05G201700
Legume.fam3.00688,glyma.Wm82.gnm4.ann1.Glyma.05G199200.1,glyma.Wm82.gnm4.ann1.Glyma.08G006500.1,glyma.Wm82.gnm4.ann1.Glyma.06G162600.2,glyma.Wm82.gnm4.ann1.Glyma.04G202900.3,Glyma.05G199200,Glyma.08G006500,Glyma.06G162600,Glyma.04G202900
Legume.fam3.00691,glyma.Wm82.gnm4.ann1.Glyma.09G062900.3,glyma.Wm82.gnm4.ann1.Glyma.15G169500.4,glyma.Wm82.gnm4.ann1.Glyma.13G104000.1,glyma.Wm82.gnm4.ann1.Glyma.17G055100.1,Glyma.09G062900,Glyma.15G169500,Glyma.13G104000,Glyma.17G055100
Legume.fam3.00694,glyma.Wm82.gnm4.ann1.Glyma.16G126500.1,glyma.Wm82.gnm4.ann1.Glyma.02G047000.1,glyma.Wm82.gnm4.ann1.Glyma.01G165300.1,glyma.Wm82.gnm4.ann1.Glyma.11G077900.1,Glyma.16G126500,Glyma.02G047000,Glyma.01G165300,Glyma.11G077900
Legume.fam3.00698,glyma.Wm82.gnm4.ann1.Glyma.05G110600.1,glyma.Wm82.gnm4.ann1.Glyma.17G156100.1,glyma.Wm82.gnm4.ann1.Glyma.11G043700.1,glyma.Wm82.gnm4.ann1.Glyma.01G197900.1,Glyma.05G110600,Glyma.17G156100,Glyma.11G043700,Glyma.01G197900
Legume.fam3.00699,glyma.Wm82.gnm4.ann1.Glyma.05G070200.1,glyma.Wm82.gnm4.ann1.Glyma.17G152800.1,glyma.Wm82.gnm4.ann1.Glyma.11G041300.2,glyma.Wm82.gnm4.ann1.Glyma.01G200800.2,Glyma.05G070200,Glyma.17G152800,Glyma.11G041300,Glyma.01G200800
Legume.fam3.00702,glyma.Wm82.gnm4.ann1.Glyma.13G312500.1,glyma.Wm82.gnm4.ann1.Glyma.12G189300.1,glyma.Wm82.gnm4.ann1.Glyma.11G177001.1,glyma.Wm82.gnm4.ann1.Glyma.12G095200.1,Glyma.13G312500,Glyma.12G189300,Glyma.11G177001,Glyma.12G095200
Legume.fam3.00705,glyma.Wm82.gnm4.ann1.Glyma.15G043800.1,glyma.Wm82.gnm4.ann1.Glyma.13G330200.1,glyma.Wm82.gnm4.ann1.Glyma.11G147944.1,glyma.Wm82.gnm4.ann1.Glyma.12G074000.1,Glyma.15G043800,Glyma.13G330200,Glyma.11G147944,Glyma.12G074000
Legume.fam3.00719,glyma.Wm82.gnm4.ann1.Glyma.13G052000.5,glyma.Wm82.gnm4.ann1.Glyma.19G034700.1,glyma.Wm82.gnm4.ann1.Glyma.18G274000.1,glyma.Wm82.gnm4.ann1.Glyma.08G251300.3,Glyma.13G052000,Glyma.19G034700,Glyma.18G274000,Glyma.08G251300
Legume.fam3.00720,glyma.Wm82.gnm4.ann1.Glyma.18G273500.1,glyma.Wm82.gnm4.ann1.Glyma.08G250700.1,glyma.Wm82.gnm4.ann1.Glyma.19G034500.1,glyma.Wm82.gnm4.ann1.Glyma.13G052700.1,Glyma.18G273500,Glyma.08G250700,Glyma.19G034500,Glyma.13G052700
Legume.fam3.00722,glyma.Wm82.gnm4.ann1.Glyma.05G246400.1,glyma.Wm82.gnm4.ann1.Glyma.08G054500.1,glyma.Wm82.gnm4.ann1.Glyma.09G176900.1,glyma.Wm82.gnm4.ann1.Glyma.07G102400.1,Glyma.05G246400,Glyma.08G054500,Glyma.09G176900,Glyma.07G102400
Legume.fam3.00724,glyma.Wm82.gnm4.ann1.Glyma.05G229900.1,glyma.Wm82.gnm4.ann1.Glyma.08G037400.1,glyma.Wm82.gnm4.ann1.Glyma.09G191600.1,glyma.Wm82.gnm4.ann1.Glyma.07G085300.2,Glyma.05G229900,Glyma.08G037400,Glyma.09G191600,Glyma.07G085300
Legume.fam3.00726,glyma.Wm82.gnm4.ann1.Glyma.03G209100.1,glyma.Wm82.gnm4.ann1.Glyma.19G206300.2,glyma.Wm82.gnm4.ann1.Glyma.10G021600.1,glyma.Wm82.gnm4.ann1.Glyma.02G152600.2,Glyma.03G209100,Glyma.19G206300,Glyma.10G021600,Glyma.02G152600
Legume.fam3.00732,glyma.Wm82.gnm4.ann1.Glyma.19G212200.1,glyma.Wm82.gnm4.ann1.Glyma.03G215700.1,glyma.Wm82.gnm4.ann1.Glyma.10G017300.2,glyma.Wm82.gnm4.ann1.Glyma.02G016700.1,Glyma.19G212200,Glyma.03G215700,Glyma.10G017300,Glyma.02G016700
Legume.fam3.00735,glyma.Wm82.gnm4.ann1.Glyma.17G102800.7,glyma.Wm82.gnm4.ann1.Glyma.05G024500.17,glyma.Wm82.gnm4.ann1.Glyma.06G196800.1,glyma.Wm82.gnm4.ann1.Glyma.04G165700.5,Glyma.17G102800,Glyma.05G024500,Glyma.06G196800,Glyma.04G165700
Legume.fam3.00743,glyma.Wm82.gnm4.ann1.Glyma.04G010500.1,glyma.Wm82.gnm4.ann1.Glyma.06G010400.1,glyma.Wm82.gnm4.ann1.Glyma.11G115000.1,glyma.Wm82.gnm4.ann1.Glyma.12G040800.1,Glyma.04G010500,Glyma.06G010400,Glyma.11G115000,Glyma.12G040800
Legume.fam3.00744,glyma.Wm82.gnm4.ann1.Glyma.06G138100.1,glyma.Wm82.gnm4.ann1.Glyma.04G226700.1,glyma.Wm82.gnm4.ann1.Glyma.14G189300.1,glyma.Wm82.gnm4.ann1.Glyma.02G222300.2,Glyma.06G138100,Glyma.04G226700,Glyma.14G189300,Glyma.02G222300
Legume.fam3.00745,glyma.Wm82.gnm4.ann1.Glyma.18G028700.1,glyma.Wm82.gnm4.ann1.Glyma.11G228400.2,glyma.Wm82.gnm4.ann1.Glyma.02G256600.1,glyma.Wm82.gnm4.ann1.Glyma.14G060100.1,Glyma.18G028700,Glyma.11G228400,Glyma.02G256600,Glyma.14G060100
Legume.fam3.00746,glyma.Wm82.gnm4.ann1.Glyma.11G227600.1,glyma.Wm82.gnm4.ann1.Glyma.18G029900.1,glyma.Wm82.gnm4.ann1.Glyma.02G254600.1,glyma.Wm82.gnm4.ann1.Glyma.14G061800.1,Glyma.11G227600,Glyma.18G029900,Glyma.02G254600,Glyma.14G061800
Legume.fam3.00747,glyma.Wm82.gnm4.ann1.Glyma.18G031300.1,glyma.Wm82.gnm4.ann1.Glyma.11G226000.1,glyma.Wm82.gnm4.ann1.Glyma.14G063200.1,glyma.Wm82.gnm4.ann1.Glyma.02G253200.3,Glyma.18G031300,Glyma.11G226000,Glyma.14G063200,Glyma.02G253200
Legume.fam3.00748,glyma.Wm82.gnm4.ann1.Glyma.14G067000.1,glyma.Wm82.gnm4.ann1.Glyma.02G249600.1,glyma.Wm82.gnm4.ann1.Glyma.11G221000.2,glyma.Wm82.gnm4.ann1.Glyma.18G036400.1,Glyma.14G067000,Glyma.02G249600,Glyma.11G221000,Glyma.18G036400
Legume.fam3.00749,glyma.Wm82.gnm4.ann1.Glyma.14G208000.1,glyma.Wm82.gnm4.ann1.Glyma.02G239100.1,glyma.Wm82.gnm4.ann1.Glyma.18G047800.1,glyma.Wm82.gnm4.ann1.Glyma.11G203000.1,Glyma.14G208000,Glyma.02G239100,Glyma.18G047800,Glyma.11G203000
Legume.fam3.00750,glyma.Wm82.gnm4.ann1.Glyma.02G298000.5,glyma.Wm82.gnm4.ann1.Glyma.14G015700.10,glyma.Wm82.gnm4.ann1.Glyma.08G326000.1,glyma.Wm82.gnm4.ann1.Glyma.18G081000.3,Glyma.02G298000,Glyma.14G015700,Glyma.08G326000,Glyma.18G081000
Legume.fam3.00751,glyma.Wm82.gnm4.ann1.Glyma.14G023500.1,glyma.Wm82.gnm4.ann1.Glyma.02G291300.1,glyma.Wm82.gnm4.ann1.Glyma.08G316500.1,glyma.Wm82.gnm4.ann1.Glyma.18G096500.6,Glyma.14G023500,Glyma.02G291300,Glyma.08G316500,Glyma.18G096500
Legume.fam3.00753,glyma.Wm82.gnm4.ann1.Glyma.13G178500.1,glyma.Wm82.gnm4.ann1.Glyma.07G198000.1,glyma.Wm82.gnm4.ann1.Glyma.13G238100.3,glyma.Wm82.gnm4.ann1.Glyma.15G075200.1,Glyma.13G178500,Glyma.07G198000,Glyma.13G238100,Glyma.15G075200
Legume.fam3.00754,glyma.Wm82.gnm4.ann1.Glyma.13G228700.6,glyma.Wm82.gnm4.ann1.Glyma.15G083800.1,glyma.Wm82.gnm4.ann1.Glyma.05G158800.4,glyma.Wm82.gnm4.ann1.Glyma.08G116600.1,Glyma.13G228700,Glyma.15G083800,Glyma.05G158800,Glyma.08G116600
Legume.fam3.00757,glyma.Wm82.gnm4.ann1.Glyma.08G195200.1,glyma.Wm82.gnm4.ann1.Glyma.07G012000.1,glyma.Wm82.gnm4.ann1.Glyma.13G351800.1,glyma.Wm82.gnm4.ann1.Glyma.15G022900.1,Glyma.08G195200,Glyma.07G012000,Glyma.13G351800,Glyma.15G022900
Legume.fam3.00759,glyma.Wm82.gnm4.ann1.Glyma.18G155100.1,glyma.Wm82.gnm4.ann1.Glyma.08G345400.1,glyma.Wm82.gnm4.ann1.Glyma.16G084300.1,glyma.Wm82.gnm4.ann1.Glyma.03G088900.1,Glyma.18G155100,Glyma.08G345400,Glyma.16G084300,Glyma.03G088900
Legume.fam3.00761,glyma.Wm82.gnm4.ann1.Glyma.17G092300.3,glyma.Wm82.gnm4.ann1.Glyma.05G035000.2,glyma.Wm82.gnm4.ann1.Glyma.04G180000.4,glyma.Wm82.gnm4.ann1.Glyma.06G184800.1,Glyma.17G092300,Glyma.05G035000,Glyma.04G180000,Glyma.06G184800
Legume.fam3.00762,glyma.Wm82.gnm4.ann1.Glyma.04G201200.1,glyma.Wm82.gnm4.ann1.Glyma.06G164300.18,glyma.Wm82.gnm4.ann1.Glyma.05G200300.2,glyma.Wm82.gnm4.ann1.Glyma.08G007700.1,Glyma.04G201200,Glyma.06G164300,Glyma.05G200300,Glyma.08G007700
Legume.fam3.00764,glyma.Wm82.gnm4.ann1.Glyma.06G156500.1,glyma.Wm82.gnm4.ann1.Glyma.04G209400.4,glyma.Wm82.gnm4.ann1.Glyma.05G194500.1,glyma.Wm82.gnm4.ann1.Glyma.08G002300.3,Glyma.06G156500,Glyma.04G209400,Glyma.05G194500,Glyma.08G002300
Legume.fam3.00765,glyma.Wm82.gnm4.ann1.Glyma.08G001200.3,glyma.Wm82.gnm4.ann1.Glyma.05G193200.4,glyma.Wm82.gnm4.ann1.Glyma.06G154800.3,glyma.Wm82.gnm4.ann1.Glyma.04G211300.2,Glyma.08G001200,Glyma.05G193200,Glyma.06G154800,Glyma.04G211300
Legume.fam3.00766,glyma.Wm82.gnm4.ann1.Glyma.13G100200.1,glyma.Wm82.gnm4.ann1.Glyma.17G059700.1,glyma.Wm82.gnm4.ann1.Glyma.15G165500.3,glyma.Wm82.gnm4.ann1.Glyma.09G059200.1,Glyma.13G100200,Glyma.17G059700,Glyma.15G165500,Glyma.09G059200
Legume.fam3.00769,glyma.Wm82.gnm4.ann1.Glyma.15G145200.1,glyma.Wm82.gnm4.ann1.Glyma.09G040000.1,glyma.Wm82.gnm4.ann1.Glyma.07G243300.2,glyma.Wm82.gnm4.ann1.Glyma.17G030600.1,Glyma.15G145200,Glyma.09G040000,Glyma.07G243300,Glyma.17G030600
Legume.fam3.00770,glyma.Wm82.gnm4.ann1.Glyma.15G103800.1,glyma.Wm82.gnm4.ann1.Glyma.13G209101.1,glyma.Wm82.gnm4.ann1.Glyma.17G017400.2,glyma.Wm82.gnm4.ann1.Glyma.07G256700.1,Glyma.15G103800,Glyma.13G209101,Glyma.17G017400,Glyma.07G256700
Legume.fam3.00772,glyma.Wm82.gnm4.ann1.Glyma.17G165200.1,glyma.Wm82.gnm4.ann1.Glyma.05G101700.1,glyma.Wm82.gnm4.ann1.Glyma.01G190700.1,glyma.Wm82.gnm4.ann1.Glyma.11G051500.1,Glyma.17G165200,Glyma.05G101700,Glyma.01G190700,Glyma.11G051500
Legume.fam3.00775,glyma.Wm82.gnm4.ann1.Glyma.01G212100.1,glyma.Wm82.gnm4.ann1.Glyma.11G029700.1,glyma.Wm82.gnm4.ann1.Glyma.05G052800.1,glyma.Wm82.gnm4.ann1.Glyma.17G135100.1,Glyma.01G212100,Glyma.11G029700,Glyma.05G052800,Glyma.17G135100
Legume.fam3.00780,glyma.Wm82.gnm4.ann1.Glyma.20G035200.1,glyma.Wm82.gnm4.ann1.Glyma.07G229600.1,glyma.Wm82.gnm4.ann1.Glyma.02G108600.1,glyma.Wm82.gnm4.ann1.Glyma.01G049400.1,Glyma.20G035200,Glyma.07G229600,Glyma.02G108600,Glyma.01G049400
Legume.fam3.00781,glyma.Wm82.gnm4.ann1.Glyma.05G177500.6,glyma.Wm82.gnm4.ann1.Glyma.08G134600.6,glyma.Wm82.gnm4.ann1.Glyma.18G016400.1,glyma.Wm82.gnm4.ann1.Glyma.11G240900.1,Glyma.05G177500,Glyma.08G134600,Glyma.18G016400,Glyma.11G240900
Legume.fam3.00783,glyma.Wm82.gnm4.ann1.Glyma.05G191700.1,glyma.Wm82.gnm4.ann1.Glyma.08G156900.1,glyma.Wm82.gnm4.ann1.Glyma.04G213000.1,glyma.Wm82.gnm4.ann1.Glyma.06G153200.1,Glyma.05G191700,Glyma.08G156900,Glyma.04G213000,Glyma.06G153200
Legume.fam3.00785,glyma.Wm82.gnm4.ann1.Glyma.09G064400.1,glyma.Wm82.gnm4.ann1.Glyma.15G170700.1,glyma.Wm82.gnm4.ann1.Glyma.17G053800.1,glyma.Wm82.gnm4.ann1.Glyma.13G105600.2,Glyma.09G064400,Glyma.15G170700,Glyma.17G053800,Glyma.13G105600
Legume.fam3.00791,glyma.Wm82.gnm4.ann1.Glyma.15G271900.4,glyma.Wm82.gnm4.ann1.Glyma.08G152500.1,glyma.Wm82.gnm4.ann1.Glyma.12G238700.1,glyma.Wm82.gnm4.ann1.Glyma.13G204400.1,Glyma.15G271900,Glyma.08G152500,Glyma.12G238700,Glyma.13G204400
Legume.fam3.00796,glyma.Wm82.gnm4.ann1.Glyma.08G206900.1,glyma.Wm82.gnm4.ann1.Glyma.07G006300.2,glyma.Wm82.gnm4.ann1.Glyma.13G359500.3,glyma.Wm82.gnm4.ann1.Glyma.15G014400.1,Glyma.08G206900,Glyma.07G006300,Glyma.13G359500,Glyma.15G014400
Legume.fam3.00799,glyma.Wm82.gnm4.ann1.Glyma.16G173700.1,glyma.Wm82.gnm4.ann1.Glyma.09G127000.1,glyma.Wm82.gnm4.ann1.Glyma.20G163900.2,glyma.Wm82.gnm4.ann1.Glyma.10G229400.2,Glyma.16G173700,Glyma.09G127000,Glyma.20G163900,Glyma.10G229400
Legume.fam3.00801,glyma.Wm82.gnm4.ann1.Glyma.16G209500.1,glyma.Wm82.gnm4.ann1.Glyma.09G160100.1,glyma.Wm82.gnm4.ann1.Glyma.10G174900.1,glyma.Wm82.gnm4.ann1.Glyma.20G215900.3,Glyma.16G209500,Glyma.09G160100,Glyma.10G174900,Glyma.20G215900
Legume.fam3.00804,glyma.Wm82.gnm4.ann1.Glyma.19G159000.1,glyma.Wm82.gnm4.ann1.Glyma.03G156700.1,glyma.Wm82.gnm4.ann1.Glyma.10G028900.1,glyma.Wm82.gnm4.ann1.Glyma.02G145100.1,Glyma.19G159000,Glyma.03G156700,Glyma.10G028900,Glyma.02G145100
Legume.fam3.00805,glyma.Wm82.gnm4.ann1.Glyma.10G052000.1,glyma.Wm82.gnm4.ann1.Glyma.13G139400.1,glyma.Wm82.gnm4.ann1.Glyma.03G180500.1,glyma.Wm82.gnm4.ann1.Glyma.19G181100.1,Glyma.10G052000,Glyma.13G139400,Glyma.03G180500,Glyma.19G181100
Legume.fam3.00806,glyma.Wm82.gnm4.ann1.Glyma.03G182400.1,glyma.Wm82.gnm4.ann1.Glyma.19G183000.1,glyma.Wm82.gnm4.ann1.Glyma.13G144400.1,glyma.Wm82.gnm4.ann1.Glyma.10G057600.1,Glyma.03G182400,Glyma.19G183000,Glyma.13G144400,Glyma.10G057600
Legume.fam3.00807,glyma.Wm82.gnm4.ann1.Glyma.19G188600.1,glyma.Wm82.gnm4.ann1.Glyma.03G188400.1,glyma.Wm82.gnm4.ann1.Glyma.13G148100.1,glyma.Wm82.gnm4.ann1.Glyma.10G063600.2,Glyma.19G188600,Glyma.03G188400,Glyma.13G148100,Glyma.10G063600
Legume.fam3.00811,glyma.Wm82.gnm4.ann1.Glyma.02G013402.1,glyma.Wm82.gnm4.ann1.Glyma.10G014000.3,glyma.Wm82.gnm4.ann1.Glyma.03G218600.1,glyma.Wm82.gnm4.ann1.Glyma.19G215400.1,Glyma.02G013402,Glyma.10G014000,Glyma.03G218600,Glyma.19G215400
Legume.fam3.00812,glyma.Wm82.gnm4.ann1.Glyma.19G225900.1,glyma.Wm82.gnm4.ann1.Glyma.03G228600.1,glyma.Wm82.gnm4.ann1.Glyma.20G093000.1,glyma.Wm82.gnm4.ann1.Glyma.10G144100.1,Glyma.19G225900,Glyma.03G228600,Glyma.20G093000,Glyma.10G144100
Legume.fam3.00813,glyma.Wm82.gnm4.ann1.Glyma.03G235100.1,glyma.Wm82.gnm4.ann1.Glyma.19G232800.1,glyma.Wm82.gnm4.ann1.Glyma.10G151500.1,glyma.Wm82.gnm4.ann1.Glyma.20G236700.1,Glyma.03G235100,Glyma.19G232800,Glyma.10G151500,Glyma.20G236700
Legume.fam3.00814,glyma.Wm82.gnm4.ann1.Glyma.03G239400.1,glyma.Wm82.gnm4.ann1.Glyma.19G236400.1,glyma.Wm82.gnm4.ann1.Glyma.20G232400.2,glyma.Wm82.gnm4.ann1.Glyma.10G155900.1,Glyma.03G239400,Glyma.19G236400,Glyma.20G232400,Glyma.10G155900
Legume.fam3.00816,glyma.Wm82.gnm4.ann1.Glyma.03G248000.1,glyma.Wm82.gnm4.ann1.Glyma.19G246000.1,glyma.Wm82.gnm4.ann1.Glyma.10G163400.3,glyma.Wm82.gnm4.ann1.Glyma.20G226000.1,Glyma.03G248000,Glyma.19G246000,Glyma.10G163400,Glyma.20G226000
Legume.fam3.00817,glyma.Wm82.gnm4.ann1.Glyma.16G107000.1,glyma.Wm82.gnm4.ann1.Glyma.16G075600.1,glyma.Wm82.gnm4.ann1.Glyma.01G151300.1,glyma.Wm82.gnm4.ann1.Glyma.09G216300.1,Glyma.16G107000,Glyma.16G075600,Glyma.01G151300,Glyma.09G216300
Legume.fam3.00818,glyma.Wm82.gnm4.ann1.Glyma.14G221100.1,glyma.Wm82.gnm4.ann1.Glyma.17G260000.4,glyma.Wm82.gnm4.ann1.Glyma.06G022100.1,glyma.Wm82.gnm4.ann1.Glyma.04G021900.1,Glyma.14G221100,Glyma.17G260000,Glyma.06G022100,Glyma.04G021900
Legume.fam3.00823,glyma.Wm82.gnm4.ann1.Glyma.04G066900.2,glyma.Wm82.gnm4.ann1.Glyma.06G068400.2,glyma.Wm82.gnm4.ann1.Glyma.14G116800.2,glyma.Wm82.gnm4.ann1.Glyma.17G211000.2,Glyma.04G066900,Glyma.06G068400,Glyma.14G116800,Glyma.17G211000
Legume.fam3.00825,glyma.Wm82.gnm4.ann1.Glyma.14G087500.1,glyma.Wm82.gnm4.ann1.Glyma.17G236800.1,glyma.Wm82.gnm4.ann1.Glyma.04G044600.1,glyma.Wm82.gnm4.ann1.Glyma.06G045100.1,Glyma.14G087500,Glyma.17G236800,Glyma.04G044600,Glyma.06G045100
Legume.fam3.00829,glyma.Wm82.gnm4.ann1.Glyma.04G009000.2,glyma.Wm82.gnm4.ann1.Glyma.06G008900.1,glyma.Wm82.gnm4.ann1.Glyma.12G038100.1,glyma.Wm82.gnm4.ann1.Glyma.11G111900.1,Glyma.04G009000,Glyma.06G008900,Glyma.12G038100,Glyma.11G111900
Legume.fam3.00830,glyma.Wm82.gnm4.ann1.Glyma.02G259300.1,glyma.Wm82.gnm4.ann1.Glyma.14G053600.1,glyma.Wm82.gnm4.ann1.Glyma.06G145300.1,glyma.Wm82.gnm4.ann1.Glyma.04G220600.1,Glyma.02G259300,Glyma.14G053600,Glyma.06G145300,Glyma.04G220600
Legume.fam3.00840,glyma.Wm82.gnm4.ann1.Glyma.17G008800.1,glyma.Wm82.gnm4.ann1.Glyma.07G265200.1,glyma.Wm82.gnm4.ann1.Glyma.09G010300.1,glyma.Wm82.gnm4.ann1.Glyma.15G114800.1,Glyma.17G008800,Glyma.07G265200,Glyma.09G010300,Glyma.15G114800
Legume.fam3.00849,glyma.Wm82.gnm4.ann1.Glyma.13G350700.1,glyma.Wm82.gnm4.ann1.Glyma.15G023800.1,glyma.Wm82.gnm4.ann1.Glyma.07G010400.1,glyma.Wm82.gnm4.ann1.Glyma.08G193500.1,Glyma.13G350700,Glyma.15G023800,Glyma.07G010400,Glyma.08G193500
Legume.fam3.00850,glyma.Wm82.gnm4.ann1.Glyma.08G194500.6,glyma.Wm82.gnm4.ann1.Glyma.07G011300.4,glyma.Wm82.gnm4.ann1.Glyma.13G351500.2,glyma.Wm82.gnm4.ann1.Glyma.15G023200.2,Glyma.08G194500,Glyma.07G011300,Glyma.13G351500,Glyma.15G023200
Legume.fam3.00851,glyma.Wm82.gnm4.ann1.Glyma.07G016400.1,glyma.Wm82.gnm4.ann1.Glyma.08G201800.1,glyma.Wm82.gnm4.ann1.Glyma.15G019000.1,glyma.Wm82.gnm4.ann1.Glyma.13G355200.1,Glyma.07G016400,Glyma.08G201800,Glyma.15G019000,Glyma.13G355200
Legume.fam3.00852,glyma.Wm82.gnm4.ann1.Glyma.07G019800.1,glyma.Wm82.gnm4.ann1.Glyma.08G204900.4,glyma.Wm82.gnm4.ann1.Glyma.15G016200.1,glyma.Wm82.gnm4.ann1.Glyma.13G357400.1,Glyma.07G019800,Glyma.08G204900,Glyma.15G016200,Glyma.13G357400
Legume.fam3.00853,glyma.Wm82.gnm4.ann1.Glyma.15G015200.5,glyma.Wm82.gnm4.ann1.Glyma.13G358800.1,glyma.Wm82.gnm4.ann1.Glyma.07G005300.2,glyma.Wm82.gnm4.ann1.Glyma.08G205800.1,Glyma.15G015200,Glyma.13G358800,Glyma.07G005300,Glyma.08G205800
Legume.fam3.00854,glyma.Wm82.gnm4.ann1.Glyma.13G370200.1,glyma.Wm82.gnm4.ann1.Glyma.15G003200.1,glyma.Wm82.gnm4.ann1.Glyma.07G022700.1,glyma.Wm82.gnm4.ann1.Glyma.08G219100.1,Glyma.13G370200,Glyma.15G003200,Glyma.07G022700,Glyma.08G219100
Legume.fam3.00856,glyma.Wm82.gnm4.ann1.Glyma.03G042800.1,glyma.Wm82.gnm4.ann1.Glyma.01G128000.3,glyma.Wm82.gnm4.ann1.Glyma.18G208700.1,glyma.Wm82.gnm4.ann1.Glyma.09G280300.1,Glyma.03G042800,Glyma.01G128000,Glyma.18G208700,Glyma.09G280300
Legume.fam3.00857,glyma.Wm82.gnm4.ann1.Glyma.06G179800.1,glyma.Wm82.gnm4.ann1.Glyma.04G186300.1,glyma.Wm82.gnm4.ann1.Glyma.17G086800.1,glyma.Wm82.gnm4.ann1.Glyma.05G040100.3,Glyma.06G179800,Glyma.04G186300,Glyma.17G086800,Glyma.05G040100
Legume.fam3.00858,glyma.Wm82.gnm4.ann1.Glyma.06G174700.1,glyma.Wm82.gnm4.ann1.Glyma.04G191100.1,glyma.Wm82.gnm4.ann1.Glyma.17G126500.1,glyma.Wm82.gnm4.ann1.Glyma.05G044000.1,Glyma.06G174700,Glyma.04G191100,Glyma.17G126500,Glyma.05G044000
Legume.fam3.00859,glyma.Wm82.gnm4.ann1.Glyma.05G204500.11,glyma.Wm82.gnm4.ann1.Glyma.08G011700.1,glyma.Wm82.gnm4.ann1.Glyma.06G169000.1,glyma.Wm82.gnm4.ann1.Glyma.04G196800.4,Glyma.05G204500,Glyma.08G011700,Glyma.06G169000,Glyma.04G196800
Legume.fam3.00861,glyma.Wm82.gnm4.ann1.Glyma.05G201200.1,glyma.Wm82.gnm4.ann1.Glyma.08G008600.1,glyma.Wm82.gnm4.ann1.Glyma.04G200300.1,glyma.Wm82.gnm4.ann1.Glyma.06G165302.1,Glyma.05G201200,Glyma.08G008600,Glyma.04G200300,Glyma.06G165302
Legume.fam3.00863,glyma.Wm82.gnm4.ann1.Glyma.04G203200.1,glyma.Wm82.gnm4.ann1.Glyma.06G162300.1,glyma.Wm82.gnm4.ann1.Glyma.08G005900.4,glyma.Wm82.gnm4.ann1.Glyma.05G198700.1,Glyma.04G203200,Glyma.06G162300,Glyma.08G005900,Glyma.05G198700
Legume.fam3.00865,glyma.Wm82.gnm4.ann1.Glyma.04G205800.1,glyma.Wm82.gnm4.ann1.Glyma.06G159800.8,glyma.Wm82.gnm4.ann1.Glyma.08G004900.1,glyma.Wm82.gnm4.ann1.Glyma.05G197500.5,Glyma.04G205800,Glyma.06G159800,Glyma.08G004900,Glyma.05G197500
Legume.fam3.00866,glyma.Wm82.gnm4.ann1.Glyma.08G003300.1,glyma.Wm82.gnm4.ann1.Glyma.05G195700.1,glyma.Wm82.gnm4.ann1.Glyma.06G158200.1,glyma.Wm82.gnm4.ann1.Glyma.04G207600.1,Glyma.08G003300,Glyma.05G195700,Glyma.06G158200,Glyma.04G207600
Legume.fam3.00868,glyma.Wm82.gnm4.ann1.Glyma.04G151600.1,glyma.Wm82.gnm4.ann1.Glyma.06G211300.1,glyma.Wm82.gnm4.ann1.Glyma.17G120400.2,glyma.Wm82.gnm4.ann1.Glyma.05G012300.5,Glyma.04G151600,Glyma.06G211300,Glyma.17G120400,Glyma.05G012300
Legume.fam3.00869,glyma.Wm82.gnm4.ann1.Glyma.09G062400.1,glyma.Wm82.gnm4.ann1.Glyma.15G168800.1,glyma.Wm82.gnm4.ann1.Glyma.13G102800.1,glyma.Wm82.gnm4.ann1.Glyma.17G056300.1,Glyma.09G062400,Glyma.15G168800,Glyma.13G102800,Glyma.17G056300
Legume.fam3.00870,glyma.Wm82.gnm4.ann1.Glyma.17G048900.1,glyma.Wm82.gnm4.ann1.Glyma.13G110700.1,glyma.Wm82.gnm4.ann1.Glyma.15G177900.1,glyma.Wm82.gnm4.ann1.Glyma.09G069900.1,Glyma.17G048900,Glyma.13G110700,Glyma.15G177900,Glyma.09G069900
Legume.fam3.00871,glyma.Wm82.gnm4.ann1.Glyma.17G024300.1,glyma.Wm82.gnm4.ann1.Glyma.07G250100.1,glyma.Wm82.gnm4.ann1.Glyma.15G095600.1,glyma.Wm82.gnm4.ann1.Glyma.13G216900.1,Glyma.17G024300,Glyma.07G250100,Glyma.15G095600,Glyma.13G216900
Legume.fam3.00872,glyma.Wm82.gnm4.ann1.Glyma.07G242000.1,glyma.Wm82.gnm4.ann1.Glyma.17G031900.1,glyma.Wm82.gnm4.ann1.Glyma.15G143400.1,glyma.Wm82.gnm4.ann1.Glyma.09G038300.1,Glyma.07G242000,Glyma.17G031900,Glyma.15G143400,Glyma.09G038300
Legume.fam3.00873,glyma.Wm82.gnm4.ann1.Glyma.13G112600.1,glyma.Wm82.gnm4.ann1.Glyma.17G047100.1,glyma.Wm82.gnm4.ann1.Glyma.15G181000.1,glyma.Wm82.gnm4.ann1.Glyma.09G072200.1,Glyma.13G112600,Glyma.17G047100,Glyma.15G181000,Glyma.09G072200
Legume.fam3.00874,glyma.Wm82.gnm4.ann1.Glyma.20G086700.6,glyma.Wm82.gnm4.ann1.Glyma.10G008700.1,glyma.Wm82.gnm4.ann1.Glyma.20G202100.3,glyma.Wm82.gnm4.ann1.Glyma.10G188600.1,Glyma.20G086700,Glyma.10G008700,Glyma.20G202100,Glyma.10G188600
Legume.fam3.00875,glyma.Wm82.gnm4.ann1.Glyma.13G208800.1,glyma.Wm82.gnm4.ann1.Glyma.15G104000.1,glyma.Wm82.gnm4.ann1.Glyma.17G017100.1,glyma.Wm82.gnm4.ann1.Glyma.07G257000.1,Glyma.13G208800,Glyma.15G104000,Glyma.17G017100,Glyma.07G257000
Legume.fam3.00878,glyma.Wm82.gnm4.ann1.Glyma.09G197700.1,glyma.Wm82.gnm4.ann1.Glyma.16G111500.1,glyma.Wm82.gnm4.ann1.Glyma.01G158200.1,glyma.Wm82.gnm4.ann1.Glyma.11G086500.1,Glyma.09G197700,Glyma.16G111500,Glyma.01G158200,Glyma.11G086500
Legume.fam3.00879,glyma.Wm82.gnm4.ann1.Glyma.11G084700.5,glyma.Wm82.gnm4.ann1.Glyma.01G159500.1,glyma.Wm82.gnm4.ann1.Glyma.02G041700.1,glyma.Wm82.gnm4.ann1.Glyma.16G118400.9,Glyma.11G084700,Glyma.01G159500,Glyma.02G041700,Glyma.16G118400
Legume.fam3.00883,glyma.Wm82.gnm4.ann1.Glyma.11G053800.5,glyma.Wm82.gnm4.ann1.Glyma.01G188400.1,glyma.Wm82.gnm4.ann1.Glyma.17G170300.1,glyma.Wm82.gnm4.ann1.Glyma.05G091200.2,Glyma.11G053800,Glyma.01G188400,Glyma.17G170300,Glyma.05G091200
Legume.fam3.00884,glyma.Wm82.gnm4.ann1.Glyma.11G051400.2,glyma.Wm82.gnm4.ann1.Glyma.01G190800.1,glyma.Wm82.gnm4.ann1.Glyma.05G101900.1,glyma.Wm82.gnm4.ann1.Glyma.17G165000.1,Glyma.11G051400,Glyma.01G190800,Glyma.05G101900,Glyma.17G165000
Legume.fam3.00885,glyma.Wm82.gnm4.ann1.Glyma.17G161400.1,glyma.Wm82.gnm4.ann1.Glyma.05G105100.1,glyma.Wm82.gnm4.ann1.Glyma.01G193200.1,glyma.Wm82.gnm4.ann1.Glyma.11G048600.1,Glyma.17G161400,Glyma.05G105100,Glyma.01G193200,Glyma.11G048600
Legume.fam3.00886,glyma.Wm82.gnm4.ann1.Glyma.17G156300.1,glyma.Wm82.gnm4.ann1.Glyma.05G110400.1,glyma.Wm82.gnm4.ann1.Glyma.11G043800.1,glyma.Wm82.gnm4.ann1.Glyma.01G197800.1,Glyma.17G156300,Glyma.05G110400,Glyma.11G043800,Glyma.01G197800
Legume.fam3.00888,glyma.Wm82.gnm4.ann1.Glyma.11G039700.1,glyma.Wm82.gnm4.ann1.Glyma.01G203300.1,glyma.Wm82.gnm4.ann1.Glyma.05G068400.6,glyma.Wm82.gnm4.ann1.Glyma.17G150900.4,Glyma.11G039700,Glyma.01G203300,Glyma.05G068400,Glyma.17G150900
Legume.fam3.00889,glyma.Wm82.gnm4.ann1.Glyma.11G039300.1,glyma.Wm82.gnm4.ann1.Glyma.01G203500.1,glyma.Wm82.gnm4.ann1.Glyma.05G067800.1,glyma.Wm82.gnm4.ann1.Glyma.17G149900.2,Glyma.11G039300,Glyma.01G203500,Glyma.05G067800,Glyma.17G149900
Legume.fam3.00890,glyma.Wm82.gnm4.ann1.Glyma.11G038800.3,glyma.Wm82.gnm4.ann1.Glyma.01G204200.6,glyma.Wm82.gnm4.ann1.Glyma.05G066700.3,glyma.Wm82.gnm4.ann1.Glyma.17G148800.2,Glyma.11G038800,Glyma.01G204200,Glyma.05G066700,Glyma.17G148800
Legume.fam3.00891,glyma.Wm82.gnm4.ann1.Glyma.17G145900.1,glyma.Wm82.gnm4.ann1.Glyma.05G064200.1,glyma.Wm82.gnm4.ann1.Glyma.01G205900.1,glyma.Wm82.gnm4.ann1.Glyma.11G036900.1,Glyma.17G145900,Glyma.05G064200,Glyma.01G205900,Glyma.11G036900
Legume.fam3.00892,glyma.Wm82.gnm4.ann1.Glyma.05G059900.1,glyma.Wm82.gnm4.ann1.Glyma.17G142402.1,glyma.Wm82.gnm4.ann1.Glyma.11G033200.2,glyma.Wm82.gnm4.ann1.Glyma.01G209000.1,Glyma.05G059900,Glyma.17G142402,Glyma.11G033200,Glyma.01G209000
Legume.fam3.00894,glyma.Wm82.gnm4.ann1.Glyma.01G213500.1,glyma.Wm82.gnm4.ann1.Glyma.11G028400.5,glyma.Wm82.gnm4.ann1.Glyma.05G054500.1,glyma.Wm82.gnm4.ann1.Glyma.17G136900.1,Glyma.01G213500,Glyma.11G028400,Glyma.05G054500,Glyma.17G136900
Legume.fam3.00895,glyma.Wm82.gnm4.ann1.Glyma.11G024700.2,glyma.Wm82.gnm4.ann1.Glyma.01G218800.1,glyma.Wm82.gnm4.ann1.Glyma.05G206300.1,glyma.Wm82.gnm4.ann1.Glyma.08G013200.2,Glyma.11G024700,Glyma.01G218800,Glyma.05G206300,Glyma.08G013200
Legume.fam3.00896,glyma.Wm82.gnm4.ann1.Glyma.08G023100.1,glyma.Wm82.gnm4.ann1.Glyma.05G217100.1,glyma.Wm82.gnm4.ann1.Glyma.01G225800.1,glyma.Wm82.gnm4.ann1.Glyma.11G017100.1,Glyma.08G023100,Glyma.05G217100,Glyma.01G225800,Glyma.11G017100
Legume.fam3.00900,glyma.Wm82.gnm4.ann1.Glyma.12G094500.1,glyma.Wm82.gnm4.ann1.Glyma.11G179000.1,glyma.Wm82.gnm4.ann1.Glyma.12G188600.1,glyma.Wm82.gnm4.ann1.Glyma.13G313000.1,Glyma.12G094500,Glyma.11G179000,Glyma.12G188600,Glyma.13G313000
Legume.fam3.00901,glyma.Wm82.gnm4.ann1.Glyma.01G049100.1,glyma.Wm82.gnm4.ann1.Glyma.02G108500.1,glyma.Wm82.gnm4.ann1.Glyma.07G229800.1,glyma.Wm82.gnm4.ann1.Glyma.20G035300.1,Glyma.01G049100,Glyma.02G108500,Glyma.07G229800,Glyma.20G035300
Legume.fam3.00904,glyma.Wm82.gnm4.ann1.Glyma.13G324200.6,glyma.Wm82.gnm4.ann1.Glyma.12G176400.2,glyma.Wm82.gnm4.ann1.Glyma.11G196300.1,glyma.Wm82.gnm4.ann1.Glyma.12G077800.2,Glyma.13G324200,Glyma.12G176400,Glyma.11G196300,Glyma.12G077800
Legume.fam3.00905,glyma.Wm82.gnm4.ann1.Glyma.13G325400.3,glyma.Wm82.gnm4.ann1.Glyma.12G174000.2,glyma.Wm82.gnm4.ann1.Glyma.11G145600.2,glyma.Wm82.gnm4.ann1.Glyma.12G076100.1,Glyma.13G325400,Glyma.12G174000,Glyma.11G145600,Glyma.12G076100
Legume.fam3.00914,glyma.Wm82.gnm4.ann1.Glyma.07G223100.1,glyma.Wm82.gnm4.ann1.Glyma.20G022400.1,glyma.Wm82.gnm4.ann1.Glyma.15G126400.1,glyma.Wm82.gnm4.ann1.Glyma.09G019900.1,Glyma.07G223100,Glyma.20G022400,Glyma.15G126400,Glyma.09G019900
Legume.fam3.00918,glyma.Wm82.gnm4.ann1.Glyma.01G127600.2,glyma.Wm82.gnm4.ann1.Glyma.03G043060.1,glyma.Wm82.gnm4.ann1.Glyma.18G208100.1,glyma.Wm82.gnm4.ann1.Glyma.09G280700.1,Glyma.01G127600,Glyma.03G043060,Glyma.18G208100,Glyma.09G280700
Legume.fam3.00920,glyma.Wm82.gnm4.ann1.Glyma.07G027800.1,glyma.Wm82.gnm4.ann1.Glyma.08G214900.1,glyma.Wm82.gnm4.ann1.Glyma.15G005500.2,glyma.Wm82.gnm4.ann1.Glyma.13G367700.1,Glyma.07G027800,Glyma.08G214900,Glyma.15G005500,Glyma.13G367700
Legume.fam3.00921,glyma.Wm82.gnm4.ann1.Glyma.05G222200.1,glyma.Wm82.gnm4.ann1.Glyma.08G028900.1,glyma.Wm82.gnm4.ann1.Glyma.01G002600.1,glyma.Wm82.gnm4.ann1.Glyma.07G129700.2,Glyma.05G222200,Glyma.08G028900,Glyma.01G002600,Glyma.07G129700
Legume.fam3.00922,glyma.Wm82.gnm4.ann1.Glyma.09G235900.3,glyma.Wm82.gnm4.ann1.Glyma.18G261100.5,glyma.Wm82.gnm4.ann1.Glyma.13G062200.4,glyma.Wm82.gnm4.ann1.Glyma.19G024400.1,Glyma.09G235900,Glyma.18G261100,Glyma.13G062200,Glyma.19G024400
Legume.fam3.00923,glyma.Wm82.gnm4.ann1.Glyma.19G024700.1,glyma.Wm82.gnm4.ann1.Glyma.13G061900.1,glyma.Wm82.gnm4.ann1.Glyma.09G235600.1,glyma.Wm82.gnm4.ann1.Glyma.18G261400.3,Glyma.19G024700,Glyma.13G061900,Glyma.09G235600,Glyma.18G261400
Legume.fam3.00925,glyma.Wm82.gnm4.ann1.Glyma.08G056500.1,glyma.Wm82.gnm4.ann1.Glyma.05G248000.2,glyma.Wm82.gnm4.ann1.Glyma.09G171600.1,glyma.Wm82.gnm4.ann1.Glyma.07G106600.1,Glyma.08G056500,Glyma.05G248000,Glyma.09G171600,Glyma.07G106600
Legume.fam3.00927,glyma.Wm82.gnm4.ann1.Glyma.05G231200.2,glyma.Wm82.gnm4.ann1.Glyma.08G038700.1,glyma.Wm82.gnm4.ann1.Glyma.09G190400.1,glyma.Wm82.gnm4.ann1.Glyma.07G086600.1,Glyma.05G231200,Glyma.08G038700,Glyma.09G190400,Glyma.07G086600
Legume.fam3.00928,glyma.Wm82.gnm4.ann1.Glyma.05G226800.1,glyma.Wm82.gnm4.ann1.Glyma.08G033600.1,glyma.Wm82.gnm4.ann1.Glyma.01G007900.1,glyma.Wm82.gnm4.ann1.Glyma.16G078400.1,Glyma.05G226800,Glyma.08G033600,Glyma.01G007900,Glyma.16G078400
Legume.fam3.00930,glyma.Wm82.gnm4.ann1.Glyma.07G126800.1,glyma.Wm82.gnm4.ann1.Glyma.01G005000.1,glyma.Wm82.gnm4.ann1.Glyma.05G224400.1,glyma.Wm82.gnm4.ann1.Glyma.08G031400.1,Glyma.07G126800,Glyma.01G005000,Glyma.05G224400,Glyma.08G031400
Legume.fam3.00931,glyma.Wm82.gnm4.ann1.Glyma.13G064200.1,glyma.Wm82.gnm4.ann1.Glyma.19G020700.1,glyma.Wm82.gnm4.ann1.Glyma.09G239800.1,glyma.Wm82.gnm4.ann1.Glyma.18G257700.1,Glyma.13G064200,Glyma.19G020700,Glyma.09G239800,Glyma.18G257700
Legume.fam3.00934,glyma.Wm82.gnm4.ann1.Glyma.03G164600.1,glyma.Wm82.gnm4.ann1.Glyma.19G166000.3,glyma.Wm82.gnm4.ann1.Glyma.10G038400.1,glyma.Wm82.gnm4.ann1.Glyma.13G124800.8,Glyma.03G164600,Glyma.19G166000,Glyma.10G038400,Glyma.13G124800
Legume.fam3.00937,glyma.Wm82.gnm4.ann1.Glyma.03G180300.1,glyma.Wm82.gnm4.ann1.Glyma.19G181000.1,glyma.Wm82.gnm4.ann1.Glyma.10G051900.1,glyma.Wm82.gnm4.ann1.Glyma.13G139300.1,Glyma.03G180300,Glyma.19G181000,Glyma.10G051900,Glyma.13G139300
Legume.fam3.00938,glyma.Wm82.gnm4.ann1.Glyma.19G184100.1,glyma.Wm82.gnm4.ann1.Glyma.03G183300.1,glyma.Wm82.gnm4.ann1.Glyma.13G142400.1,glyma.Wm82.gnm4.ann1.Glyma.10G055300.1,Glyma.19G184100,Glyma.03G183300,Glyma.13G142400,Glyma.10G055300
Legume.fam3.00939,glyma.Wm82.gnm4.ann1.Glyma.13G141200.1,glyma.Wm82.gnm4.ann1.Glyma.10G054200.1,glyma.Wm82.gnm4.ann1.Glyma.03G184500.1,glyma.Wm82.gnm4.ann1.Glyma.19G184900.1,Glyma.13G141200,Glyma.10G054200,Glyma.03G184500,Glyma.19G184900
Legume.fam3.00945,glyma.Wm82.gnm4.ann1.Glyma.19G211000.1,glyma.Wm82.gnm4.ann1.Glyma.03G214150.1,glyma.Wm82.gnm4.ann1.Glyma.10G018700.1,glyma.Wm82.gnm4.ann1.Glyma.02G155600.5,Glyma.19G211000,Glyma.03G214150,Glyma.10G018700,Glyma.02G155600
Legume.fam3.00946,glyma.Wm82.gnm4.ann1.Glyma.02G006600.1,glyma.Wm82.gnm4.ann1.Glyma.10G139200.1,glyma.Wm82.gnm4.ann1.Glyma.03G225400.1,glyma.Wm82.gnm4.ann1.Glyma.19G222400.1,Glyma.02G006600,Glyma.10G139200,Glyma.03G225400,Glyma.19G222400
Legume.fam3.00949,glyma.Wm82.gnm4.ann1.Glyma.03G243000.1,glyma.Wm82.gnm4.ann1.Glyma.19G240500.2,glyma.Wm82.gnm4.ann1.Glyma.20G229900.1,glyma.Wm82.gnm4.ann1.Glyma.10G158700.1,Glyma.03G243000,Glyma.19G240500,Glyma.20G229900,Glyma.10G158700
Legume.fam3.00950,glyma.Wm82.gnm4.ann1.Glyma.04G161400.2,glyma.Wm82.gnm4.ann1.Glyma.06G204300.1,glyma.Wm82.gnm4.ann1.Glyma.05G019900.1,glyma.Wm82.gnm4.ann1.Glyma.17G079900.2,Glyma.04G161400,Glyma.06G204300,Glyma.05G019900,Glyma.17G079900
Legume.fam3.00951,glyma.Wm82.gnm4.ann1.Glyma.14G071900.1,glyma.Wm82.gnm4.ann1.Glyma.17G253000.1,glyma.Wm82.gnm4.ann1.Glyma.06G030000.1,glyma.Wm82.gnm4.ann1.Glyma.04G029900.1,Glyma.14G071900,Glyma.17G253000,Glyma.06G030000,Glyma.04G029900
Legume.fam3.00953,glyma.Wm82.gnm4.ann1.Glyma.06G013100.1,glyma.Wm82.gnm4.ann1.Glyma.04G013200.1,glyma.Wm82.gnm4.ann1.Glyma.12G044000.1,glyma.Wm82.gnm4.ann1.Glyma.11G118600.1,Glyma.06G013100,Glyma.04G013200,Glyma.12G044000,Glyma.11G118600
Legume.fam3.00954,glyma.Wm82.gnm4.ann1.Glyma.14G134100.1,glyma.Wm82.gnm4.ann1.Glyma.17G199200.1,glyma.Wm82.gnm4.ann1.Glyma.06G076100.1,glyma.Wm82.gnm4.ann1.Glyma.04G075100.1,Glyma.14G134100,Glyma.17G199200,Glyma.06G076100,Glyma.04G075100
Legume.fam3.00956,glyma.Wm82.gnm4.ann1.Glyma.06G063000.2,glyma.Wm82.gnm4.ann1.Glyma.04G062000.1,glyma.Wm82.gnm4.ann1.Glyma.17G218000.1,glyma.Wm82.gnm4.ann1.Glyma.14G109200.1,Glyma.06G063000,Glyma.04G062000,Glyma.17G218000,Glyma.14G109200
Legume.fam3.00957,glyma.Wm82.gnm4.ann1.Glyma.04G060600.1,glyma.Wm82.gnm4.ann1.Glyma.06G061200.1,glyma.Wm82.gnm4.ann1.Glyma.14G101800.1,glyma.Wm82.gnm4.ann1.Glyma.17G223400.1,Glyma.04G060600,Glyma.06G061200,Glyma.14G101800,Glyma.17G223400
Legume.fam3.00958,glyma.Wm82.gnm4.ann1.Glyma.04G058800.1,glyma.Wm82.gnm4.ann1.Glyma.06G059500.1,glyma.Wm82.gnm4.ann1.Glyma.14G105200.1,glyma.Wm82.gnm4.ann1.Glyma.17G220900.1,Glyma.04G058800,Glyma.06G059500,Glyma.14G105200,Glyma.17G220900
Legume.fam3.00960,glyma.Wm82.gnm4.ann1.Glyma.18G024400.1,glyma.Wm82.gnm4.ann1.Glyma.11G232667.1,glyma.Wm82.gnm4.ann1.Glyma.14G056700.2,glyma.Wm82.gnm4.ann1.Glyma.02G262400.1,Glyma.18G024400,Glyma.11G232667,Glyma.14G056700,Glyma.02G262400
Legume.fam3.00961,glyma.Wm82.gnm4.ann1.Glyma.18G026000.1,glyma.Wm82.gnm4.ann1.Glyma.11G231100.1,glyma.Wm82.gnm4.ann1.Glyma.02G258200.1,glyma.Wm82.gnm4.ann1.Glyma.14G058300.1,Glyma.18G026000,Glyma.11G231100,Glyma.02G258200,Glyma.14G058300
Legume.fam3.00963,glyma.Wm82.gnm4.ann1.Glyma.18G073500.1,glyma.Wm82.gnm4.ann1.Glyma.08G333300.1,glyma.Wm82.gnm4.ann1.Glyma.02G302800.2,glyma.Wm82.gnm4.ann1.Glyma.14G011100.1,Glyma.18G073500,Glyma.08G333300,Glyma.02G302800,Glyma.14G011100
Legume.fam3.00964,glyma.Wm82.gnm4.ann1.Glyma.08G325800.1,glyma.Wm82.gnm4.ann1.Glyma.18G081200.1,glyma.Wm82.gnm4.ann1.Glyma.02G297400.1,glyma.Wm82.gnm4.ann1.Glyma.14G016200.1,Glyma.08G325800,Glyma.18G081200,Glyma.02G297400,Glyma.14G016200
Legume.fam3.00967,glyma.Wm82.gnm4.ann1.Glyma.14G016400.1,glyma.Wm82.gnm4.ann1.Glyma.02G297200.1,glyma.Wm82.gnm4.ann1.Glyma.08G325600.1,glyma.Wm82.gnm4.ann1.Glyma.18G081500.1,Glyma.14G016400,Glyma.02G297200,Glyma.08G325600,Glyma.18G081500
Legume.fam3.00969,glyma.Wm82.gnm4.ann1.Glyma.08G126900.2,glyma.Wm82.gnm4.ann1.Glyma.05G168500.2,glyma.Wm82.gnm4.ann1.Glyma.12G169700.1,glyma.Wm82.gnm4.ann1.Glyma.08G188400.1,Glyma.08G126900,Glyma.05G168500,Glyma.12G169700,Glyma.08G188400
Legume.fam3.00970,glyma.Wm82.gnm4.ann1.Glyma.08G072100.1,glyma.Wm82.gnm4.ann1.Glyma.05G117000.1,glyma.Wm82.gnm4.ann1.Glyma.15G053600.1,glyma.Wm82.gnm4.ann1.Glyma.08G178900.4,Glyma.08G072100,Glyma.05G117000,Glyma.15G053600,Glyma.08G178900
Legume.fam3.00972,glyma.Wm82.gnm4.ann1.Glyma.07G183700.2,glyma.Wm82.gnm4.ann1.Glyma.08G066500.1,glyma.Wm82.gnm4.ann1.Glyma.15G059100.1,glyma.Wm82.gnm4.ann1.Glyma.13G255600.1,Glyma.07G183700,Glyma.08G066500,Glyma.15G059100,Glyma.13G255600
Legume.fam3.00973,glyma.Wm82.gnm4.ann1.Glyma.15G069100.1,glyma.Wm82.gnm4.ann1.Glyma.13G244600.3,glyma.Wm82.gnm4.ann1.Glyma.07G191600.1,glyma.Wm82.gnm4.ann1.Glyma.13G185100.1,Glyma.15G069100,Glyma.13G244600,Glyma.07G191600,Glyma.13G185100
Legume.fam3.00974,glyma.Wm82.gnm4.ann1.Glyma.15G072100.1,glyma.Wm82.gnm4.ann1.Glyma.13G241300.1,glyma.Wm82.gnm4.ann1.Glyma.07G195000.1,glyma.Wm82.gnm4.ann1.Glyma.13G181500.1,Glyma.15G072100,Glyma.13G241300,Glyma.07G195000,Glyma.13G181500
Legume.fam3.00975,glyma.Wm82.gnm4.ann1.Glyma.07G199000.1,glyma.Wm82.gnm4.ann1.Glyma.13G177400.1,glyma.Wm82.gnm4.ann1.Glyma.13G237400.1,glyma.Wm82.gnm4.ann1.Glyma.15G076200.1,Glyma.07G199000,Glyma.13G177400,Glyma.13G237400,Glyma.15G076200
Legume.fam3.00976,glyma.Wm82.gnm4.ann1.Glyma.15G088600.1,glyma.Wm82.gnm4.ann1.Glyma.13G223300.1,glyma.Wm82.gnm4.ann1.Glyma.05G163200.1,glyma.Wm82.gnm4.ann1.Glyma.08G120600.1,Glyma.15G088600,Glyma.13G223300,Glyma.05G163200,Glyma.08G120600
Legume.fam3.00978,glyma.Wm82.gnm4.ann1.Glyma.18G264400.1,glyma.Wm82.gnm4.ann1.Glyma.08G242100.1,glyma.Wm82.gnm4.ann1.Glyma.13G058600.1,glyma.Wm82.gnm4.ann1.Glyma.19G027900.1,Glyma.18G264400,Glyma.08G242100,Glyma.13G058600,Glyma.19G027900
Legume.fam3.00979,glyma.Wm82.gnm4.ann1.Glyma.09G257900.1,glyma.Wm82.gnm4.ann1.Glyma.18G234700.6,glyma.Wm82.gnm4.ann1.Glyma.07G069400.1,glyma.Wm82.gnm4.ann1.Glyma.16G035100.1,Glyma.09G257900,Glyma.18G234700,Glyma.07G069400,Glyma.16G035100
Legume.fam3.00981,glyma.Wm82.gnm4.ann1.Glyma.07G048200.1,glyma.Wm82.gnm4.ann1.Glyma.16G017100.1,glyma.Wm82.gnm4.ann1.Glyma.03G262200.5,glyma.Wm82.gnm4.ann1.Glyma.19G261300.8,Glyma.07G048200,Glyma.16G017100,Glyma.03G262200,Glyma.19G261300
Legume.fam3.00983,glyma.Wm82.gnm4.ann1.Glyma.15G024200.1,glyma.Wm82.gnm4.ann1.Glyma.13G350300.1,glyma.Wm82.gnm4.ann1.Glyma.07G009900.5,glyma.Wm82.gnm4.ann1.Glyma.08G193100.2,Glyma.15G024200,Glyma.13G350300,Glyma.07G009900,Glyma.08G193100
Legume.fam3.00986,glyma.Wm82.gnm4.ann1.Glyma.08G218100.1,glyma.Wm82.gnm4.ann1.Glyma.07G023700.1,glyma.Wm82.gnm4.ann1.Glyma.13G369800.1,glyma.Wm82.gnm4.ann1.Glyma.15G003600.1,Glyma.08G218100,Glyma.07G023700,Glyma.13G369800,Glyma.15G003600
Legume.fam3.00987,glyma.Wm82.gnm4.ann1.Glyma.18G208800.1,glyma.Wm82.gnm4.ann1.Glyma.09G280200.1,glyma.Wm82.gnm4.ann1.Glyma.01G128100.1,glyma.Wm82.gnm4.ann1.Glyma.03G042700.1,Glyma.18G208800,Glyma.09G280200,Glyma.01G128100,Glyma.03G042700
Legume.fam3.00989,glyma.Wm82.gnm4.ann1.Glyma.05G033000.1,glyma.Wm82.gnm4.ann1.Glyma.17G093900.1,glyma.Wm82.gnm4.ann1.Glyma.06G187000.1,glyma.Wm82.gnm4.ann1.Glyma.04G177900.1,Glyma.05G033000,Glyma.17G093900,Glyma.06G187000,Glyma.04G177900
Legume.fam3.00990,glyma.Wm82.gnm4.ann1.Glyma.04G181900.1,glyma.Wm82.gnm4.ann1.Glyma.06G183000.1,glyma.Wm82.gnm4.ann1.Glyma.17G090100.1,glyma.Wm82.gnm4.ann1.Glyma.05G037100.3,Glyma.04G181900,Glyma.06G183000,Glyma.17G090100,Glyma.05G037100
Legume.fam3.00991,glyma.Wm82.gnm4.ann1.Glyma.04G185800.1,glyma.Wm82.gnm4.ann1.Glyma.06G180300.1,glyma.Wm82.gnm4.ann1.Glyma.05G039800.1,glyma.Wm82.gnm4.ann1.Glyma.17G087100.1,Glyma.04G185800,Glyma.06G180300,Glyma.05G039800,Glyma.17G087100
Legume.fam3.00995,glyma.Wm82.gnm4.ann1.Glyma.18G008300.1,glyma.Wm82.gnm4.ann1.Glyma.11G249000.1,glyma.Wm82.gnm4.ann1.Glyma.05G146300.3,glyma.Wm82.gnm4.ann1.Glyma.08G103100.3,Glyma.18G008300,Glyma.11G249000,Glyma.05G146300,Glyma.08G103100
Legume.fam3.00996,glyma.Wm82.gnm4.ann1.Glyma.17G060600.2,glyma.Wm82.gnm4.ann1.Glyma.13G099500.9,glyma.Wm82.gnm4.ann1.Glyma.09G058000.2,glyma.Wm82.gnm4.ann1.Glyma.15G164100.1,Glyma.17G060600,Glyma.13G099500,Glyma.09G058000,Glyma.15G164100
Legume.fam3.00997,glyma.Wm82.gnm4.ann1.Glyma.15G165800.1,glyma.Wm82.gnm4.ann1.Glyma.09G059500.1,glyma.Wm82.gnm4.ann1.Glyma.13G100400.1,glyma.Wm82.gnm4.ann1.Glyma.17G059500.1,Glyma.15G165800,Glyma.09G059500,Glyma.13G100400,Glyma.17G059500
Legume.fam3.01002,glyma.Wm82.gnm4.ann1.Glyma.10G183300.1,glyma.Wm82.gnm4.ann1.Glyma.20G206900.1,glyma.Wm82.gnm4.ann1.Glyma.10G004800.1,glyma.Wm82.gnm4.ann1.Glyma.02G003700.1,Glyma.10G183300,Glyma.20G206900,Glyma.10G004800,Glyma.02G003700
Legume.fam3.01005,glyma.Wm82.gnm4.ann1.Glyma.12G114000.2,glyma.Wm82.gnm4.ann1.Glyma.06G292200.1,glyma.Wm82.gnm4.ann1.Glyma.13G296400.1,glyma.Wm82.gnm4.ann1.Glyma.12G205000.1,Glyma.12G114000,Glyma.06G292200,Glyma.13G296400,Glyma.12G205000
Legume.fam3.01007,glyma.Wm82.gnm4.ann1.Glyma.01G157500.1,glyma.Wm82.gnm4.ann1.Glyma.11G087500.1,glyma.Wm82.gnm4.ann1.Glyma.09G196800.1,glyma.Wm82.gnm4.ann1.Glyma.16G111900.1,Glyma.01G157500,Glyma.11G087500,Glyma.09G196800,Glyma.16G111900
Legume.fam3.01008,glyma.Wm82.gnm4.ann1.Glyma.13G297700.4,glyma.Wm82.gnm4.ann1.Glyma.12G203900.2,glyma.Wm82.gnm4.ann1.Glyma.06G293400.2,glyma.Wm82.gnm4.ann1.Glyma.12G112000.3,Glyma.13G297700,Glyma.12G203900,Glyma.06G293400,Glyma.12G112000
Legume.fam3.01010,glyma.Wm82.gnm4.ann1.Glyma.01G165900.1,glyma.Wm82.gnm4.ann1.Glyma.11G077500.1,glyma.Wm82.gnm4.ann1.Glyma.02G047700.1,glyma.Wm82.gnm4.ann1.Glyma.16G127400.1,Glyma.01G165900,Glyma.11G077500,Glyma.02G047700,Glyma.16G127400
Legume.fam3.01011,glyma.Wm82.gnm4.ann1.Glyma.16G142800.2,glyma.Wm82.gnm4.ann1.Glyma.02G060002.1,glyma.Wm82.gnm4.ann1.Glyma.01G179900.3,glyma.Wm82.gnm4.ann1.Glyma.11G062300.2,Glyma.16G142800,Glyma.02G060002,Glyma.01G179900,Glyma.11G062300
Legume.fam3.01014,glyma.Wm82.gnm4.ann1.Glyma.05G104400.1,glyma.Wm82.gnm4.ann1.Glyma.17G163900.1,glyma.Wm82.gnm4.ann1.Glyma.01G191700.1,glyma.Wm82.gnm4.ann1.Glyma.11G050400.1,Glyma.05G104400,Glyma.17G163900,Glyma.01G191700,Glyma.11G050400
Legume.fam3.01016,glyma.Wm82.gnm4.ann1.Glyma.05G104000.1,glyma.Wm82.gnm4.ann1.Glyma.17G163500.2,glyma.Wm82.gnm4.ann1.Glyma.01G192300.1,glyma.Wm82.gnm4.ann1.Glyma.11G049800.8,Glyma.05G104000,Glyma.17G163500,Glyma.01G192300,Glyma.11G049800
Legume.fam3.01017,glyma.Wm82.gnm4.ann1.Glyma.05G104800.2,glyma.Wm82.gnm4.ann1.Glyma.17G161700.1,glyma.Wm82.gnm4.ann1.Glyma.01G193000.1,glyma.Wm82.gnm4.ann1.Glyma.11G048800.1,Glyma.05G104800,Glyma.17G161700,Glyma.01G193000,Glyma.11G048800
Legume.fam3.01018,glyma.Wm82.gnm4.ann1.Glyma.01G193600.1,glyma.Wm82.gnm4.ann1.Glyma.11G048300.1,glyma.Wm82.gnm4.ann1.Glyma.17G161300.1,glyma.Wm82.gnm4.ann1.Glyma.05G105200.1,Glyma.01G193600,Glyma.11G048300,Glyma.17G161300,Glyma.05G105200
Legume.fam3.01019,glyma.Wm82.gnm4.ann1.Glyma.05G107500.1,glyma.Wm82.gnm4.ann1.Glyma.17G159600.1,glyma.Wm82.gnm4.ann1.Glyma.11G046400.1,glyma.Wm82.gnm4.ann1.Glyma.01G195300.1,Glyma.05G107500,Glyma.17G159600,Glyma.11G046400,Glyma.01G195300
Legume.fam3.01020,glyma.Wm82.gnm4.ann1.Glyma.11G037900.1,glyma.Wm82.gnm4.ann1.Glyma.01G205100.1,glyma.Wm82.gnm4.ann1.Glyma.17G146600.1,glyma.Wm82.gnm4.ann1.Glyma.05G064800.1,Glyma.11G037900,Glyma.01G205100,Glyma.17G146600,Glyma.05G064800
Legume.fam3.01021,glyma.Wm82.gnm4.ann1.Glyma.11G033500.1,glyma.Wm82.gnm4.ann1.Glyma.01G208700.2,glyma.Wm82.gnm4.ann1.Glyma.05G060200.2,glyma.Wm82.gnm4.ann1.Glyma.17G142600.1,Glyma.11G033500,Glyma.01G208700,Glyma.05G060200,Glyma.17G142600
Legume.fam3.01028,glyma.Wm82.gnm4.ann1.Glyma.13G311200.2,glyma.Wm82.gnm4.ann1.Glyma.12G190500.1,glyma.Wm82.gnm4.ann1.Glyma.12G096000.6,glyma.Wm82.gnm4.ann1.Glyma.06G308900.7,Glyma.13G311200,Glyma.12G190500,Glyma.12G096000,Glyma.06G308900
Legume.fam3.01030,glyma.Wm82.gnm4.ann1.Glyma.01G038002.1,glyma.Wm82.gnm4.ann1.Glyma.02G026800.1,glyma.Wm82.gnm4.ann1.Glyma.08G292800.1,glyma.Wm82.gnm4.ann1.Glyma.18G130500.2,Glyma.01G038002,Glyma.02G026800,Glyma.08G292800,Glyma.18G130500
Legume.fam3.01034,glyma.Wm82.gnm4.ann1.Glyma.12G181400.1,glyma.Wm82.gnm4.ann1.Glyma.13G319500.1,glyma.Wm82.gnm4.ann1.Glyma.11G189500.1,glyma.Wm82.gnm4.ann1.Glyma.12G084700.1,Glyma.12G181400,Glyma.13G319500,Glyma.11G189500,Glyma.12G084700
Legume.fam3.01036,glyma.Wm82.gnm4.ann1.Glyma.12G174100.1,glyma.Wm82.gnm4.ann1.Glyma.13G325200.1,glyma.Wm82.gnm4.ann1.Glyma.12G076200.1,glyma.Wm82.gnm4.ann1.Glyma.11G145500.1,Glyma.12G174100,Glyma.13G325200,Glyma.12G076200,Glyma.11G145500
Legume.fam3.01037,glyma.Wm82.gnm4.ann1.Glyma.11G145900.1,glyma.Wm82.gnm4.ann1.Glyma.12G075700.1,glyma.Wm82.gnm4.ann1.Glyma.13G325600.1,glyma.Wm82.gnm4.ann1.Glyma.12G172100.1,Glyma.11G145900,Glyma.12G075700,Glyma.13G325600,Glyma.12G172100
Legume.fam3.01043,glyma.Wm82.gnm4.ann1.Glyma.02G106800.1,glyma.Wm82.gnm4.ann1.Glyma.01G046600.1,glyma.Wm82.gnm4.ann1.Glyma.18G120000.1,glyma.Wm82.gnm4.ann1.Glyma.08G300500.1,Glyma.02G106800,Glyma.01G046600,Glyma.18G120000,Glyma.08G300500
Legume.fam3.01044,glyma.Wm82.gnm4.ann1.Glyma.01G044100.1,glyma.Wm82.gnm4.ann1.Glyma.02G019500.1,glyma.Wm82.gnm4.ann1.Glyma.18G123800.2,glyma.Wm82.gnm4.ann1.Glyma.08G297900.1,Glyma.01G044100,Glyma.02G019500,Glyma.18G123800,Glyma.08G297900
Legume.fam3.01053,glyma.Wm82.gnm4.ann1.Glyma.07G223500.1,glyma.Wm82.gnm4.ann1.Glyma.20G023200.1,glyma.Wm82.gnm4.ann1.Glyma.09G021100.1,glyma.Wm82.gnm4.ann1.Glyma.15G127500.1,Glyma.07G223500,Glyma.20G023200,Glyma.09G021100,Glyma.15G127500
Legume.fam3.01055,glyma.Wm82.gnm4.ann1.Glyma.15G006100.1,glyma.Wm82.gnm4.ann1.Glyma.13G367300.1,glyma.Wm82.gnm4.ann1.Glyma.07G028000.4,glyma.Wm82.gnm4.ann1.Glyma.08G214600.8,Glyma.15G006100,Glyma.13G367300,Glyma.07G028000,Glyma.08G214600
Legume.fam3.01058,glyma.Wm82.gnm4.ann1.Glyma.09G007900.1,glyma.Wm82.gnm4.ann1.Glyma.15G112300.1,glyma.Wm82.gnm4.ann1.Glyma.07G263800.1,glyma.Wm82.gnm4.ann1.Glyma.17G010100.3,Glyma.09G007900,Glyma.15G112300,Glyma.07G263800,Glyma.17G010100
Legume.fam3.01060,glyma.Wm82.gnm4.ann1.Glyma.09G180300.1,glyma.Wm82.gnm4.ann1.Glyma.07G097700.1,glyma.Wm82.gnm4.ann1.Glyma.05G241900.1,glyma.Wm82.gnm4.ann1.Glyma.08G049400.4,Glyma.09G180300,Glyma.07G097700,Glyma.05G241900,Glyma.08G049400
Legume.fam3.01062,glyma.Wm82.gnm4.ann1.Glyma.07G093700.1,glyma.Wm82.gnm4.ann1.Glyma.09G182600.1,glyma.Wm82.gnm4.ann1.Glyma.05G237500.1,glyma.Wm82.gnm4.ann1.Glyma.08G044700.1,Glyma.07G093700,Glyma.09G182600,Glyma.05G237500,Glyma.08G044700
Legume.fam3.01065,glyma.Wm82.gnm4.ann1.Glyma.18G256400.3,glyma.Wm82.gnm4.ann1.Glyma.09G240100.1,glyma.Wm82.gnm4.ann1.Glyma.19G020500.1,glyma.Wm82.gnm4.ann1.Glyma.13G064300.1,Glyma.18G256400,Glyma.09G240100,Glyma.19G020500,Glyma.13G064300
Legume.fam3.01067,glyma.Wm82.gnm4.ann1.Glyma.19G152900.6,glyma.Wm82.gnm4.ann1.Glyma.03G149900.2,glyma.Wm82.gnm4.ann1.Glyma.02G149900.1,glyma.Wm82.gnm4.ann1.Glyma.10G023900.1,Glyma.19G152900,Glyma.03G149900,Glyma.02G149900,Glyma.10G023900
Legume.fam3.01069,glyma.Wm82.gnm4.ann1.Glyma.10G044400.1,glyma.Wm82.gnm4.ann1.Glyma.13G132002.1,glyma.Wm82.gnm4.ann1.Glyma.03G172400.1,glyma.Wm82.gnm4.ann1.Glyma.19G173300.1,Glyma.10G044400,Glyma.13G132002,Glyma.03G172400,Glyma.19G173300
Legume.fam3.01070,glyma.Wm82.gnm4.ann1.Glyma.13G136000.1,glyma.Wm82.gnm4.ann1.Glyma.10G048200.1,glyma.Wm82.gnm4.ann1.Glyma.03G176800.1,glyma.Wm82.gnm4.ann1.Glyma.19G177500.1,Glyma.13G136000,Glyma.10G048200,Glyma.03G176800,Glyma.19G177500
Legume.fam3.01072,glyma.Wm82.gnm4.ann1.Glyma.03G194700.3,glyma.Wm82.gnm4.ann1.Glyma.19G194300.1,glyma.Wm82.gnm4.ann1.Glyma.13G153086.1,glyma.Wm82.gnm4.ann1.Glyma.10G071400.1,Glyma.03G194700,Glyma.19G194300,Glyma.13G153086,Glyma.10G071400
Legume.fam3.01074,glyma.Wm82.gnm4.ann1.Glyma.19G140600.1,glyma.Wm82.gnm4.ann1.Glyma.03G137700.1,glyma.Wm82.gnm4.ann1.Glyma.10G103200.3,glyma.Wm82.gnm4.ann1.Glyma.02G183000.1,Glyma.19G140600,Glyma.03G137700,Glyma.10G103200,Glyma.02G183000
Legume.fam3.01080,glyma.Wm82.gnm4.ann1.Glyma.20G220400.1,glyma.Wm82.gnm4.ann1.Glyma.10G169200.1,glyma.Wm82.gnm4.ann1.Glyma.03G253800.1,glyma.Wm82.gnm4.ann1.Glyma.19G251300.1,Glyma.20G220400,Glyma.10G169200,Glyma.03G253800,Glyma.19G251300
Legume.fam3.01081,glyma.Wm82.gnm4.ann1.Glyma.20G218902.1,glyma.Wm82.gnm4.ann1.Glyma.10G171300.3,glyma.Wm82.gnm4.ann1.Glyma.18G243100.1,glyma.Wm82.gnm4.ann1.Glyma.09G249300.1,Glyma.20G218902,Glyma.10G171300,Glyma.18G243100,Glyma.09G249300
Legume.fam3.01082,glyma.Wm82.gnm4.ann1.Glyma.08G068300.2,glyma.Wm82.gnm4.ann1.Glyma.07G181500.1,glyma.Wm82.gnm4.ann1.Glyma.13G257100.1,glyma.Wm82.gnm4.ann1.Glyma.15G057800.1,Glyma.08G068300,Glyma.07G181500,Glyma.13G257100,Glyma.15G057800
Legume.fam3.01085,glyma.Wm82.gnm4.ann1.Glyma.16G104500.1,glyma.Wm82.gnm4.ann1.Glyma.16G074200.2,glyma.Wm82.gnm4.ann1.Glyma.01G148900.10,glyma.Wm82.gnm4.ann1.Glyma.09G212800.8,Glyma.16G104500,Glyma.16G074200,Glyma.01G148900,Glyma.09G212800
Legume.fam3.01086,glyma.Wm82.gnm4.ann1.Glyma.17G123800.1,glyma.Wm82.gnm4.ann1.Glyma.05G015400.1,glyma.Wm82.gnm4.ann1.Glyma.04G144900.1,glyma.Wm82.gnm4.ann1.Glyma.06G208900.1,Glyma.17G123800,Glyma.05G015400,Glyma.04G144900,Glyma.06G208900
Legume.fam3.01087,glyma.Wm82.gnm4.ann1.Glyma.14G223000.3,glyma.Wm82.gnm4.ann1.Glyma.17G261500.1,glyma.Wm82.gnm4.ann1.Glyma.06G019800.1,glyma.Wm82.gnm4.ann1.Glyma.04G019500.1,Glyma.14G223000,Glyma.17G261500,Glyma.06G019800,Glyma.04G019500
Legume.fam3.01088,glyma.Wm82.gnm4.ann1.Glyma.14G222400.1,glyma.Wm82.gnm4.ann1.Glyma.17G261300.1,glyma.Wm82.gnm4.ann1.Glyma.06G020800.1,glyma.Wm82.gnm4.ann1.Glyma.04G020700.1,Glyma.14G222400,Glyma.17G261300,Glyma.06G020800,Glyma.04G020700
Legume.fam3.01090,glyma.Wm82.gnm4.ann1.Glyma.14G171500.1,glyma.Wm82.gnm4.ann1.Glyma.13G088100.1,glyma.Wm82.gnm4.ann1.Glyma.06G105000.1,glyma.Wm82.gnm4.ann1.Glyma.04G103900.1,Glyma.14G171500,Glyma.13G088100,Glyma.06G105000,Glyma.04G103900
Legume.fam3.01093,glyma.Wm82.gnm4.ann1.Glyma.02G216000.1,glyma.Wm82.gnm4.ann1.Glyma.14G183000.1,glyma.Wm82.gnm4.ann1.Glyma.06G098700.3,glyma.Wm82.gnm4.ann1.Glyma.04G096900.1,Glyma.02G216000,Glyma.14G183000,Glyma.06G098700,Glyma.04G096900
Legume.fam3.01094,glyma.Wm82.gnm4.ann1.Glyma.14G130800.1,glyma.Wm82.gnm4.ann1.Glyma.17G202600.1,glyma.Wm82.gnm4.ann1.Glyma.06G074400.4,glyma.Wm82.gnm4.ann1.Glyma.04G073200.4,Glyma.14G130800,Glyma.17G202600,Glyma.06G074400,Glyma.04G073200
Legume.fam3.01096,glyma.Wm82.gnm4.ann1.Glyma.11G116600.1,glyma.Wm82.gnm4.ann1.Glyma.12G042400.4,glyma.Wm82.gnm4.ann1.Glyma.04G011900.1,glyma.Wm82.gnm4.ann1.Glyma.06G011700.1,Glyma.11G116600,Glyma.12G042400,Glyma.04G011900,Glyma.06G011700
Legume.fam3.01097,glyma.Wm82.gnm4.ann1.Glyma.14G117100.1,glyma.Wm82.gnm4.ann1.Glyma.17G209500.1,glyma.Wm82.gnm4.ann1.Glyma.06G069500.1,glyma.Wm82.gnm4.ann1.Glyma.04G067800.1,Glyma.14G117100,Glyma.17G209500,Glyma.06G069500,Glyma.04G067800
Legume.fam3.01098,glyma.Wm82.gnm4.ann1.Glyma.17G216800.1,glyma.Wm82.gnm4.ann1.Glyma.14G110900.1,glyma.Wm82.gnm4.ann1.Glyma.06G063700.1,glyma.Wm82.gnm4.ann1.Glyma.04G062600.1,Glyma.17G216800,Glyma.14G110900,Glyma.06G063700,Glyma.04G062600
Legume.fam3.01102,glyma.Wm82.gnm4.ann1.Glyma.12G038600.6,glyma.Wm82.gnm4.ann1.Glyma.11G112700.1,glyma.Wm82.gnm4.ann1.Glyma.04G009100.1,glyma.Wm82.gnm4.ann1.Glyma.06G009000.1,Glyma.12G038600,Glyma.11G112700,Glyma.04G009100,Glyma.06G009000
Legume.fam3.01109,glyma.Wm82.gnm4.ann1.Glyma.14G016800.1,glyma.Wm82.gnm4.ann1.Glyma.02G296800.1,glyma.Wm82.gnm4.ann1.Glyma.18G082000.1,glyma.Wm82.gnm4.ann1.Glyma.08G325200.1,Glyma.14G016800,Glyma.02G296800,Glyma.18G082000,Glyma.08G325200
Legume.fam3.01110,glyma.Wm82.gnm4.ann1.Glyma.02G295300.1,glyma.Wm82.gnm4.ann1.Glyma.14G018100.1,glyma.Wm82.gnm4.ann1.Glyma.08G322300.2,glyma.Wm82.gnm4.ann1.Glyma.18G089800.1,Glyma.02G295300,Glyma.14G018100,Glyma.08G322300,Glyma.18G089800
Legume.fam3.01112,glyma.Wm82.gnm4.ann1.Glyma.14G193900.2,glyma.Wm82.gnm4.ann1.Glyma.02G226900.6,glyma.Wm82.gnm4.ann1.Glyma.11G174500.4,glyma.Wm82.gnm4.ann1.Glyma.18G062300.1,Glyma.14G193900,Glyma.02G226900,Glyma.11G174500,Glyma.18G062300
Legume.fam3.01113,glyma.Wm82.gnm4.ann1.Glyma.18G107300.1,glyma.Wm82.gnm4.ann1.Glyma.08G309100.1,glyma.Wm82.gnm4.ann1.Glyma.14G028400.1,glyma.Wm82.gnm4.ann1.Glyma.02G285300.1,Glyma.18G107300,Glyma.08G309100,Glyma.14G028400,Glyma.02G285300
Legume.fam3.01117,glyma.Wm82.gnm4.ann1.Glyma.06G029500.6,glyma.Wm82.gnm4.ann1.Glyma.04G029500.9,glyma.Wm82.gnm4.ann1.Glyma.17G253300.6,glyma.Wm82.gnm4.ann1.Glyma.14G071300.1,Glyma.06G029500,Glyma.04G029500,Glyma.17G253300,Glyma.14G071300
Legume.fam3.01118,glyma.Wm82.gnm4.ann1.Glyma.18G107100.1,glyma.Wm82.gnm4.ann1.Glyma.08G309200.1,glyma.Wm82.gnm4.ann1.Glyma.02G286500.1,glyma.Wm82.gnm4.ann1.Glyma.14G028300.1,Glyma.18G107100,Glyma.08G309200,Glyma.02G286500,Glyma.14G028300
Legume.fam3.01119,glyma.Wm82.gnm4.ann1.Glyma.15G121700.8,glyma.Wm82.gnm4.ann1.Glyma.09G015900.1,glyma.Wm82.gnm4.ann1.Glyma.07G269100.3,glyma.Wm82.gnm4.ann1.Glyma.17G004500.1,Glyma.15G121700,Glyma.09G015900,Glyma.07G269100,Glyma.17G004500
Legume.fam3.01120,glyma.Wm82.gnm4.ann1.Glyma.15G053000.16,glyma.Wm82.gnm4.ann1.Glyma.08G179400.9,glyma.Wm82.gnm4.ann1.Glyma.08G073300.1,glyma.Wm82.gnm4.ann1.Glyma.05G118300.5,Glyma.15G053000,Glyma.08G179400,Glyma.08G073300,Glyma.05G118300
Legume.fam3.01121,glyma.Wm82.gnm4.ann1.Glyma.15G053700.1,glyma.Wm82.gnm4.ann1.Glyma.08G178800.1,glyma.Wm82.gnm4.ann1.Glyma.08G071900.1,glyma.Wm82.gnm4.ann1.Glyma.05G116800.1,Glyma.15G053700,Glyma.08G178800,Glyma.08G071900,Glyma.05G116800
Legume.fam3.01122,glyma.Wm82.gnm4.ann1.Glyma.15G054600.1,glyma.Wm82.gnm4.ann1.Glyma.08G178000.1,glyma.Wm82.gnm4.ann1.Glyma.13G043900.1,glyma.Wm82.gnm4.ann1.Glyma.08G071300.1,Glyma.15G054600,Glyma.08G178000,Glyma.13G043900,Glyma.08G071300
Legume.fam3.01123,glyma.Wm82.gnm4.ann1.Glyma.15G061200.4,glyma.Wm82.gnm4.ann1.Glyma.13G253700.1,glyma.Wm82.gnm4.ann1.Glyma.07G184900.1,glyma.Wm82.gnm4.ann1.Glyma.08G064500.1,Glyma.15G061200,Glyma.13G253700,Glyma.07G184900,Glyma.08G064500
Legume.fam3.01124,glyma.Wm82.gnm4.ann1.Glyma.13G239100.2,glyma.Wm82.gnm4.ann1.Glyma.15G074200.1,glyma.Wm82.gnm4.ann1.Glyma.07G196500.1,glyma.Wm82.gnm4.ann1.Glyma.13G179600.2,Glyma.13G239100,Glyma.15G074200,Glyma.07G196500,Glyma.13G179600
Legume.fam3.01125,glyma.Wm82.gnm4.ann1.Glyma.07G197100.1,glyma.Wm82.gnm4.ann1.Glyma.13G179200.1,glyma.Wm82.gnm4.ann1.Glyma.13G238500.1,glyma.Wm82.gnm4.ann1.Glyma.15G074800.2,Glyma.07G197100,Glyma.13G179200,Glyma.13G238500,Glyma.15G074800
Legume.fam3.01128,glyma.Wm82.gnm4.ann1.Glyma.13G229000.7,glyma.Wm82.gnm4.ann1.Glyma.15G083500.1,glyma.Wm82.gnm4.ann1.Glyma.05G159000.6,glyma.Wm82.gnm4.ann1.Glyma.08G116800.2,Glyma.13G229000,Glyma.15G083500,Glyma.05G159000,Glyma.08G116800
Legume.fam3.01129,glyma.Wm82.gnm4.ann1.Glyma.13G128700.1,glyma.Wm82.gnm4.ann1.Glyma.10G041700.1,glyma.Wm82.gnm4.ann1.Glyma.19G170700.3,glyma.Wm82.gnm4.ann1.Glyma.03G169500.8,Glyma.13G128700,Glyma.10G041700,Glyma.19G170700,Glyma.03G169500
Legume.fam3.01130,glyma.Wm82.gnm4.ann1.Glyma.20G233100.1,glyma.Wm82.gnm4.ann1.Glyma.10G155200.1,glyma.Wm82.gnm4.ann1.Glyma.03G238700.1,glyma.Wm82.gnm4.ann1.Glyma.19G236100.1,Glyma.20G233100,Glyma.10G155200,Glyma.03G238700,Glyma.19G236100
Legume.fam3.01134,glyma.Wm82.gnm4.ann1.Glyma.03G008800.1,glyma.Wm82.gnm4.ann1.Glyma.07G070300.1,glyma.Wm82.gnm4.ann1.Glyma.18G233500.4,glyma.Wm82.gnm4.ann1.Glyma.09G259100.1,Glyma.03G008800,Glyma.07G070300,Glyma.18G233500,Glyma.09G259100
Legume.fam3.01135,glyma.Wm82.gnm4.ann1.Glyma.19G254200.1,glyma.Wm82.gnm4.ann1.Glyma.03G256300.2,glyma.Wm82.gnm4.ann1.Glyma.07G057700.1,glyma.Wm82.gnm4.ann1.Glyma.16G026700.1,Glyma.19G254200,Glyma.03G256300,Glyma.07G057700,Glyma.16G026700
Legume.fam3.01136,glyma.Wm82.gnm4.ann1.Glyma.03G258800.1,glyma.Wm82.gnm4.ann1.Glyma.19G257500.3,glyma.Wm82.gnm4.ann1.Glyma.16G022900.1,glyma.Wm82.gnm4.ann1.Glyma.07G053900.5,Glyma.03G258800,Glyma.19G257500,Glyma.16G022900,Glyma.07G053900
Legume.fam3.01138,glyma.Wm82.gnm4.ann1.Glyma.15G022700.1,glyma.Wm82.gnm4.ann1.Glyma.13G352100.1,glyma.Wm82.gnm4.ann1.Glyma.08G196500.1,glyma.Wm82.gnm4.ann1.Glyma.07G012800.1,Glyma.15G022700,Glyma.13G352100,Glyma.08G196500,Glyma.07G012800
Legume.fam3.01139,glyma.Wm82.gnm4.ann1.Glyma.18G225900.4,glyma.Wm82.gnm4.ann1.Glyma.09G265000.1,glyma.Wm82.gnm4.ann1.Glyma.03G016700.1,glyma.Wm82.gnm4.ann1.Glyma.07G077000.1,Glyma.18G225900,Glyma.09G265000,Glyma.03G016700,Glyma.07G077000
Legume.fam3.01140,glyma.Wm82.gnm4.ann1.Glyma.03G086800.1,glyma.Wm82.gnm4.ann1.Glyma.16G087300.1,glyma.Wm82.gnm4.ann1.Glyma.08G346300.1,glyma.Wm82.gnm4.ann1.Glyma.18G156900.4,Glyma.03G086800,Glyma.16G087300,Glyma.08G346300,Glyma.18G156900
Legume.fam3.01142,glyma.Wm82.gnm4.ann1.Glyma.08G349500.2,glyma.Wm82.gnm4.ann1.Glyma.18G166800.1,glyma.Wm82.gnm4.ann1.Glyma.03G084000.1,glyma.Wm82.gnm4.ann1.Glyma.16G090700.1,Glyma.08G349500,Glyma.18G166800,Glyma.03G084000,Glyma.16G090700
Legume.fam3.01144,glyma.Wm82.gnm4.ann1.Glyma.09G265500.1,glyma.Wm82.gnm4.ann1.Glyma.18G225700.1,glyma.Wm82.gnm4.ann1.Glyma.03G016500.1,glyma.Wm82.gnm4.ann1.Glyma.07G076700.1,Glyma.09G265500,Glyma.18G225700,Glyma.03G016500,Glyma.07G076700
Legume.fam3.01148,glyma.Wm82.gnm4.ann1.Glyma.01G143100.5,glyma.Wm82.gnm4.ann1.Glyma.03G023500.1,glyma.Wm82.gnm4.ann1.Glyma.09G268900.8,glyma.Wm82.gnm4.ann1.Glyma.18G220900.1,Glyma.01G143100,Glyma.03G023500,Glyma.09G268900,Glyma.18G220900
Legume.fam3.01149,glyma.Wm82.gnm4.ann1.Glyma.06G229900.1,glyma.Wm82.gnm4.ann1.Glyma.12G161300.1,glyma.Wm82.gnm4.ann1.Glyma.12G229400.3,glyma.Wm82.gnm4.ann1.Glyma.13G270400.7,Glyma.06G229900,Glyma.12G161300,Glyma.12G229400,Glyma.13G270400
Legume.fam3.01151,glyma.Wm82.gnm4.ann1.Glyma.05G025500.1,glyma.Wm82.gnm4.ann1.Glyma.17G101500.1,glyma.Wm82.gnm4.ann1.Glyma.04G167200.1,glyma.Wm82.gnm4.ann1.Glyma.06G195500.1,Glyma.05G025500,Glyma.17G101500,Glyma.04G167200,Glyma.06G195500
Legume.fam3.01155,glyma.Wm82.gnm4.ann1.Glyma.04G205100.1,glyma.Wm82.gnm4.ann1.Glyma.06G160500.1,glyma.Wm82.gnm4.ann1.Glyma.05G198050.1,glyma.Wm82.gnm4.ann1.Glyma.08G005400.1,Glyma.04G205100,Glyma.06G160500,Glyma.05G198050,Glyma.08G005400
Legume.fam3.01156,glyma.Wm82.gnm4.ann1.Glyma.08G005200.1,glyma.Wm82.gnm4.ann1.Glyma.05G197900.1,glyma.Wm82.gnm4.ann1.Glyma.06G160200.1,glyma.Wm82.gnm4.ann1.Glyma.04G205300.1,Glyma.08G005200,Glyma.05G197900,Glyma.06G160200,Glyma.04G205300
Legume.fam3.01157,glyma.Wm82.gnm4.ann1.Glyma.06G159500.1,glyma.Wm82.gnm4.ann1.Glyma.04G206100.1,glyma.Wm82.gnm4.ann1.Glyma.05G197200.3,glyma.Wm82.gnm4.ann1.Glyma.08G004600.3,Glyma.06G159500,Glyma.04G206100,Glyma.05G197200,Glyma.08G004600
Legume.fam3.01158,glyma.Wm82.gnm4.ann1.Glyma.08G145300.1,glyma.Wm82.gnm4.ann1.Glyma.05G186700.1,glyma.Wm82.gnm4.ann1.Glyma.06G148400.1,glyma.Wm82.gnm4.ann1.Glyma.04G217400.1,Glyma.08G145300,Glyma.05G186700,Glyma.06G148400,Glyma.04G217400
Legume.fam3.01159,glyma.Wm82.gnm4.ann1.Glyma.08G143800.1,glyma.Wm82.gnm4.ann1.Glyma.05G185700.1,glyma.Wm82.gnm4.ann1.Glyma.06G147800.1,glyma.Wm82.gnm4.ann1.Glyma.04G218200.3,Glyma.08G143800,Glyma.05G185700,Glyma.06G147800,Glyma.04G218200
Legume.fam3.01160,glyma.Wm82.gnm4.ann1.Glyma.05G181600.1,glyma.Wm82.gnm4.ann1.Glyma.08G139300.1,glyma.Wm82.gnm4.ann1.Glyma.11G237800.1,glyma.Wm82.gnm4.ann1.Glyma.18G019600.2,Glyma.05G181600,Glyma.08G139300,Glyma.11G237800,Glyma.18G019600
Legume.fam3.01162,glyma.Wm82.gnm4.ann1.Glyma.08G104400.1,glyma.Wm82.gnm4.ann1.Glyma.05G147400.1,glyma.Wm82.gnm4.ann1.Glyma.18G006600.2,glyma.Wm82.gnm4.ann1.Glyma.11G250600.3,Glyma.08G104400,Glyma.05G147400,Glyma.18G006600,Glyma.11G250600
Legume.fam3.01163,glyma.Wm82.gnm4.ann1.Glyma.05G148300.4,glyma.Wm82.gnm4.ann1.Glyma.08G105200.6,glyma.Wm82.gnm4.ann1.Glyma.11G251900.2,glyma.Wm82.gnm4.ann1.Glyma.18G005100.3,Glyma.05G148300,Glyma.08G105200,Glyma.11G251900,Glyma.18G005100
Legume.fam3.01165,glyma.Wm82.gnm4.ann1.Glyma.06G260800.1,glyma.Wm82.gnm4.ann1.Glyma.12G141000.1,glyma.Wm82.gnm4.ann1.Glyma.12G216700.6,glyma.Wm82.gnm4.ann1.Glyma.13G284600.1,Glyma.06G260800,Glyma.12G141000,Glyma.12G216700,Glyma.13G284600
Legume.fam3.01166,glyma.Wm82.gnm4.ann1.Glyma.15G162600.1,glyma.Wm82.gnm4.ann1.Glyma.09G056300.1,glyma.Wm82.gnm4.ann1.Glyma.13G097900.1,glyma.Wm82.gnm4.ann1.Glyma.17G061800.1,Glyma.15G162600,Glyma.09G056300,Glyma.13G097900,Glyma.17G061800
Legume.fam3.01167,glyma.Wm82.gnm4.ann1.Glyma.09G056900.1,glyma.Wm82.gnm4.ann1.Glyma.15G163200.1,glyma.Wm82.gnm4.ann1.Glyma.13G098200.1,glyma.Wm82.gnm4.ann1.Glyma.17G061500.1,Glyma.09G056900,Glyma.15G163200,Glyma.13G098200,Glyma.17G061500
Legume.fam3.01168,glyma.Wm82.gnm4.ann1.Glyma.09G057400.2,glyma.Wm82.gnm4.ann1.Glyma.15G163700.2,glyma.Wm82.gnm4.ann1.Glyma.17G061200.4,glyma.Wm82.gnm4.ann1.Glyma.13G098600.1,Glyma.09G057400,Glyma.15G163700,Glyma.17G061200,Glyma.13G098600
Legume.fam3.01170,glyma.Wm82.gnm4.ann1.Glyma.13G100100.7,glyma.Wm82.gnm4.ann1.Glyma.17G059800.1,glyma.Wm82.gnm4.ann1.Glyma.09G059000.2,glyma.Wm82.gnm4.ann1.Glyma.15G165100.1,Glyma.13G100100,Glyma.17G059800,Glyma.09G059000,Glyma.15G165100
Legume.fam3.01171,glyma.Wm82.gnm4.ann1.Glyma.13G101300.1,glyma.Wm82.gnm4.ann1.Glyma.17G058400.1,glyma.Wm82.gnm4.ann1.Glyma.09G060500.1,glyma.Wm82.gnm4.ann1.Glyma.15G167000.1,Glyma.13G101300,Glyma.17G058400,Glyma.09G060500,Glyma.15G167000
Legume.fam3.01173,glyma.Wm82.gnm4.ann1.Glyma.17G052500.6,glyma.Wm82.gnm4.ann1.Glyma.13G106800.6,glyma.Wm82.gnm4.ann1.Glyma.15G172500.1,glyma.Wm82.gnm4.ann1.Glyma.09G066500.6,Glyma.17G052500,Glyma.13G106800,Glyma.15G172500,Glyma.09G066500
Legume.fam3.01174,glyma.Wm82.gnm4.ann1.Glyma.12G134800.1,glyma.Wm82.gnm4.ann1.Glyma.06G270000.1,glyma.Wm82.gnm4.ann1.Glyma.13G288500.1,glyma.Wm82.gnm4.ann1.Glyma.12G213200.1,Glyma.12G134800,Glyma.06G270000,Glyma.13G288500,Glyma.12G213200
Legume.fam3.01175,glyma.Wm82.gnm4.ann1.Glyma.17G031000.1,glyma.Wm82.gnm4.ann1.Glyma.07G242900.1,glyma.Wm82.gnm4.ann1.Glyma.09G039600.1,glyma.Wm82.gnm4.ann1.Glyma.15G144800.3,Glyma.17G031000,Glyma.07G242900,Glyma.09G039600,Glyma.15G144800
Legume.fam3.01178,glyma.Wm82.gnm4.ann1.Glyma.13G114000.5,glyma.Wm82.gnm4.ann1.Glyma.17G045800.1,glyma.Wm82.gnm4.ann1.Glyma.15G182600.3,glyma.Wm82.gnm4.ann1.Glyma.09G073600.1,Glyma.13G114000,Glyma.17G045800,Glyma.15G182600,Glyma.09G073600
Legume.fam3.01179,glyma.Wm82.gnm4.ann1.Glyma.09G071500.1,glyma.Wm82.gnm4.ann1.Glyma.15G179500.1,glyma.Wm82.gnm4.ann1.Glyma.13G111900.1,glyma.Wm82.gnm4.ann1.Glyma.17G047800.1,Glyma.09G071500,Glyma.15G179500,Glyma.13G111900,Glyma.17G047800
Legume.fam3.01180,glyma.Wm82.gnm4.ann1.Glyma.02G002900.3,glyma.Wm82.gnm4.ann1.Glyma.10G006100.1,glyma.Wm82.gnm4.ann1.Glyma.20G209000.1,glyma.Wm82.gnm4.ann1.Glyma.10G181400.2,Glyma.02G002900,Glyma.10G006100,Glyma.20G209000,Glyma.10G181400
Legume.fam3.01182,glyma.Wm82.gnm4.ann1.Glyma.11G004300.1,glyma.Wm82.gnm4.ann1.Glyma.01G239200.2,glyma.Wm82.gnm4.ann1.Glyma.20G143500.1,glyma.Wm82.gnm4.ann1.Glyma.10G250100.4,Glyma.11G004300,Glyma.01G239200,Glyma.20G143500,Glyma.10G250100
Legume.fam3.01183,glyma.Wm82.gnm4.ann1.Glyma.17G018800.1,glyma.Wm82.gnm4.ann1.Glyma.07G255400.1,glyma.Wm82.gnm4.ann1.Glyma.13G210300.1,glyma.Wm82.gnm4.ann1.Glyma.15G102500.5,Glyma.17G018800,Glyma.07G255400,Glyma.13G210300,Glyma.15G102500
Legume.fam3.01184,glyma.Wm82.gnm4.ann1.Glyma.13G212500.1,glyma.Wm82.gnm4.ann1.Glyma.15G100300.1,glyma.Wm82.gnm4.ann1.Glyma.17G021000.1,glyma.Wm82.gnm4.ann1.Glyma.07G253400.1,Glyma.13G212500,Glyma.15G100300,Glyma.17G021000,Glyma.07G253400
Legume.fam3.01187,glyma.Wm82.gnm4.ann1.Glyma.02G050400.1,glyma.Wm82.gnm4.ann1.Glyma.16G130500.5,glyma.Wm82.gnm4.ann1.Glyma.11G075100.7,glyma.Wm82.gnm4.ann1.Glyma.01G168200.3,Glyma.02G050400,Glyma.16G130500,Glyma.11G075100,Glyma.01G168200
Legume.fam3.01188,glyma.Wm82.gnm4.ann1.Glyma.16G143200.1,glyma.Wm82.gnm4.ann1.Glyma.02G060732.1,glyma.Wm82.gnm4.ann1.Glyma.01G180200.1,glyma.Wm82.gnm4.ann1.Glyma.11G062000.1,Glyma.16G143200,Glyma.02G060732,Glyma.01G180200,Glyma.11G062000
Legume.fam3.01191,glyma.Wm82.gnm4.ann1.Glyma.01G198900.1,glyma.Wm82.gnm4.ann1.Glyma.11G042900.1,glyma.Wm82.gnm4.ann1.Glyma.17G155200.4,glyma.Wm82.gnm4.ann1.Glyma.05G111800.1,Glyma.01G198900,Glyma.11G042900,Glyma.17G155200,Glyma.05G111800
Legume.fam3.01194,glyma.Wm82.gnm4.ann1.Glyma.05G053900.1,glyma.Wm82.gnm4.ann1.Glyma.17G136300.1,glyma.Wm82.gnm4.ann1.Glyma.01G212800.1,glyma.Wm82.gnm4.ann1.Glyma.11G029000.1,Glyma.05G053900,Glyma.17G136300,Glyma.01G212800,Glyma.11G029000
Legume.fam3.01195,glyma.Wm82.gnm4.ann1.Glyma.01G219600.3,glyma.Wm82.gnm4.ann1.Glyma.11G023900.1,glyma.Wm82.gnm4.ann1.Glyma.08G014000.1,glyma.Wm82.gnm4.ann1.Glyma.05G207300.1,Glyma.01G219600,Glyma.11G023900,Glyma.08G014000,Glyma.05G207300
Legume.fam3.01196,glyma.Wm82.gnm4.ann1.Glyma.06G303700.2,glyma.Wm82.gnm4.ann1.Glyma.12G100100.1,glyma.Wm82.gnm4.ann1.Glyma.13G308200.3,glyma.Wm82.gnm4.ann1.Glyma.12G194400.10,Glyma.06G303700,Glyma.12G100100,Glyma.13G308200,Glyma.12G194400
Legume.fam3.01197,glyma.Wm82.gnm4.ann1.Glyma.09G199900.1,glyma.Wm82.gnm4.ann1.Glyma.01G022400.1,glyma.Wm82.gnm4.ann1.Glyma.18G148100.1,glyma.Wm82.gnm4.ann1.Glyma.08G278700.1,Glyma.09G199900,Glyma.01G022400,Glyma.18G148100,Glyma.08G278700
Legume.fam3.01199,glyma.Wm82.gnm4.ann1.Glyma.18G140800.1,glyma.Wm82.gnm4.ann1.Glyma.08G284500.1,glyma.Wm82.gnm4.ann1.Glyma.01G028600.1,glyma.Wm82.gnm4.ann1.Glyma.02G036700.1,Glyma.18G140800,Glyma.08G284500,Glyma.01G028600,Glyma.02G036700
Legume.fam3.01201,glyma.Wm82.gnm4.ann1.Glyma.01G054800.1,glyma.Wm82.gnm4.ann1.Glyma.02G113300.1,glyma.Wm82.gnm4.ann1.Glyma.07G227100.2,glyma.Wm82.gnm4.ann1.Glyma.20G027500.1,Glyma.01G054800,Glyma.02G113300,Glyma.07G227100,Glyma.20G027500
Legume.fam3.01202,glyma.Wm82.gnm4.ann1.Glyma.02G115900.3,glyma.Wm82.gnm4.ann1.Glyma.01G058000.1,glyma.Wm82.gnm4.ann1.Glyma.07G226000.1,glyma.Wm82.gnm4.ann1.Glyma.20G025900.1,Glyma.02G115900,Glyma.01G058000,Glyma.07G226000,Glyma.20G025900
Legume.fam3.01205,glyma.Wm82.gnm4.ann1.Glyma.01G087500.1,glyma.Wm82.gnm4.ann1.Glyma.02G099500.1,glyma.Wm82.gnm4.ann1.Glyma.20G186200.1,glyma.Wm82.gnm4.ann1.Glyma.10G204400.1,Glyma.01G087500,Glyma.02G099500,Glyma.20G186200,Glyma.10G204400
Legume.fam3.01206,glyma.Wm82.gnm4.ann1.Glyma.07G169700.1,glyma.Wm82.gnm4.ann1.Glyma.02G085000.1,glyma.Wm82.gnm4.ann1.Glyma.05G238700.1,glyma.Wm82.gnm4.ann1.Glyma.08G045800.2,Glyma.07G169700,Glyma.02G085000,Glyma.05G238700,Glyma.08G045800
Legume.fam3.01208,glyma.Wm82.gnm4.ann1.Glyma.12G077333.1,glyma.Wm82.gnm4.ann1.Glyma.11G197001.1,glyma.Wm82.gnm4.ann1.Glyma.12G175351.1,glyma.Wm82.gnm4.ann1.Glyma.13G324534.1,Glyma.12G077333,Glyma.11G197001,Glyma.12G175351,Glyma.13G324534
Legume.fam3.01209,glyma.Wm82.gnm4.ann1.Glyma.11G146500.1,glyma.Wm82.gnm4.ann1.Glyma.12G075400.1,glyma.Wm82.gnm4.ann1.Glyma.13G325900.1,glyma.Wm82.gnm4.ann1.Glyma.12G172500.1,Glyma.11G146500,Glyma.12G075400,Glyma.13G325900,Glyma.12G172500
Legume.fam3.01210,glyma.Wm82.gnm4.ann1.Glyma.12G067700.1,glyma.Wm82.gnm4.ann1.Glyma.11G146800.1,glyma.Wm82.gnm4.ann1.Glyma.12G172800.1,glyma.Wm82.gnm4.ann1.Glyma.13G326200.1,Glyma.12G067700,Glyma.11G146800,Glyma.12G172800,Glyma.13G326200
Legume.fam3.01212,glyma.Wm82.gnm4.ann1.Glyma.12G072400.1,glyma.Wm82.gnm4.ann1.Glyma.11G151497.1,glyma.Wm82.gnm4.ann1.Glyma.15G044800.1,glyma.Wm82.gnm4.ann1.Glyma.13G329000.1,Glyma.12G072400,Glyma.11G151497,Glyma.15G044800,Glyma.13G329000
Legume.fam3.01213,glyma.Wm82.gnm4.ann1.Glyma.15G044700.1,glyma.Wm82.gnm4.ann1.Glyma.13G329100.1,glyma.Wm82.gnm4.ann1.Glyma.11G151079.1,glyma.Wm82.gnm4.ann1.Glyma.12G072700.1,Glyma.15G044700,Glyma.13G329100,Glyma.11G151079,Glyma.12G072700
Legume.fam3.01214,glyma.Wm82.gnm4.ann1.Glyma.11G149825.1,glyma.Wm82.gnm4.ann1.Glyma.12G073300.1,glyma.Wm82.gnm4.ann1.Glyma.13G329700.5,glyma.Wm82.gnm4.ann1.Glyma.15G044400.1,Glyma.11G149825,Glyma.12G073300,Glyma.13G329700,Glyma.15G044400
Legume.fam3.01215,glyma.Wm82.gnm4.ann1.Glyma.11G128000.2,glyma.Wm82.gnm4.ann1.Glyma.12G052700.5,glyma.Wm82.gnm4.ann1.Glyma.13G343900.6,glyma.Wm82.gnm4.ann1.Glyma.15G030400.1,Glyma.11G128000,Glyma.12G052700,Glyma.13G343900,Glyma.15G030400
Legume.fam3.01218,glyma.Wm82.gnm4.ann1.Glyma.11G089400.1,glyma.Wm82.gnm4.ann1.Glyma.01G155300.3,glyma.Wm82.gnm4.ann1.Glyma.16G111200.1,glyma.Wm82.gnm4.ann1.Glyma.09G194900.2,Glyma.11G089400,Glyma.01G155300,Glyma.16G111200,Glyma.09G194900
Legume.fam3.01219,glyma.Wm82.gnm4.ann1.Glyma.11G080100.1,glyma.Wm82.gnm4.ann1.Glyma.01G163300.1,glyma.Wm82.gnm4.ann1.Glyma.02G045400.1,glyma.Wm82.gnm4.ann1.Glyma.16G123100.1,Glyma.11G080100,Glyma.01G163300,Glyma.02G045400,Glyma.16G123100
Legume.fam3.01221,glyma.Wm82.gnm4.ann1.Glyma.07G268550.1,glyma.Wm82.gnm4.ann1.Glyma.17G005200.1,glyma.Wm82.gnm4.ann1.Glyma.15G120700.1,glyma.Wm82.gnm4.ann1.Glyma.09G015000.1,Glyma.07G268550,Glyma.17G005200,Glyma.15G120700,Glyma.09G015000
Legume.fam3.01223,glyma.Wm82.gnm4.ann1.Glyma.01G236600.1,glyma.Wm82.gnm4.ann1.Glyma.11G006600.1,glyma.Wm82.gnm4.ann1.Glyma.20G149400.1,glyma.Wm82.gnm4.ann1.Glyma.10G245200.1,Glyma.01G236600,Glyma.11G006600,Glyma.20G149400,Glyma.10G245200
Legume.fam3.01224,glyma.Wm82.gnm4.ann1.Glyma.13G345500.1,glyma.Wm82.gnm4.ann1.Glyma.15G028800.2,glyma.Wm82.gnm4.ann1.Glyma.12G050600.1,glyma.Wm82.gnm4.ann1.Glyma.11G126000.1,Glyma.13G345500,Glyma.15G028800,Glyma.12G050600,Glyma.11G126000
Legume.fam3.01227,glyma.Wm82.gnm4.ann1.Glyma.12G187700.1,glyma.Wm82.gnm4.ann1.Glyma.13G313500.1,glyma.Wm82.gnm4.ann1.Glyma.11G179600.1,glyma.Wm82.gnm4.ann1.Glyma.12G093800.1,Glyma.12G187700,Glyma.13G313500,Glyma.11G179600,Glyma.12G093800
Legume.fam3.01229,glyma.Wm82.gnm4.ann1.Glyma.08G127400.1,glyma.Wm82.gnm4.ann1.Glyma.05G168802.1,glyma.Wm82.gnm4.ann1.Glyma.15G045600.1,glyma.Wm82.gnm4.ann1.Glyma.08G187400.4,Glyma.08G127400,Glyma.05G168802,Glyma.15G045600,Glyma.08G187400
Legume.fam3.01230,glyma.Wm82.gnm4.ann1.Glyma.10G028800.1,glyma.Wm82.gnm4.ann1.Glyma.02G145200.1,glyma.Wm82.gnm4.ann1.Glyma.03G156600.1,glyma.Wm82.gnm4.ann1.Glyma.19G158900.2,Glyma.10G028800,Glyma.02G145200,Glyma.03G156600,Glyma.19G158900
Legume.fam3.01233,glyma.Wm82.gnm4.ann1.Glyma.10G290200.1,glyma.Wm82.gnm4.ann1.Glyma.20G099100.1,glyma.Wm82.gnm4.ann1.Glyma.18G287200.1,glyma.Wm82.gnm4.ann1.Glyma.02G094500.1,Glyma.10G290200,Glyma.20G099100,Glyma.18G287200,Glyma.02G094500
Legume.fam3.01238,glyma.Wm82.gnm4.ann1.Glyma.16G200800.3,glyma.Wm82.gnm4.ann1.Glyma.09G149200.1,glyma.Wm82.gnm4.ann1.Glyma.20G153400.1,glyma.Wm82.gnm4.ann1.Glyma.10G241100.2,Glyma.16G200800,Glyma.09G149200,Glyma.20G153400,Glyma.10G241100
Legume.fam3.01240,glyma.Wm82.gnm4.ann1.Glyma.18G202600.1,glyma.Wm82.gnm4.ann1.Glyma.07G151300.1,glyma.Wm82.gnm4.ann1.Glyma.01G120400.1,glyma.Wm82.gnm4.ann1.Glyma.03G056700.1,Glyma.18G202600,Glyma.07G151300,Glyma.01G120400,Glyma.03G056700
Legume.fam3.01246,glyma.Wm82.gnm4.ann1.Glyma.18G213600.1,glyma.Wm82.gnm4.ann1.Glyma.09G274600.1,glyma.Wm82.gnm4.ann1.Glyma.03G034200.1,glyma.Wm82.gnm4.ann1.Glyma.01G133300.1,Glyma.18G213600,Glyma.09G274600,Glyma.03G034200,Glyma.01G133300
Legume.fam3.01249,glyma.Wm82.gnm4.ann1.Glyma.13G360600.1,glyma.Wm82.gnm4.ann1.Glyma.15G013300.3,glyma.Wm82.gnm4.ann1.Glyma.07G034400.1,glyma.Wm82.gnm4.ann1.Glyma.08G207700.1,Glyma.13G360600,Glyma.15G013300,Glyma.07G034400,Glyma.08G207700
Legume.fam3.01250,glyma.Wm82.gnm4.ann1.Glyma.13G360900.1,glyma.Wm82.gnm4.ann1.Glyma.15G013000.3,glyma.Wm82.gnm4.ann1.Glyma.08G207800.1,glyma.Wm82.gnm4.ann1.Glyma.07G034300.2,Glyma.13G360900,Glyma.15G013000,Glyma.08G207800,Glyma.07G034300
Legume.fam3.01252,glyma.Wm82.gnm4.ann1.Glyma.13G046300.1,glyma.Wm82.gnm4.ann1.Glyma.19G046300.1,glyma.Wm82.gnm4.ann1.Glyma.08G365100.1,glyma.Wm82.gnm4.ann1.Glyma.18G297100.1,Glyma.13G046300,Glyma.19G046300,Glyma.08G365100,Glyma.18G297100
Legume.fam3.01254,glyma.Wm82.gnm4.ann1.Glyma.19G028100.1,glyma.Wm82.gnm4.ann1.Glyma.13G058100.2,glyma.Wm82.gnm4.ann1.Glyma.08G242500.1,glyma.Wm82.gnm4.ann1.Glyma.18G264700.1,Glyma.19G028100,Glyma.13G058100,Glyma.08G242500,Glyma.18G264700
Legume.fam3.01255,glyma.Wm82.gnm4.ann1.Glyma.13G050700.1,glyma.Wm82.gnm4.ann1.Glyma.19G037900.1,glyma.Wm82.gnm4.ann1.Glyma.08G254400.1,glyma.Wm82.gnm4.ann1.Glyma.18G277100.1,Glyma.13G050700,Glyma.19G037900,Glyma.08G254400,Glyma.18G277100
Legume.fam3.01256,glyma.Wm82.gnm4.ann1.Glyma.19G039100.1,glyma.Wm82.gnm4.ann1.Glyma.13G050200.1,glyma.Wm82.gnm4.ann1.Glyma.18G278200.4,glyma.Wm82.gnm4.ann1.Glyma.08G255300.2,Glyma.19G039100,Glyma.13G050200,Glyma.18G278200,Glyma.08G255300
Legume.fam3.01257,glyma.Wm82.gnm4.ann1.Glyma.08G249800.1,glyma.Wm82.gnm4.ann1.Glyma.18G272100.1,glyma.Wm82.gnm4.ann1.Glyma.19G033600.1,glyma.Wm82.gnm4.ann1.Glyma.13G053200.1,Glyma.08G249800,Glyma.18G272100,Glyma.19G033600,Glyma.13G053200
Legume.fam3.01258,glyma.Wm82.gnm4.ann1.Glyma.09G140300.1,glyma.Wm82.gnm4.ann1.Glyma.16G194100.1,glyma.Wm82.gnm4.ann1.Glyma.20G157300.1,glyma.Wm82.gnm4.ann1.Glyma.10G237000.1,Glyma.09G140300,Glyma.16G194100,Glyma.20G157300,Glyma.10G237000
Legume.fam3.01259,glyma.Wm82.gnm4.ann1.Glyma.20G156500.1,glyma.Wm82.gnm4.ann1.Glyma.10G238100.1,glyma.Wm82.gnm4.ann1.Glyma.09G143700.1,glyma.Wm82.gnm4.ann1.Glyma.16G196700.1,Glyma.20G156500,Glyma.10G238100,Glyma.09G143700,Glyma.16G196700
Legume.fam3.01263,glyma.Wm82.gnm4.ann1.Glyma.20G214600.1,glyma.Wm82.gnm4.ann1.Glyma.10G175900.1,glyma.Wm82.gnm4.ann1.Glyma.16G207900.3,glyma.Wm82.gnm4.ann1.Glyma.09G157300.4,Glyma.20G214600,Glyma.10G175900,Glyma.16G207900,Glyma.09G157300
Legume.fam3.01267,glyma.Wm82.gnm4.ann1.Glyma.07G260100.1,glyma.Wm82.gnm4.ann1.Glyma.17G013900.1,glyma.Wm82.gnm4.ann1.Glyma.15G107700.1,glyma.Wm82.gnm4.ann1.Glyma.13G205000.2,Glyma.07G260100,Glyma.17G013900,Glyma.15G107700,Glyma.13G205000
Legume.fam3.01269,glyma.Wm82.gnm4.ann1.Glyma.08G045100.3,glyma.Wm82.gnm4.ann1.Glyma.05G238000.3,glyma.Wm82.gnm4.ann1.Glyma.07G092900.1,glyma.Wm82.gnm4.ann1.Glyma.09G183300.2,Glyma.08G045100,Glyma.05G238000,Glyma.07G092900,Glyma.09G183300
Legume.fam3.01271,glyma.Wm82.gnm4.ann1.Glyma.01G146300.2,glyma.Wm82.gnm4.ann1.Glyma.09G193800.1,glyma.Wm82.gnm4.ann1.Glyma.05G228500.2,glyma.Wm82.gnm4.ann1.Glyma.08G035400.1,Glyma.01G146300,Glyma.09G193800,Glyma.05G228500,Glyma.08G035400
Legume.fam3.01272,glyma.Wm82.gnm4.ann1.Glyma.08G035000.1,glyma.Wm82.gnm4.ann1.Glyma.05G228100.2,glyma.Wm82.gnm4.ann1.Glyma.09G194800.1,glyma.Wm82.gnm4.ann1.Glyma.01G147600.3,Glyma.08G035000,Glyma.05G228100,Glyma.09G194800,Glyma.01G147600
Legume.fam3.01274,glyma.Wm82.gnm4.ann1.Glyma.13G065500.20,glyma.Wm82.gnm4.ann1.Glyma.19G019100.6,glyma.Wm82.gnm4.ann1.Glyma.09G241100.1,glyma.Wm82.gnm4.ann1.Glyma.18G255000.5,Glyma.13G065500,Glyma.19G019100,Glyma.09G241100,Glyma.18G255000
Legume.fam3.01275,glyma.Wm82.gnm4.ann1.Glyma.10G020800.1,glyma.Wm82.gnm4.ann1.Glyma.02G153500.1,glyma.Wm82.gnm4.ann1.Glyma.03G210700.1,glyma.Wm82.gnm4.ann1.Glyma.19G207900.1,Glyma.10G020800,Glyma.02G153500,Glyma.03G210700,Glyma.19G207900
Legume.fam3.01277,glyma.Wm82.gnm4.ann1.Glyma.03G148500.1,glyma.Wm82.gnm4.ann1.Glyma.19G151800.1,glyma.Wm82.gnm4.ann1.Glyma.02G150900.3,glyma.Wm82.gnm4.ann1.Glyma.10G023100.1,Glyma.03G148500,Glyma.19G151800,Glyma.02G150900,Glyma.10G023100
Legume.fam3.01278,glyma.Wm82.gnm4.ann1.Glyma.19G161000.1,glyma.Wm82.gnm4.ann1.Glyma.03G158600.1,glyma.Wm82.gnm4.ann1.Glyma.02G142600.1,glyma.Wm82.gnm4.ann1.Glyma.10G031800.3,Glyma.19G161000,Glyma.03G158600,Glyma.02G142600,Glyma.10G031800
Legume.fam3.01280,glyma.Wm82.gnm4.ann1.Glyma.10G038600.7,glyma.Wm82.gnm4.ann1.Glyma.13G125000.1,glyma.Wm82.gnm4.ann1.Glyma.19G166100.1,glyma.Wm82.gnm4.ann1.Glyma.03G164700.1,Glyma.10G038600,Glyma.13G125000,Glyma.19G166100,Glyma.03G164700
Legume.fam3.01283,glyma.Wm82.gnm4.ann1.Glyma.03G169700.3,glyma.Wm82.gnm4.ann1.Glyma.19G170900.2,glyma.Wm82.gnm4.ann1.Glyma.10G042300.3,glyma.Wm82.gnm4.ann1.Glyma.13G129700.1,Glyma.03G169700,Glyma.19G170900,Glyma.10G042300,Glyma.13G129700
Legume.fam3.01284,glyma.Wm82.gnm4.ann1.Glyma.03G171800.1,glyma.Wm82.gnm4.ann1.Glyma.19G172700.1,glyma.Wm82.gnm4.ann1.Glyma.13G131300.1,glyma.Wm82.gnm4.ann1.Glyma.10G043600.3,Glyma.03G171800,Glyma.19G172700,Glyma.13G131300,Glyma.10G043600
Legume.fam3.01286,glyma.Wm82.gnm4.ann1.Glyma.01G242100.1,glyma.Wm82.gnm4.ann1.Glyma.11G002100.1,glyma.Wm82.gnm4.ann1.Glyma.10G256100.3,glyma.Wm82.gnm4.ann1.Glyma.20G135500.1,Glyma.01G242100,Glyma.11G002100,Glyma.10G256100,Glyma.20G135500
Legume.fam3.01287,glyma.Wm82.gnm4.ann1.Glyma.19G185300.1,glyma.Wm82.gnm4.ann1.Glyma.03G184800.1,glyma.Wm82.gnm4.ann1.Glyma.13G145400.1,glyma.Wm82.gnm4.ann1.Glyma.10G058600.1,Glyma.19G185300,Glyma.03G184800,Glyma.13G145400,Glyma.10G058600
Legume.fam3.01289,glyma.Wm82.gnm4.ann1.Glyma.20G133800.1,glyma.Wm82.gnm4.ann1.Glyma.10G257300.1,glyma.Wm82.gnm4.ann1.Glyma.11G001500.1,glyma.Wm82.gnm4.ann1.Glyma.01G242800.1,Glyma.20G133800,Glyma.10G257300,Glyma.11G001500,Glyma.01G242800
Legume.fam3.01291,glyma.Wm82.gnm4.ann1.Glyma.03G201600.1,glyma.Wm82.gnm4.ann1.Glyma.19G198900.1,glyma.Wm82.gnm4.ann1.Glyma.02G197600.1,glyma.Wm82.gnm4.ann1.Glyma.10G080000.1,Glyma.03G201600,Glyma.19G198900,Glyma.02G197600,Glyma.10G080000
Legume.fam3.01292,glyma.Wm82.gnm4.ann1.Glyma.10G103100.2,glyma.Wm82.gnm4.ann1.Glyma.02G182900.1,glyma.Wm82.gnm4.ann1.Glyma.03G138000.1,glyma.Wm82.gnm4.ann1.Glyma.19G140800.2,Glyma.10G103100,Glyma.02G182900,Glyma.03G138000,Glyma.19G140800
Legume.fam3.01293,glyma.Wm82.gnm4.ann1.Glyma.19G067900.1,glyma.Wm82.gnm4.ann1.Glyma.05G079800.1,glyma.Wm82.gnm4.ann1.Glyma.19G122800.1,glyma.Wm82.gnm4.ann1.Glyma.03G003400.1,Glyma.19G067900,Glyma.05G079800,Glyma.19G122800,Glyma.03G003400
Legume.fam3.01294,glyma.Wm82.gnm4.ann1.Glyma.19G109100.1,glyma.Wm82.gnm4.ann1.Glyma.16G042900.1,glyma.Wm82.gnm4.ann1.Glyma.02G070600.1,glyma.Wm82.gnm4.ann1.Glyma.16G152100.1,Glyma.19G109100,Glyma.16G042900,Glyma.02G070600,Glyma.16G152100
Legume.fam3.01298,glyma.Wm82.gnm4.ann1.Glyma.10G140200.1,glyma.Wm82.gnm4.ann1.Glyma.20G089100.4,glyma.Wm82.gnm4.ann1.Glyma.03G225900.1,glyma.Wm82.gnm4.ann1.Glyma.19G222900.1,Glyma.10G140200,Glyma.20G089100,Glyma.03G225900,Glyma.19G222900
Legume.fam3.01300,glyma.Wm82.gnm4.ann1.Glyma.10G166500.11,glyma.Wm82.gnm4.ann1.Glyma.20G222700.3,glyma.Wm82.gnm4.ann1.Glyma.03G251300.3,glyma.Wm82.gnm4.ann1.Glyma.19G248600.1,Glyma.10G166500,Glyma.20G222700,Glyma.03G251300,Glyma.19G248600
Legume.fam3.01302,glyma.Wm82.gnm4.ann1.Glyma.06G197600.1,glyma.Wm82.gnm4.ann1.Glyma.04G165400.1,glyma.Wm82.gnm4.ann1.Glyma.17G103400.1,glyma.Wm82.gnm4.ann1.Glyma.05G024000.1,Glyma.06G197600,Glyma.04G165400,Glyma.17G103400,Glyma.05G024000
Legume.fam3.01303,glyma.Wm82.gnm4.ann1.Glyma.11G124100.7,glyma.Wm82.gnm4.ann1.Glyma.12G048600.1,glyma.Wm82.gnm4.ann1.Glyma.07G163700.2,glyma.Wm82.gnm4.ann1.Glyma.20G008700.1,Glyma.11G124100,Glyma.12G048600,Glyma.07G163700,Glyma.20G008700
Legume.fam3.01304,glyma.Wm82.gnm4.ann1.Glyma.14G219600.1,glyma.Wm82.gnm4.ann1.Glyma.17G258500.1,glyma.Wm82.gnm4.ann1.Glyma.06G023900.1,glyma.Wm82.gnm4.ann1.Glyma.04G023700.1,Glyma.14G219600,Glyma.17G258500,Glyma.06G023900,Glyma.04G023700
Legume.fam3.01305,glyma.Wm82.gnm4.ann1.Glyma.14G217900.1,glyma.Wm82.gnm4.ann1.Glyma.17G256900.2,glyma.Wm82.gnm4.ann1.Glyma.06G025400.1,glyma.Wm82.gnm4.ann1.Glyma.04G025400.3,Glyma.14G217900,Glyma.17G256900,Glyma.06G025400,Glyma.04G025400
Legume.fam3.01307,glyma.Wm82.gnm4.ann1.Glyma.14G155500.1,glyma.Wm82.gnm4.ann1.Glyma.13G034500.1,glyma.Wm82.gnm4.ann1.Glyma.04G245300.1,glyma.Wm82.gnm4.ann1.Glyma.06G117900.2,Glyma.14G155500,Glyma.13G034500,Glyma.04G245300,Glyma.06G117900
Legume.fam3.01308,glyma.Wm82.gnm4.ann1.Glyma.14G174500.2,glyma.Wm82.gnm4.ann1.Glyma.13G089700.2,glyma.Wm82.gnm4.ann1.Glyma.04G100700.1,glyma.Wm82.gnm4.ann1.Glyma.06G102500.5,Glyma.14G174500,Glyma.13G089700,Glyma.04G100700,Glyma.06G102500
Legume.fam3.01309,glyma.Wm82.gnm4.ann1.Glyma.02G208200.1,glyma.Wm82.gnm4.ann1.Glyma.14G176400.1,glyma.Wm82.gnm4.ann1.Glyma.04G100300.2,glyma.Wm82.gnm4.ann1.Glyma.06G102000.1,Glyma.02G208200,Glyma.14G176400,Glyma.04G100300,Glyma.06G102000
Legume.fam3.01310,glyma.Wm82.gnm4.ann1.Glyma.14G176900.1,glyma.Wm82.gnm4.ann1.Glyma.02G208700.1,glyma.Wm82.gnm4.ann1.Glyma.06G101500.2,glyma.Wm82.gnm4.ann1.Glyma.04G099900.5,Glyma.14G176900,Glyma.02G208700,Glyma.06G101500,Glyma.04G099900
Legume.fam3.01311,glyma.Wm82.gnm4.ann1.Glyma.14G178000.1,glyma.Wm82.gnm4.ann1.Glyma.02G210500.1,glyma.Wm82.gnm4.ann1.Glyma.06G100000.1,glyma.Wm82.gnm4.ann1.Glyma.04G098400.1,Glyma.14G178000,Glyma.02G210500,Glyma.06G100000,Glyma.04G098400
Legume.fam3.01313,glyma.Wm82.gnm4.ann1.Glyma.04G096000.1,glyma.Wm82.gnm4.ann1.Glyma.06G097700.11,glyma.Wm82.gnm4.ann1.Glyma.14G182700.1,glyma.Wm82.gnm4.ann1.Glyma.02G215300.1,Glyma.04G096000,Glyma.06G097700,Glyma.14G182700,Glyma.02G215300
Legume.fam3.01314,glyma.Wm82.gnm4.ann1.Glyma.14G185300.1,glyma.Wm82.gnm4.ann1.Glyma.02G217900.2,glyma.Wm82.gnm4.ann1.Glyma.06G091900.1,glyma.Wm82.gnm4.ann1.Glyma.04G090000.1,Glyma.14G185300,Glyma.02G217900,Glyma.06G091900,Glyma.04G090000
Legume.fam3.01316,glyma.Wm82.gnm4.ann1.Glyma.04G081100.1,glyma.Wm82.gnm4.ann1.Glyma.06G082800.1,glyma.Wm82.gnm4.ann1.Glyma.17G191000.1,glyma.Wm82.gnm4.ann1.Glyma.14G142900.1,Glyma.04G081100,Glyma.06G082800,Glyma.17G191000,Glyma.14G142900
Legume.fam3.01317,glyma.Wm82.gnm4.ann1.Glyma.17G189700.1,glyma.Wm82.gnm4.ann1.Glyma.14G141200.1,glyma.Wm82.gnm4.ann1.Glyma.04G079700.1,glyma.Wm82.gnm4.ann1.Glyma.06G081300.1,Glyma.17G189700,Glyma.14G141200,Glyma.04G079700,Glyma.06G081300
Legume.fam3.01318,glyma.Wm82.gnm4.ann1.Glyma.06G079800.1,glyma.Wm82.gnm4.ann1.Glyma.04G078300.1,glyma.Wm82.gnm4.ann1.Glyma.14G139700.2,glyma.Wm82.gnm4.ann1.Glyma.17G188500.1,Glyma.06G079800,Glyma.04G078300,Glyma.14G139700,Glyma.17G188500
Legume.fam3.01319,glyma.Wm82.gnm4.ann1.Glyma.14G139400.1,glyma.Wm82.gnm4.ann1.Glyma.17G188800.1,glyma.Wm82.gnm4.ann1.Glyma.06G079500.1,glyma.Wm82.gnm4.ann1.Glyma.04G078100.1,Glyma.14G139400,Glyma.17G188800,Glyma.06G079500,Glyma.04G078100
Legume.fam3.01320,glyma.Wm82.gnm4.ann1.Glyma.04G012500.3,glyma.Wm82.gnm4.ann1.Glyma.06G012200.2,glyma.Wm82.gnm4.ann1.Glyma.12G042800.3,glyma.Wm82.gnm4.ann1.Glyma.11G117100.1,Glyma.04G012500,Glyma.06G012200,Glyma.12G042800,Glyma.11G117100
Legume.fam3.01321,glyma.Wm82.gnm4.ann1.Glyma.04G060700.1,glyma.Wm82.gnm4.ann1.Glyma.06G061300.1,glyma.Wm82.gnm4.ann1.Glyma.17G223200.1,glyma.Wm82.gnm4.ann1.Glyma.14G102000.1,Glyma.04G060700,Glyma.06G061300,Glyma.17G223200,Glyma.14G102000
Legume.fam3.01323,glyma.Wm82.gnm4.ann1.Glyma.04G055100.1,glyma.Wm82.gnm4.ann1.Glyma.06G055200.1,glyma.Wm82.gnm4.ann1.Glyma.17G225300.1,glyma.Wm82.gnm4.ann1.Glyma.14G099400.1,Glyma.04G055100,Glyma.06G055200,Glyma.17G225300,Glyma.14G099400
Legume.fam3.01325,glyma.Wm82.gnm4.ann1.Glyma.17G236200.1,glyma.Wm82.gnm4.ann1.Glyma.14G088300.1,glyma.Wm82.gnm4.ann1.Glyma.06G045400.1,glyma.Wm82.gnm4.ann1.Glyma.04G044900.1,Glyma.17G236200,Glyma.14G088300,Glyma.06G045400,Glyma.04G044900
Legume.fam3.01331,glyma.Wm82.gnm4.ann1.Glyma.14G057400.1,glyma.Wm82.gnm4.ann1.Glyma.02G263900.4,glyma.Wm82.gnm4.ann1.Glyma.18G025100.2,glyma.Wm82.gnm4.ann1.Glyma.11G232200.1,Glyma.14G057400,Glyma.02G263900,Glyma.18G025100,Glyma.11G232200
Legume.fam3.01332,glyma.Wm82.gnm4.ann1.Glyma.02G264000.1,glyma.Wm82.gnm4.ann1.Glyma.14G057500.1,glyma.Wm82.gnm4.ann1.Glyma.11G231800.1,glyma.Wm82.gnm4.ann1.Glyma.18G025400.1,Glyma.02G264000,Glyma.14G057500,Glyma.11G231800,Glyma.18G025400
Legume.fam3.01335,glyma.Wm82.gnm4.ann1.Glyma.18G034800.1,glyma.Wm82.gnm4.ann1.Glyma.11G222800.1,glyma.Wm82.gnm4.ann1.Glyma.02G250400.1,glyma.Wm82.gnm4.ann1.Glyma.14G066200.1,Glyma.18G034800,Glyma.11G222800,Glyma.02G250400,Glyma.14G066200
Legume.fam3.01336,glyma.Wm82.gnm4.ann1.Glyma.11G213000.4,glyma.Wm82.gnm4.ann1.Glyma.18G043600.1,glyma.Wm82.gnm4.ann1.Glyma.02G241400.1,glyma.Wm82.gnm4.ann1.Glyma.14G211100.1,Glyma.11G213000,Glyma.18G043600,Glyma.02G241400,Glyma.14G211100
Legume.fam3.01337,glyma.Wm82.gnm4.ann1.Glyma.18G073400.1,glyma.Wm82.gnm4.ann1.Glyma.08G333400.2,glyma.Wm82.gnm4.ann1.Glyma.02G302900.6,glyma.Wm82.gnm4.ann1.Glyma.14G011000.1,Glyma.18G073400,Glyma.08G333400,Glyma.02G302900,Glyma.14G011000
Legume.fam3.01339,glyma.Wm82.gnm4.ann1.Glyma.08G325300.1,glyma.Wm82.gnm4.ann1.Glyma.18G081900.4,glyma.Wm82.gnm4.ann1.Glyma.14G016700.4,glyma.Wm82.gnm4.ann1.Glyma.02G296900.1,Glyma.08G325300,Glyma.18G081900,Glyma.14G016700,Glyma.02G296900
Legume.fam3.01340,glyma.Wm82.gnm4.ann1.Glyma.08G319100.1,glyma.Wm82.gnm4.ann1.Glyma.18G094400.1,glyma.Wm82.gnm4.ann1.Glyma.02G292300.1,glyma.Wm82.gnm4.ann1.Glyma.14G022300.1,Glyma.08G319100,Glyma.18G094400,Glyma.02G292300,Glyma.14G022300
Legume.fam3.01342,glyma.Wm82.gnm4.ann1.Glyma.18G064900.1,glyma.Wm82.gnm4.ann1.Glyma.11G176800.1,glyma.Wm82.gnm4.ann1.Glyma.02G224600.1,glyma.Wm82.gnm4.ann1.Glyma.14G191300.5,Glyma.18G064900,Glyma.11G176800,Glyma.02G224600,Glyma.14G191300
Legume.fam3.01343,glyma.Wm82.gnm4.ann1.Glyma.18G107600.3,glyma.Wm82.gnm4.ann1.Glyma.08G308900.3,glyma.Wm82.gnm4.ann1.Glyma.14G029000.1,glyma.Wm82.gnm4.ann1.Glyma.02G286000.1,Glyma.18G107600,Glyma.08G308900,Glyma.14G029000,Glyma.02G286000
Legume.fam3.01349,glyma.Wm82.gnm4.ann1.Glyma.11G236300.3,glyma.Wm82.gnm4.ann1.Glyma.18G020900.14,glyma.Wm82.gnm4.ann1.Glyma.08G140100.1,glyma.Wm82.gnm4.ann1.Glyma.05G182500.22,Glyma.11G236300,Glyma.18G020900,Glyma.08G140100,Glyma.05G182500
Legume.fam3.01358,glyma.Wm82.gnm4.ann1.Glyma.15G074900.1,glyma.Wm82.gnm4.ann1.Glyma.13G238400.8,glyma.Wm82.gnm4.ann1.Glyma.07G197200.1,glyma.Wm82.gnm4.ann1.Glyma.13G179000.1,Glyma.15G074900,Glyma.13G238400,Glyma.07G197200,Glyma.13G179000
Legume.fam3.01360,glyma.Wm82.gnm4.ann1.Glyma.15G084600.1,glyma.Wm82.gnm4.ann1.Glyma.13G227900.1,glyma.Wm82.gnm4.ann1.Glyma.08G117300.3,glyma.Wm82.gnm4.ann1.Glyma.05G159600.3,Glyma.15G084600,Glyma.13G227900,Glyma.08G117300,Glyma.05G159600
Legume.fam3.01363,glyma.Wm82.gnm4.ann1.Glyma.03G011200.6,glyma.Wm82.gnm4.ann1.Glyma.07G072300.1,glyma.Wm82.gnm4.ann1.Glyma.18G231300.5,glyma.Wm82.gnm4.ann1.Glyma.09G260600.3,Glyma.03G011200,Glyma.07G072300,Glyma.18G231300,Glyma.09G260600
Legume.fam3.01364,glyma.Wm82.gnm4.ann1.Glyma.07G065700.1,glyma.Wm82.gnm4.ann1.Glyma.16G032200.1,glyma.Wm82.gnm4.ann1.Glyma.18G238100.1,glyma.Wm82.gnm4.ann1.Glyma.09G255000.1,Glyma.07G065700,Glyma.16G032200,Glyma.18G238100,Glyma.09G255000
Legume.fam3.01365,glyma.Wm82.gnm4.ann1.Glyma.16G023000.1,glyma.Wm82.gnm4.ann1.Glyma.07G054000.1,glyma.Wm82.gnm4.ann1.Glyma.19G257400.1,glyma.Wm82.gnm4.ann1.Glyma.03G258700.3,Glyma.16G023000,Glyma.07G054000,Glyma.19G257400,Glyma.03G258700
Legume.fam3.01366,glyma.Wm82.gnm4.ann1.Glyma.13G346900.6,glyma.Wm82.gnm4.ann1.Glyma.15G027500.1,glyma.Wm82.gnm4.ann1.Glyma.16G005700.1,glyma.Wm82.gnm4.ann1.Glyma.07G036300.10,Glyma.13G346900,Glyma.15G027500,Glyma.16G005700,Glyma.07G036300
Legume.fam3.01368,glyma.Wm82.gnm4.ann1.Glyma.08G222200.4,glyma.Wm82.gnm4.ann1.Glyma.07G004300.2,glyma.Wm82.gnm4.ann1.Glyma.13G372400.1,glyma.Wm82.gnm4.ann1.Glyma.15G001300.1,Glyma.08G222200,Glyma.07G004300,Glyma.13G372400,Glyma.15G001300
Legume.fam3.01369,glyma.Wm82.gnm4.ann1.Glyma.03G016600.7,glyma.Wm82.gnm4.ann1.Glyma.07G076800.1,glyma.Wm82.gnm4.ann1.Glyma.18G225800.5,glyma.Wm82.gnm4.ann1.Glyma.09G265200.3,Glyma.03G016600,Glyma.07G076800,Glyma.18G225800,Glyma.09G265200
Legume.fam3.01370,glyma.Wm82.gnm4.ann1.Glyma.18G224500.1,glyma.Wm82.gnm4.ann1.Glyma.09G266200.6,glyma.Wm82.gnm4.ann1.Glyma.03G019300.1,glyma.Wm82.gnm4.ann1.Glyma.07G080900.4,Glyma.18G224500,Glyma.09G266200,Glyma.03G019300,Glyma.07G080900
Legume.fam3.01375,glyma.Wm82.gnm4.ann1.Glyma.07G014800.1,glyma.Wm82.gnm4.ann1.Glyma.08G200400.1,glyma.Wm82.gnm4.ann1.Glyma.15G020600.1,glyma.Wm82.gnm4.ann1.Glyma.13G353800.4,Glyma.07G014800,Glyma.08G200400,Glyma.15G020600,Glyma.13G353800
Legume.fam3.01379,glyma.Wm82.gnm4.ann1.Glyma.04G178800.1,glyma.Wm82.gnm4.ann1.Glyma.06G185900.1,glyma.Wm82.gnm4.ann1.Glyma.05G033700.1,glyma.Wm82.gnm4.ann1.Glyma.17G093400.1,Glyma.04G178800,Glyma.06G185900,Glyma.05G033700,Glyma.17G093400
Legume.fam3.01382,glyma.Wm82.gnm4.ann1.Glyma.04G188900.1,glyma.Wm82.gnm4.ann1.Glyma.06G176700.2,glyma.Wm82.gnm4.ann1.Glyma.17G124600.3,glyma.Wm82.gnm4.ann1.Glyma.05G042000.1,Glyma.04G188900,Glyma.06G176700,Glyma.17G124600,Glyma.05G042000
Legume.fam3.01386,glyma.Wm82.gnm4.ann1.Glyma.18G020400.1,glyma.Wm82.gnm4.ann1.Glyma.11G236600.1,glyma.Wm82.gnm4.ann1.Glyma.08G139700.1,glyma.Wm82.gnm4.ann1.Glyma.05G182000.1,Glyma.18G020400,Glyma.11G236600,Glyma.08G139700,Glyma.05G182000
Legume.fam3.01388,glyma.Wm82.gnm4.ann1.Glyma.15G167300.1,glyma.Wm82.gnm4.ann1.Glyma.09G060700.1,glyma.Wm82.gnm4.ann1.Glyma.17G058100.1,glyma.Wm82.gnm4.ann1.Glyma.13G101500.1,Glyma.15G167300,Glyma.09G060700,Glyma.17G058100,Glyma.13G101500
Legume.fam3.01391,glyma.Wm82.gnm4.ann1.Glyma.13G106200.1,glyma.Wm82.gnm4.ann1.Glyma.17G053200.1,glyma.Wm82.gnm4.ann1.Glyma.09G065600.1,glyma.Wm82.gnm4.ann1.Glyma.15G171800.1,Glyma.13G106200,Glyma.17G053200,Glyma.09G065600,Glyma.15G171800
Legume.fam3.01393,glyma.Wm82.gnm4.ann1.Glyma.12G134900.1,glyma.Wm82.gnm4.ann1.Glyma.06G269900.1,glyma.Wm82.gnm4.ann1.Glyma.13G288400.1,glyma.Wm82.gnm4.ann1.Glyma.12G213300.1,Glyma.12G134900,Glyma.06G269900,Glyma.13G288400,Glyma.12G213300
Legume.fam3.01394,glyma.Wm82.gnm4.ann1.Glyma.15G153000.1,glyma.Wm82.gnm4.ann1.Glyma.09G045800.2,glyma.Wm82.gnm4.ann1.Glyma.17G025600.1,glyma.Wm82.gnm4.ann1.Glyma.07G248700.1,Glyma.15G153000,Glyma.09G045800,Glyma.17G025600,Glyma.07G248700
Legume.fam3.01398,glyma.Wm82.gnm4.ann1.Glyma.15G183700.1,glyma.Wm82.gnm4.ann1.Glyma.09G076100.3,glyma.Wm82.gnm4.ann1.Glyma.13G115200.2,glyma.Wm82.gnm4.ann1.Glyma.17G044700.1,Glyma.15G183700,Glyma.09G076100,Glyma.13G115200,Glyma.17G044700
Legume.fam3.01403,glyma.Wm82.gnm4.ann1.Glyma.17G019100.3,glyma.Wm82.gnm4.ann1.Glyma.07G255200.2,glyma.Wm82.gnm4.ann1.Glyma.15G102100.1,glyma.Wm82.gnm4.ann1.Glyma.13G210700.1,Glyma.17G019100,Glyma.07G255200,Glyma.15G102100,Glyma.13G210700
Legume.fam3.01405,glyma.Wm82.gnm4.ann1.Glyma.16G123800.1,glyma.Wm82.gnm4.ann1.Glyma.02G045800.1,glyma.Wm82.gnm4.ann1.Glyma.01G164000.3,glyma.Wm82.gnm4.ann1.Glyma.11G079500.5,Glyma.16G123800,Glyma.02G045800,Glyma.01G164000,Glyma.11G079500
Legume.fam3.01406,glyma.Wm82.gnm4.ann1.Glyma.13G299300.7,glyma.Wm82.gnm4.ann1.Glyma.12G202400.6,glyma.Wm82.gnm4.ann1.Glyma.12G109500.4,glyma.Wm82.gnm4.ann1.Glyma.06G296200.6,Glyma.13G299300,Glyma.12G202400,Glyma.12G109500,Glyma.06G296200
Legume.fam3.01410,glyma.Wm82.gnm4.ann1.Glyma.05G109900.1,glyma.Wm82.gnm4.ann1.Glyma.17G157200.1,glyma.Wm82.gnm4.ann1.Glyma.01G196900.1,glyma.Wm82.gnm4.ann1.Glyma.11G044700.2,Glyma.05G109900,Glyma.17G157200,Glyma.01G196900,Glyma.11G044700
Legume.fam3.01412,glyma.Wm82.gnm4.ann1.Glyma.01G218100.1,glyma.Wm82.gnm4.ann1.Glyma.11G025100.1,glyma.Wm82.gnm4.ann1.Glyma.08G013000.1,glyma.Wm82.gnm4.ann1.Glyma.05G206100.1,Glyma.01G218100,Glyma.11G025100,Glyma.08G013000,Glyma.05G206100
Legume.fam3.01414,glyma.Wm82.gnm4.ann1.Glyma.01G021100.1,glyma.Wm82.gnm4.ann1.Glyma.09G201000.1,glyma.Wm82.gnm4.ann1.Glyma.08G276300.1,glyma.Wm82.gnm4.ann1.Glyma.18G150800.1,Glyma.01G021100,Glyma.09G201000,Glyma.08G276300,Glyma.18G150800
Legume.fam3.01415,glyma.Wm82.gnm4.ann1.Glyma.12G097500.1,glyma.Wm82.gnm4.ann1.Glyma.06G307200.2,glyma.Wm82.gnm4.ann1.Glyma.13G309800.2,glyma.Wm82.gnm4.ann1.Glyma.12G192600.1,Glyma.12G097500,Glyma.06G307200,Glyma.13G309800,Glyma.12G192600
Legume.fam3.01416,glyma.Wm82.gnm4.ann1.Glyma.12G097200.1,glyma.Wm82.gnm4.ann1.Glyma.06G307600.2,glyma.Wm82.gnm4.ann1.Glyma.13G309900.1,glyma.Wm82.gnm4.ann1.Glyma.12G192500.1,Glyma.12G097200,Glyma.06G307600,Glyma.13G309900,Glyma.12G192500
Legume.fam3.01417,glyma.Wm82.gnm4.ann1.Glyma.11G175955.1,glyma.Wm82.gnm4.ann1.Glyma.12G095300.6,glyma.Wm82.gnm4.ann1.Glyma.12G189500.1,glyma.Wm82.gnm4.ann1.Glyma.13G312300.1,Glyma.11G175955,Glyma.12G095300,Glyma.12G189500,Glyma.13G312300
Legume.fam3.01418,glyma.Wm82.gnm4.ann1.Glyma.13G316200.3,glyma.Wm82.gnm4.ann1.Glyma.12G185200.1,glyma.Wm82.gnm4.ann1.Glyma.12G089300.8,glyma.Wm82.gnm4.ann1.Glyma.11G183200.3,Glyma.13G316200,Glyma.12G185200,Glyma.12G089300,Glyma.11G183200
Legume.fam3.01423,glyma.Wm82.gnm4.ann1.Glyma.11G144809.1,glyma.Wm82.gnm4.ann1.Glyma.12G075100.1,glyma.Wm82.gnm4.ann1.Glyma.13G331600.1,glyma.Wm82.gnm4.ann1.Glyma.15G042500.1,Glyma.11G144809,Glyma.12G075100,Glyma.13G331600,Glyma.15G042500
Legume.fam3.01425,glyma.Wm82.gnm4.ann1.Glyma.15G036600.4,glyma.Wm82.gnm4.ann1.Glyma.13G337900.1,glyma.Wm82.gnm4.ann1.Glyma.11G137800.1,glyma.Wm82.gnm4.ann1.Glyma.12G061300.1,Glyma.15G036600,Glyma.13G337900,Glyma.11G137800,Glyma.12G061300
Legume.fam3.01426,glyma.Wm82.gnm4.ann1.Glyma.07G106300.3,glyma.Wm82.gnm4.ann1.Glyma.09G171900.2,glyma.Wm82.gnm4.ann1.Glyma.08G056200.1,glyma.Wm82.gnm4.ann1.Glyma.05G247700.1,Glyma.07G106300,Glyma.09G171900,Glyma.08G056200,Glyma.05G247700
Legume.fam3.01427,glyma.Wm82.gnm4.ann1.Glyma.07G230100.3,glyma.Wm82.gnm4.ann1.Glyma.20G036400.2,glyma.Wm82.gnm4.ann1.Glyma.02G107500.1,glyma.Wm82.gnm4.ann1.Glyma.01G047700.1,Glyma.07G230100,Glyma.20G036400,Glyma.02G107500,Glyma.01G047700
Legume.fam3.01430,glyma.Wm82.gnm4.ann1.Glyma.10G252400.1,glyma.Wm82.gnm4.ann1.Glyma.20G141000.1,glyma.Wm82.gnm4.ann1.Glyma.01G240500.10,glyma.Wm82.gnm4.ann1.Glyma.11G003100.1,Glyma.10G252400,Glyma.20G141000,Glyma.01G240500,Glyma.11G003100
Legume.fam3.01431,glyma.Wm82.gnm4.ann1.Glyma.09G014600.1,glyma.Wm82.gnm4.ann1.Glyma.15G120300.2,glyma.Wm82.gnm4.ann1.Glyma.17G005500.1,glyma.Wm82.gnm4.ann1.Glyma.07G268200.1,Glyma.09G014600,Glyma.15G120300,Glyma.17G005500,Glyma.07G268200
Legume.fam3.01432,glyma.Wm82.gnm4.ann1.Glyma.07G203200.1,glyma.Wm82.gnm4.ann1.Glyma.13G172500.1,glyma.Wm82.gnm4.ann1.Glyma.15G079300.1,glyma.Wm82.gnm4.ann1.Glyma.13G233700.1,Glyma.07G203200,Glyma.13G172500,Glyma.15G079300,Glyma.13G233700
Legume.fam3.01433,glyma.Wm82.gnm4.ann1.Glyma.13G100800.1,glyma.Wm82.gnm4.ann1.Glyma.17G058900.2,glyma.Wm82.gnm4.ann1.Glyma.15G166600.1,glyma.Wm82.gnm4.ann1.Glyma.09G059900.1,Glyma.13G100800,Glyma.17G058900,Glyma.15G166600,Glyma.09G059900
Legume.fam3.01438,glyma.Wm82.gnm4.ann1.Glyma.13G322900.1,glyma.Wm82.gnm4.ann1.Glyma.12G177700.1,glyma.Wm82.gnm4.ann1.Glyma.12G079800.1,glyma.Wm82.gnm4.ann1.Glyma.11G194100.1,Glyma.13G322900,Glyma.12G177700,Glyma.12G079800,Glyma.11G194100
Legume.fam3.01439,glyma.Wm82.gnm4.ann1.Glyma.12G081000.1,glyma.Wm82.gnm4.ann1.Glyma.11G193000.6,glyma.Wm82.gnm4.ann1.Glyma.12G178300.1,glyma.Wm82.gnm4.ann1.Glyma.13G322200.10,Glyma.12G081000,Glyma.11G193000,Glyma.12G178300,Glyma.13G322200
Legume.fam3.01448,glyma.Wm82.gnm4.ann1.Glyma.09G019800.1,glyma.Wm82.gnm4.ann1.Glyma.15G126200.1,glyma.Wm82.gnm4.ann1.Glyma.20G022200.1,glyma.Wm82.gnm4.ann1.Glyma.07G223000.1,Glyma.09G019800,Glyma.15G126200,Glyma.20G022200,Glyma.07G223000
Legume.fam3.01450,glyma.Wm82.gnm4.ann1.Glyma.09G003300.1,glyma.Wm82.gnm4.ann1.Glyma.12G239900.1,glyma.Wm82.gnm4.ann1.Glyma.08G150700.1,glyma.Wm82.gnm4.ann1.Glyma.15G270400.1,Glyma.09G003300,Glyma.12G239900,Glyma.08G150700,Glyma.15G270400
Legume.fam3.01453,glyma.Wm82.gnm4.ann1.Glyma.16G200400.1,glyma.Wm82.gnm4.ann1.Glyma.09G148700.1,glyma.Wm82.gnm4.ann1.Glyma.10G240600.1,glyma.Wm82.gnm4.ann1.Glyma.20G154100.1,Glyma.16G200400,Glyma.09G148700,Glyma.10G240600,Glyma.20G154100
Legume.fam3.01455,glyma.Wm82.gnm4.ann1.Glyma.03G041600.1,glyma.Wm82.gnm4.ann1.Glyma.01G128700.3,glyma.Wm82.gnm4.ann1.Glyma.18G209100.1,glyma.Wm82.gnm4.ann1.Glyma.09G279900.3,Glyma.03G041600,Glyma.01G128700,Glyma.18G209100,Glyma.09G279900
Legume.fam3.01456,glyma.Wm82.gnm4.ann1.Glyma.06G310700.1,glyma.Wm82.gnm4.ann1.Glyma.04G127900.1,glyma.Wm82.gnm4.ann1.Glyma.13G189700.4,glyma.Wm82.gnm4.ann1.Glyma.15G227700.1,Glyma.06G310700,Glyma.04G127900,Glyma.13G189700,Glyma.15G227700
Legume.fam3.01457,glyma.Wm82.gnm4.ann1.Glyma.10G224500.1,glyma.Wm82.gnm4.ann1.Glyma.20G167300.1,glyma.Wm82.gnm4.ann1.Glyma.16G166800.1,glyma.Wm82.gnm4.ann1.Glyma.02G081400.1,Glyma.10G224500,Glyma.20G167300,Glyma.16G166800,Glyma.02G081400
Legume.fam3.01459,glyma.Wm82.gnm4.ann1.Glyma.19G027500.1,glyma.Wm82.gnm4.ann1.Glyma.13G058900.2,glyma.Wm82.gnm4.ann1.Glyma.08G241800.1,glyma.Wm82.gnm4.ann1.Glyma.18G264100.1,Glyma.19G027500,Glyma.13G058900,Glyma.08G241800,Glyma.18G264100
Legume.fam3.01460,glyma.Wm82.gnm4.ann1.Glyma.18G280900.1,glyma.Wm82.gnm4.ann1.Glyma.08G256600.1,glyma.Wm82.gnm4.ann1.Glyma.13G047300.1,glyma.Wm82.gnm4.ann1.Glyma.19G044900.1,Glyma.18G280900,Glyma.08G256600,Glyma.13G047300,Glyma.19G044900
Legume.fam3.01461,glyma.Wm82.gnm4.ann1.Glyma.08G249600.1,glyma.Wm82.gnm4.ann1.Glyma.18G271700.1,glyma.Wm82.gnm4.ann1.Glyma.13G053400.1,glyma.Wm82.gnm4.ann1.Glyma.19G033300.1,Glyma.08G249600,Glyma.18G271700,Glyma.13G053400,Glyma.19G033300
Legume.fam3.01464,glyma.Wm82.gnm4.ann1.Glyma.07G093800.1,glyma.Wm82.gnm4.ann1.Glyma.09G182500.1,glyma.Wm82.gnm4.ann1.Glyma.05G237300.1,glyma.Wm82.gnm4.ann1.Glyma.08G044500.1,Glyma.07G093800,Glyma.09G182500,Glyma.05G237300,Glyma.08G044500
Legume.fam3.01465,glyma.Wm82.gnm4.ann1.Glyma.09G184200.1,glyma.Wm82.gnm4.ann1.Glyma.07G091900.1,glyma.Wm82.gnm4.ann1.Glyma.05G234100.1,glyma.Wm82.gnm4.ann1.Glyma.08G041400.1,Glyma.09G184200,Glyma.07G091900,Glyma.05G234100,Glyma.08G041400
Legume.fam3.01466,glyma.Wm82.gnm4.ann1.Glyma.08G040800.1,glyma.Wm82.gnm4.ann1.Glyma.05G233500.1,glyma.Wm82.gnm4.ann1.Glyma.07G090800.2,glyma.Wm82.gnm4.ann1.Glyma.09G185200.1,Glyma.08G040800,Glyma.05G233500,Glyma.07G090800,Glyma.09G185200
Legume.fam3.01467,glyma.Wm82.gnm4.ann1.Glyma.08G040100.1,glyma.Wm82.gnm4.ann1.Glyma.05G232700.1,glyma.Wm82.gnm4.ann1.Glyma.07G089400.1,glyma.Wm82.gnm4.ann1.Glyma.09G187400.1,Glyma.08G040100,Glyma.05G232700,Glyma.07G089400,Glyma.09G187400
Legume.fam3.01468,glyma.Wm82.gnm4.ann1.Glyma.05G232200.1,glyma.Wm82.gnm4.ann1.Glyma.08G039600.1,glyma.Wm82.gnm4.ann1.Glyma.07G088500.3,glyma.Wm82.gnm4.ann1.Glyma.09G188300.4,Glyma.05G232200,Glyma.08G039600,Glyma.07G088500,Glyma.09G188300
Legume.fam3.01469,glyma.Wm82.gnm4.ann1.Glyma.01G145600.1,glyma.Wm82.gnm4.ann1.Glyma.09G193400.1,glyma.Wm82.gnm4.ann1.Glyma.08G036100.1,glyma.Wm82.gnm4.ann1.Glyma.05G229100.1,Glyma.01G145600,Glyma.09G193400,Glyma.08G036100,Glyma.05G229100
Legume.fam3.01470,glyma.Wm82.gnm4.ann1.Glyma.05G225300.1,glyma.Wm82.gnm4.ann1.Glyma.08G032100.1,glyma.Wm82.gnm4.ann1.Glyma.07G126000.1,glyma.Wm82.gnm4.ann1.Glyma.01G005600.1,Glyma.05G225300,Glyma.08G032100,Glyma.07G126000,Glyma.01G005600
Legume.fam3.01472,glyma.Wm82.gnm4.ann1.Glyma.19G206800.1,glyma.Wm82.gnm4.ann1.Glyma.03G209400.1,glyma.Wm82.gnm4.ann1.Glyma.10G021500.2,glyma.Wm82.gnm4.ann1.Glyma.02G152800.2,Glyma.19G206800,Glyma.03G209400,Glyma.10G021500,Glyma.02G152800
Legume.fam3.01474,glyma.Wm82.gnm4.ann1.Glyma.10G022300.2,glyma.Wm82.gnm4.ann1.Glyma.02G151900.1,glyma.Wm82.gnm4.ann1.Glyma.03G208400.1,glyma.Wm82.gnm4.ann1.Glyma.19G205600.1,Glyma.10G022300,Glyma.02G151900,Glyma.03G208400,Glyma.19G205600
Legume.fam3.01475,glyma.Wm82.gnm4.ann1.Glyma.02G147100.1,glyma.Wm82.gnm4.ann1.Glyma.10G026800.1,glyma.Wm82.gnm4.ann1.Glyma.19G156700.3,glyma.Wm82.gnm4.ann1.Glyma.03G154200.1,Glyma.02G147100,Glyma.10G026800,Glyma.19G156700,Glyma.03G154200
Legume.fam3.01476,glyma.Wm82.gnm4.ann1.Glyma.19G158100.1,glyma.Wm82.gnm4.ann1.Glyma.03G155800.1,glyma.Wm82.gnm4.ann1.Glyma.02G146100.1,glyma.Wm82.gnm4.ann1.Glyma.10G027900.1,Glyma.19G158100,Glyma.03G155800,Glyma.02G146100,Glyma.10G027900
Legume.fam3.01477,glyma.Wm82.gnm4.ann1.Glyma.02G144800.1,glyma.Wm82.gnm4.ann1.Glyma.10G029300.1,glyma.Wm82.gnm4.ann1.Glyma.03G157000.7,glyma.Wm82.gnm4.ann1.Glyma.19G159200.1,Glyma.02G144800,Glyma.10G029300,Glyma.03G157000,Glyma.19G159200
Legume.fam3.01480,glyma.Wm82.gnm4.ann1.Glyma.19G166600.1,glyma.Wm82.gnm4.ann1.Glyma.03G165400.1,glyma.Wm82.gnm4.ann1.Glyma.13G125600.6,glyma.Wm82.gnm4.ann1.Glyma.10G039200.4,Glyma.19G166600,Glyma.03G165400,Glyma.13G125600,Glyma.10G039200
Legume.fam3.01481,glyma.Wm82.gnm4.ann1.Glyma.19G171200.1,glyma.Wm82.gnm4.ann1.Glyma.03G170000.1,glyma.Wm82.gnm4.ann1.Glyma.10G042600.1,glyma.Wm82.gnm4.ann1.Glyma.13G130000.2,Glyma.19G171200,Glyma.03G170000,Glyma.10G042600,Glyma.13G130000
Legume.fam3.01482,glyma.Wm82.gnm4.ann1.Glyma.13G131400.1,glyma.Wm82.gnm4.ann1.Glyma.10G043700.1,glyma.Wm82.gnm4.ann1.Glyma.19G172800.1,glyma.Wm82.gnm4.ann1.Glyma.03G171900.1,Glyma.13G131400,Glyma.10G043700,Glyma.19G172800,Glyma.03G171900
Legume.fam3.01483,glyma.Wm82.gnm4.ann1.Glyma.10G046900.1,glyma.Wm82.gnm4.ann1.Glyma.13G134900.1,glyma.Wm82.gnm4.ann1.Glyma.03G175700.1,glyma.Wm82.gnm4.ann1.Glyma.19G176300.1,Glyma.10G046900,Glyma.13G134900,Glyma.03G175700,Glyma.19G176300
Legume.fam3.01484,glyma.Wm82.gnm4.ann1.Glyma.10G057300.1,glyma.Wm82.gnm4.ann1.Glyma.13G144000.1,glyma.Wm82.gnm4.ann1.Glyma.19G183100.2,glyma.Wm82.gnm4.ann1.Glyma.03G182600.1,Glyma.10G057300,Glyma.13G144000,Glyma.19G183100,Glyma.03G182600
Legume.fam3.01486,glyma.Wm82.gnm4.ann1.Glyma.19G189700.1,glyma.Wm82.gnm4.ann1.Glyma.03G189400.1,glyma.Wm82.gnm4.ann1.Glyma.10G064700.1,glyma.Wm82.gnm4.ann1.Glyma.13G149500.2,Glyma.19G189700,Glyma.03G189400,Glyma.10G064700,Glyma.13G149500
Legume.fam3.01487,glyma.Wm82.gnm4.ann1.Glyma.03G189700.1,glyma.Wm82.gnm4.ann1.Glyma.19G190100.1,glyma.Wm82.gnm4.ann1.Glyma.13G149800.1,glyma.Wm82.gnm4.ann1.Glyma.10G065000.1,Glyma.03G189700,Glyma.19G190100,Glyma.13G149800,Glyma.10G065000
Legume.fam3.01489,glyma.Wm82.gnm4.ann1.Glyma.13G152100.1,glyma.Wm82.gnm4.ann1.Glyma.10G067100.1,glyma.Wm82.gnm4.ann1.Glyma.19G192500.1,glyma.Wm82.gnm4.ann1.Glyma.03G192000.1,Glyma.13G152100,Glyma.10G067100,Glyma.19G192500,Glyma.03G192000
Legume.fam3.01491,glyma.Wm82.gnm4.ann1.Glyma.02G200500.1,glyma.Wm82.gnm4.ann1.Glyma.10G076100.1,glyma.Wm82.gnm4.ann1.Glyma.03G199000.1,glyma.Wm82.gnm4.ann1.Glyma.19G196600.1,Glyma.02G200500,Glyma.10G076100,Glyma.03G199000,Glyma.19G196600
Legume.fam3.01492,glyma.Wm82.gnm4.ann1.Glyma.02G195000.7,glyma.Wm82.gnm4.ann1.Glyma.10G082800.5,glyma.Wm82.gnm4.ann1.Glyma.03G203000.2,glyma.Wm82.gnm4.ann1.Glyma.19G200800.1,Glyma.02G195000,Glyma.10G082800,Glyma.03G203000,Glyma.19G200800
Legume.fam3.01493,glyma.Wm82.gnm4.ann1.Glyma.10G086800.4,glyma.Wm82.gnm4.ann1.Glyma.02G188300.1,glyma.Wm82.gnm4.ann1.Glyma.19G202200.1,glyma.Wm82.gnm4.ann1.Glyma.03G204800.1,Glyma.10G086800,Glyma.02G188300,Glyma.19G202200,Glyma.03G204800
Legume.fam3.01497,glyma.Wm82.gnm4.ann1.Glyma.19G074200.1,glyma.Wm82.gnm4.ann1.Glyma.05G076300.1,glyma.Wm82.gnm4.ann1.Glyma.19G088700.1,glyma.Wm82.gnm4.ann1.Glyma.16G058500.1,Glyma.19G074200,Glyma.05G076300,Glyma.19G088700,Glyma.16G058500
Legume.fam3.01500,glyma.Wm82.gnm4.ann1.Glyma.02G010900.1,glyma.Wm82.gnm4.ann1.Glyma.10G011300.2,glyma.Wm82.gnm4.ann1.Glyma.03G220800.1,glyma.Wm82.gnm4.ann1.Glyma.19G217800.1,Glyma.02G010900,Glyma.10G011300,Glyma.03G220800,Glyma.19G217800
Legume.fam3.01501,glyma.Wm82.gnm4.ann1.Glyma.10G010000.1,glyma.Wm82.gnm4.ann1.Glyma.02G009300.1,glyma.Wm82.gnm4.ann1.Glyma.19G219700.1,glyma.Wm82.gnm4.ann1.Glyma.03G222500.1,Glyma.10G010000,Glyma.02G009300,Glyma.19G219700,Glyma.03G222500
Legume.fam3.01503,glyma.Wm82.gnm4.ann1.Glyma.20G090700.1,glyma.Wm82.gnm4.ann1.Glyma.10G142200.1,glyma.Wm82.gnm4.ann1.Glyma.19G224600.1,glyma.Wm82.gnm4.ann1.Glyma.03G227700.2,Glyma.20G090700,Glyma.10G142200,Glyma.19G224600,Glyma.03G227700
Legume.fam3.01504,glyma.Wm82.gnm4.ann1.Glyma.10G158800.10,glyma.Wm82.gnm4.ann1.Glyma.20G229800.1,glyma.Wm82.gnm4.ann1.Glyma.19G241000.1,glyma.Wm82.gnm4.ann1.Glyma.03G243500.2,Glyma.10G158800,Glyma.20G229800,Glyma.19G241000,Glyma.03G243500
Legume.fam3.01505,glyma.Wm82.gnm4.ann1.Glyma.19G244800.1,glyma.Wm82.gnm4.ann1.Glyma.03G247100.1,glyma.Wm82.gnm4.ann1.Glyma.10G162100.1,glyma.Wm82.gnm4.ann1.Glyma.20G224500.1,Glyma.19G244800,Glyma.03G247100,Glyma.10G162100,Glyma.20G224500
Legume.fam3.01506,glyma.Wm82.gnm4.ann1.Glyma.20G225700.1,glyma.Wm82.gnm4.ann1.Glyma.10G163100.1,glyma.Wm82.gnm4.ann1.Glyma.19G245750.1,glyma.Wm82.gnm4.ann1.Glyma.03G247700.1,Glyma.20G225700,Glyma.10G163100,Glyma.19G245750,Glyma.03G247700
Legume.fam3.01508,glyma.Wm82.gnm4.ann1.Glyma.06G200100.5,glyma.Wm82.gnm4.ann1.Glyma.04G164400.3,glyma.Wm82.gnm4.ann1.Glyma.05G023100.1,glyma.Wm82.gnm4.ann1.Glyma.17G076600.1,Glyma.06G200100,Glyma.04G164400,Glyma.05G023100,Glyma.17G076600
Legume.fam3.01509,glyma.Wm82.gnm4.ann1.Glyma.17G081200.1,glyma.Wm82.gnm4.ann1.Glyma.05G018800.1,glyma.Wm82.gnm4.ann1.Glyma.06G205800.1,glyma.Wm82.gnm4.ann1.Glyma.04G159300.1,Glyma.17G081200,Glyma.05G018800,Glyma.06G205800,Glyma.04G159300
Legume.fam3.01511,glyma.Wm82.gnm4.ann1.Glyma.04G029100.10,glyma.Wm82.gnm4.ann1.Glyma.06G029100.6,glyma.Wm82.gnm4.ann1.Glyma.17G254000.2,glyma.Wm82.gnm4.ann1.Glyma.14G070700.5,Glyma.04G029100,Glyma.06G029100,Glyma.17G254000,Glyma.14G070700
Legume.fam3.01512,glyma.Wm82.gnm4.ann1.Glyma.14G077200.1,glyma.Wm82.gnm4.ann1.Glyma.17G248400.3,glyma.Wm82.gnm4.ann1.Glyma.06G034400.1,glyma.Wm82.gnm4.ann1.Glyma.04G034200.1,Glyma.14G077200,Glyma.17G248400,Glyma.06G034400,Glyma.04G034200
Legume.fam3.01513,glyma.Wm82.gnm4.ann1.Glyma.17G245000.1,glyma.Wm82.gnm4.ann1.Glyma.14G080400.1,glyma.Wm82.gnm4.ann1.Glyma.06G037100.1,glyma.Wm82.gnm4.ann1.Glyma.04G036900.1,Glyma.17G245000,Glyma.14G080400,Glyma.06G037100,Glyma.04G036900
Legume.fam3.01514,glyma.Wm82.gnm4.ann1.Glyma.04G253100.1,glyma.Wm82.gnm4.ann1.Glyma.06G109400.1,glyma.Wm82.gnm4.ann1.Glyma.13G083400.1,glyma.Wm82.gnm4.ann1.Glyma.14G164700.1,Glyma.04G253100,Glyma.06G109400,Glyma.13G083400,Glyma.14G164700
Legume.fam3.01515,glyma.Wm82.gnm4.ann1.Glyma.04G253600.1,glyma.Wm82.gnm4.ann1.Glyma.06G108800.6,glyma.Wm82.gnm4.ann1.Glyma.14G166100.1,glyma.Wm82.gnm4.ann1.Glyma.13G084300.1,Glyma.04G253600,Glyma.06G108800,Glyma.14G166100,Glyma.13G084300
Legume.fam3.01516,glyma.Wm82.gnm4.ann1.Glyma.13G088300.1,glyma.Wm82.gnm4.ann1.Glyma.14G171700.1,glyma.Wm82.gnm4.ann1.Glyma.04G103600.1,glyma.Wm82.gnm4.ann1.Glyma.06G104800.4,Glyma.13G088300,Glyma.14G171700,Glyma.04G103600,Glyma.06G104800
Legume.fam3.01517,glyma.Wm82.gnm4.ann1.Glyma.06G101200.1,glyma.Wm82.gnm4.ann1.Glyma.04G099300.3,glyma.Wm82.gnm4.ann1.Glyma.14G177300.1,glyma.Wm82.gnm4.ann1.Glyma.02G209100.1,Glyma.06G101200,Glyma.04G099300,Glyma.14G177300,Glyma.02G209100
Legume.fam3.01518,glyma.Wm82.gnm4.ann1.Glyma.06G095200.1,glyma.Wm82.gnm4.ann1.Glyma.04G093300.1,glyma.Wm82.gnm4.ann1.Glyma.02G211900.4,glyma.Wm82.gnm4.ann1.Glyma.14G179600.1,Glyma.06G095200,Glyma.04G093300,Glyma.02G211900,Glyma.14G179600
Legume.fam3.01519,glyma.Wm82.gnm4.ann1.Glyma.04G091700.1,glyma.Wm82.gnm4.ann1.Glyma.06G093500.1,glyma.Wm82.gnm4.ann1.Glyma.14G181100.1,glyma.Wm82.gnm4.ann1.Glyma.02G213400.1,Glyma.04G091700,Glyma.06G093500,Glyma.14G181100,Glyma.02G213400
Legume.fam3.01520,glyma.Wm82.gnm4.ann1.Glyma.14G181200.1,glyma.Wm82.gnm4.ann1.Glyma.02G213500.1,glyma.Wm82.gnm4.ann1.Glyma.04G091600.1,glyma.Wm82.gnm4.ann1.Glyma.06G093400.1,Glyma.14G181200,Glyma.02G213500,Glyma.04G091600,Glyma.06G093400
Legume.fam3.01523,glyma.Wm82.gnm4.ann1.Glyma.14G134500.1,glyma.Wm82.gnm4.ann1.Glyma.17G198400.1,glyma.Wm82.gnm4.ann1.Glyma.04G075300.1,glyma.Wm82.gnm4.ann1.Glyma.06G076500.3,Glyma.14G134500,Glyma.17G198400,Glyma.04G075300,Glyma.06G076500
Legume.fam3.01524,glyma.Wm82.gnm4.ann1.Glyma.06G063500.1,glyma.Wm82.gnm4.ann1.Glyma.04G062500.2,glyma.Wm82.gnm4.ann1.Glyma.17G217100.1,glyma.Wm82.gnm4.ann1.Glyma.14G110600.1,Glyma.06G063500,Glyma.04G062500,Glyma.17G217100,Glyma.14G110600
Legume.fam3.01525,glyma.Wm82.gnm4.ann1.Glyma.04G061400.1,glyma.Wm82.gnm4.ann1.Glyma.06G061900.3,glyma.Wm82.gnm4.ann1.Glyma.14G103100.1,glyma.Wm82.gnm4.ann1.Glyma.17G222300.1,Glyma.04G061400,Glyma.06G061900,Glyma.14G103100,Glyma.17G222300
Legume.fam3.01527,glyma.Wm82.gnm4.ann1.Glyma.04G056900.1,glyma.Wm82.gnm4.ann1.Glyma.06G057300.1,glyma.Wm82.gnm4.ann1.Glyma.14G107300.1,glyma.Wm82.gnm4.ann1.Glyma.17G219200.1,Glyma.04G056900,Glyma.06G057300,Glyma.14G107300,Glyma.17G219200
Legume.fam3.01528,glyma.Wm82.gnm4.ann1.Glyma.17G226500.3,glyma.Wm82.gnm4.ann1.Glyma.14G098200.1,glyma.Wm82.gnm4.ann1.Glyma.06G056600.2,glyma.Wm82.gnm4.ann1.Glyma.04G056500.2,Glyma.17G226500,Glyma.14G098200,Glyma.06G056600,Glyma.04G056500
Legume.fam3.01529,glyma.Wm82.gnm4.ann1.Glyma.04G047900.1,glyma.Wm82.gnm4.ann1.Glyma.06G049200.1,glyma.Wm82.gnm4.ann1.Glyma.17G232290.1,glyma.Wm82.gnm4.ann1.Glyma.14G089200.1,Glyma.04G047900,Glyma.06G049200,Glyma.17G232290,Glyma.14G089200
Legume.fam3.01531,glyma.Wm82.gnm4.ann1.Glyma.06G042400.1,glyma.Wm82.gnm4.ann1.Glyma.04G041300.1,glyma.Wm82.gnm4.ann1.Glyma.17G239500.1,glyma.Wm82.gnm4.ann1.Glyma.14G085200.1,Glyma.06G042400,Glyma.04G041300,Glyma.17G239500,Glyma.14G085200
Legume.fam3.01537,glyma.Wm82.gnm4.ann1.Glyma.11G228900.1,glyma.Wm82.gnm4.ann1.Glyma.18G028300.1,glyma.Wm82.gnm4.ann1.Glyma.14G059900.1,glyma.Wm82.gnm4.ann1.Glyma.02G256800.1,Glyma.11G228900,Glyma.18G028300,Glyma.14G059900,Glyma.02G256800
Legume.fam3.01540,glyma.Wm82.gnm4.ann1.Glyma.18G037000.1,glyma.Wm82.gnm4.ann1.Glyma.11G220400.1,glyma.Wm82.gnm4.ann1.Glyma.02G249100.1,glyma.Wm82.gnm4.ann1.Glyma.14G067300.1,Glyma.18G037000,Glyma.11G220400,Glyma.02G249100,Glyma.14G067300
Legume.fam3.01541,glyma.Wm82.gnm4.ann1.Glyma.18G040600.1,glyma.Wm82.gnm4.ann1.Glyma.11G216000.1,glyma.Wm82.gnm4.ann1.Glyma.02G244700.1,glyma.Wm82.gnm4.ann1.Glyma.14G214300.1,Glyma.18G040600,Glyma.11G216000,Glyma.02G244700,Glyma.14G214300
Legume.fam3.01542,glyma.Wm82.gnm4.ann1.Glyma.11G214500.1,glyma.Wm82.gnm4.ann1.Glyma.18G042100.1,glyma.Wm82.gnm4.ann1.Glyma.14G212200.1,glyma.Wm82.gnm4.ann1.Glyma.02G242900.3,Glyma.11G214500,Glyma.18G042100,Glyma.14G212200,Glyma.02G242900
Legume.fam3.01543,glyma.Wm82.gnm4.ann1.Glyma.08G332300.1,glyma.Wm82.gnm4.ann1.Glyma.18G074600.1,glyma.Wm82.gnm4.ann1.Glyma.14G011800.1,glyma.Wm82.gnm4.ann1.Glyma.02G302400.1,Glyma.08G332300,Glyma.18G074600,Glyma.14G011800,Glyma.02G302400
Legume.fam3.01544,glyma.Wm82.gnm4.ann1.Glyma.06G003400.1,glyma.Wm82.gnm4.ann1.Glyma.04G003500.1,glyma.Wm82.gnm4.ann1.Glyma.09G218700.2,glyma.Wm82.gnm4.ann1.Glyma.12G033600.1,Glyma.06G003400,Glyma.04G003500,Glyma.09G218700,Glyma.12G033600
Legume.fam3.01547,glyma.Wm82.gnm4.ann1.Glyma.14G104900.1,glyma.Wm82.gnm4.ann1.Glyma.17G221100.1,glyma.Wm82.gnm4.ann1.Glyma.04G059000.1,glyma.Wm82.gnm4.ann1.Glyma.06G059700.2,Glyma.14G104900,Glyma.17G221100,Glyma.04G059000,Glyma.06G059700
Legume.fam3.01550,glyma.Wm82.gnm4.ann1.Glyma.18G056600.1,glyma.Wm82.gnm4.ann1.Glyma.11G163300.1,glyma.Wm82.gnm4.ann1.Glyma.14G200200.1,glyma.Wm82.gnm4.ann1.Glyma.02G232600.1,Glyma.18G056600,Glyma.11G163300,Glyma.14G200200,Glyma.02G232600
Legume.fam3.01551,glyma.Wm82.gnm4.ann1.Glyma.11G186700.1,glyma.Wm82.gnm4.ann1.Glyma.18G052500.1,glyma.Wm82.gnm4.ann1.Glyma.14G204100.1,glyma.Wm82.gnm4.ann1.Glyma.02G236200.1,Glyma.11G186700,Glyma.18G052500,Glyma.14G204100,Glyma.02G236200
Legume.fam3.01552,glyma.Wm82.gnm4.ann1.Glyma.18G081700.1,glyma.Wm82.gnm4.ann1.Glyma.08G325500.1,glyma.Wm82.gnm4.ann1.Glyma.02G297000.2,glyma.Wm82.gnm4.ann1.Glyma.14G016600.8,Glyma.18G081700,Glyma.08G325500,Glyma.02G297000,Glyma.14G016600
Legume.fam3.01553,glyma.Wm82.gnm4.ann1.Glyma.15G047700.1,glyma.Wm82.gnm4.ann1.Glyma.08G185000.1,glyma.Wm82.gnm4.ann1.Glyma.15G047000.1,glyma.Wm82.gnm4.ann1.Glyma.08G185800.1,Glyma.15G047700,Glyma.08G185000,Glyma.15G047000,Glyma.08G185800
Legume.fam3.01557,glyma.Wm82.gnm4.ann1.Glyma.13G256300.1,glyma.Wm82.gnm4.ann1.Glyma.15G058400.1,glyma.Wm82.gnm4.ann1.Glyma.07G182400.1,glyma.Wm82.gnm4.ann1.Glyma.08G067400.1,Glyma.13G256300,Glyma.15G058400,Glyma.07G182400,Glyma.08G067400
Legume.fam3.01558,glyma.Wm82.gnm4.ann1.Glyma.07G189100.1,glyma.Wm82.gnm4.ann1.Glyma.08G060200.1,glyma.Wm82.gnm4.ann1.Glyma.15G066600.6,glyma.Wm82.gnm4.ann1.Glyma.13G247400.4,Glyma.07G189100,Glyma.08G060200,Glyma.15G066600,Glyma.13G247400
Legume.fam3.01559,glyma.Wm82.gnm4.ann1.Glyma.07G192400.1,glyma.Wm82.gnm4.ann1.Glyma.13G184000.1,glyma.Wm82.gnm4.ann1.Glyma.15G069700.1,glyma.Wm82.gnm4.ann1.Glyma.13G244000.1,Glyma.07G192400,Glyma.13G184000,Glyma.15G069700,Glyma.13G244000
Legume.fam3.01561,glyma.Wm82.gnm4.ann1.Glyma.13G179300.1,glyma.Wm82.gnm4.ann1.Glyma.07G197000.1,glyma.Wm82.gnm4.ann1.Glyma.13G238800.1,glyma.Wm82.gnm4.ann1.Glyma.15G074500.1,Glyma.13G179300,Glyma.07G197000,Glyma.13G238800,Glyma.15G074500
Legume.fam3.01564,glyma.Wm82.gnm4.ann1.Glyma.13G174000.1,glyma.Wm82.gnm4.ann1.Glyma.07G202200.1,glyma.Wm82.gnm4.ann1.Glyma.13G234200.2,glyma.Wm82.gnm4.ann1.Glyma.15G078800.2,Glyma.13G174000,Glyma.07G202200,Glyma.13G234200,Glyma.15G078800
Legume.fam3.01565,glyma.Wm82.gnm4.ann1.Glyma.10G069700.1,glyma.Wm82.gnm4.ann1.Glyma.13G152644.1,glyma.Wm82.gnm4.ann1.Glyma.13G172700.1,glyma.Wm82.gnm4.ann1.Glyma.07G203000.1,Glyma.10G069700,Glyma.13G152644,Glyma.13G172700,Glyma.07G203000
Legume.fam3.01566,glyma.Wm82.gnm4.ann1.Glyma.08G116500.1,glyma.Wm82.gnm4.ann1.Glyma.05G158700.1,glyma.Wm82.gnm4.ann1.Glyma.15G084100.1,glyma.Wm82.gnm4.ann1.Glyma.13G228400.1,Glyma.08G116500,Glyma.05G158700,Glyma.15G084100,Glyma.13G228400
Legume.fam3.01571,glyma.Wm82.gnm4.ann1.Glyma.09G261700.1,glyma.Wm82.gnm4.ann1.Glyma.18G230500.1,glyma.Wm82.gnm4.ann1.Glyma.07G073100.1,glyma.Wm82.gnm4.ann1.Glyma.03G013400.1,Glyma.09G261700,Glyma.18G230500,Glyma.07G073100,Glyma.03G013400
Legume.fam3.01572,glyma.Wm82.gnm4.ann1.Glyma.03G259300.1,glyma.Wm82.gnm4.ann1.Glyma.19G258100.1,glyma.Wm82.gnm4.ann1.Glyma.16G021700.2,glyma.Wm82.gnm4.ann1.Glyma.07G052700.1,Glyma.03G259300,Glyma.19G258100,Glyma.16G021700,Glyma.07G052700
Legume.fam3.01574,glyma.Wm82.gnm4.ann1.Glyma.07G013600.1,glyma.Wm82.gnm4.ann1.Glyma.08G197600.1,glyma.Wm82.gnm4.ann1.Glyma.13G352600.1,glyma.Wm82.gnm4.ann1.Glyma.15G022000.2,Glyma.07G013600,Glyma.08G197600,Glyma.13G352600,Glyma.15G022000
Legume.fam3.01576,glyma.Wm82.gnm4.ann1.Glyma.07G015200.1,glyma.Wm82.gnm4.ann1.Glyma.08G200700.1,glyma.Wm82.gnm4.ann1.Glyma.13G354100.11,glyma.Wm82.gnm4.ann1.Glyma.15G020300.1,Glyma.07G015200,Glyma.08G200700,Glyma.13G354100,Glyma.15G020300
Legume.fam3.01577,glyma.Wm82.gnm4.ann1.Glyma.08G201100.1,glyma.Wm82.gnm4.ann1.Glyma.07G015600.1,glyma.Wm82.gnm4.ann1.Glyma.13G354700.1,glyma.Wm82.gnm4.ann1.Glyma.15G019500.1,Glyma.08G201100,Glyma.07G015600,Glyma.13G354700,Glyma.15G019500
Legume.fam3.01581,glyma.Wm82.gnm4.ann1.Glyma.09G266500.3,glyma.Wm82.gnm4.ann1.Glyma.18G224200.1,glyma.Wm82.gnm4.ann1.Glyma.07G081600.1,glyma.Wm82.gnm4.ann1.Glyma.03G019700.1,Glyma.09G266500,Glyma.18G224200,Glyma.07G081600,Glyma.03G019700
Legume.fam3.01583,glyma.Wm82.gnm4.ann1.Glyma.07G142000.1,glyma.Wm82.gnm4.ann1.Glyma.18G192800.1,glyma.Wm82.gnm4.ann1.Glyma.03G073768.1,glyma.Wm82.gnm4.ann1.Glyma.01G108000.1,Glyma.07G142000,Glyma.18G192800,Glyma.03G073768,Glyma.01G108000
Legume.fam3.01584,glyma.Wm82.gnm4.ann1.Glyma.01G113200.1,glyma.Wm82.gnm4.ann1.Glyma.03G078600.1,glyma.Wm82.gnm4.ann1.Glyma.07G146800.1,glyma.Wm82.gnm4.ann1.Glyma.18G197800.2,Glyma.01G113200,Glyma.03G078600,Glyma.07G146800,Glyma.18G197800
Legume.fam3.01585,glyma.Wm82.gnm4.ann1.Glyma.18G233700.1,glyma.Wm82.gnm4.ann1.Glyma.09G258900.1,glyma.Wm82.gnm4.ann1.Glyma.07G069800.13,glyma.Wm82.gnm4.ann1.Glyma.03G008500.1,Glyma.18G233700,Glyma.09G258900,Glyma.07G069800,Glyma.03G008500
Legume.fam3.01586,glyma.Wm82.gnm4.ann1.Glyma.09G276400.1,glyma.Wm82.gnm4.ann1.Glyma.18G215300.2,glyma.Wm82.gnm4.ann1.Glyma.03G036600.1,glyma.Wm82.gnm4.ann1.Glyma.01G131900.1,Glyma.09G276400,Glyma.18G215300,Glyma.03G036600,Glyma.01G131900
Legume.fam3.01587,glyma.Wm82.gnm4.ann1.Glyma.05G027000.1,glyma.Wm82.gnm4.ann1.Glyma.17G099800.1,glyma.Wm82.gnm4.ann1.Glyma.04G170100.1,glyma.Wm82.gnm4.ann1.Glyma.06G193600.1,Glyma.05G027000,Glyma.17G099800,Glyma.04G170100,Glyma.06G193600
Legume.fam3.01589,glyma.Wm82.gnm4.ann1.Glyma.06G178900.3,glyma.Wm82.gnm4.ann1.Glyma.04G186900.1,glyma.Wm82.gnm4.ann1.Glyma.05G040500.1,glyma.Wm82.gnm4.ann1.Glyma.17G086300.1,Glyma.06G178900,Glyma.04G186900,Glyma.05G040500,Glyma.17G086300
Legume.fam3.01591,glyma.Wm82.gnm4.ann1.Glyma.06G175900.1,glyma.Wm82.gnm4.ann1.Glyma.04G189600.1,glyma.Wm82.gnm4.ann1.Glyma.05G042700.1,glyma.Wm82.gnm4.ann1.Glyma.17G125500.1,Glyma.06G175900,Glyma.04G189600,Glyma.05G042700,Glyma.17G125500
Legume.fam3.01592,glyma.Wm82.gnm4.ann1.Glyma.17G125700.1,glyma.Wm82.gnm4.ann1.Glyma.05G043200.1,glyma.Wm82.gnm4.ann1.Glyma.06G175400.1,glyma.Wm82.gnm4.ann1.Glyma.04G190100.2,Glyma.17G125700,Glyma.05G043200,Glyma.06G175400,Glyma.04G190100
Legume.fam3.01593,glyma.Wm82.gnm4.ann1.Glyma.17G126800.1,glyma.Wm82.gnm4.ann1.Glyma.05G044300.1,glyma.Wm82.gnm4.ann1.Glyma.04G192100.1,glyma.Wm82.gnm4.ann1.Glyma.06G173700.1,Glyma.17G126800,Glyma.05G044300,Glyma.04G192100,Glyma.06G173700
Legume.fam3.01595,glyma.Wm82.gnm4.ann1.Glyma.08G005600.2,glyma.Wm82.gnm4.ann1.Glyma.05G198300.1,glyma.Wm82.gnm4.ann1.Glyma.04G204400.1,glyma.Wm82.gnm4.ann1.Glyma.06G161200.1,Glyma.08G005600,Glyma.05G198300,Glyma.04G204400,Glyma.06G161200
Legume.fam3.01603,glyma.Wm82.gnm4.ann1.Glyma.08G137500.2,glyma.Wm82.gnm4.ann1.Glyma.05G179800.2,glyma.Wm82.gnm4.ann1.Glyma.11G239300.3,glyma.Wm82.gnm4.ann1.Glyma.18G018100.1,Glyma.08G137500,Glyma.05G179800,Glyma.11G239300,Glyma.18G018100
Legume.fam3.01604,glyma.Wm82.gnm4.ann1.Glyma.05G175600.1,glyma.Wm82.gnm4.ann1.Glyma.08G132800.1,glyma.Wm82.gnm4.ann1.Glyma.18G014900.1,glyma.Wm82.gnm4.ann1.Glyma.11G242200.1,Glyma.05G175600,Glyma.08G132800,Glyma.18G014900,Glyma.11G242200
Legume.fam3.01611,glyma.Wm82.gnm4.ann1.Glyma.17G023600.2,glyma.Wm82.gnm4.ann1.Glyma.07G250700.1,glyma.Wm82.gnm4.ann1.Glyma.15G097000.2,glyma.Wm82.gnm4.ann1.Glyma.13G215900.2,Glyma.17G023600,Glyma.07G250700,Glyma.15G097000,Glyma.13G215900
Legume.fam3.01612,glyma.Wm82.gnm4.ann1.Glyma.15G154300.3,glyma.Wm82.gnm4.ann1.Glyma.09G046800.6,glyma.Wm82.gnm4.ann1.Glyma.07G249700.4,glyma.Wm82.gnm4.ann1.Glyma.17G024700.5,Glyma.15G154300,Glyma.09G046800,Glyma.07G249700,Glyma.17G024700
Legume.fam3.01614,glyma.Wm82.gnm4.ann1.Glyma.15G148800.2,glyma.Wm82.gnm4.ann1.Glyma.09G044300.1,glyma.Wm82.gnm4.ann1.Glyma.17G027200.1,glyma.Wm82.gnm4.ann1.Glyma.07G246800.1,Glyma.15G148800,Glyma.09G044300,Glyma.17G027200,Glyma.07G246800
Legume.fam3.01615,glyma.Wm82.gnm4.ann1.Glyma.17G027500.1,glyma.Wm82.gnm4.ann1.Glyma.07G246500.1,glyma.Wm82.gnm4.ann1.Glyma.09G043300.1,glyma.Wm82.gnm4.ann1.Glyma.15G149700.1,Glyma.17G027500,Glyma.07G246500,Glyma.09G043300,Glyma.15G149700
Legume.fam3.01617,glyma.Wm82.gnm4.ann1.Glyma.09G034500.1,glyma.Wm82.gnm4.ann1.Glyma.15G139200.1,glyma.Wm82.gnm4.ann1.Glyma.07G238300.1,glyma.Wm82.gnm4.ann1.Glyma.17G035200.1,Glyma.09G034500,Glyma.15G139200,Glyma.07G238300,Glyma.17G035200
Legume.fam3.01618,glyma.Wm82.gnm4.ann1.Glyma.17G040000.2,glyma.Wm82.gnm4.ann1.Glyma.07G234500.1,glyma.Wm82.gnm4.ann1.Glyma.15G189200.3,glyma.Wm82.gnm4.ann1.Glyma.09G081800.1,Glyma.17G040000,Glyma.07G234500,Glyma.15G189200,Glyma.09G081800
Legume.fam3.01622,glyma.Wm82.gnm4.ann1.Glyma.10G127800.1,glyma.Wm82.gnm4.ann1.Glyma.20G079300.1,glyma.Wm82.gnm4.ann1.Glyma.10G193200.1,glyma.Wm82.gnm4.ann1.Glyma.20G197100.1,Glyma.10G127800,Glyma.20G079300,Glyma.10G193200,Glyma.20G197100
Legume.fam3.01624,glyma.Wm82.gnm4.ann1.Glyma.12G206600.1,glyma.Wm82.gnm4.ann1.Glyma.13G294300.1,glyma.Wm82.gnm4.ann1.Glyma.12G117700.1,glyma.Wm82.gnm4.ann1.Glyma.06G289300.1,Glyma.12G206600,Glyma.13G294300,Glyma.12G117700,Glyma.06G289300
Legume.fam3.01626,glyma.Wm82.gnm4.ann1.Glyma.16G126900.1,glyma.Wm82.gnm4.ann1.Glyma.02G047400.1,glyma.Wm82.gnm4.ann1.Glyma.11G077800.1,glyma.Wm82.gnm4.ann1.Glyma.01G165400.1,Glyma.16G126900,Glyma.02G047400,Glyma.11G077800,Glyma.01G165400
Legume.fam3.01631,glyma.Wm82.gnm4.ann1.Glyma.02G059200.1,glyma.Wm82.gnm4.ann1.Glyma.16G142100.1,glyma.Wm82.gnm4.ann1.Glyma.01G178500.1,glyma.Wm82.gnm4.ann1.Glyma.11G063700.2,Glyma.02G059200,Glyma.16G142100,Glyma.01G178500,Glyma.11G063700
Legume.fam3.01632,glyma.Wm82.gnm4.ann1.Glyma.11G056700.1,glyma.Wm82.gnm4.ann1.Glyma.01G185400.1,glyma.Wm82.gnm4.ann1.Glyma.05G085000.1,glyma.Wm82.gnm4.ann1.Glyma.17G175700.1,Glyma.11G056700,Glyma.01G185400,Glyma.05G085000,Glyma.17G175700
Legume.fam3.01633,glyma.Wm82.gnm4.ann1.Glyma.11G054200.1,glyma.Wm82.gnm4.ann1.Glyma.01G187900.2,glyma.Wm82.gnm4.ann1.Glyma.17G170900.11,glyma.Wm82.gnm4.ann1.Glyma.05G093000.3,Glyma.11G054200,Glyma.01G187900,Glyma.17G170900,Glyma.05G093000
Legume.fam3.01634,glyma.Wm82.gnm4.ann1.Glyma.11G053900.2,glyma.Wm82.gnm4.ann1.Glyma.01G188200.5,glyma.Wm82.gnm4.ann1.Glyma.17G170600.1,glyma.Wm82.gnm4.ann1.Glyma.05G091800.1,Glyma.11G053900,Glyma.01G188200,Glyma.17G170600,Glyma.05G091800
Legume.fam3.01635,glyma.Wm82.gnm4.ann1.Glyma.05G106000.1,glyma.Wm82.gnm4.ann1.Glyma.17G160500.8,glyma.Wm82.gnm4.ann1.Glyma.01G194600.1,glyma.Wm82.gnm4.ann1.Glyma.11G047300.1,Glyma.05G106000,Glyma.17G160500,Glyma.01G194600,Glyma.11G047300
Legume.fam3.01636,glyma.Wm82.gnm4.ann1.Glyma.05G070600.1,glyma.Wm82.gnm4.ann1.Glyma.17G153300.1,glyma.Wm82.gnm4.ann1.Glyma.11G042000.1,glyma.Wm82.gnm4.ann1.Glyma.01G200100.1,Glyma.05G070600,Glyma.17G153300,Glyma.11G042000,Glyma.01G200100
Legume.fam3.01639,glyma.Wm82.gnm4.ann1.Glyma.17G135500.2,glyma.Wm82.gnm4.ann1.Glyma.05G053100.2,glyma.Wm82.gnm4.ann1.Glyma.11G029600.1,glyma.Wm82.gnm4.ann1.Glyma.01G212200.1,Glyma.17G135500,Glyma.05G053100,Glyma.11G029600,Glyma.01G212200
Legume.fam3.01642,glyma.Wm82.gnm4.ann1.Glyma.11G026000.1,glyma.Wm82.gnm4.ann1.Glyma.01G217300.1,glyma.Wm82.gnm4.ann1.Glyma.17G130700.1,glyma.Wm82.gnm4.ann1.Glyma.05G048800.1,Glyma.11G026000,Glyma.01G217300,Glyma.17G130700,Glyma.05G048800
Legume.fam3.01643,glyma.Wm82.gnm4.ann1.Glyma.05G211200.1,glyma.Wm82.gnm4.ann1.Glyma.08G017600.1,glyma.Wm82.gnm4.ann1.Glyma.01G222200.1,glyma.Wm82.gnm4.ann1.Glyma.11G021600.1,Glyma.05G211200,Glyma.08G017600,Glyma.01G222200,Glyma.11G021600
Legume.fam3.01644,glyma.Wm82.gnm4.ann1.Glyma.06G303502.1,glyma.Wm82.gnm4.ann1.Glyma.12G100400.1,glyma.Wm82.gnm4.ann1.Glyma.13G308000.3,glyma.Wm82.gnm4.ann1.Glyma.12G194600.3,Glyma.06G303502,Glyma.12G100400,Glyma.13G308000,Glyma.12G194600
Legume.fam3.01648,glyma.Wm82.gnm4.ann1.Glyma.12G193600.1,glyma.Wm82.gnm4.ann1.Glyma.13G308900.1,glyma.Wm82.gnm4.ann1.Glyma.12G098600.1,glyma.Wm82.gnm4.ann1.Glyma.06G306000.1,Glyma.12G193600,Glyma.13G308900,Glyma.12G098600,Glyma.06G306000
Legume.fam3.01649,glyma.Wm82.gnm4.ann1.Glyma.01G097900.1,glyma.Wm82.gnm4.ann1.Glyma.08G273400.2,glyma.Wm82.gnm4.ann1.Glyma.09G203400.3,glyma.Wm82.gnm4.ann1.Glyma.01G019300.1,Glyma.01G097900,Glyma.08G273400,Glyma.09G203400,Glyma.01G019300
Legume.fam3.01650,glyma.Wm82.gnm4.ann1.Glyma.01G022500.1,glyma.Wm82.gnm4.ann1.Glyma.09G199800.1,glyma.Wm82.gnm4.ann1.Glyma.18G148000.1,glyma.Wm82.gnm4.ann1.Glyma.08G279000.1,Glyma.01G022500,Glyma.09G199800,Glyma.18G148000,Glyma.08G279000
Legume.fam3.01651,glyma.Wm82.gnm4.ann1.Glyma.02G035300.3,glyma.Wm82.gnm4.ann1.Glyma.01G030200.1,glyma.Wm82.gnm4.ann1.Glyma.18G138700.3,glyma.Wm82.gnm4.ann1.Glyma.08G286600.1,Glyma.02G035300,Glyma.01G030200,Glyma.18G138700,Glyma.08G286600
Legume.fam3.01652,glyma.Wm82.gnm4.ann1.Glyma.12G096300.2,glyma.Wm82.gnm4.ann1.Glyma.06G308600.4,glyma.Wm82.gnm4.ann1.Glyma.12G190700.1,glyma.Wm82.gnm4.ann1.Glyma.13G311000.1,Glyma.12G096300,Glyma.06G308600,Glyma.12G190700,Glyma.13G311000
Legume.fam3.01653,glyma.Wm82.gnm4.ann1.Glyma.01G031700.1,glyma.Wm82.gnm4.ann1.Glyma.02G033900.1,glyma.Wm82.gnm4.ann1.Glyma.08G288100.1,glyma.Wm82.gnm4.ann1.Glyma.18G137100.1,Glyma.01G031700,Glyma.02G033900,Glyma.08G288100,Glyma.18G137100
Legume.fam3.01655,glyma.Wm82.gnm4.ann1.Glyma.01G038800.1,glyma.Wm82.gnm4.ann1.Glyma.02G025900.1,glyma.Wm82.gnm4.ann1.Glyma.08G293400.1,glyma.Wm82.gnm4.ann1.Glyma.18G129700.1,Glyma.01G038800,Glyma.02G025900,Glyma.08G293400,Glyma.18G129700
Legume.fam3.01656,glyma.Wm82.gnm4.ann1.Glyma.08G291000.1,glyma.Wm82.gnm4.ann1.Glyma.18G133100.1,glyma.Wm82.gnm4.ann1.Glyma.01G035600.1,glyma.Wm82.gnm4.ann1.Glyma.02G030200.1,Glyma.08G291000,Glyma.18G133100,Glyma.01G035600,Glyma.02G030200
Legume.fam3.01659,glyma.Wm82.gnm4.ann1.Glyma.07G229100.1,glyma.Wm82.gnm4.ann1.Glyma.20G033300.1,glyma.Wm82.gnm4.ann1.Glyma.02G109800.1,glyma.Wm82.gnm4.ann1.Glyma.01G051300.1,Glyma.07G229100,Glyma.20G033300,Glyma.02G109800,Glyma.01G051300
Legume.fam3.01661,glyma.Wm82.gnm4.ann1.Glyma.20G186500.1,glyma.Wm82.gnm4.ann1.Glyma.10G204200.1,glyma.Wm82.gnm4.ann1.Glyma.01G086700.1,glyma.Wm82.gnm4.ann1.Glyma.02G098800.1,Glyma.20G186500,Glyma.10G204200,Glyma.01G086700,Glyma.02G098800
Legume.fam3.01662,glyma.Wm82.gnm4.ann1.Glyma.12G184500.1,glyma.Wm82.gnm4.ann1.Glyma.13G316900.1,glyma.Wm82.gnm4.ann1.Glyma.11G183700.1,glyma.Wm82.gnm4.ann1.Glyma.12G088700.1,Glyma.12G184500,Glyma.13G316900,Glyma.11G183700,Glyma.12G088700
Legume.fam3.01664,glyma.Wm82.gnm4.ann1.Glyma.11G191900.3,glyma.Wm82.gnm4.ann1.Glyma.12G082400.2,glyma.Wm82.gnm4.ann1.Glyma.12G179300.24,glyma.Wm82.gnm4.ann1.Glyma.13G321300.68,Glyma.11G191900,Glyma.12G082400,Glyma.12G179300,Glyma.13G321300
Legume.fam3.01665,glyma.Wm82.gnm4.ann1.Glyma.12G177500.1,glyma.Wm82.gnm4.ann1.Glyma.13G323200.1,glyma.Wm82.gnm4.ann1.Glyma.11G194700.1,glyma.Wm82.gnm4.ann1.Glyma.12G079400.1,Glyma.12G177500,Glyma.13G323200,Glyma.11G194700,Glyma.12G079400
Legume.fam3.01667,glyma.Wm82.gnm4.ann1.Glyma.13G325100.1,glyma.Wm82.gnm4.ann1.Glyma.12G174200.1,glyma.Wm82.gnm4.ann1.Glyma.12G076500.1,glyma.Wm82.gnm4.ann1.Glyma.11G145400.1,Glyma.13G325100,Glyma.12G174200,Glyma.12G076500,Glyma.11G145400
Legume.fam3.01668,glyma.Wm82.gnm4.ann1.Glyma.13G335200.3,glyma.Wm82.gnm4.ann1.Glyma.15G039300.1,glyma.Wm82.gnm4.ann1.Glyma.11G140200.3,glyma.Wm82.gnm4.ann1.Glyma.12G063800.1,Glyma.13G335200,Glyma.15G039300,Glyma.11G140200,Glyma.12G063800
Legume.fam3.01669,glyma.Wm82.gnm4.ann1.Glyma.15G037700.1,glyma.Wm82.gnm4.ann1.Glyma.13G336600.1,glyma.Wm82.gnm4.ann1.Glyma.12G062700.1,glyma.Wm82.gnm4.ann1.Glyma.11G139100.1,Glyma.15G037700,Glyma.13G336600,Glyma.12G062700,Glyma.11G139100
Legume.fam3.01670,glyma.Wm82.gnm4.ann1.Glyma.16G133300.1,glyma.Wm82.gnm4.ann1.Glyma.02G053200.1,glyma.Wm82.gnm4.ann1.Glyma.01G171200.1,glyma.Wm82.gnm4.ann1.Glyma.11G071900.3,Glyma.16G133300,Glyma.02G053200,Glyma.01G171200,Glyma.11G071900
Legume.fam3.01674,glyma.Wm82.gnm4.ann1.Glyma.18G119600.1,glyma.Wm82.gnm4.ann1.Glyma.08G300700.3,glyma.Wm82.gnm4.ann1.Glyma.01G046700.1,glyma.Wm82.gnm4.ann1.Glyma.02G106900.1,Glyma.18G119600,Glyma.08G300700,Glyma.01G046700,Glyma.02G106900
Legume.fam3.01675,glyma.Wm82.gnm4.ann1.Glyma.11G088900.1,glyma.Wm82.gnm4.ann1.Glyma.01G155900.1,glyma.Wm82.gnm4.ann1.Glyma.09G195100.1,glyma.Wm82.gnm4.ann1.Glyma.16G116000.1,Glyma.11G088900,Glyma.01G155900,Glyma.09G195100,Glyma.16G116000
Legume.fam3.01678,glyma.Wm82.gnm4.ann1.Glyma.09G010600.4,glyma.Wm82.gnm4.ann1.Glyma.15G115100.1,glyma.Wm82.gnm4.ann1.Glyma.07G265800.7,glyma.Wm82.gnm4.ann1.Glyma.17G008200.1,Glyma.09G010600,Glyma.15G115100,Glyma.07G265800,Glyma.17G008200
Legume.fam3.01679,glyma.Wm82.gnm4.ann1.Glyma.15G116300.1,glyma.Wm82.gnm4.ann1.Glyma.09G011800.2,glyma.Wm82.gnm4.ann1.Glyma.07G266500.1,glyma.Wm82.gnm4.ann1.Glyma.17G007600.1,Glyma.15G116300,Glyma.09G011800,Glyma.07G266500,Glyma.17G007600
Legume.fam3.01685,glyma.Wm82.gnm4.ann1.Glyma.13G106700.27,glyma.Wm82.gnm4.ann1.Glyma.17G052600.1,glyma.Wm82.gnm4.ann1.Glyma.09G066400.1,glyma.Wm82.gnm4.ann1.Glyma.15G172400.12,Glyma.13G106700,Glyma.17G052600,Glyma.09G066400,Glyma.15G172400
Legume.fam3.01686,glyma.Wm82.gnm4.ann1.Glyma.09G034800.1,glyma.Wm82.gnm4.ann1.Glyma.15G139500.1,glyma.Wm82.gnm4.ann1.Glyma.17G034500.1,glyma.Wm82.gnm4.ann1.Glyma.07G239000.1,Glyma.09G034800,Glyma.15G139500,Glyma.17G034500,Glyma.07G239000
Legume.fam3.01687,glyma.Wm82.gnm4.ann1.Glyma.10G003400.5,glyma.Wm82.gnm4.ann1.Glyma.02G005100.3,glyma.Wm82.gnm4.ann1.Glyma.10G244600.1,glyma.Wm82.gnm4.ann1.Glyma.20G149800.1,Glyma.10G003400,Glyma.02G005100,Glyma.10G244600,Glyma.20G149800
Legume.fam3.01690,glyma.Wm82.gnm4.ann1.Glyma.06G296800.2,glyma.Wm82.gnm4.ann1.Glyma.12G108400.5,glyma.Wm82.gnm4.ann1.Glyma.12G202201.1,glyma.Wm82.gnm4.ann1.Glyma.13G300000.7,Glyma.06G296800,Glyma.12G108400,Glyma.12G202201,Glyma.13G300000
Legume.fam3.01691,glyma.Wm82.gnm4.ann1.Glyma.01G228900.1,glyma.Wm82.gnm4.ann1.Glyma.11G011700.1,glyma.Wm82.gnm4.ann1.Glyma.12G018500.1,glyma.Wm82.gnm4.ann1.Glyma.11G092200.1,Glyma.01G228900,Glyma.11G011700,Glyma.12G018500,Glyma.11G092200
Legume.fam3.01692,glyma.Wm82.gnm4.ann1.Glyma.09G017000.2,glyma.Wm82.gnm4.ann1.Glyma.15G122600.1,glyma.Wm82.gnm4.ann1.Glyma.17G003900.1,glyma.Wm82.gnm4.ann1.Glyma.07G269900.1,Glyma.09G017000,Glyma.15G122600,Glyma.17G003900,Glyma.07G269900
Legume.fam3.01693,glyma.Wm82.gnm4.ann1.Glyma.08G100100.3,glyma.Wm82.gnm4.ann1.Glyma.05G143800.5,glyma.Wm82.gnm4.ann1.Glyma.13G221400.1,glyma.Wm82.gnm4.ann1.Glyma.15G091000.1,Glyma.08G100100,Glyma.05G143800,Glyma.13G221400,Glyma.15G091000
Legume.fam3.01694,glyma.Wm82.gnm4.ann1.Glyma.18G286600.1,glyma.Wm82.gnm4.ann1.Glyma.02G094800.1,glyma.Wm82.gnm4.ann1.Glyma.10G290800.3,glyma.Wm82.gnm4.ann1.Glyma.20G239800.1,Glyma.18G286600,Glyma.02G094800,Glyma.10G290800,Glyma.20G239800
Legume.fam3.01702,glyma.Wm82.gnm4.ann1.Glyma.01G121000.1,glyma.Wm82.gnm4.ann1.Glyma.03G056900.3,glyma.Wm82.gnm4.ann1.Glyma.18G202400.1,glyma.Wm82.gnm4.ann1.Glyma.07G151100.1,Glyma.01G121000,Glyma.03G056900,Glyma.18G202400,Glyma.07G151100
Legume.fam3.01704,glyma.Wm82.gnm4.ann1.Glyma.09G275100.1,glyma.Wm82.gnm4.ann1.Glyma.18G214000.2,glyma.Wm82.gnm4.ann1.Glyma.01G132866.1,glyma.Wm82.gnm4.ann1.Glyma.03G035300.1,Glyma.09G275100,Glyma.18G214000,Glyma.01G132866,Glyma.03G035300
Legume.fam3.01707,glyma.Wm82.gnm4.ann1.Glyma.20G168800.1,glyma.Wm82.gnm4.ann1.Glyma.10G222900.1,glyma.Wm82.gnm4.ann1.Glyma.02G079900.1,glyma.Wm82.gnm4.ann1.Glyma.16G164500.1,Glyma.20G168800,Glyma.10G222900,Glyma.02G079900,Glyma.16G164500
Legume.fam3.01708,glyma.Wm82.gnm4.ann1.Glyma.20G166100.2,glyma.Wm82.gnm4.ann1.Glyma.10G225900.2,glyma.Wm82.gnm4.ann1.Glyma.16G168200.1,glyma.Wm82.gnm4.ann1.Glyma.02G082500.1,Glyma.20G166100,Glyma.10G225900,Glyma.16G168200,Glyma.02G082500
Legume.fam3.01713,glyma.Wm82.gnm4.ann1.Glyma.13G362400.1,glyma.Wm82.gnm4.ann1.Glyma.15G011400.2,glyma.Wm82.gnm4.ann1.Glyma.07G033000.1,glyma.Wm82.gnm4.ann1.Glyma.08G209200.1,Glyma.13G362400,Glyma.15G011400,Glyma.07G033000,Glyma.08G209200
Legume.fam3.01718,glyma.Wm82.gnm4.ann1.Glyma.08G240700.1,glyma.Wm82.gnm4.ann1.Glyma.18G263300.1,glyma.Wm82.gnm4.ann1.Glyma.13G060300.1,glyma.Wm82.gnm4.ann1.Glyma.19G026200.1,Glyma.08G240700,Glyma.18G263300,Glyma.13G060300,Glyma.19G026200
Legume.fam3.01719,glyma.Wm82.gnm4.ann1.Glyma.08G243100.1,glyma.Wm82.gnm4.ann1.Glyma.18G265200.1,glyma.Wm82.gnm4.ann1.Glyma.19G028600.1,glyma.Wm82.gnm4.ann1.Glyma.13G057600.1,Glyma.08G243100,Glyma.18G265200,Glyma.19G028600,Glyma.13G057600
Legume.fam3.01720,glyma.Wm82.gnm4.ann1.Glyma.19G030900.1,glyma.Wm82.gnm4.ann1.Glyma.13G056000.1,glyma.Wm82.gnm4.ann1.Glyma.08G247300.1,glyma.Wm82.gnm4.ann1.Glyma.18G268700.1,Glyma.19G030900,Glyma.13G056000,Glyma.08G247300,Glyma.18G268700
Legume.fam3.01721,glyma.Wm82.gnm4.ann1.Glyma.20G157200.4,glyma.Wm82.gnm4.ann1.Glyma.10G237400.1,glyma.Wm82.gnm4.ann1.Glyma.09G142100.12,glyma.Wm82.gnm4.ann1.Glyma.16G195400.1,Glyma.20G157200,Glyma.10G237400,Glyma.09G142100,Glyma.16G195400
Legume.fam3.01722,glyma.Wm82.gnm4.ann1.Glyma.20G156200.1,glyma.Wm82.gnm4.ann1.Glyma.10G238300.1,glyma.Wm82.gnm4.ann1.Glyma.09G143900.1,glyma.Wm82.gnm4.ann1.Glyma.16G196900.1,Glyma.20G156200,Glyma.10G238300,Glyma.09G143900,Glyma.16G196900
Legume.fam3.01724,glyma.Wm82.gnm4.ann1.Glyma.09G146800.1,glyma.Wm82.gnm4.ann1.Glyma.16G198700.1,glyma.Wm82.gnm4.ann1.Glyma.20G155500.1,glyma.Wm82.gnm4.ann1.Glyma.10G239000.1,Glyma.09G146800,Glyma.16G198700,Glyma.20G155500,Glyma.10G239000
Legume.fam3.01725,glyma.Wm82.gnm4.ann1.Glyma.20G153900.2,glyma.Wm82.gnm4.ann1.Glyma.10G240800.3,glyma.Wm82.gnm4.ann1.Glyma.09G148900.2,glyma.Wm82.gnm4.ann1.Glyma.16G200600.1,Glyma.20G153900,Glyma.10G240800,Glyma.09G148900,Glyma.16G200600
Legume.fam3.01726,glyma.Wm82.gnm4.ann1.Glyma.10G241500.1,glyma.Wm82.gnm4.ann1.Glyma.20G152800.2,glyma.Wm82.gnm4.ann1.Glyma.09G150100.1,glyma.Wm82.gnm4.ann1.Glyma.16G201500.1,Glyma.10G241500,Glyma.20G152800,Glyma.09G150100,Glyma.16G201500
Legume.fam3.01728,glyma.Wm82.gnm4.ann1.Glyma.05G247300.1,glyma.Wm82.gnm4.ann1.Glyma.08G055700.1,glyma.Wm82.gnm4.ann1.Glyma.09G173800.2,glyma.Wm82.gnm4.ann1.Glyma.07G103500.1,Glyma.05G247300,Glyma.08G055700,Glyma.09G173800,Glyma.07G103500
Legume.fam3.01734,glyma.Wm82.gnm4.ann1.Glyma.08G035900.1,glyma.Wm82.gnm4.ann1.Glyma.05G228850.1,glyma.Wm82.gnm4.ann1.Glyma.01G146000.1,glyma.Wm82.gnm4.ann1.Glyma.09G193500.1,Glyma.08G035900,Glyma.05G228850,Glyma.01G146000,Glyma.09G193500
Legume.fam3.01735,glyma.Wm82.gnm4.ann1.Glyma.05G228700.1,glyma.Wm82.gnm4.ann1.Glyma.08G035700.1,glyma.Wm82.gnm4.ann1.Glyma.01G146100.7,glyma.Wm82.gnm4.ann1.Glyma.09G193600.1,Glyma.05G228700,Glyma.08G035700,Glyma.01G146100,Glyma.09G193600
Legume.fam3.01737,glyma.Wm82.gnm4.ann1.Glyma.01G005400.1,glyma.Wm82.gnm4.ann1.Glyma.07G126400.1,glyma.Wm82.gnm4.ann1.Glyma.08G031700.1,glyma.Wm82.gnm4.ann1.Glyma.05G224900.1,Glyma.01G005400,Glyma.07G126400,Glyma.08G031700,Glyma.05G224900
Legume.fam3.01740,glyma.Wm82.gnm4.ann1.Glyma.13G063200.1,glyma.Wm82.gnm4.ann1.Glyma.19G022100.1,glyma.Wm82.gnm4.ann1.Glyma.09G238800.1,glyma.Wm82.gnm4.ann1.Glyma.18G259100.1,Glyma.13G063200,Glyma.19G022100,Glyma.09G238800,Glyma.18G259100
Legume.fam3.01741,glyma.Wm82.gnm4.ann1.Glyma.09G240600.1,glyma.Wm82.gnm4.ann1.Glyma.18G255700.1,glyma.Wm82.gnm4.ann1.Glyma.13G064900.1,glyma.Wm82.gnm4.ann1.Glyma.19G020100.1,Glyma.09G240600,Glyma.18G255700,Glyma.13G064900,Glyma.19G020100
Legume.fam3.01743,glyma.Wm82.gnm4.ann1.Glyma.19G152800.3,glyma.Wm82.gnm4.ann1.Glyma.03G149800.1,glyma.Wm82.gnm4.ann1.Glyma.02G150000.1,glyma.Wm82.gnm4.ann1.Glyma.10G023800.1,Glyma.19G152800,Glyma.03G149800,Glyma.02G150000,Glyma.10G023800
Legume.fam3.01744,glyma.Wm82.gnm4.ann1.Glyma.19G153900.1,glyma.Wm82.gnm4.ann1.Glyma.03G151400.2,glyma.Wm82.gnm4.ann1.Glyma.02G149200.4,glyma.Wm82.gnm4.ann1.Glyma.10G024500.1,Glyma.19G153900,Glyma.03G151400,Glyma.02G149200,Glyma.10G024500
Legume.fam3.01745,glyma.Wm82.gnm4.ann1.Glyma.02G140600.1,glyma.Wm82.gnm4.ann1.Glyma.10G033500.2,glyma.Wm82.gnm4.ann1.Glyma.03G159900.1,glyma.Wm82.gnm4.ann1.Glyma.19G161900.1,Glyma.02G140600,Glyma.10G033500,Glyma.03G159900,Glyma.19G161900
Legume.fam3.01747,glyma.Wm82.gnm4.ann1.Glyma.03G185200.1,glyma.Wm82.gnm4.ann1.Glyma.19G185700.2,glyma.Wm82.gnm4.ann1.Glyma.10G058900.1,glyma.Wm82.gnm4.ann1.Glyma.13G145700.1,Glyma.03G185200,Glyma.19G185700,Glyma.10G058900,Glyma.13G145700
Legume.fam3.01749,glyma.Wm82.gnm4.ann1.Glyma.19G201000.2,glyma.Wm82.gnm4.ann1.Glyma.03G203600.1,glyma.Wm82.gnm4.ann1.Glyma.10G083500.1,glyma.Wm82.gnm4.ann1.Glyma.02G193700.1,Glyma.19G201000,Glyma.03G203600,Glyma.10G083500,Glyma.02G193700
Legume.fam3.01750,glyma.Wm82.gnm4.ann1.Glyma.02G193200.1,glyma.Wm82.gnm4.ann1.Glyma.10G083700.2,glyma.Wm82.gnm4.ann1.Glyma.03G203900.2,glyma.Wm82.gnm4.ann1.Glyma.19G201300.4,Glyma.02G193200,Glyma.10G083700,Glyma.03G203900,Glyma.19G201300
Legume.fam3.01751,glyma.Wm82.gnm4.ann1.Glyma.19G204800.1,glyma.Wm82.gnm4.ann1.Glyma.03G207300.3,glyma.Wm82.gnm4.ann1.Glyma.02G169700.2,glyma.Wm82.gnm4.ann1.Glyma.09G105600.1,Glyma.19G204800,Glyma.03G207300,Glyma.02G169700,Glyma.09G105600
Legume.fam3.01753,glyma.Wm82.gnm4.ann1.Glyma.02G174800.1,glyma.Wm82.gnm4.ann1.Glyma.10G093600.1,glyma.Wm82.gnm4.ann1.Glyma.03G141200.1,glyma.Wm82.gnm4.ann1.Glyma.19G143900.1,Glyma.02G174800,Glyma.10G093600,Glyma.03G141200,Glyma.19G143900
Legume.fam3.01758,glyma.Wm82.gnm4.ann1.Glyma.02G072500.1,glyma.Wm82.gnm4.ann1.Glyma.16G153700.1,glyma.Wm82.gnm4.ann1.Glyma.19G112800.1,glyma.Wm82.gnm4.ann1.Glyma.16G040300.1,Glyma.02G072500,Glyma.16G153700,Glyma.19G112800,Glyma.16G040300
Legume.fam3.01761,glyma.Wm82.gnm4.ann1.Glyma.03G217700.1,glyma.Wm82.gnm4.ann1.Glyma.19G214300.1,glyma.Wm82.gnm4.ann1.Glyma.10G015800.1,glyma.Wm82.gnm4.ann1.Glyma.02G015200.1,Glyma.03G217700,Glyma.19G214300,Glyma.10G015800,Glyma.02G015200
Legume.fam3.01765,glyma.Wm82.gnm4.ann1.Glyma.20G094500.1,glyma.Wm82.gnm4.ann1.Glyma.10G145300.1,glyma.Wm82.gnm4.ann1.Glyma.03G229800.1,glyma.Wm82.gnm4.ann1.Glyma.19G227800.1,Glyma.20G094500,Glyma.10G145300,Glyma.03G229800,Glyma.19G227800
Legume.fam3.01766,glyma.Wm82.gnm4.ann1.Glyma.19G230500.1,glyma.Wm82.gnm4.ann1.Glyma.03G233400.1,glyma.Wm82.gnm4.ann1.Glyma.10G150000.3,glyma.Wm82.gnm4.ann1.Glyma.20G238400.3,Glyma.19G230500,Glyma.03G233400,Glyma.10G150000,Glyma.20G238400
Legume.fam3.01767,glyma.Wm82.gnm4.ann1.Glyma.20G236200.2,glyma.Wm82.gnm4.ann1.Glyma.10G152200.2,glyma.Wm82.gnm4.ann1.Glyma.19G233900.1,glyma.Wm82.gnm4.ann1.Glyma.03G236300.3,Glyma.20G236200,Glyma.10G152200,Glyma.19G233900,Glyma.03G236300
Legume.fam3.01768,glyma.Wm82.gnm4.ann1.Glyma.19G235500.1,glyma.Wm82.gnm4.ann1.Glyma.03G238100.1,glyma.Wm82.gnm4.ann1.Glyma.20G233900.1,glyma.Wm82.gnm4.ann1.Glyma.10G154400.3,Glyma.19G235500,Glyma.03G238100,Glyma.20G233900,Glyma.10G154400
Legume.fam3.01769,glyma.Wm82.gnm4.ann1.Glyma.10G160400.2,glyma.Wm82.gnm4.ann1.Glyma.20G228000.7,glyma.Wm82.gnm4.ann1.Glyma.19G242900.1,glyma.Wm82.gnm4.ann1.Glyma.03G245500.1,Glyma.10G160400,Glyma.20G228000,Glyma.19G242900,Glyma.03G245500
Legume.fam3.01770,glyma.Wm82.gnm4.ann1.Glyma.10G163200.1,glyma.Wm82.gnm4.ann1.Glyma.20G225800.1,glyma.Wm82.gnm4.ann1.Glyma.19G245800.1,glyma.Wm82.gnm4.ann1.Glyma.03G247800.1,Glyma.10G163200,Glyma.20G225800,Glyma.19G245800,Glyma.03G247800
Legume.fam3.01772,glyma.Wm82.gnm4.ann1.Glyma.20G010200.1,glyma.Wm82.gnm4.ann1.Glyma.07G177600.1,glyma.Wm82.gnm4.ann1.Glyma.02G134500.1,glyma.Wm82.gnm4.ann1.Glyma.07G210700.1,Glyma.20G010200,Glyma.07G177600,Glyma.02G134500,Glyma.07G210700
Legume.fam3.01773,glyma.Wm82.gnm4.ann1.Glyma.06G103700.1,glyma.Wm82.gnm4.ann1.Glyma.04G102400.1,glyma.Wm82.gnm4.ann1.Glyma.13G088900.2,glyma.Wm82.gnm4.ann1.Glyma.14G172800.1,Glyma.06G103700,Glyma.04G102400,Glyma.13G088900,Glyma.14G172800
Legume.fam3.01774,glyma.Wm82.gnm4.ann1.Glyma.06G096900.1,glyma.Wm82.gnm4.ann1.Glyma.04G095100.1,glyma.Wm82.gnm4.ann1.Glyma.02G214500.1,glyma.Wm82.gnm4.ann1.Glyma.14G182000.1,Glyma.06G096900,Glyma.04G095100,Glyma.02G214500,Glyma.14G182000
Legume.fam3.01776,glyma.Wm82.gnm4.ann1.Glyma.14G185700.1,glyma.Wm82.gnm4.ann1.Glyma.02G218300.1,glyma.Wm82.gnm4.ann1.Glyma.06G091600.1,glyma.Wm82.gnm4.ann1.Glyma.04G089800.1,Glyma.14G185700,Glyma.02G218300,Glyma.06G091600,Glyma.04G089800
Legume.fam3.01779,glyma.Wm82.gnm4.ann1.Glyma.04G084900.1,glyma.Wm82.gnm4.ann1.Glyma.06G086400.1,glyma.Wm82.gnm4.ann1.Glyma.17G192800.1,glyma.Wm82.gnm4.ann1.Glyma.14G145700.1,Glyma.04G084900,Glyma.06G086400,Glyma.17G192800,Glyma.14G145700
Legume.fam3.01781,glyma.Wm82.gnm4.ann1.Glyma.14G128400.1,glyma.Wm82.gnm4.ann1.Glyma.17G205300.1,glyma.Wm82.gnm4.ann1.Glyma.06G072600.1,glyma.Wm82.gnm4.ann1.Glyma.04G071000.1,Glyma.14G128400,Glyma.17G205300,Glyma.06G072600,Glyma.04G071000
Legume.fam3.01784,glyma.Wm82.gnm4.ann1.Glyma.17G234000.1,glyma.Wm82.gnm4.ann1.Glyma.14G089039.1,glyma.Wm82.gnm4.ann1.Glyma.06G047300.1,glyma.Wm82.gnm4.ann1.Glyma.04G046600.1,Glyma.17G234000,Glyma.14G089039,Glyma.06G047300,Glyma.04G046600
Legume.fam3.01785,glyma.Wm82.gnm4.ann1.Glyma.06G010600.1,glyma.Wm82.gnm4.ann1.Glyma.04G010800.2,glyma.Wm82.gnm4.ann1.Glyma.11G115200.1,glyma.Wm82.gnm4.ann1.Glyma.12G041000.1,Glyma.06G010600,Glyma.04G010800,Glyma.11G115200,Glyma.12G041000
Legume.fam3.01786,glyma.Wm82.gnm4.ann1.Glyma.17G234800.1,glyma.Wm82.gnm4.ann1.Glyma.14G089021.1,glyma.Wm82.gnm4.ann1.Glyma.06G046800.1,glyma.Wm82.gnm4.ann1.Glyma.04G046000.2,Glyma.17G234800,Glyma.14G089021,Glyma.06G046800,Glyma.04G046000
Legume.fam3.01792,glyma.Wm82.gnm4.ann1.Glyma.11G233300.1,glyma.Wm82.gnm4.ann1.Glyma.18G023966.1,glyma.Wm82.gnm4.ann1.Glyma.14G056300.1,glyma.Wm82.gnm4.ann1.Glyma.02G261900.1,Glyma.11G233300,Glyma.18G023966,Glyma.14G056300,Glyma.02G261900
Legume.fam3.01793,glyma.Wm82.gnm4.ann1.Glyma.14G060700.1,glyma.Wm82.gnm4.ann1.Glyma.02G255800.1,glyma.Wm82.gnm4.ann1.Glyma.11G228300.1,glyma.Wm82.gnm4.ann1.Glyma.18G029000.1,Glyma.14G060700,Glyma.02G255800,Glyma.11G228300,Glyma.18G029000
Legume.fam3.01794,glyma.Wm82.gnm4.ann1.Glyma.02G254300.1,glyma.Wm82.gnm4.ann1.Glyma.14G062100.1,glyma.Wm82.gnm4.ann1.Glyma.11G227300.1,glyma.Wm82.gnm4.ann1.Glyma.18G030200.1,Glyma.02G254300,Glyma.14G062100,Glyma.11G227300,Glyma.18G030200
Legume.fam3.01796,glyma.Wm82.gnm4.ann1.Glyma.18G041400.1,glyma.Wm82.gnm4.ann1.Glyma.11G215200.1,glyma.Wm82.gnm4.ann1.Glyma.02G243600.2,glyma.Wm82.gnm4.ann1.Glyma.14G212700.1,Glyma.18G041400,Glyma.11G215200,Glyma.02G243600,Glyma.14G212700
Legume.fam3.01797,glyma.Wm82.gnm4.ann1.Glyma.14G210000.1,glyma.Wm82.gnm4.ann1.Glyma.02G240500.2,glyma.Wm82.gnm4.ann1.Glyma.18G043900.1,glyma.Wm82.gnm4.ann1.Glyma.11G212400.1,Glyma.14G210000,Glyma.02G240500,Glyma.18G043900,Glyma.11G212400
Legume.fam3.01799,glyma.Wm82.gnm4.ann1.Glyma.14G207900.1,glyma.Wm82.gnm4.ann1.Glyma.02G239000.1,glyma.Wm82.gnm4.ann1.Glyma.18G048000.1,glyma.Wm82.gnm4.ann1.Glyma.11G202800.1,Glyma.14G207900,Glyma.02G239000,Glyma.18G048000,Glyma.11G202800
Legume.fam3.01800,glyma.Wm82.gnm4.ann1.Glyma.18G050800.1,glyma.Wm82.gnm4.ann1.Glyma.11G200201.1,glyma.Wm82.gnm4.ann1.Glyma.14G206100.1,glyma.Wm82.gnm4.ann1.Glyma.02G237100.1,Glyma.18G050800,Glyma.11G200201,Glyma.14G206100,Glyma.02G237100
Legume.fam3.01803,glyma.Wm82.gnm4.ann1.Glyma.18G051600.1,glyma.Wm82.gnm4.ann1.Glyma.11G199200.1,glyma.Wm82.gnm4.ann1.Glyma.14G205100.1,glyma.Wm82.gnm4.ann1.Glyma.02G236600.4,Glyma.18G051600,Glyma.11G199200,Glyma.14G205100,Glyma.02G236600
Legume.fam3.01804,glyma.Wm82.gnm4.ann1.Glyma.02G230200.6,glyma.Wm82.gnm4.ann1.Glyma.14G197300.1,glyma.Wm82.gnm4.ann1.Glyma.11G165700.1,glyma.Wm82.gnm4.ann1.Glyma.18G058600.1,Glyma.02G230200,Glyma.14G197300,Glyma.11G165700,Glyma.18G058600
Legume.fam3.01806,glyma.Wm82.gnm4.ann1.Glyma.14G191700.1,glyma.Wm82.gnm4.ann1.Glyma.02G224900.1,glyma.Wm82.gnm4.ann1.Glyma.18G065200.1,glyma.Wm82.gnm4.ann1.Glyma.11G176500.1,Glyma.14G191700,Glyma.02G224900,Glyma.18G065200,Glyma.11G176500
Legume.fam3.01807,glyma.Wm82.gnm4.ann1.Glyma.07G232400.1,glyma.Wm82.gnm4.ann1.Glyma.20G041500.1,glyma.Wm82.gnm4.ann1.Glyma.02G278900.1,glyma.Wm82.gnm4.ann1.Glyma.14G035800.1,Glyma.07G232400,Glyma.20G041500,Glyma.02G278900,Glyma.14G035800
Legume.fam3.01812,glyma.Wm82.gnm4.ann1.Glyma.14G196800.1,glyma.Wm82.gnm4.ann1.Glyma.02G229700.1,glyma.Wm82.gnm4.ann1.Glyma.18G058900.3,glyma.Wm82.gnm4.ann1.Glyma.11G166100.2,Glyma.14G196800,Glyma.02G229700,Glyma.18G058900,Glyma.11G166100
Legume.fam3.01813,glyma.Wm82.gnm4.ann1.Glyma.11G162600.1,glyma.Wm82.gnm4.ann1.Glyma.18G055900.1,glyma.Wm82.gnm4.ann1.Glyma.14G201200.1,glyma.Wm82.gnm4.ann1.Glyma.02G233200.1,Glyma.11G162600,Glyma.18G055900,Glyma.14G201200,Glyma.02G233200
Legume.fam3.01815,glyma.Wm82.gnm4.ann1.Glyma.18G051100.10,glyma.Wm82.gnm4.ann1.Glyma.11G199700.5,glyma.Wm82.gnm4.ann1.Glyma.02G237000.1,glyma.Wm82.gnm4.ann1.Glyma.14G206000.1,Glyma.18G051100,Glyma.11G199700,Glyma.02G237000,Glyma.14G206000
Legume.fam3.01816,glyma.Wm82.gnm4.ann1.Glyma.06G022000.1,glyma.Wm82.gnm4.ann1.Glyma.04G021800.1,glyma.Wm82.gnm4.ann1.Glyma.14G221300.1,glyma.Wm82.gnm4.ann1.Glyma.17G260200.1,Glyma.06G022000,Glyma.04G021800,Glyma.14G221300,Glyma.17G260200
Legume.fam3.01817,glyma.Wm82.gnm4.ann1.Glyma.18G073600.1,glyma.Wm82.gnm4.ann1.Glyma.08G333200.1,glyma.Wm82.gnm4.ann1.Glyma.02G302600.1,glyma.Wm82.gnm4.ann1.Glyma.14G011500.1,Glyma.18G073600,Glyma.08G333200,Glyma.02G302600,Glyma.14G011500
Legume.fam3.01819,glyma.Wm82.gnm4.ann1.Glyma.18G097100.1,glyma.Wm82.gnm4.ann1.Glyma.08G315800.2,glyma.Wm82.gnm4.ann1.Glyma.02G290700.1,glyma.Wm82.gnm4.ann1.Glyma.14G024000.1,Glyma.18G097100,Glyma.08G315800,Glyma.02G290700,Glyma.14G024000
Legume.fam3.01820,glyma.Wm82.gnm4.ann1.Glyma.07G268700.1,glyma.Wm82.gnm4.ann1.Glyma.17G005100.2,glyma.Wm82.gnm4.ann1.Glyma.15G120800.1,glyma.Wm82.gnm4.ann1.Glyma.09G015100.1,Glyma.07G268700,Glyma.17G005100,Glyma.15G120800,Glyma.09G015100
Legume.fam3.01825,glyma.Wm82.gnm4.ann1.Glyma.15G067300.1,glyma.Wm82.gnm4.ann1.Glyma.13G246600.1,glyma.Wm82.gnm4.ann1.Glyma.07G189900.1,glyma.Wm82.gnm4.ann1.Glyma.08G059300.1,Glyma.15G067300,Glyma.13G246600,Glyma.07G189900,Glyma.08G059300
Legume.fam3.01826,glyma.Wm82.gnm4.ann1.Glyma.07G192700.1,glyma.Wm82.gnm4.ann1.Glyma.13G183700.1,glyma.Wm82.gnm4.ann1.Glyma.15G070200.1,glyma.Wm82.gnm4.ann1.Glyma.13G243500.1,Glyma.07G192700,Glyma.13G183700,Glyma.15G070200,Glyma.13G243500
Legume.fam3.01827,glyma.Wm82.gnm4.ann1.Glyma.13G242700.4,glyma.Wm82.gnm4.ann1.Glyma.15G070800.2,glyma.Wm82.gnm4.ann1.Glyma.07G193100.1,glyma.Wm82.gnm4.ann1.Glyma.13G183300.1,Glyma.13G242700,Glyma.15G070800,Glyma.07G193100,Glyma.13G183300
Legume.fam3.01828,glyma.Wm82.gnm4.ann1.Glyma.13G182700.1,glyma.Wm82.gnm4.ann1.Glyma.07G193900.2,glyma.Wm82.gnm4.ann1.Glyma.13G241900.1,glyma.Wm82.gnm4.ann1.Glyma.15G071400.1,Glyma.13G182700,Glyma.07G193900,Glyma.13G241900,Glyma.15G071400
Legume.fam3.01830,glyma.Wm82.gnm4.ann1.Glyma.13G240800.8,glyma.Wm82.gnm4.ann1.Glyma.15G072700.4,glyma.Wm82.gnm4.ann1.Glyma.07G195400.1,glyma.Wm82.gnm4.ann1.Glyma.13G180900.1,Glyma.13G240800,Glyma.15G072700,Glyma.07G195400,Glyma.13G180900
Legume.fam3.01831,glyma.Wm82.gnm4.ann1.Glyma.13G237500.1,glyma.Wm82.gnm4.ann1.Glyma.15G076000.1,glyma.Wm82.gnm4.ann1.Glyma.13G177500.1,glyma.Wm82.gnm4.ann1.Glyma.07G198900.1,Glyma.13G237500,Glyma.15G076000,Glyma.13G177500,Glyma.07G198900
Legume.fam3.01832,glyma.Wm82.gnm4.ann1.Glyma.07G201800.1,glyma.Wm82.gnm4.ann1.Glyma.13G174700.1,glyma.Wm82.gnm4.ann1.Glyma.13G234700.1,glyma.Wm82.gnm4.ann1.Glyma.15G078300.3,Glyma.07G201800,Glyma.13G174700,Glyma.13G234700,Glyma.15G078300
Legume.fam3.01834,glyma.Wm82.gnm4.ann1.Glyma.10G024600.1,glyma.Wm82.gnm4.ann1.Glyma.02G149100.1,glyma.Wm82.gnm4.ann1.Glyma.19G154100.1,glyma.Wm82.gnm4.ann1.Glyma.03G151500.1,Glyma.10G024600,Glyma.02G149100,Glyma.19G154100,Glyma.03G151500
Legume.fam3.01836,glyma.Wm82.gnm4.ann1.Glyma.03G232800.1,glyma.Wm82.gnm4.ann1.Glyma.19G229800.1,glyma.Wm82.gnm4.ann1.Glyma.20G239200.2,glyma.Wm82.gnm4.ann1.Glyma.10G148800.1,Glyma.03G232800,Glyma.19G229800,Glyma.20G239200,Glyma.10G148800
Legume.fam3.01839,glyma.Wm82.gnm4.ann1.Glyma.07G070500.1,glyma.Wm82.gnm4.ann1.Glyma.03G009000.1,glyma.Wm82.gnm4.ann1.Glyma.18G233100.1,glyma.Wm82.gnm4.ann1.Glyma.09G259200.4,Glyma.07G070500,Glyma.03G009000,Glyma.18G233100,Glyma.09G259200
Legume.fam3.01841,glyma.Wm82.gnm4.ann1.Glyma.03G258600.3,glyma.Wm82.gnm4.ann1.Glyma.19G257200.1,glyma.Wm82.gnm4.ann1.Glyma.16G023400.2,glyma.Wm82.gnm4.ann1.Glyma.07G054600.1,Glyma.03G258600,Glyma.19G257200,Glyma.16G023400,Glyma.07G054600
Legume.fam3.01842,glyma.Wm82.gnm4.ann1.Glyma.19G260400.7,glyma.Wm82.gnm4.ann1.Glyma.03G261300.1,glyma.Wm82.gnm4.ann1.Glyma.16G018000.1,glyma.Wm82.gnm4.ann1.Glyma.07G049400.18,Glyma.19G260400,Glyma.03G261300,Glyma.16G018000,Glyma.07G049400
Legume.fam3.01843,glyma.Wm82.gnm4.ann1.Glyma.16G017600.1,glyma.Wm82.gnm4.ann1.Glyma.07G049000.1,glyma.Wm82.gnm4.ann1.Glyma.03G261500.1,glyma.Wm82.gnm4.ann1.Glyma.19G260600.2,Glyma.16G017600,Glyma.07G049000,Glyma.03G261500,Glyma.19G260600
Legume.fam3.01844,glyma.Wm82.gnm4.ann1.Glyma.15G025900.1,glyma.Wm82.gnm4.ann1.Glyma.13G348100.4,glyma.Wm82.gnm4.ann1.Glyma.08G190300.2,glyma.Wm82.gnm4.ann1.Glyma.07G007600.1,Glyma.15G025900,Glyma.13G348100,Glyma.08G190300,Glyma.07G007600
Legume.fam3.01845,glyma.Wm82.gnm4.ann1.Glyma.07G008400.1,glyma.Wm82.gnm4.ann1.Glyma.08G191400.1,glyma.Wm82.gnm4.ann1.Glyma.13G348400.1,glyma.Wm82.gnm4.ann1.Glyma.15G025400.3,Glyma.07G008400,Glyma.08G191400,Glyma.13G348400,Glyma.15G025400
Legume.fam3.01847,glyma.Wm82.gnm4.ann1.Glyma.08G217100.2,glyma.Wm82.gnm4.ann1.Glyma.07G025300.1,glyma.Wm82.gnm4.ann1.Glyma.15G004100.2,glyma.Wm82.gnm4.ann1.Glyma.13G369500.2,Glyma.08G217100,Glyma.07G025300,Glyma.15G004100,Glyma.13G369500
Legume.fam3.01848,glyma.Wm82.gnm4.ann1.Glyma.07G144200.1,glyma.Wm82.gnm4.ann1.Glyma.18G195400.1,glyma.Wm82.gnm4.ann1.Glyma.01G110400.1,glyma.Wm82.gnm4.ann1.Glyma.03G076100.1,Glyma.07G144200,Glyma.18G195400,Glyma.01G110400,Glyma.03G076100
Legume.fam3.01849,glyma.Wm82.gnm4.ann1.Glyma.07G068000.1,glyma.Wm82.gnm4.ann1.Glyma.16G034100.1,glyma.Wm82.gnm4.ann1.Glyma.18G235600.1,glyma.Wm82.gnm4.ann1.Glyma.09G256800.1,Glyma.07G068000,Glyma.16G034100,Glyma.18G235600,Glyma.09G256800
Legume.fam3.01852,glyma.Wm82.gnm4.ann1.Glyma.16G088000.1,glyma.Wm82.gnm4.ann1.Glyma.03G086200.1,glyma.Wm82.gnm4.ann1.Glyma.08G346700.1,glyma.Wm82.gnm4.ann1.Glyma.18G158100.2,Glyma.16G088000,Glyma.03G086200,Glyma.08G346700,Glyma.18G158100
Legume.fam3.01856,glyma.Wm82.gnm4.ann1.Glyma.06G178600.1,glyma.Wm82.gnm4.ann1.Glyma.04G187300.1,glyma.Wm82.gnm4.ann1.Glyma.17G085600.3,glyma.Wm82.gnm4.ann1.Glyma.05G040700.1,Glyma.06G178600,Glyma.04G187300,Glyma.17G085600,Glyma.05G040700
Legume.fam3.01857,glyma.Wm82.gnm4.ann1.Glyma.04G194900.1,glyma.Wm82.gnm4.ann1.Glyma.06G171000.13,glyma.Wm82.gnm4.ann1.Glyma.05G047400.3,glyma.Wm82.gnm4.ann1.Glyma.17G129200.2,Glyma.04G194900,Glyma.06G171000,Glyma.05G047400,Glyma.17G129200
Legume.fam3.01860,glyma.Wm82.gnm4.ann1.Glyma.04G203000.2,glyma.Wm82.gnm4.ann1.Glyma.06G162500.4,glyma.Wm82.gnm4.ann1.Glyma.05G199100.1,glyma.Wm82.gnm4.ann1.Glyma.08G006400.1,Glyma.04G203000,Glyma.06G162500,Glyma.05G199100,Glyma.08G006400
Legume.fam3.01861,glyma.Wm82.gnm4.ann1.Glyma.05G195600.1,glyma.Wm82.gnm4.ann1.Glyma.08G003200.7,glyma.Wm82.gnm4.ann1.Glyma.04G207700.11,glyma.Wm82.gnm4.ann1.Glyma.06G158100.4,Glyma.05G195600,Glyma.08G003200,Glyma.04G207700,Glyma.06G158100
Legume.fam3.01862,glyma.Wm82.gnm4.ann1.Glyma.05G194101.1,glyma.Wm82.gnm4.ann1.Glyma.08G002100.1,glyma.Wm82.gnm4.ann1.Glyma.06G156300.1,glyma.Wm82.gnm4.ann1.Glyma.04G209700.1,Glyma.05G194101,Glyma.08G002100,Glyma.06G156300,Glyma.04G209700
Legume.fam3.01863,glyma.Wm82.gnm4.ann1.Glyma.12G221500.1,glyma.Wm82.gnm4.ann1.Glyma.13G279900.1,glyma.Wm82.gnm4.ann1.Glyma.12G149100.1,glyma.Wm82.gnm4.ann1.Glyma.06G248900.1,Glyma.12G221500,Glyma.13G279900,Glyma.12G149100,Glyma.06G248900
Legume.fam3.01865,glyma.Wm82.gnm4.ann1.Glyma.12G219400.1,glyma.Wm82.gnm4.ann1.Glyma.13G281900.2,glyma.Wm82.gnm4.ann1.Glyma.06G254500.3,glyma.Wm82.gnm4.ann1.Glyma.12G147000.1,Glyma.12G219400,Glyma.13G281900,Glyma.06G254500,Glyma.12G147000
Legume.fam3.01866,glyma.Wm82.gnm4.ann1.Glyma.12G215200.4,glyma.Wm82.gnm4.ann1.Glyma.13G286400.5,glyma.Wm82.gnm4.ann1.Glyma.06G266500.2,glyma.Wm82.gnm4.ann1.Glyma.12G136600.1,Glyma.12G215200,Glyma.13G286400,Glyma.06G266500,Glyma.12G136600
Legume.fam3.01869,glyma.Wm82.gnm4.ann1.Glyma.15G148200.1,glyma.Wm82.gnm4.ann1.Glyma.09G044700.1,glyma.Wm82.gnm4.ann1.Glyma.17G026500.1,glyma.Wm82.gnm4.ann1.Glyma.07G247300.1,Glyma.15G148200,Glyma.09G044700,Glyma.17G026500,Glyma.07G247300
Legume.fam3.01871,glyma.Wm82.gnm4.ann1.Glyma.09G037900.1,glyma.Wm82.gnm4.ann1.Glyma.15G143000.2,glyma.Wm82.gnm4.ann1.Glyma.07G241500.2,glyma.Wm82.gnm4.ann1.Glyma.17G032400.3,Glyma.09G037900,Glyma.15G143000,Glyma.07G241500,Glyma.17G032400
Legume.fam3.01874,glyma.Wm82.gnm4.ann1.Glyma.15G180900.1,glyma.Wm82.gnm4.ann1.Glyma.09G072100.1,glyma.Wm82.gnm4.ann1.Glyma.13G112500.1,glyma.Wm82.gnm4.ann1.Glyma.17G047200.2,Glyma.15G180900,Glyma.09G072100,Glyma.13G112500,Glyma.17G047200
Legume.fam3.01875,glyma.Wm82.gnm4.ann1.Glyma.12G209600.1,glyma.Wm82.gnm4.ann1.Glyma.13G291700.1,glyma.Wm82.gnm4.ann1.Glyma.12G122300.1,glyma.Wm82.gnm4.ann1.Glyma.06G283800.1,Glyma.12G209600,Glyma.13G291700,Glyma.12G122300,Glyma.06G283800
Legume.fam3.01878,glyma.Wm82.gnm4.ann1.Glyma.10G136800.1,glyma.Wm82.gnm4.ann1.Glyma.20G086400.1,glyma.Wm82.gnm4.ann1.Glyma.10G189200.1,glyma.Wm82.gnm4.ann1.Glyma.20G201500.1,Glyma.10G136800,Glyma.20G086400,Glyma.10G189200,Glyma.20G201500
Legume.fam3.01879,glyma.Wm82.gnm4.ann1.Glyma.20G200400.1,glyma.Wm82.gnm4.ann1.Glyma.10G190300.1,glyma.Wm82.gnm4.ann1.Glyma.10G134400.1,glyma.Wm82.gnm4.ann1.Glyma.20G085100.1,Glyma.20G200400,Glyma.10G190300,Glyma.10G134400,Glyma.20G085100
Legume.fam3.01880,glyma.Wm82.gnm4.ann1.Glyma.12G119200.1,glyma.Wm82.gnm4.ann1.Glyma.06G287000.1,glyma.Wm82.gnm4.ann1.Glyma.12G207400.1,glyma.Wm82.gnm4.ann1.Glyma.13G293700.1,Glyma.12G119200,Glyma.06G287000,Glyma.12G207400,Glyma.13G293700
Legume.fam3.01881,glyma.Wm82.gnm4.ann1.Glyma.13G293800.1,glyma.Wm82.gnm4.ann1.Glyma.12G207200.1,glyma.Wm82.gnm4.ann1.Glyma.12G118800.1,glyma.Wm82.gnm4.ann1.Glyma.06G287200.1,Glyma.13G293800,Glyma.12G207200,Glyma.12G118800,Glyma.06G287200
Legume.fam3.01882,glyma.Wm82.gnm4.ann1.Glyma.10G249600.1,glyma.Wm82.gnm4.ann1.Glyma.20G144000.1,glyma.Wm82.gnm4.ann1.Glyma.11G004700.1,glyma.Wm82.gnm4.ann1.Glyma.01G238900.1,Glyma.10G249600,Glyma.20G144000,Glyma.11G004700,Glyma.01G238900
Legume.fam3.01884,glyma.Wm82.gnm4.ann1.Glyma.13G208500.1,glyma.Wm82.gnm4.ann1.Glyma.15G104300.1,glyma.Wm82.gnm4.ann1.Glyma.07G257200.1,glyma.Wm82.gnm4.ann1.Glyma.17G016900.1,Glyma.13G208500,Glyma.15G104300,Glyma.07G257200,Glyma.17G016900
Legume.fam3.01885,glyma.Wm82.gnm4.ann1.Glyma.13G214300.4,glyma.Wm82.gnm4.ann1.Glyma.15G098900.1,glyma.Wm82.gnm4.ann1.Glyma.07G252300.1,glyma.Wm82.gnm4.ann1.Glyma.17G022200.6,Glyma.13G214300,Glyma.15G098900,Glyma.07G252300,Glyma.17G022200
Legume.fam3.01887,glyma.Wm82.gnm4.ann1.Glyma.11G080500.1,glyma.Wm82.gnm4.ann1.Glyma.01G162900.1,glyma.Wm82.gnm4.ann1.Glyma.02G044300.1,glyma.Wm82.gnm4.ann1.Glyma.16G121900.5,Glyma.11G080500,Glyma.01G162900,Glyma.02G044300,Glyma.16G121900
Legume.fam3.01889,glyma.Wm82.gnm4.ann1.Glyma.02G051900.7,glyma.Wm82.gnm4.ann1.Glyma.16G132100.7,glyma.Wm82.gnm4.ann1.Glyma.11G072500.1,glyma.Wm82.gnm4.ann1.Glyma.01G170700.1,Glyma.02G051900,Glyma.16G132100,Glyma.11G072500,Glyma.01G170700
Legume.fam3.01891,glyma.Wm82.gnm4.ann1.Glyma.11G062400.6,glyma.Wm82.gnm4.ann1.Glyma.01G179800.5,glyma.Wm82.gnm4.ann1.Glyma.02G059900.1,glyma.Wm82.gnm4.ann1.Glyma.16G142700.1,Glyma.11G062400,Glyma.01G179800,Glyma.02G059900,Glyma.16G142700
Legume.fam3.01894,glyma.Wm82.gnm4.ann1.Glyma.05G095900.1,glyma.Wm82.gnm4.ann1.Glyma.17G174900.1,glyma.Wm82.gnm4.ann1.Glyma.01G185800.1,glyma.Wm82.gnm4.ann1.Glyma.11G056200.1,Glyma.05G095900,Glyma.17G174900,Glyma.01G185800,Glyma.11G056200
Legume.fam3.01895,glyma.Wm82.gnm4.ann1.Glyma.01G186100.1,glyma.Wm82.gnm4.ann1.Glyma.11G055900.1,glyma.Wm82.gnm4.ann1.Glyma.05G095666.1,glyma.Wm82.gnm4.ann1.Glyma.17G174600.1,Glyma.01G186100,Glyma.11G055900,Glyma.05G095666,Glyma.17G174600
Legume.fam3.01896,glyma.Wm82.gnm4.ann1.Glyma.11G055300.1,glyma.Wm82.gnm4.ann1.Glyma.01G186700.1,glyma.Wm82.gnm4.ann1.Glyma.05G094900.1,glyma.Wm82.gnm4.ann1.Glyma.17G173100.1,Glyma.11G055300,Glyma.01G186700,Glyma.05G094900,Glyma.17G173100
Legume.fam3.01898,glyma.Wm82.gnm4.ann1.Glyma.12G200200.1,glyma.Wm82.gnm4.ann1.Glyma.13G302100.1,glyma.Wm82.gnm4.ann1.Glyma.12G106600.1,glyma.Wm82.gnm4.ann1.Glyma.06G299100.1,Glyma.12G200200,Glyma.13G302100,Glyma.12G106600,Glyma.06G299100
Legume.fam3.01902,glyma.Wm82.gnm4.ann1.Glyma.01G192500.2,glyma.Wm82.gnm4.ann1.Glyma.11G049600.1,glyma.Wm82.gnm4.ann1.Glyma.05G103600.1,glyma.Wm82.gnm4.ann1.Glyma.17G163200.1,Glyma.01G192500,Glyma.11G049600,Glyma.05G103600,Glyma.17G163200
Legume.fam3.01904,glyma.Wm82.gnm4.ann1.Glyma.11G036400.1,glyma.Wm82.gnm4.ann1.Glyma.01G206700.1,glyma.Wm82.gnm4.ann1.Glyma.17G145300.1,glyma.Wm82.gnm4.ann1.Glyma.05G063500.1,Glyma.11G036400,Glyma.01G206700,Glyma.17G145300,Glyma.05G063500
Legume.fam3.01905,glyma.Wm82.gnm4.ann1.Glyma.01G211000.1,glyma.Wm82.gnm4.ann1.Glyma.11G030800.1,glyma.Wm82.gnm4.ann1.Glyma.17G138500.1,glyma.Wm82.gnm4.ann1.Glyma.05G056300.1,Glyma.01G211000,Glyma.11G030800,Glyma.17G138500,Glyma.05G056300
Legume.fam3.01906,glyma.Wm82.gnm4.ann1.Glyma.05G209800.1,glyma.Wm82.gnm4.ann1.Glyma.08G016500.1,glyma.Wm82.gnm4.ann1.Glyma.11G022600.1,glyma.Wm82.gnm4.ann1.Glyma.01G221100.1,Glyma.05G209800,Glyma.08G016500,Glyma.11G022600,Glyma.01G221100
Legume.fam3.01911,glyma.Wm82.gnm4.ann1.Glyma.11G172401.1,glyma.Wm82.gnm4.ann1.Glyma.12G095700.1,glyma.Wm82.gnm4.ann1.Glyma.12G190100.1,glyma.Wm82.gnm4.ann1.Glyma.13G311600.1,Glyma.11G172401,Glyma.12G095700,Glyma.12G190100,Glyma.13G311600
Legume.fam3.01912,glyma.Wm82.gnm4.ann1.Glyma.08G290800.1,glyma.Wm82.gnm4.ann1.Glyma.18G133300.1,glyma.Wm82.gnm4.ann1.Glyma.01G035300.1,glyma.Wm82.gnm4.ann1.Glyma.02G030800.1,Glyma.08G290800,Glyma.18G133300,Glyma.01G035300,Glyma.02G030800
Legume.fam3.01913,glyma.Wm82.gnm4.ann1.Glyma.01G040400.2,glyma.Wm82.gnm4.ann1.Glyma.02G024200.1,glyma.Wm82.gnm4.ann1.Glyma.18G128200.1,glyma.Wm82.gnm4.ann1.Glyma.08G294800.1,Glyma.01G040400,Glyma.02G024200,Glyma.18G128200,Glyma.08G294800
Legume.fam3.01914,glyma.Wm82.gnm4.ann1.Glyma.20G033900.2,glyma.Wm82.gnm4.ann1.Glyma.07G229000.1,glyma.Wm82.gnm4.ann1.Glyma.01G050100.3,glyma.Wm82.gnm4.ann1.Glyma.02G109100.1,Glyma.20G033900,Glyma.07G229000,Glyma.01G050100,Glyma.02G109100
Legume.fam3.01917,glyma.Wm82.gnm4.ann1.Glyma.08G261000.1,glyma.Wm82.gnm4.ann1.Glyma.01G080500.1,glyma.Wm82.gnm4.ann1.Glyma.20G116700.1,glyma.Wm82.gnm4.ann1.Glyma.10G273200.1,Glyma.08G261000,Glyma.01G080500,Glyma.20G116700,Glyma.10G273200
Legume.fam3.01919,glyma.Wm82.gnm4.ann1.Glyma.12G085600.2,glyma.Wm82.gnm4.ann1.Glyma.11G189000.1,glyma.Wm82.gnm4.ann1.Glyma.13G318900.1,glyma.Wm82.gnm4.ann1.Glyma.12G181900.2,Glyma.12G085600,Glyma.11G189000,Glyma.13G318900,Glyma.12G181900
Legume.fam3.01920,glyma.Wm82.gnm4.ann1.Glyma.11G189400.1,glyma.Wm82.gnm4.ann1.Glyma.12G084900.1,glyma.Wm82.gnm4.ann1.Glyma.12G181500.1,glyma.Wm82.gnm4.ann1.Glyma.13G319400.1,Glyma.11G189400,Glyma.12G084900,Glyma.12G181500,Glyma.13G319400
Legume.fam3.01922,glyma.Wm82.gnm4.ann1.Glyma.13G328100.6,glyma.Wm82.gnm4.ann1.Glyma.12G170900.4,glyma.Wm82.gnm4.ann1.Glyma.11G154005.1,glyma.Wm82.gnm4.ann1.Glyma.12G071300.1,Glyma.13G328100,Glyma.12G170900,Glyma.11G154005,Glyma.12G071300
Legume.fam3.01924,glyma.Wm82.gnm4.ann1.Glyma.11G145854.1,glyma.Wm82.gnm4.ann1.Glyma.12G074700.5,glyma.Wm82.gnm4.ann1.Glyma.15G042700.1,glyma.Wm82.gnm4.ann1.Glyma.13G331400.18,Glyma.11G145854,Glyma.12G074700,Glyma.15G042700,Glyma.13G331400
Legume.fam3.01928,glyma.Wm82.gnm4.ann1.Glyma.13G342300.1,glyma.Wm82.gnm4.ann1.Glyma.15G032100.1,glyma.Wm82.gnm4.ann1.Glyma.12G055100.1,glyma.Wm82.gnm4.ann1.Glyma.11G130700.1,Glyma.13G342300,Glyma.15G032100,Glyma.12G055100,Glyma.11G130700
Legume.fam3.01931,glyma.Wm82.gnm4.ann1.Glyma.07G230300.1,glyma.Wm82.gnm4.ann1.Glyma.20G036600.1,glyma.Wm82.gnm4.ann1.Glyma.02G107200.5,glyma.Wm82.gnm4.ann1.Glyma.01G048000.1,Glyma.07G230300,Glyma.20G036600,Glyma.02G107200,Glyma.01G048000
Legume.fam3.01932,glyma.Wm82.gnm4.ann1.Glyma.02G105600.4,glyma.Wm82.gnm4.ann1.Glyma.01G045100.2,glyma.Wm82.gnm4.ann1.Glyma.08G298900.2,glyma.Wm82.gnm4.ann1.Glyma.18G122000.1,Glyma.02G105600,Glyma.01G045100,Glyma.08G298900,Glyma.18G122000
Legume.fam3.01934,glyma.Wm82.gnm4.ann1.Glyma.08G296400.1,glyma.Wm82.gnm4.ann1.Glyma.18G125800.1,glyma.Wm82.gnm4.ann1.Glyma.02G021700.2,glyma.Wm82.gnm4.ann1.Glyma.01G042400.1,Glyma.08G296400,Glyma.18G125800,Glyma.02G021700,Glyma.01G042400
Legume.fam3.01937,glyma.Wm82.gnm4.ann1.Glyma.20G142200.2,glyma.Wm82.gnm4.ann1.Glyma.10G251300.1,glyma.Wm82.gnm4.ann1.Glyma.11G003400.1,glyma.Wm82.gnm4.ann1.Glyma.01G240100.1,Glyma.20G142200,Glyma.10G251300,Glyma.11G003400,Glyma.01G240100
Legume.fam3.01944,glyma.Wm82.gnm4.ann1.Glyma.02G004600.1,glyma.Wm82.gnm4.ann1.Glyma.10G003700.1,glyma.Wm82.gnm4.ann1.Glyma.10G245000.2,glyma.Wm82.gnm4.ann1.Glyma.20G149600.1,Glyma.02G004600,Glyma.10G003700,Glyma.10G245000,Glyma.20G149600
Legume.fam3.01945,glyma.Wm82.gnm4.ann1.Glyma.10G001800.1,glyma.Wm82.gnm4.ann1.Glyma.02G001500.1,glyma.Wm82.gnm4.ann1.Glyma.20G210900.1,glyma.Wm82.gnm4.ann1.Glyma.10G179400.1,Glyma.10G001800,Glyma.02G001500,Glyma.20G210900,Glyma.10G179400
Legume.fam3.01946,glyma.Wm82.gnm4.ann1.Glyma.11G125500.1,glyma.Wm82.gnm4.ann1.Glyma.12G050100.5,glyma.Wm82.gnm4.ann1.Glyma.13G346300.7,glyma.Wm82.gnm4.ann1.Glyma.15G027900.6,Glyma.11G125500,Glyma.12G050100,Glyma.13G346300,Glyma.15G027900
Legume.fam3.01948,glyma.Wm82.gnm4.ann1.Glyma.11G127100.1,glyma.Wm82.gnm4.ann1.Glyma.12G051700.1,glyma.Wm82.gnm4.ann1.Glyma.13G344700.1,glyma.Wm82.gnm4.ann1.Glyma.15G029500.1,Glyma.11G127100,Glyma.12G051700,Glyma.13G344700,Glyma.15G029500
Legume.fam3.01949,glyma.Wm82.gnm4.ann1.Glyma.11G133700.1,glyma.Wm82.gnm4.ann1.Glyma.12G057900.1,glyma.Wm82.gnm4.ann1.Glyma.13G339900.1,glyma.Wm82.gnm4.ann1.Glyma.15G034500.2,Glyma.11G133700,Glyma.12G057900,Glyma.13G339900,Glyma.15G034500
Legume.fam3.01950,glyma.Wm82.gnm4.ann1.Glyma.15G036100.1,glyma.Wm82.gnm4.ann1.Glyma.13G338400.1,glyma.Wm82.gnm4.ann1.Glyma.11G137300.1,glyma.Wm82.gnm4.ann1.Glyma.12G060700.1,Glyma.15G036100,Glyma.13G338400,Glyma.11G137300,Glyma.12G060700
Legume.fam3.01951,glyma.Wm82.gnm4.ann1.Glyma.13G329600.1,glyma.Wm82.gnm4.ann1.Glyma.15G044500.48,glyma.Wm82.gnm4.ann1.Glyma.11G150034.1,glyma.Wm82.gnm4.ann1.Glyma.12G073200.11,Glyma.13G329600,Glyma.15G044500,Glyma.11G150034,Glyma.12G073200
Legume.fam3.01955,glyma.Wm82.gnm4.ann1.Glyma.13G288600.1,glyma.Wm82.gnm4.ann1.Glyma.12G213100.3,glyma.Wm82.gnm4.ann1.Glyma.06G270200.1,glyma.Wm82.gnm4.ann1.Glyma.12G134500.1,Glyma.13G288600,Glyma.12G213100,Glyma.06G270200,Glyma.12G134500
Legume.fam3.01956,glyma.Wm82.gnm4.ann1.Glyma.11G009200.1,glyma.Wm82.gnm4.ann1.Glyma.01G233600.2,glyma.Wm82.gnm4.ann1.Glyma.12G016900.1,glyma.Wm82.gnm4.ann1.Glyma.11G108500.1,Glyma.11G009200,Glyma.01G233600,Glyma.12G016900,Glyma.11G108500
Legume.fam3.01958,glyma.Wm82.gnm4.ann1.Glyma.17G178800.1,glyma.Wm82.gnm4.ann1.Glyma.05G081900.1,glyma.Wm82.gnm4.ann1.Glyma.11G058800.1,glyma.Wm82.gnm4.ann1.Glyma.01G183500.1,Glyma.17G178800,Glyma.05G081900,Glyma.11G058800,Glyma.01G183500
Legume.fam3.01961,glyma.Wm82.gnm4.ann1.Glyma.01G236400.1,glyma.Wm82.gnm4.ann1.Glyma.11G006800.1,glyma.Wm82.gnm4.ann1.Glyma.10G245400.9,glyma.Wm82.gnm4.ann1.Glyma.20G149200.5,Glyma.01G236400,Glyma.11G006800,Glyma.10G245400,Glyma.20G149200
Legume.fam3.01968,glyma.Wm82.gnm4.ann1.Glyma.08G232600.1,glyma.Wm82.gnm4.ann1.Glyma.15G217500.1,glyma.Wm82.gnm4.ann1.Glyma.08G161000.1,glyma.Wm82.gnm4.ann1.Glyma.15G266600.1,Glyma.08G232600,Glyma.15G217500,Glyma.08G161000,Glyma.15G266600
Legume.fam3.01972,glyma.Wm82.gnm4.ann1.Glyma.03G001800.1,glyma.Wm82.gnm4.ann1.Glyma.16G220500.1,glyma.Wm82.gnm4.ann1.Glyma.18G215900.7,glyma.Wm82.gnm4.ann1.Glyma.09G273200.1,Glyma.03G001800,Glyma.16G220500,Glyma.18G215900,Glyma.09G273200
Legume.fam3.01973,glyma.Wm82.gnm4.ann1.Glyma.13G196200.3,glyma.Wm82.gnm4.ann1.Glyma.15G234300.3,glyma.Wm82.gnm4.ann1.Glyma.11G157000.1,glyma.Wm82.gnm4.ann1.Glyma.04G136000.1,Glyma.13G196200,Glyma.15G234300,Glyma.11G157000,Glyma.04G136000
Legume.fam3.01976,glyma.Wm82.gnm4.ann1.Glyma.20G170500.11,glyma.Wm82.gnm4.ann1.Glyma.10G221000.2,glyma.Wm82.gnm4.ann1.Glyma.16G161500.3,glyma.Wm82.gnm4.ann1.Glyma.02G078700.1,Glyma.20G170500,Glyma.10G221000,Glyma.16G161500,Glyma.02G078700
Legume.fam3.01978,glyma.Wm82.gnm4.ann1.Glyma.07G030500.1,glyma.Wm82.gnm4.ann1.Glyma.08G212300.1,glyma.Wm82.gnm4.ann1.Glyma.15G007900.1,glyma.Wm82.gnm4.ann1.Glyma.13G365300.1,Glyma.07G030500,Glyma.08G212300,Glyma.15G007900,Glyma.13G365300
Legume.fam3.01979,glyma.Wm82.gnm4.ann1.Glyma.18G260400.2,glyma.Wm82.gnm4.ann1.Glyma.09G237100.1,glyma.Wm82.gnm4.ann1.Glyma.19G023000.1,glyma.Wm82.gnm4.ann1.Glyma.13G062600.1,Glyma.18G260400,Glyma.09G237100,Glyma.19G023000,Glyma.13G062600
Legume.fam3.01983,glyma.Wm82.gnm4.ann1.Glyma.17G011400.2,glyma.Wm82.gnm4.ann1.Glyma.07G262700.1,glyma.Wm82.gnm4.ann1.Glyma.15G110300.1,glyma.Wm82.gnm4.ann1.Glyma.09G005700.1,Glyma.17G011400,Glyma.07G262700,Glyma.15G110300,Glyma.09G005700
Legume.fam3.01984,glyma.Wm82.gnm4.ann1.Glyma.19G033800.1,glyma.Wm82.gnm4.ann1.Glyma.13G053000.1,glyma.Wm82.gnm4.ann1.Glyma.08G249900.1,glyma.Wm82.gnm4.ann1.Glyma.18G272200.1,Glyma.19G033800,Glyma.13G053000,Glyma.08G249900,Glyma.18G272200
Legume.fam3.01987,glyma.Wm82.gnm4.ann1.Glyma.09G145700.1,glyma.Wm82.gnm4.ann1.Glyma.16G197800.1,glyma.Wm82.gnm4.ann1.Glyma.10G238700.1,glyma.Wm82.gnm4.ann1.Glyma.20G155700.1,Glyma.09G145700,Glyma.16G197800,Glyma.10G238700,Glyma.20G155700
Legume.fam3.01988,glyma.Wm82.gnm4.ann1.Glyma.16G203800.1,glyma.Wm82.gnm4.ann1.Glyma.09G152900.1,glyma.Wm82.gnm4.ann1.Glyma.20G211800.1,glyma.Wm82.gnm4.ann1.Glyma.10G178300.1,Glyma.16G203800,Glyma.09G152900,Glyma.20G211800,Glyma.10G178300
Legume.fam3.01992,glyma.Wm82.gnm4.ann1.Glyma.09G188200.1,glyma.Wm82.gnm4.ann1.Glyma.07G088600.1,glyma.Wm82.gnm4.ann1.Glyma.08G039700.1,glyma.Wm82.gnm4.ann1.Glyma.05G232300.1,Glyma.09G188200,Glyma.07G088600,Glyma.08G039700,Glyma.05G232300
Legume.fam3.01993,glyma.Wm82.gnm4.ann1.Glyma.05G223000.1,glyma.Wm82.gnm4.ann1.Glyma.08G030100.1,glyma.Wm82.gnm4.ann1.Glyma.01G003900.1,glyma.Wm82.gnm4.ann1.Glyma.07G128000.1,Glyma.05G223000,Glyma.08G030100,Glyma.01G003900,Glyma.07G128000
Legume.fam3.01994,glyma.Wm82.gnm4.ann1.Glyma.10G024300.1,glyma.Wm82.gnm4.ann1.Glyma.02G149600.1,glyma.Wm82.gnm4.ann1.Glyma.19G153400.1,glyma.Wm82.gnm4.ann1.Glyma.03G150800.1,Glyma.10G024300,Glyma.02G149600,Glyma.19G153400,Glyma.03G150800
Legume.fam3.01995,glyma.Wm82.gnm4.ann1.Glyma.03G155300.1,glyma.Wm82.gnm4.ann1.Glyma.19G157500.1,glyma.Wm82.gnm4.ann1.Glyma.10G027200.1,glyma.Wm82.gnm4.ann1.Glyma.02G146700.1,Glyma.03G155300,Glyma.19G157500,Glyma.10G027200,Glyma.02G146700
Legume.fam3.01996,glyma.Wm82.gnm4.ann1.Glyma.02G145600.4,glyma.Wm82.gnm4.ann1.Glyma.10G028400.1,glyma.Wm82.gnm4.ann1.Glyma.19G158700.1,glyma.Wm82.gnm4.ann1.Glyma.03G156400.9,Glyma.02G145600,Glyma.10G028400,Glyma.19G158700,Glyma.03G156400
Legume.fam3.01998,glyma.Wm82.gnm4.ann1.Glyma.10G031900.1,glyma.Wm82.gnm4.ann1.Glyma.02G142500.3,glyma.Wm82.gnm4.ann1.Glyma.03G158700.1,glyma.Wm82.gnm4.ann1.Glyma.19G161100.1,Glyma.10G031900,Glyma.02G142500,Glyma.03G158700,Glyma.19G161100
Legume.fam3.01999,glyma.Wm82.gnm4.ann1.Glyma.19G166300.1,glyma.Wm82.gnm4.ann1.Glyma.03G164900.1,glyma.Wm82.gnm4.ann1.Glyma.13G125300.1,glyma.Wm82.gnm4.ann1.Glyma.10G038900.1,Glyma.19G166300,Glyma.03G164900,Glyma.13G125300,Glyma.10G038900
Legume.fam3.02000,glyma.Wm82.gnm4.ann1.Glyma.19G176600.1,glyma.Wm82.gnm4.ann1.Glyma.03G176100.1,glyma.Wm82.gnm4.ann1.Glyma.13G135300.1,glyma.Wm82.gnm4.ann1.Glyma.10G047500.1,Glyma.19G176600,Glyma.03G176100,Glyma.13G135300,Glyma.10G047500
Legume.fam3.02001,glyma.Wm82.gnm4.ann1.Glyma.10G046800.1,glyma.Wm82.gnm4.ann1.Glyma.13G134700.1,glyma.Wm82.gnm4.ann1.Glyma.19G175800.1,glyma.Wm82.gnm4.ann1.Glyma.03G175100.1,Glyma.10G046800,Glyma.13G134700,Glyma.19G175800,Glyma.03G175100
Legume.fam3.02002,glyma.Wm82.gnm4.ann1.Glyma.13G143600.1,glyma.Wm82.gnm4.ann1.Glyma.10G057100.1,glyma.Wm82.gnm4.ann1.Glyma.03G182800.1,glyma.Wm82.gnm4.ann1.Glyma.19G183400.2,Glyma.13G143600,Glyma.10G057100,Glyma.03G182800,Glyma.19G183400
Legume.fam3.02004,glyma.Wm82.gnm4.ann1.Glyma.19G199500.2,glyma.Wm82.gnm4.ann1.Glyma.03G202300.2,glyma.Wm82.gnm4.ann1.Glyma.10G081700.2,glyma.Wm82.gnm4.ann1.Glyma.02G196500.4,Glyma.19G199500,Glyma.03G202300,Glyma.10G081700,Glyma.02G196500
Legume.fam3.02005,glyma.Wm82.gnm4.ann1.Glyma.02G166500.1,glyma.Wm82.gnm4.ann1.Glyma.10G087300.1,glyma.Wm82.gnm4.ann1.Glyma.19G202800.12,glyma.Wm82.gnm4.ann1.Glyma.03G205300.1,Glyma.02G166500,Glyma.10G087300,Glyma.19G202800,Glyma.03G205300
Legume.fam3.02006,glyma.Wm82.gnm4.ann1.Glyma.09G110100.1,glyma.Wm82.gnm4.ann1.Glyma.02G171900.1,glyma.Wm82.gnm4.ann1.Glyma.19G148700.1,glyma.Wm82.gnm4.ann1.Glyma.03G145500.1,Glyma.09G110100,Glyma.02G171900,Glyma.19G148700,Glyma.03G145500
Legume.fam3.02009,glyma.Wm82.gnm4.ann1.Glyma.09G113000.1,glyma.Wm82.gnm4.ann1.Glyma.02G178100.1,glyma.Wm82.gnm4.ann1.Glyma.19G146600.3,glyma.Wm82.gnm4.ann1.Glyma.03G143600.1,Glyma.09G113000,Glyma.02G178100,Glyma.19G146600,Glyma.03G143600
Legume.fam3.02010,glyma.Wm82.gnm4.ann1.Glyma.10G093100.1,glyma.Wm82.gnm4.ann1.Glyma.02G175700.1,glyma.Wm82.gnm4.ann1.Glyma.03G141700.2,glyma.Wm82.gnm4.ann1.Glyma.19G144200.1,Glyma.10G093100,Glyma.02G175700,Glyma.03G141700,Glyma.19G144200
Legume.fam3.02011,glyma.Wm82.gnm4.ann1.Glyma.03G139800.1,glyma.Wm82.gnm4.ann1.Glyma.19G142600.1,glyma.Wm82.gnm4.ann1.Glyma.10G095100.2,glyma.Wm82.gnm4.ann1.Glyma.02G181100.1,Glyma.03G139800,Glyma.19G142600,Glyma.10G095100,Glyma.02G181100
Legume.fam3.02012,glyma.Wm82.gnm4.ann1.Glyma.03G134200.3,glyma.Wm82.gnm4.ann1.Glyma.19G136400.1,glyma.Wm82.gnm4.ann1.Glyma.02G186100.3,glyma.Wm82.gnm4.ann1.Glyma.10G107700.1,Glyma.03G134200,Glyma.19G136400,Glyma.02G186100,Glyma.10G107700
Legume.fam3.02018,glyma.Wm82.gnm4.ann1.Glyma.10G141100.1,glyma.Wm82.gnm4.ann1.Glyma.20G089800.1,glyma.Wm82.gnm4.ann1.Glyma.19G223800.1,glyma.Wm82.gnm4.ann1.Glyma.03G226900.2,Glyma.10G141100,Glyma.20G089800,Glyma.19G223800,Glyma.03G226900
Legume.fam3.02019,glyma.Wm82.gnm4.ann1.Glyma.20G092000.1,glyma.Wm82.gnm4.ann1.Glyma.10G143500.4,glyma.Wm82.gnm4.ann1.Glyma.03G228200.3,glyma.Wm82.gnm4.ann1.Glyma.19G225500.1,Glyma.20G092000,Glyma.10G143500,Glyma.03G228200,Glyma.19G225500
Legume.fam3.02024,glyma.Wm82.gnm4.ann1.Glyma.10G164100.1,glyma.Wm82.gnm4.ann1.Glyma.20G226500.1,glyma.Wm82.gnm4.ann1.Glyma.19G246600.1,glyma.Wm82.gnm4.ann1.Glyma.03G249000.1,Glyma.10G164100,Glyma.20G226500,Glyma.19G246600,Glyma.03G249000
Legume.fam3.02025,glyma.Wm82.gnm4.ann1.Glyma.09G216900.1,glyma.Wm82.gnm4.ann1.Glyma.01G151700.1,glyma.Wm82.gnm4.ann1.Glyma.16G076000.1,glyma.Wm82.gnm4.ann1.Glyma.16G107700.1,Glyma.09G216900,Glyma.01G151700,Glyma.16G076000,Glyma.16G107700
Legume.fam3.02027,glyma.Wm82.gnm4.ann1.Glyma.04G159200.1,glyma.Wm82.gnm4.ann1.Glyma.06G205900.1,glyma.Wm82.gnm4.ann1.Glyma.17G081400.1,glyma.Wm82.gnm4.ann1.Glyma.05G018500.1,Glyma.04G159200,Glyma.06G205900,Glyma.17G081400,Glyma.05G018500
Legume.fam3.02028,glyma.Wm82.gnm4.ann1.Glyma.04G021500.1,glyma.Wm82.gnm4.ann1.Glyma.06G021600.1,glyma.Wm82.gnm4.ann1.Glyma.17G260500.1,glyma.Wm82.gnm4.ann1.Glyma.14G221600.1,Glyma.04G021500,Glyma.06G021600,Glyma.17G260500,Glyma.14G221600
Legume.fam3.02033,glyma.Wm82.gnm4.ann1.Glyma.13G032500.1,glyma.Wm82.gnm4.ann1.Glyma.14G154900.1,glyma.Wm82.gnm4.ann1.Glyma.04G245700.1,glyma.Wm82.gnm4.ann1.Glyma.06G117400.1,Glyma.13G032500,Glyma.14G154900,Glyma.04G245700,Glyma.06G117400
Legume.fam3.02034,glyma.Wm82.gnm4.ann1.Glyma.04G245800.1,glyma.Wm82.gnm4.ann1.Glyma.06G117300.1,glyma.Wm82.gnm4.ann1.Glyma.13G032400.1,glyma.Wm82.gnm4.ann1.Glyma.14G154600.1,Glyma.04G245800,Glyma.06G117300,Glyma.13G032400,Glyma.14G154600
Legume.fam3.02036,glyma.Wm82.gnm4.ann1.Glyma.04G253000.1,glyma.Wm82.gnm4.ann1.Glyma.06G109500.1,glyma.Wm82.gnm4.ann1.Glyma.13G083300.11,glyma.Wm82.gnm4.ann1.Glyma.14G164600.1,Glyma.04G253000,Glyma.06G109500,Glyma.13G083300,Glyma.14G164600
Legume.fam3.02039,glyma.Wm82.gnm4.ann1.Glyma.14G135400.1,glyma.Wm82.gnm4.ann1.Glyma.17G197500.2,glyma.Wm82.gnm4.ann1.Glyma.04G076200.1,glyma.Wm82.gnm4.ann1.Glyma.06G077400.1,Glyma.14G135400,Glyma.17G197500,Glyma.04G076200,Glyma.06G077400
Legume.fam3.02040,glyma.Wm82.gnm4.ann1.Glyma.17G211200.1,glyma.Wm82.gnm4.ann1.Glyma.14G116500.1,glyma.Wm82.gnm4.ann1.Glyma.04G066700.1,glyma.Wm82.gnm4.ann1.Glyma.06G068100.1,Glyma.17G211200,Glyma.14G116500,Glyma.04G066700,Glyma.06G068100
Legume.fam3.02041,glyma.Wm82.gnm4.ann1.Glyma.17G215900.1,glyma.Wm82.gnm4.ann1.Glyma.14G111900.1,glyma.Wm82.gnm4.ann1.Glyma.04G063100.1,glyma.Wm82.gnm4.ann1.Glyma.06G064400.1,Glyma.17G215900,Glyma.14G111900,Glyma.04G063100,Glyma.06G064400
Legume.fam3.02042,glyma.Wm82.gnm4.ann1.Glyma.17G222700.1,glyma.Wm82.gnm4.ann1.Glyma.14G102700.1,glyma.Wm82.gnm4.ann1.Glyma.06G061700.1,glyma.Wm82.gnm4.ann1.Glyma.04G061100.1,Glyma.17G222700,Glyma.14G102700,Glyma.06G061700,Glyma.04G061100
Legume.fam3.02044,glyma.Wm82.gnm4.ann1.Glyma.04G057100.1,glyma.Wm82.gnm4.ann1.Glyma.06G057500.1,glyma.Wm82.gnm4.ann1.Glyma.17G219500.1,glyma.Wm82.gnm4.ann1.Glyma.14G106700.1,Glyma.04G057100,Glyma.06G057500,Glyma.17G219500,Glyma.14G106700
Legume.fam3.02048,glyma.Wm82.gnm4.ann1.Glyma.06G042100.1,glyma.Wm82.gnm4.ann1.Glyma.04G041200.1,glyma.Wm82.gnm4.ann1.Glyma.17G240100.1,glyma.Wm82.gnm4.ann1.Glyma.14G084700.1,Glyma.06G042100,Glyma.04G041200,Glyma.17G240100,Glyma.14G084700
Legume.fam3.02049,glyma.Wm82.gnm4.ann1.Glyma.06G009900.1,glyma.Wm82.gnm4.ann1.Glyma.04G010000.1,glyma.Wm82.gnm4.ann1.Glyma.13G201200.1,glyma.Wm82.gnm4.ann1.Glyma.12G235700.5,Glyma.06G009900,Glyma.04G010000,Glyma.13G201200,Glyma.12G235700
Legume.fam3.02050,glyma.Wm82.gnm4.ann1.Glyma.14G082200.4,glyma.Wm82.gnm4.ann1.Glyma.17G243100.2,glyma.Wm82.gnm4.ann1.Glyma.04G038000.1,glyma.Wm82.gnm4.ann1.Glyma.06G039000.1,Glyma.14G082200,Glyma.17G243100,Glyma.04G038000,Glyma.06G039000
Legume.fam3.02053,glyma.Wm82.gnm4.ann1.Glyma.11G112800.1,glyma.Wm82.gnm4.ann1.Glyma.12G038700.1,glyma.Wm82.gnm4.ann1.Glyma.04G009200.1,glyma.Wm82.gnm4.ann1.Glyma.06G009100.1,Glyma.11G112800,Glyma.12G038700,Glyma.04G009200,Glyma.06G009100
Legume.fam3.02054,glyma.Wm82.gnm4.ann1.Glyma.02G220300.1,glyma.Wm82.gnm4.ann1.Glyma.14G187500.1,glyma.Wm82.gnm4.ann1.Glyma.04G224600.1,glyma.Wm82.gnm4.ann1.Glyma.06G140100.1,Glyma.02G220300,Glyma.14G187500,Glyma.04G224600,Glyma.06G140100
Legume.fam3.02055,glyma.Wm82.gnm4.ann1.Glyma.04G223800.2,glyma.Wm82.gnm4.ann1.Glyma.06G141100.6,glyma.Wm82.gnm4.ann1.Glyma.02G219800.1,glyma.Wm82.gnm4.ann1.Glyma.14G187900.2,Glyma.04G223800,Glyma.06G141100,Glyma.02G219800,Glyma.14G187900
Legume.fam3.02056,glyma.Wm82.gnm4.ann1.Glyma.12G037700.3,glyma.Wm82.gnm4.ann1.Glyma.11G111700.2,glyma.Wm82.gnm4.ann1.Glyma.06G008800.1,glyma.Wm82.gnm4.ann1.Glyma.04G008900.2,Glyma.12G037700,Glyma.11G111700,Glyma.06G008800,Glyma.04G008900
Legume.fam3.02057,glyma.Wm82.gnm4.ann1.Glyma.14G057600.1,glyma.Wm82.gnm4.ann1.Glyma.02G264500.1,glyma.Wm82.gnm4.ann1.Glyma.18G025600.1,glyma.Wm82.gnm4.ann1.Glyma.11G231500.1,Glyma.14G057600,Glyma.02G264500,Glyma.18G025600,Glyma.11G231500
Legume.fam3.02060,glyma.Wm82.gnm4.ann1.Glyma.02G255400.1,glyma.Wm82.gnm4.ann1.Glyma.14G061200.1,glyma.Wm82.gnm4.ann1.Glyma.11G228100.1,glyma.Wm82.gnm4.ann1.Glyma.18G029300.1,Glyma.02G255400,Glyma.14G061200,Glyma.11G228100,Glyma.18G029300
Legume.fam3.02062,glyma.Wm82.gnm4.ann1.Glyma.02G252600.1,glyma.Wm82.gnm4.ann1.Glyma.14G064000.1,glyma.Wm82.gnm4.ann1.Glyma.11G225200.1,glyma.Wm82.gnm4.ann1.Glyma.18G032100.1,Glyma.02G252600,Glyma.14G064000,Glyma.11G225200,Glyma.18G032100
Legume.fam3.02063,glyma.Wm82.gnm4.ann1.Glyma.04G006200.1,glyma.Wm82.gnm4.ann1.Glyma.06G005900.1,glyma.Wm82.gnm4.ann1.Glyma.12G023500.1,glyma.Wm82.gnm4.ann1.Glyma.11G097500.1,Glyma.04G006200,Glyma.06G005900,Glyma.12G023500,Glyma.11G097500
Legume.fam3.02064,glyma.Wm82.gnm4.ann1.Glyma.14G207400.1,glyma.Wm82.gnm4.ann1.Glyma.02G238500.1,glyma.Wm82.gnm4.ann1.Glyma.11G202000.2,glyma.Wm82.gnm4.ann1.Glyma.18G048800.1,Glyma.14G207400,Glyma.02G238500,Glyma.11G202000,Glyma.18G048800
Legume.fam3.02065,glyma.Wm82.gnm4.ann1.Glyma.08G319800.1,glyma.Wm82.gnm4.ann1.Glyma.18G092700.1,glyma.Wm82.gnm4.ann1.Glyma.14G021500.1,glyma.Wm82.gnm4.ann1.Glyma.02G293100.1,Glyma.08G319800,Glyma.18G092700,Glyma.14G021500,Glyma.02G293100
Legume.fam3.02066,glyma.Wm82.gnm4.ann1.Glyma.14G205600.1,glyma.Wm82.gnm4.ann1.Glyma.02G236800.1,glyma.Wm82.gnm4.ann1.Glyma.18G051500.3,glyma.Wm82.gnm4.ann1.Glyma.11G199300.2,Glyma.14G205600,Glyma.02G236800,Glyma.18G051500,Glyma.11G199300
Legume.fam3.02068,glyma.Wm82.gnm4.ann1.Glyma.04G003100.1,glyma.Wm82.gnm4.ann1.Glyma.06G003100.1,glyma.Wm82.gnm4.ann1.Glyma.10G281600.1,glyma.Wm82.gnm4.ann1.Glyma.20G107600.1,Glyma.04G003100,Glyma.06G003100,Glyma.10G281600,Glyma.20G107600
Legume.fam3.02069,glyma.Wm82.gnm4.ann1.Glyma.02G276800.1,glyma.Wm82.gnm4.ann1.Glyma.14G038900.1,glyma.Wm82.gnm4.ann1.Glyma.20G046700.2,glyma.Wm82.gnm4.ann1.Glyma.13G072600.1,Glyma.02G276800,Glyma.14G038900,Glyma.20G046700,Glyma.13G072600
Legume.fam3.02070,glyma.Wm82.gnm4.ann1.Glyma.18G114900.1,glyma.Wm82.gnm4.ann1.Glyma.08G304200.1,glyma.Wm82.gnm4.ann1.Glyma.14G031800.1,glyma.Wm82.gnm4.ann1.Glyma.02G282500.1,Glyma.18G114900,Glyma.08G304200,Glyma.14G031800,Glyma.02G282500
Legume.fam3.02071,glyma.Wm82.gnm4.ann1.Glyma.08G307600.1,glyma.Wm82.gnm4.ann1.Glyma.18G110200.1,glyma.Wm82.gnm4.ann1.Glyma.02G284800.1,glyma.Wm82.gnm4.ann1.Glyma.14G030000.2,Glyma.08G307600,Glyma.18G110200,Glyma.02G284800,Glyma.14G030000
Legume.fam3.02072,glyma.Wm82.gnm4.ann1.Glyma.02G289000.1,glyma.Wm82.gnm4.ann1.Glyma.14G025800.1,glyma.Wm82.gnm4.ann1.Glyma.18G102700.4,glyma.Wm82.gnm4.ann1.Glyma.08G312400.1,Glyma.02G289000,Glyma.14G025800,Glyma.18G102700,Glyma.08G312400
Legume.fam3.02074,glyma.Wm82.gnm4.ann1.Glyma.04G250000.1,glyma.Wm82.gnm4.ann1.Glyma.06G112800.1,glyma.Wm82.gnm4.ann1.Glyma.14G148900.1,glyma.Wm82.gnm4.ann1.Glyma.13G080400.1,Glyma.04G250000,Glyma.06G112800,Glyma.14G148900,Glyma.13G080400
Legume.fam3.02075,glyma.Wm82.gnm4.ann1.Glyma.11G238000.1,glyma.Wm82.gnm4.ann1.Glyma.18G019300.1,glyma.Wm82.gnm4.ann1.Glyma.05G181500.2,glyma.Wm82.gnm4.ann1.Glyma.08G139200.1,Glyma.11G238000,Glyma.18G019300,Glyma.05G181500,Glyma.08G139200
Legume.fam3.02077,glyma.Wm82.gnm4.ann1.Glyma.14G201800.1,glyma.Wm82.gnm4.ann1.Glyma.02G234200.1,glyma.Wm82.gnm4.ann1.Glyma.18G055300.1,glyma.Wm82.gnm4.ann1.Glyma.11G161600.1,Glyma.14G201800,Glyma.02G234200,Glyma.18G055300,Glyma.11G161600
Legume.fam3.02081,glyma.Wm82.gnm4.ann1.Glyma.02G227000.1,glyma.Wm82.gnm4.ann1.Glyma.14G194100.1,glyma.Wm82.gnm4.ann1.Glyma.11G174400.1,glyma.Wm82.gnm4.ann1.Glyma.18G062200.1,Glyma.02G227000,Glyma.14G194100,Glyma.11G174400,Glyma.18G062200
Legume.fam3.02082,glyma.Wm82.gnm4.ann1.Glyma.08G322800.1,glyma.Wm82.gnm4.ann1.Glyma.18G089400.1,glyma.Wm82.gnm4.ann1.Glyma.02G295800.1,glyma.Wm82.gnm4.ann1.Glyma.14G017600.1,Glyma.08G322800,Glyma.18G089400,Glyma.02G295800,Glyma.14G017600
Legume.fam3.02083,glyma.Wm82.gnm4.ann1.Glyma.18G106800.1,glyma.Wm82.gnm4.ann1.Glyma.08G309500.1,glyma.Wm82.gnm4.ann1.Glyma.02G286800.4,glyma.Wm82.gnm4.ann1.Glyma.14G028100.1,Glyma.18G106800,Glyma.08G309500,Glyma.02G286800,Glyma.14G028100
Legume.fam3.02087,glyma.Wm82.gnm4.ann1.Glyma.15G061400.1,glyma.Wm82.gnm4.ann1.Glyma.13G253500.1,glyma.Wm82.gnm4.ann1.Glyma.07G185300.1,glyma.Wm82.gnm4.ann1.Glyma.08G063900.1,Glyma.15G061400,Glyma.13G253500,Glyma.07G185300,Glyma.08G063900
Legume.fam3.02089,glyma.Wm82.gnm4.ann1.Glyma.07G191500.1,glyma.Wm82.gnm4.ann1.Glyma.13G185200.1,glyma.Wm82.gnm4.ann1.Glyma.13G244900.1,glyma.Wm82.gnm4.ann1.Glyma.15G068800.1,Glyma.07G191500,Glyma.13G185200,Glyma.13G244900,Glyma.15G068800
Legume.fam3.02091,glyma.Wm82.gnm4.ann1.Glyma.13G181400.1,glyma.Wm82.gnm4.ann1.Glyma.07G195100.1,glyma.Wm82.gnm4.ann1.Glyma.13G241200.1,glyma.Wm82.gnm4.ann1.Glyma.15G072200.2,Glyma.13G181400,Glyma.07G195100,Glyma.13G241200,Glyma.15G072200
Legume.fam3.02093,glyma.Wm82.gnm4.ann1.Glyma.07G204300.1,glyma.Wm82.gnm4.ann1.Glyma.13G171800.1,glyma.Wm82.gnm4.ann1.Glyma.15G080200.1,glyma.Wm82.gnm4.ann1.Glyma.13G232500.1,Glyma.07G204300,Glyma.13G171800,Glyma.15G080200,Glyma.13G232500
Legume.fam3.02095,glyma.Wm82.gnm4.ann1.Glyma.05G159200.1,glyma.Wm82.gnm4.ann1.Glyma.08G117000.1,glyma.Wm82.gnm4.ann1.Glyma.13G228300.1,glyma.Wm82.gnm4.ann1.Glyma.15G084200.1,Glyma.05G159200,Glyma.08G117000,Glyma.13G228300,Glyma.15G084200
Legume.fam3.02097,glyma.Wm82.gnm4.ann1.Glyma.13G055700.1,glyma.Wm82.gnm4.ann1.Glyma.19G031100.1,glyma.Wm82.gnm4.ann1.Glyma.08G247500.3,glyma.Wm82.gnm4.ann1.Glyma.18G268900.6,Glyma.13G055700,Glyma.19G031100,Glyma.08G247500,Glyma.18G268900
Legume.fam3.02101,glyma.Wm82.gnm4.ann1.Glyma.02G011900.1,glyma.Wm82.gnm4.ann1.Glyma.10G012400.1,glyma.Wm82.gnm4.ann1.Glyma.03G220000.1,glyma.Wm82.gnm4.ann1.Glyma.19G216900.1,Glyma.02G011900,Glyma.10G012400,Glyma.03G220000,Glyma.19G216900
Legume.fam3.02103,glyma.Wm82.gnm4.ann1.Glyma.18G237100.1,glyma.Wm82.gnm4.ann1.Glyma.09G255700.1,glyma.Wm82.gnm4.ann1.Glyma.16G032700.1,glyma.Wm82.gnm4.ann1.Glyma.07G066600.3,Glyma.18G237100,Glyma.09G255700,Glyma.16G032700,Glyma.07G066600
Legume.fam3.02104,glyma.Wm82.gnm4.ann1.Glyma.07G060400.1,glyma.Wm82.gnm4.ann1.Glyma.16G029000.2,glyma.Wm82.gnm4.ann1.Glyma.03G255000.1,glyma.Wm82.gnm4.ann1.Glyma.19G252600.11,Glyma.07G060400,Glyma.16G029000,Glyma.03G255000,Glyma.19G252600
Legume.fam3.02105,glyma.Wm82.gnm4.ann1.Glyma.03G258100.1,glyma.Wm82.gnm4.ann1.Glyma.19G256700.1,glyma.Wm82.gnm4.ann1.Glyma.16G023900.1,glyma.Wm82.gnm4.ann1.Glyma.07G055200.1,Glyma.03G258100,Glyma.19G256700,Glyma.16G023900,Glyma.07G055200
Legume.fam3.02109,glyma.Wm82.gnm4.ann1.Glyma.13G358000.1,glyma.Wm82.gnm4.ann1.Glyma.15G015400.1,glyma.Wm82.gnm4.ann1.Glyma.08G205600.1,glyma.Wm82.gnm4.ann1.Glyma.07G005100.1,Glyma.13G358000,Glyma.15G015400,Glyma.08G205600,Glyma.07G005100
Legume.fam3.02112,glyma.Wm82.gnm4.ann1.Glyma.18G224000.1,glyma.Wm82.gnm4.ann1.Glyma.09G266600.1,glyma.Wm82.gnm4.ann1.Glyma.03G020800.1,glyma.Wm82.gnm4.ann1.Glyma.07G082700.1,Glyma.18G224000,Glyma.09G266600,Glyma.03G020800,Glyma.07G082700
Legume.fam3.02113,glyma.Wm82.gnm4.ann1.Glyma.18G251800.2,glyma.Wm82.gnm4.ann1.Glyma.09G242900.1,glyma.Wm82.gnm4.ann1.Glyma.03G111200.3,glyma.Wm82.gnm4.ann1.Glyma.07G114400.3,Glyma.18G251800,Glyma.09G242900,Glyma.03G111200,Glyma.07G114400
Legume.fam3.02115,glyma.Wm82.gnm4.ann1.Glyma.07G139500.1,glyma.Wm82.gnm4.ann1.Glyma.18G190100.1,glyma.Wm82.gnm4.ann1.Glyma.01G105900.4,glyma.Wm82.gnm4.ann1.Glyma.03G073600.2,Glyma.07G139500,Glyma.18G190100,Glyma.01G105900,Glyma.03G073600
Legume.fam3.02118,glyma.Wm82.gnm4.ann1.Glyma.16G024200.1,glyma.Wm82.gnm4.ann1.Glyma.07G055500.1,glyma.Wm82.gnm4.ann1.Glyma.19G256100.1,glyma.Wm82.gnm4.ann1.Glyma.03G257600.1,Glyma.16G024200,Glyma.07G055500,Glyma.19G256100,Glyma.03G257600
Legume.fam3.02121,glyma.Wm82.gnm4.ann1.Glyma.09G245000.3,glyma.Wm82.gnm4.ann1.Glyma.18G248200.3,glyma.Wm82.gnm4.ann1.Glyma.07G119000.5,glyma.Wm82.gnm4.ann1.Glyma.03G107700.3,Glyma.09G245000,Glyma.18G248200,Glyma.07G119000,Glyma.03G107700
Legume.fam3.02122,glyma.Wm82.gnm4.ann1.Glyma.01G132000.1,glyma.Wm82.gnm4.ann1.Glyma.03G036500.1,glyma.Wm82.gnm4.ann1.Glyma.09G276300.1,glyma.Wm82.gnm4.ann1.Glyma.18G215100.3,Glyma.01G132000,Glyma.03G036500,Glyma.09G276300,Glyma.18G215100
Legume.fam3.02123,glyma.Wm82.gnm4.ann1.Glyma.07G141900.1,glyma.Wm82.gnm4.ann1.Glyma.18G192400.2,glyma.Wm82.gnm4.ann1.Glyma.01G107000.1,glyma.Wm82.gnm4.ann1.Glyma.03G073760.1,Glyma.07G141900,Glyma.18G192400,Glyma.01G107000,Glyma.03G073760
Legume.fam3.02124,glyma.Wm82.gnm4.ann1.Glyma.01G106200.1,glyma.Wm82.gnm4.ann1.Glyma.03G073710.1,glyma.Wm82.gnm4.ann1.Glyma.07G140800.1,glyma.Wm82.gnm4.ann1.Glyma.18G190700.1,Glyma.01G106200,Glyma.03G073710,Glyma.07G140800,Glyma.18G190700
Legume.fam3.02125,glyma.Wm82.gnm4.ann1.Glyma.04G169200.2,glyma.Wm82.gnm4.ann1.Glyma.06G194200.1,glyma.Wm82.gnm4.ann1.Glyma.05G026600.1,glyma.Wm82.gnm4.ann1.Glyma.17G100300.1,Glyma.04G169200,Glyma.06G194200,Glyma.05G026600,Glyma.17G100300
Legume.fam3.02127,glyma.Wm82.gnm4.ann1.Glyma.06G184300.1,glyma.Wm82.gnm4.ann1.Glyma.04G180800.1,glyma.Wm82.gnm4.ann1.Glyma.05G036000.1,glyma.Wm82.gnm4.ann1.Glyma.17G091400.1,Glyma.06G184300,Glyma.04G180800,Glyma.05G036000,Glyma.17G091400
Legume.fam3.02129,glyma.Wm82.gnm4.ann1.Glyma.04G186700.1,glyma.Wm82.gnm4.ann1.Glyma.06G179000.2,glyma.Wm82.gnm4.ann1.Glyma.17G086500.2,glyma.Wm82.gnm4.ann1.Glyma.05G040400.1,Glyma.04G186700,Glyma.06G179000,Glyma.17G086500,Glyma.05G040400
Legume.fam3.02135,glyma.Wm82.gnm4.ann1.Glyma.06G240700.1,glyma.Wm82.gnm4.ann1.Glyma.12G155800.4,glyma.Wm82.gnm4.ann1.Glyma.12G224700.1,glyma.Wm82.gnm4.ann1.Glyma.13G276600.1,Glyma.06G240700,Glyma.12G155800,Glyma.12G224700,Glyma.13G276600
Legume.fam3.02136,glyma.Wm82.gnm4.ann1.Glyma.08G008100.3,glyma.Wm82.gnm4.ann1.Glyma.05G200800.4,glyma.Wm82.gnm4.ann1.Glyma.04G200600.3,glyma.Wm82.gnm4.ann1.Glyma.06G164900.3,Glyma.08G008100,Glyma.05G200800,Glyma.04G200600,Glyma.06G164900
Legume.fam3.02140,glyma.Wm82.gnm4.ann1.Glyma.08G136600.1,glyma.Wm82.gnm4.ann1.Glyma.05G179100.1,glyma.Wm82.gnm4.ann1.Glyma.18G017700.1,glyma.Wm82.gnm4.ann1.Glyma.11G239700.1,Glyma.08G136600,Glyma.05G179100,Glyma.18G017700,Glyma.11G239700
Legume.fam3.02147,glyma.Wm82.gnm4.ann1.Glyma.15G136400.2,glyma.Wm82.gnm4.ann1.Glyma.09G031200.1,glyma.Wm82.gnm4.ann1.Glyma.07G233400.2,glyma.Wm82.gnm4.ann1.Glyma.17G038400.3,Glyma.15G136400,Glyma.09G031200,Glyma.07G233400,Glyma.17G038400
Legume.fam3.02148,glyma.Wm82.gnm4.ann1.Glyma.13G116100.1,glyma.Wm82.gnm4.ann1.Glyma.17G043700.1,glyma.Wm82.gnm4.ann1.Glyma.15G184900.1,glyma.Wm82.gnm4.ann1.Glyma.09G077500.1,Glyma.13G116100,Glyma.17G043700,Glyma.15G184900,Glyma.09G077500
Legume.fam3.02150,glyma.Wm82.gnm4.ann1.Glyma.15G179800.1,glyma.Wm82.gnm4.ann1.Glyma.09G071800.1,glyma.Wm82.gnm4.ann1.Glyma.17G047500.1,glyma.Wm82.gnm4.ann1.Glyma.13G112200.3,Glyma.15G179800,Glyma.09G071800,Glyma.17G047500,Glyma.13G112200
Legume.fam3.02151,glyma.Wm82.gnm4.ann1.Glyma.20G203700.1,glyma.Wm82.gnm4.ann1.Glyma.10G186800.1,glyma.Wm82.gnm4.ann1.Glyma.10G007000.1,glyma.Wm82.gnm4.ann1.Glyma.02G006200.1,Glyma.20G203700,Glyma.10G186800,Glyma.10G007000,Glyma.02G006200
Legume.fam3.02153,glyma.Wm82.gnm4.ann1.Glyma.15G102300.1,glyma.Wm82.gnm4.ann1.Glyma.13G210500.1,glyma.Wm82.gnm4.ann1.Glyma.17G019000.3,glyma.Wm82.gnm4.ann1.Glyma.07G255300.1,Glyma.15G102300,Glyma.13G210500,Glyma.17G019000,Glyma.07G255300
Legume.fam3.02154,glyma.Wm82.gnm4.ann1.Glyma.01G164800.1,glyma.Wm82.gnm4.ann1.Glyma.11G078300.5,glyma.Wm82.gnm4.ann1.Glyma.02G046600.1,glyma.Wm82.gnm4.ann1.Glyma.16G125100.2,Glyma.01G164800,Glyma.11G078300,Glyma.02G046600,Glyma.16G125100
Legume.fam3.02155,glyma.Wm82.gnm4.ann1.Glyma.02G046900.3,glyma.Wm82.gnm4.ann1.Glyma.16G126300.1,glyma.Wm82.gnm4.ann1.Glyma.11G078100.2,glyma.Wm82.gnm4.ann1.Glyma.01G165100.1,Glyma.02G046900,Glyma.16G126300,Glyma.11G078100,Glyma.01G165100
Legume.fam3.02159,glyma.Wm82.gnm4.ann1.Glyma.13G300100.1,glyma.Wm82.gnm4.ann1.Glyma.12G202000.1,glyma.Wm82.gnm4.ann1.Glyma.12G108200.1,glyma.Wm82.gnm4.ann1.Glyma.06G296900.1,Glyma.13G300100,Glyma.12G202000,Glyma.12G108200,Glyma.06G296900
Legume.fam3.02161,glyma.Wm82.gnm4.ann1.Glyma.17G167100.2,glyma.Wm82.gnm4.ann1.Glyma.05G098200.1,glyma.Wm82.gnm4.ann1.Glyma.01G190100.1,glyma.Wm82.gnm4.ann1.Glyma.11G052100.1,Glyma.17G167100,Glyma.05G098200,Glyma.01G190100,Glyma.11G052100
Legume.fam3.02162,glyma.Wm82.gnm4.ann1.Glyma.13G303000.1,glyma.Wm82.gnm4.ann1.Glyma.12G199300.1,glyma.Wm82.gnm4.ann1.Glyma.06G299700.1,glyma.Wm82.gnm4.ann1.Glyma.12G105600.1,Glyma.13G303000,Glyma.12G199300,Glyma.06G299700,Glyma.12G105600
Legume.fam3.02163,glyma.Wm82.gnm4.ann1.Glyma.11G047600.1,glyma.Wm82.gnm4.ann1.Glyma.01G194300.2,glyma.Wm82.gnm4.ann1.Glyma.05G105700.1,glyma.Wm82.gnm4.ann1.Glyma.17G160700.3,Glyma.11G047600,Glyma.01G194300,Glyma.05G105700,Glyma.17G160700
Legume.fam3.02165,glyma.Wm82.gnm4.ann1.Glyma.01G213800.1,glyma.Wm82.gnm4.ann1.Glyma.11G028100.1,glyma.Wm82.gnm4.ann1.Glyma.05G054600.7,glyma.Wm82.gnm4.ann1.Glyma.17G137100.12,Glyma.01G213800,Glyma.11G028100,Glyma.05G054600,Glyma.17G137100
Legume.fam3.02166,glyma.Wm82.gnm4.ann1.Glyma.17G131700.2,glyma.Wm82.gnm4.ann1.Glyma.05G049700.1,glyma.Wm82.gnm4.ann1.Glyma.11G026300.1,glyma.Wm82.gnm4.ann1.Glyma.01G216600.1,Glyma.17G131700,Glyma.05G049700,Glyma.11G026300,Glyma.01G216600
Legume.fam3.02167,glyma.Wm82.gnm4.ann1.Glyma.05G206500.1,glyma.Wm82.gnm4.ann1.Glyma.08G013400.3,glyma.Wm82.gnm4.ann1.Glyma.11G024500.1,glyma.Wm82.gnm4.ann1.Glyma.01G218900.1,Glyma.05G206500,Glyma.08G013400,Glyma.11G024500,Glyma.01G218900
Legume.fam3.02169,glyma.Wm82.gnm4.ann1.Glyma.05G211000.2,glyma.Wm82.gnm4.ann1.Glyma.08G017400.1,glyma.Wm82.gnm4.ann1.Glyma.11G021800.1,glyma.Wm82.gnm4.ann1.Glyma.01G222000.1,Glyma.05G211000,Glyma.08G017400,Glyma.11G021800,Glyma.01G222000
Legume.fam3.02171,glyma.Wm82.gnm4.ann1.Glyma.16G076700.1,glyma.Wm82.gnm4.ann1.Glyma.16G109700.1,glyma.Wm82.gnm4.ann1.Glyma.01G153600.1,glyma.Wm82.gnm4.ann1.Glyma.11G091000.1,Glyma.16G076700,Glyma.16G109700,Glyma.01G153600,Glyma.11G091000
Legume.fam3.02174,glyma.Wm82.gnm4.ann1.Glyma.18G145600.1,glyma.Wm82.gnm4.ann1.Glyma.08G280600.1,glyma.Wm82.gnm4.ann1.Glyma.02G040500.1,glyma.Wm82.gnm4.ann1.Glyma.01G024700.1,Glyma.18G145600,Glyma.08G280600,Glyma.02G040500,Glyma.01G024700
Legume.fam3.02175,glyma.Wm82.gnm4.ann1.Glyma.08G281700.1,glyma.Wm82.gnm4.ann1.Glyma.18G145000.1,glyma.Wm82.gnm4.ann1.Glyma.01G025300.1,glyma.Wm82.gnm4.ann1.Glyma.02G039400.1,Glyma.08G281700,Glyma.18G145000,Glyma.01G025300,Glyma.02G039400
Legume.fam3.02176,glyma.Wm82.gnm4.ann1.Glyma.18G143300.1,glyma.Wm82.gnm4.ann1.Glyma.08G282900.1,glyma.Wm82.gnm4.ann1.Glyma.02G038200.1,glyma.Wm82.gnm4.ann1.Glyma.01G026600.1,Glyma.18G143300,Glyma.08G282900,Glyma.02G038200,Glyma.01G026600
Legume.fam3.02177,glyma.Wm82.gnm4.ann1.Glyma.02G027200.1,glyma.Wm82.gnm4.ann1.Glyma.01G037600.1,glyma.Wm82.gnm4.ann1.Glyma.08G292600.1,glyma.Wm82.gnm4.ann1.Glyma.18G130800.1,Glyma.02G027200,Glyma.01G037600,Glyma.08G292600,Glyma.18G130800
Legume.fam3.02179,glyma.Wm82.gnm4.ann1.Glyma.01G044300.7,glyma.Wm82.gnm4.ann1.Glyma.02G019300.2,glyma.Wm82.gnm4.ann1.Glyma.18G123600.1,glyma.Wm82.gnm4.ann1.Glyma.08G298200.1,Glyma.01G044300,Glyma.02G019300,Glyma.18G123600,Glyma.08G298200
Legume.fam3.02183,glyma.Wm82.gnm4.ann1.Glyma.01G092900.1,glyma.Wm82.gnm4.ann1.Glyma.02G129500.1,glyma.Wm82.gnm4.ann1.Glyma.16G099700.1,glyma.Wm82.gnm4.ann1.Glyma.08G268900.1,Glyma.01G092900,Glyma.02G129500,Glyma.16G099700,Glyma.08G268900
Legume.fam3.02184,glyma.Wm82.gnm4.ann1.Glyma.20G185500.4,glyma.Wm82.gnm4.ann1.Glyma.10G205000.1,glyma.Wm82.gnm4.ann1.Glyma.02G100700.2,glyma.Wm82.gnm4.ann1.Glyma.01G088300.1,Glyma.20G185500,Glyma.10G205000,Glyma.02G100700,Glyma.01G088300
Legume.fam3.02185,glyma.Wm82.gnm4.ann1.Glyma.20G114700.1,glyma.Wm82.gnm4.ann1.Glyma.10G275100.2,glyma.Wm82.gnm4.ann1.Glyma.08G262900.7,glyma.Wm82.gnm4.ann1.Glyma.01G081500.2,Glyma.20G114700,Glyma.10G275100,Glyma.08G262900,Glyma.01G081500
Legume.fam3.02186,glyma.Wm82.gnm4.ann1.Glyma.09G118800.1,glyma.Wm82.gnm4.ann1.Glyma.07G165700.1,glyma.Wm82.gnm4.ann1.Glyma.20G013400.1,glyma.Wm82.gnm4.ann1.Glyma.07G216400.1,Glyma.09G118800,Glyma.07G165700,Glyma.20G013400,Glyma.07G216400
Legume.fam3.02188,glyma.Wm82.gnm4.ann1.Glyma.20G010400.1,glyma.Wm82.gnm4.ann1.Glyma.07G178000.1,glyma.Wm82.gnm4.ann1.Glyma.05G137200.1,glyma.Wm82.gnm4.ann1.Glyma.08G092500.1,Glyma.20G010400,Glyma.07G178000,Glyma.05G137200,Glyma.08G092500
Legume.fam3.02189,glyma.Wm82.gnm4.ann1.Glyma.12G083600.2,glyma.Wm82.gnm4.ann1.Glyma.11G190800.1,glyma.Wm82.gnm4.ann1.Glyma.12G179800.1,glyma.Wm82.gnm4.ann1.Glyma.13G321000.1,Glyma.12G083600,Glyma.11G190800,Glyma.12G179800,Glyma.13G321000
Legume.fam3.02190,glyma.Wm82.gnm4.ann1.Glyma.11G194800.1,glyma.Wm82.gnm4.ann1.Glyma.12G079300.1,glyma.Wm82.gnm4.ann1.Glyma.13G323300.1,glyma.Wm82.gnm4.ann1.Glyma.12G177400.1,Glyma.11G194800,Glyma.12G079300,Glyma.13G323300,Glyma.12G177400
Legume.fam3.02191,glyma.Wm82.gnm4.ann1.Glyma.12G173600.1,glyma.Wm82.gnm4.ann1.Glyma.13G326900.2,glyma.Wm82.gnm4.ann1.Glyma.11G147500.1,glyma.Wm82.gnm4.ann1.Glyma.12G068500.1,Glyma.12G173600,Glyma.13G326900,Glyma.11G147500,Glyma.12G068500
Legume.fam3.02192,glyma.Wm82.gnm4.ann1.Glyma.11G145227.1,glyma.Wm82.gnm4.ann1.Glyma.12G074900.1,glyma.Wm82.gnm4.ann1.Glyma.15G042600.2,glyma.Wm82.gnm4.ann1.Glyma.13G331500.2,Glyma.11G145227,Glyma.12G074900,Glyma.15G042600,Glyma.13G331500
Legume.fam3.02195,glyma.Wm82.gnm4.ann1.Glyma.13G340900.2,glyma.Wm82.gnm4.ann1.Glyma.15G033500.6,glyma.Wm82.gnm4.ann1.Glyma.11G132500.1,glyma.Wm82.gnm4.ann1.Glyma.12G056900.2,Glyma.13G340900,Glyma.15G033500,Glyma.11G132500,Glyma.12G056900
Legume.fam3.02198,glyma.Wm82.gnm4.ann1.Glyma.05G068000.1,glyma.Wm82.gnm4.ann1.Glyma.17G150100.1,glyma.Wm82.gnm4.ann1.Glyma.01G203400.1,glyma.Wm82.gnm4.ann1.Glyma.11G039400.1,Glyma.05G068000,Glyma.17G150100,Glyma.01G203400,Glyma.11G039400
Legume.fam3.02201,glyma.Wm82.gnm4.ann1.Glyma.01G032000.1,glyma.Wm82.gnm4.ann1.Glyma.02G033400.1,glyma.Wm82.gnm4.ann1.Glyma.08G288800.3,glyma.Wm82.gnm4.ann1.Glyma.18G135800.1,Glyma.01G032000,Glyma.02G033400,Glyma.08G288800,Glyma.18G135800
Legume.fam3.02202,glyma.Wm82.gnm4.ann1.Glyma.08G283400.1,glyma.Wm82.gnm4.ann1.Glyma.18G143100.1,glyma.Wm82.gnm4.ann1.Glyma.02G037700.1,glyma.Wm82.gnm4.ann1.Glyma.01G027300.1,Glyma.08G283400,Glyma.18G143100,Glyma.02G037700,Glyma.01G027300
Legume.fam3.02208,glyma.Wm82.gnm4.ann1.Glyma.18G018600.1,glyma.Wm82.gnm4.ann1.Glyma.11G238800.1,glyma.Wm82.gnm4.ann1.Glyma.05G180600.1,glyma.Wm82.gnm4.ann1.Glyma.08G138200.2,Glyma.18G018600,Glyma.11G238800,Glyma.05G180600,Glyma.08G138200
Legume.fam3.02210,glyma.Wm82.gnm4.ann1.Glyma.17G076500.1,glyma.Wm82.gnm4.ann1.Glyma.05G023200.1,glyma.Wm82.gnm4.ann1.Glyma.06G200000.5,glyma.Wm82.gnm4.ann1.Glyma.04G164500.3,Glyma.17G076500,Glyma.05G023200,Glyma.06G200000,Glyma.04G164500
Legume.fam3.02214,glyma.Wm82.gnm4.ann1.Glyma.01G236300.3,glyma.Wm82.gnm4.ann1.Glyma.11G006900.1,glyma.Wm82.gnm4.ann1.Glyma.20G149100.1,glyma.Wm82.gnm4.ann1.Glyma.10G245500.1,Glyma.01G236300,Glyma.11G006900,Glyma.20G149100,Glyma.10G245500
Legume.fam3.02215,glyma.Wm82.gnm4.ann1.Glyma.10G002100.1,glyma.Wm82.gnm4.ann1.Glyma.02G001700.1,glyma.Wm82.gnm4.ann1.Glyma.10G179100.1,glyma.Wm82.gnm4.ann1.Glyma.20G211100.1,Glyma.10G002100,Glyma.02G001700,Glyma.10G179100,Glyma.20G211100
Legume.fam3.02218,glyma.Wm82.gnm4.ann1.Glyma.12G060000.1,glyma.Wm82.gnm4.ann1.Glyma.11G136300.1,glyma.Wm82.gnm4.ann1.Glyma.13G338800.1,glyma.Wm82.gnm4.ann1.Glyma.15G035500.1,Glyma.12G060000,Glyma.11G136300,Glyma.13G338800,Glyma.15G035500
Legume.fam3.02219,glyma.Wm82.gnm4.ann1.Glyma.12G072200.5,glyma.Wm82.gnm4.ann1.Glyma.11G151915.1,glyma.Wm82.gnm4.ann1.Glyma.15G044900.3,glyma.Wm82.gnm4.ann1.Glyma.13G328900.1,Glyma.12G072200,Glyma.11G151915,Glyma.15G044900,Glyma.13G328900
Legume.fam3.02221,glyma.Wm82.gnm4.ann1.Glyma.13G322500.1,glyma.Wm82.gnm4.ann1.Glyma.12G178000.1,glyma.Wm82.gnm4.ann1.Glyma.11G193600.1,glyma.Wm82.gnm4.ann1.Glyma.12G080100.1,Glyma.13G322500,Glyma.12G178000,Glyma.11G193600,Glyma.12G080100
Legume.fam3.02222,glyma.Wm82.gnm4.ann1.Glyma.12G113200.1,glyma.Wm82.gnm4.ann1.Glyma.06G292800.2,glyma.Wm82.gnm4.ann1.Glyma.13G297200.1,glyma.Wm82.gnm4.ann1.Glyma.12G204300.1,Glyma.12G113200,Glyma.06G292800,Glyma.13G297200,Glyma.12G204300
Legume.fam3.02226,glyma.Wm82.gnm4.ann1.Glyma.15G059900.1,glyma.Wm82.gnm4.ann1.Glyma.13G254900.1,glyma.Wm82.gnm4.ann1.Glyma.08G065100.1,glyma.Wm82.gnm4.ann1.Glyma.07G184300.1,Glyma.15G059900,Glyma.13G254900,Glyma.08G065100,Glyma.07G184300
Legume.fam3.02230,glyma.Wm82.gnm4.ann1.Glyma.07G192000.1,glyma.Wm82.gnm4.ann1.Glyma.13G184500.1,glyma.Wm82.gnm4.ann1.Glyma.15G069300.1,glyma.Wm82.gnm4.ann1.Glyma.13G244400.1,Glyma.07G192000,Glyma.13G184500,Glyma.15G069300,Glyma.13G244400
Legume.fam3.02234,glyma.Wm82.gnm4.ann1.Glyma.09G052000.1,glyma.Wm82.gnm4.ann1.Glyma.15G158300.1,glyma.Wm82.gnm4.ann1.Glyma.05G132900.1,glyma.Wm82.gnm4.ann1.Glyma.08G087300.1,Glyma.09G052000,Glyma.15G158300,Glyma.05G132900,Glyma.08G087300
Legume.fam3.02243,glyma.Wm82.gnm4.ann1.Glyma.13G046900.1,glyma.Wm82.gnm4.ann1.Glyma.19G045400.1,glyma.Wm82.gnm4.ann1.Glyma.18G281000.1,glyma.Wm82.gnm4.ann1.Glyma.08G256900.1,Glyma.13G046900,Glyma.19G045400,Glyma.18G281000,Glyma.08G256900
Legume.fam3.02245,glyma.Wm82.gnm4.ann1.Glyma.18G295300.1,glyma.Wm82.gnm4.ann1.Glyma.08G367100.1,glyma.Wm82.gnm4.ann1.Glyma.19G050300.3,glyma.Wm82.gnm4.ann1.Glyma.13G045000.1,Glyma.18G295300,Glyma.08G367100,Glyma.19G050300,Glyma.13G045000
Legume.fam3.02246,glyma.Wm82.gnm4.ann1.Glyma.08G250800.3,glyma.Wm82.gnm4.ann1.Glyma.18G273600.2,glyma.Wm82.gnm4.ann1.Glyma.13G052100.1,glyma.Wm82.gnm4.ann1.Glyma.19G034600.1,Glyma.08G250800,Glyma.18G273600,Glyma.13G052100,Glyma.19G034600
Legume.fam3.02247,glyma.Wm82.gnm4.ann1.Glyma.09G143200.1,glyma.Wm82.gnm4.ann1.Glyma.16G196200.1,glyma.Wm82.gnm4.ann1.Glyma.10G237800.1,glyma.Wm82.gnm4.ann1.Glyma.20G156800.1,Glyma.09G143200,Glyma.16G196200,Glyma.10G237800,Glyma.20G156800
Legume.fam3.02249,glyma.Wm82.gnm4.ann1.Glyma.16G205100.1,glyma.Wm82.gnm4.ann1.Glyma.09G154600.1,glyma.Wm82.gnm4.ann1.Glyma.10G177300.1,glyma.Wm82.gnm4.ann1.Glyma.20G212800.1,Glyma.16G205100,Glyma.09G154600,Glyma.10G177300,Glyma.20G212800
Legume.fam3.02252,glyma.Wm82.gnm4.ann1.Glyma.05G237800.1,glyma.Wm82.gnm4.ann1.Glyma.08G044900.1,glyma.Wm82.gnm4.ann1.Glyma.07G093100.1,glyma.Wm82.gnm4.ann1.Glyma.09G183100.1,Glyma.05G237800,Glyma.08G044900,Glyma.07G093100,Glyma.09G183100
Legume.fam3.02255,glyma.Wm82.gnm4.ann1.Glyma.09G190700.1,glyma.Wm82.gnm4.ann1.Glyma.07G086200.1,glyma.Wm82.gnm4.ann1.Glyma.08G038600.1,glyma.Wm82.gnm4.ann1.Glyma.05G231100.1,Glyma.09G190700,Glyma.07G086200,Glyma.08G038600,Glyma.05G231100
Legume.fam3.02257,glyma.Wm82.gnm4.ann1.Glyma.05G225400.1,glyma.Wm82.gnm4.ann1.Glyma.08G032200.1,glyma.Wm82.gnm4.ann1.Glyma.01G005800.1,glyma.Wm82.gnm4.ann1.Glyma.07G125800.1,Glyma.05G225400,Glyma.08G032200,Glyma.01G005800,Glyma.07G125800
Legume.fam3.02259,glyma.Wm82.gnm4.ann1.Glyma.03G158000.2,glyma.Wm82.gnm4.ann1.Glyma.19G160300.1,glyma.Wm82.gnm4.ann1.Glyma.10G031100.6,glyma.Wm82.gnm4.ann1.Glyma.02G143300.1,Glyma.03G158000,Glyma.19G160300,Glyma.10G031100,Glyma.02G143300
Legume.fam3.02261,glyma.Wm82.gnm4.ann1.Glyma.19G161500.1,glyma.Wm82.gnm4.ann1.Glyma.03G159200.1,glyma.Wm82.gnm4.ann1.Glyma.10G032400.4,glyma.Wm82.gnm4.ann1.Glyma.02G141600.3,Glyma.19G161500,Glyma.03G159200,Glyma.10G032400,Glyma.02G141600
Legume.fam3.02266,glyma.Wm82.gnm4.ann1.Glyma.19G175100.1,glyma.Wm82.gnm4.ann1.Glyma.03G174100.1,glyma.Wm82.gnm4.ann1.Glyma.13G133600.1,glyma.Wm82.gnm4.ann1.Glyma.10G045700.1,Glyma.19G175100,Glyma.03G174100,Glyma.13G133600,Glyma.10G045700
Legume.fam3.02267,glyma.Wm82.gnm4.ann1.Glyma.19G177300.1,glyma.Wm82.gnm4.ann1.Glyma.03G176500.1,glyma.Wm82.gnm4.ann1.Glyma.13G135800.1,glyma.Wm82.gnm4.ann1.Glyma.10G047900.1,Glyma.19G177300,Glyma.03G176500,Glyma.13G135800,Glyma.10G047900
Legume.fam3.02269,glyma.Wm82.gnm4.ann1.Glyma.10G055000.1,glyma.Wm82.gnm4.ann1.Glyma.13G142100.1,glyma.Wm82.gnm4.ann1.Glyma.19G184300.1,glyma.Wm82.gnm4.ann1.Glyma.03G183600.1,Glyma.10G055000,Glyma.13G142100,Glyma.19G184300,Glyma.03G183600
Legume.fam3.02274,glyma.Wm82.gnm4.ann1.Glyma.13G150000.1,glyma.Wm82.gnm4.ann1.Glyma.10G065200.1,glyma.Wm82.gnm4.ann1.Glyma.03G189800.1,glyma.Wm82.gnm4.ann1.Glyma.19G190200.1,Glyma.13G150000,Glyma.10G065200,Glyma.03G189800,Glyma.19G190200
Legume.fam3.02275,glyma.Wm82.gnm4.ann1.Glyma.03G195200.1,glyma.Wm82.gnm4.ann1.Glyma.19G194800.2,glyma.Wm82.gnm4.ann1.Glyma.13G153300.1,glyma.Wm82.gnm4.ann1.Glyma.10G071800.1,Glyma.03G195200,Glyma.19G194800,Glyma.13G153300,Glyma.10G071800
Legume.fam3.02276,glyma.Wm82.gnm4.ann1.Glyma.10G072000.1,glyma.Wm82.gnm4.ann1.Glyma.13G153400.1,glyma.Wm82.gnm4.ann1.Glyma.19G194900.10,glyma.Wm82.gnm4.ann1.Glyma.03G195300.15,Glyma.10G072000,Glyma.13G153400,Glyma.19G194900,Glyma.03G195300
Legume.fam3.02279,glyma.Wm82.gnm4.ann1.Glyma.16G052300.1,glyma.Wm82.gnm4.ann1.Glyma.19G099000.1,glyma.Wm82.gnm4.ann1.Glyma.02G064800.1,glyma.Wm82.gnm4.ann1.Glyma.16G145900.3,Glyma.16G052300,Glyma.19G099000,Glyma.02G064800,Glyma.16G145900
Legume.fam3.02281,glyma.Wm82.gnm4.ann1.Glyma.10G013800.1,glyma.Wm82.gnm4.ann1.Glyma.02G013200.1,glyma.Wm82.gnm4.ann1.Glyma.03G218800.1,glyma.Wm82.gnm4.ann1.Glyma.19G215600.1,Glyma.10G013800,Glyma.02G013200,Glyma.03G218800,Glyma.19G215600
Legume.fam3.02282,glyma.Wm82.gnm4.ann1.Glyma.02G013000.1,glyma.Wm82.gnm4.ann1.Glyma.10G013600.1,glyma.Wm82.gnm4.ann1.Glyma.19G215900.1,glyma.Wm82.gnm4.ann1.Glyma.03G219000.1,Glyma.02G013000,Glyma.10G013600,Glyma.19G215900,Glyma.03G219000
Legume.fam3.02284,glyma.Wm82.gnm4.ann1.Glyma.02G007600.1,glyma.Wm82.gnm4.ann1.Glyma.10G138100.3,glyma.Wm82.gnm4.ann1.Glyma.19G221600.1,glyma.Wm82.gnm4.ann1.Glyma.03G224600.1,Glyma.02G007600,Glyma.10G138100,Glyma.19G221600,Glyma.03G224600
Legume.fam3.02289,glyma.Wm82.gnm4.ann1.Glyma.20G223500.1,glyma.Wm82.gnm4.ann1.Glyma.10G165700.1,glyma.Wm82.gnm4.ann1.Glyma.19G248000.3,glyma.Wm82.gnm4.ann1.Glyma.03G250400.2,Glyma.20G223500,Glyma.10G165700,Glyma.19G248000,Glyma.03G250400
Legume.fam3.02291,glyma.Wm82.gnm4.ann1.Glyma.16G104600.1,glyma.Wm82.gnm4.ann1.Glyma.16G074300.3,glyma.Wm82.gnm4.ann1.Glyma.09G212900.2,glyma.Wm82.gnm4.ann1.Glyma.01G149000.2,Glyma.16G104600,Glyma.16G074300,Glyma.09G212900,Glyma.01G149000
Legume.fam3.02293,glyma.Wm82.gnm4.ann1.Glyma.17G102700.1,glyma.Wm82.gnm4.ann1.Glyma.05G024600.1,glyma.Wm82.gnm4.ann1.Glyma.04G165800.1,glyma.Wm82.gnm4.ann1.Glyma.06G196700.1,Glyma.17G102700,Glyma.05G024600,Glyma.04G165800,Glyma.06G196700
Legume.fam3.02297,glyma.Wm82.gnm4.ann1.Glyma.17G258400.1,glyma.Wm82.gnm4.ann1.Glyma.14G219500.6,glyma.Wm82.gnm4.ann1.Glyma.04G023800.4,glyma.Wm82.gnm4.ann1.Glyma.06G024000.1,Glyma.17G258400,Glyma.14G219500,Glyma.04G023800,Glyma.06G024000
Legume.fam3.02298,glyma.Wm82.gnm4.ann1.Glyma.14G071400.1,glyma.Wm82.gnm4.ann1.Glyma.17G253200.3,glyma.Wm82.gnm4.ann1.Glyma.04G029600.1,glyma.Wm82.gnm4.ann1.Glyma.06G029600.1,Glyma.14G071400,Glyma.17G253200,Glyma.04G029600,Glyma.06G029600
Legume.fam3.02299,glyma.Wm82.gnm4.ann1.Glyma.17G249900.2,glyma.Wm82.gnm4.ann1.Glyma.14G075800.1,glyma.Wm82.gnm4.ann1.Glyma.06G032600.5,glyma.Wm82.gnm4.ann1.Glyma.04G032700.6,Glyma.17G249900,Glyma.14G075800,Glyma.06G032600,Glyma.04G032700
Legume.fam3.02300,glyma.Wm82.gnm4.ann1.Glyma.04G035700.1,glyma.Wm82.gnm4.ann1.Glyma.06G035700.1,glyma.Wm82.gnm4.ann1.Glyma.14G079000.2,glyma.Wm82.gnm4.ann1.Glyma.17G246200.1,Glyma.04G035700,Glyma.06G035700,Glyma.14G079000,Glyma.17G246200
Legume.fam3.02303,glyma.Wm82.gnm4.ann1.Glyma.04G091800.1,glyma.Wm82.gnm4.ann1.Glyma.06G093600.1,glyma.Wm82.gnm4.ann1.Glyma.02G213000.1,glyma.Wm82.gnm4.ann1.Glyma.14G180700.1,Glyma.04G091800,Glyma.06G093600,Glyma.02G213000,Glyma.14G180700
Legume.fam3.02306,glyma.Wm82.gnm4.ann1.Glyma.04G078000.1,glyma.Wm82.gnm4.ann1.Glyma.06G079200.1,glyma.Wm82.gnm4.ann1.Glyma.14G138700.1,glyma.Wm82.gnm4.ann1.Glyma.17G189200.1,Glyma.04G078000,Glyma.06G079200,Glyma.14G138700,Glyma.17G189200
Legume.fam3.02307,glyma.Wm82.gnm4.ann1.Glyma.04G076800.2,glyma.Wm82.gnm4.ann1.Glyma.06G078000.1,glyma.Wm82.gnm4.ann1.Glyma.17G196300.1,glyma.Wm82.gnm4.ann1.Glyma.14G137200.4,Glyma.04G076800,Glyma.06G078000,Glyma.17G196300,Glyma.14G137200
Legume.fam3.02308,glyma.Wm82.gnm4.ann1.Glyma.17G198300.5,glyma.Wm82.gnm4.ann1.Glyma.14G134600.1,glyma.Wm82.gnm4.ann1.Glyma.06G076600.3,glyma.Wm82.gnm4.ann1.Glyma.04G075400.1,Glyma.17G198300,Glyma.14G134600,Glyma.06G076600,Glyma.04G075400
Legume.fam3.02309,glyma.Wm82.gnm4.ann1.Glyma.06G075100.1,glyma.Wm82.gnm4.ann1.Glyma.04G074000.1,glyma.Wm82.gnm4.ann1.Glyma.17G202500.1,glyma.Wm82.gnm4.ann1.Glyma.14G131300.1,Glyma.06G075100,Glyma.04G074000,Glyma.17G202500,Glyma.14G131300
Legume.fam3.02312,glyma.Wm82.gnm4.ann1.Glyma.04G052800.1,glyma.Wm82.gnm4.ann1.Glyma.06G053300.1,glyma.Wm82.gnm4.ann1.Glyma.17G227002.1,glyma.Wm82.gnm4.ann1.Glyma.14G097500.1,Glyma.04G052800,Glyma.06G053300,Glyma.17G227002,Glyma.14G097500
Legume.fam3.02313,glyma.Wm82.gnm4.ann1.Glyma.06G010900.1,glyma.Wm82.gnm4.ann1.Glyma.04G011000.1,glyma.Wm82.gnm4.ann1.Glyma.11G115300.1,glyma.Wm82.gnm4.ann1.Glyma.12G041200.1,Glyma.06G010900,Glyma.04G011000,Glyma.11G115300,Glyma.12G041200
Legume.fam3.02314,glyma.Wm82.gnm4.ann1.Glyma.14G096700.1,glyma.Wm82.gnm4.ann1.Glyma.17G227700.1,glyma.Wm82.gnm4.ann1.Glyma.04G051900.1,glyma.Wm82.gnm4.ann1.Glyma.06G052600.2,Glyma.14G096700,Glyma.17G227700,Glyma.04G051900,Glyma.06G052600
Legume.fam3.02319,glyma.Wm82.gnm4.ann1.Glyma.04G038100.1,glyma.Wm82.gnm4.ann1.Glyma.06G039100.1,glyma.Wm82.gnm4.ann1.Glyma.17G243000.1,glyma.Wm82.gnm4.ann1.Glyma.14G082300.1,Glyma.04G038100,Glyma.06G039100,Glyma.17G243000,Glyma.14G082300
Legume.fam3.02322,glyma.Wm82.gnm4.ann1.Glyma.11G228600.1,glyma.Wm82.gnm4.ann1.Glyma.18G028500.2,glyma.Wm82.gnm4.ann1.Glyma.02G256700.1,glyma.Wm82.gnm4.ann1.Glyma.14G060000.1,Glyma.11G228600,Glyma.18G028500,Glyma.02G256700,Glyma.14G060000
Legume.fam3.02324,glyma.Wm82.gnm4.ann1.Glyma.02G252500.1,glyma.Wm82.gnm4.ann1.Glyma.14G064100.1,glyma.Wm82.gnm4.ann1.Glyma.11G224800.1,glyma.Wm82.gnm4.ann1.Glyma.18G033302.1,Glyma.02G252500,Glyma.14G064100,Glyma.11G224800,Glyma.18G033302
Legume.fam3.02326,glyma.Wm82.gnm4.ann1.Glyma.11G222600.1,glyma.Wm82.gnm4.ann1.Glyma.18G035000.1,glyma.Wm82.gnm4.ann1.Glyma.14G066400.1,glyma.Wm82.gnm4.ann1.Glyma.02G250200.1,Glyma.11G222600,Glyma.18G035000,Glyma.14G066400,Glyma.02G250200
Legume.fam3.02327,glyma.Wm82.gnm4.ann1.Glyma.11G218600.1,glyma.Wm82.gnm4.ann1.Glyma.18G038700.2,glyma.Wm82.gnm4.ann1.Glyma.14G069200.2,glyma.Wm82.gnm4.ann1.Glyma.02G247000.2,Glyma.11G218600,Glyma.18G038700,Glyma.14G069200,Glyma.02G247000
Legume.fam3.02329,glyma.Wm82.gnm4.ann1.Glyma.18G044200.1,glyma.Wm82.gnm4.ann1.Glyma.11G211643.1,glyma.Wm82.gnm4.ann1.Glyma.14G210600.1,glyma.Wm82.gnm4.ann1.Glyma.02G241000.1,Glyma.18G044200,Glyma.11G211643,Glyma.14G210600,Glyma.02G241000
Legume.fam3.02333,glyma.Wm82.gnm4.ann1.Glyma.02G297700.2,glyma.Wm82.gnm4.ann1.Glyma.14G016000.1,glyma.Wm82.gnm4.ann1.Glyma.18G081100.1,glyma.Wm82.gnm4.ann1.Glyma.08G325900.2,Glyma.02G297700,Glyma.14G016000,Glyma.18G081100,Glyma.08G325900
Legume.fam3.02335,glyma.Wm82.gnm4.ann1.Glyma.02G230500.1,glyma.Wm82.gnm4.ann1.Glyma.14G197600.1,glyma.Wm82.gnm4.ann1.Glyma.18G057900.1,glyma.Wm82.gnm4.ann1.Glyma.11G164700.1,Glyma.02G230500,Glyma.14G197600,Glyma.18G057900,Glyma.11G164700
Legume.fam3.02338,glyma.Wm82.gnm4.ann1.Glyma.02G275950.1,glyma.Wm82.gnm4.ann1.Glyma.14G040000.1,glyma.Wm82.gnm4.ann1.Glyma.13G073900.1,glyma.Wm82.gnm4.ann1.Glyma.20G048300.3,Glyma.02G275950,Glyma.14G040000,Glyma.13G073900,Glyma.20G048300
Legume.fam3.02341,glyma.Wm82.gnm4.ann1.Glyma.02G280300.1,glyma.Wm82.gnm4.ann1.Glyma.14G034300.1,glyma.Wm82.gnm4.ann1.Glyma.18G118400.1,glyma.Wm82.gnm4.ann1.Glyma.08G301700.1,Glyma.02G280300,Glyma.14G034300,Glyma.18G118400,Glyma.08G301700
Legume.fam3.02343,glyma.Wm82.gnm4.ann1.Glyma.18G115300.1,glyma.Wm82.gnm4.ann1.Glyma.08G304100.3,glyma.Wm82.gnm4.ann1.Glyma.02G282400.2,glyma.Wm82.gnm4.ann1.Glyma.14G031900.1,Glyma.18G115300,Glyma.08G304100,Glyma.02G282400,Glyma.14G031900
Legume.fam3.02348,glyma.Wm82.gnm4.ann1.Glyma.04G053800.1,glyma.Wm82.gnm4.ann1.Glyma.06G054000.2,glyma.Wm82.gnm4.ann1.Glyma.14G108400.8,glyma.Wm82.gnm4.ann1.Glyma.17G218700.9,Glyma.04G053800,Glyma.06G054000,Glyma.14G108400,Glyma.17G218700
Legume.fam3.02350,glyma.Wm82.gnm4.ann1.Glyma.14G076900.1,glyma.Wm82.gnm4.ann1.Glyma.17G248900.1,glyma.Wm82.gnm4.ann1.Glyma.04G033800.1,glyma.Wm82.gnm4.ann1.Glyma.06G034000.1,Glyma.14G076900,Glyma.17G248900,Glyma.04G033800,Glyma.06G034000
Legume.fam3.02351,glyma.Wm82.gnm4.ann1.Glyma.14G070500.1,glyma.Wm82.gnm4.ann1.Glyma.17G254200.1,glyma.Wm82.gnm4.ann1.Glyma.06G028600.1,glyma.Wm82.gnm4.ann1.Glyma.04G028500.1,Glyma.14G070500,Glyma.17G254200,Glyma.06G028600,Glyma.04G028500
Legume.fam3.02355,glyma.Wm82.gnm4.ann1.Glyma.05G134800.1,glyma.Wm82.gnm4.ann1.Glyma.08G090000.1,glyma.Wm82.gnm4.ann1.Glyma.15G155600.1,glyma.Wm82.gnm4.ann1.Glyma.09G048300.1,Glyma.05G134800,Glyma.08G090000,Glyma.15G155600,Glyma.09G048300
Legume.fam3.02356,glyma.Wm82.gnm4.ann1.Glyma.06G315100.1,glyma.Wm82.gnm4.ann1.Glyma.04G129200.1,glyma.Wm82.gnm4.ann1.Glyma.15G215400.1,glyma.Wm82.gnm4.ann1.Glyma.08G228800.1,Glyma.06G315100,Glyma.04G129200,Glyma.15G215400,Glyma.08G228800
Legume.fam3.02358,glyma.Wm82.gnm4.ann1.Glyma.13G187500.5,glyma.Wm82.gnm4.ann1.Glyma.15G225300.5,glyma.Wm82.gnm4.ann1.Glyma.06G312900.1,glyma.Wm82.gnm4.ann1.Glyma.04G125700.7,Glyma.13G187500,Glyma.15G225300,Glyma.06G312900,Glyma.04G125700
Legume.fam3.02359,glyma.Wm82.gnm4.ann1.Glyma.13G253100.1,glyma.Wm82.gnm4.ann1.Glyma.15G061800.1,glyma.Wm82.gnm4.ann1.Glyma.07G185500.1,glyma.Wm82.gnm4.ann1.Glyma.08G063700.1,Glyma.13G253100,Glyma.15G061800,Glyma.07G185500,Glyma.08G063700
Legume.fam3.02360,glyma.Wm82.gnm4.ann1.Glyma.07G189200.3,glyma.Wm82.gnm4.ann1.Glyma.08G060100.1,glyma.Wm82.gnm4.ann1.Glyma.13G247300.8,glyma.Wm82.gnm4.ann1.Glyma.15G066700.1,Glyma.07G189200,Glyma.08G060100,Glyma.13G247300,Glyma.15G066700
Legume.fam3.02361,glyma.Wm82.gnm4.ann1.Glyma.13G244100.1,glyma.Wm82.gnm4.ann1.Glyma.15G069600.1,glyma.Wm82.gnm4.ann1.Glyma.07G192300.1,glyma.Wm82.gnm4.ann1.Glyma.13G184100.1,Glyma.13G244100,Glyma.15G069600,Glyma.07G192300,Glyma.13G184100
Legume.fam3.02362,glyma.Wm82.gnm4.ann1.Glyma.15G077600.1,glyma.Wm82.gnm4.ann1.Glyma.13G236100.1,glyma.Wm82.gnm4.ann1.Glyma.13G175300.1,glyma.Wm82.gnm4.ann1.Glyma.07G201100.1,Glyma.15G077600,Glyma.13G236100,Glyma.13G175300,Glyma.07G201100
Legume.fam3.02368,glyma.Wm82.gnm4.ann1.Glyma.19G228500.1,glyma.Wm82.gnm4.ann1.Glyma.03G231300.1,glyma.Wm82.gnm4.ann1.Glyma.20G097600.1,glyma.Wm82.gnm4.ann1.Glyma.10G147100.1,Glyma.19G228500,Glyma.03G231300,Glyma.20G097600,Glyma.10G147100
Legume.fam3.02369,glyma.Wm82.gnm4.ann1.Glyma.10G160900.1,glyma.Wm82.gnm4.ann1.Glyma.20G223700.1,glyma.Wm82.gnm4.ann1.Glyma.19G243200.2,glyma.Wm82.gnm4.ann1.Glyma.03G245700.1,Glyma.10G160900,Glyma.20G223700,Glyma.19G243200,Glyma.03G245700
Legume.fam3.02370,glyma.Wm82.gnm4.ann1.Glyma.19G249100.1,glyma.Wm82.gnm4.ann1.Glyma.03G251700.1,glyma.Wm82.gnm4.ann1.Glyma.10G167300.1,glyma.Wm82.gnm4.ann1.Glyma.20G221800.1,Glyma.19G249100,Glyma.03G251700,Glyma.10G167300,Glyma.20G221800
Legume.fam3.02371,glyma.Wm82.gnm4.ann1.Glyma.07G073700.3,glyma.Wm82.gnm4.ann1.Glyma.03G014000.1,glyma.Wm82.gnm4.ann1.Glyma.18G230100.1,glyma.Wm82.gnm4.ann1.Glyma.09G262000.1,Glyma.07G073700,Glyma.03G014000,Glyma.18G230100,Glyma.09G262000
Legume.fam3.02372,glyma.Wm82.gnm4.ann1.Glyma.03G008600.1,glyma.Wm82.gnm4.ann1.Glyma.07G069900.1,glyma.Wm82.gnm4.ann1.Glyma.18G233600.1,glyma.Wm82.gnm4.ann1.Glyma.09G259000.2,Glyma.03G008600,Glyma.07G069900,Glyma.18G233600,Glyma.09G259000
Legume.fam3.02374,glyma.Wm82.gnm4.ann1.Glyma.07G058100.1,glyma.Wm82.gnm4.ann1.Glyma.16G027100.1,glyma.Wm82.gnm4.ann1.Glyma.19G253900.1,glyma.Wm82.gnm4.ann1.Glyma.03G256100.1,Glyma.07G058100,Glyma.16G027100,Glyma.19G253900,Glyma.03G256100
Legume.fam3.02375,glyma.Wm82.gnm4.ann1.Glyma.07G054700.1,glyma.Wm82.gnm4.ann1.Glyma.16G023500.1,glyma.Wm82.gnm4.ann1.Glyma.19G257000.1,glyma.Wm82.gnm4.ann1.Glyma.03G258400.1,Glyma.07G054700,Glyma.16G023500,Glyma.19G257000,Glyma.03G258400
Legume.fam3.02376,glyma.Wm82.gnm4.ann1.Glyma.03G261000.1,glyma.Wm82.gnm4.ann1.Glyma.19G260000.1,glyma.Wm82.gnm4.ann1.Glyma.07G049600.1,glyma.Wm82.gnm4.ann1.Glyma.16G018300.1,Glyma.03G261000,Glyma.19G260000,Glyma.07G049600,Glyma.16G018300
Legume.fam3.02379,glyma.Wm82.gnm4.ann1.Glyma.19G262400.1,glyma.Wm82.gnm4.ann1.Glyma.03G263400.1,glyma.Wm82.gnm4.ann1.Glyma.07G045700.1,glyma.Wm82.gnm4.ann1.Glyma.16G013600.3,Glyma.19G262400,Glyma.03G263400,Glyma.07G045700,Glyma.16G013600
Legume.fam3.02382,glyma.Wm82.gnm4.ann1.Glyma.07G010200.1,glyma.Wm82.gnm4.ann1.Glyma.08G193200.1,glyma.Wm82.gnm4.ann1.Glyma.13G350400.1,glyma.Wm82.gnm4.ann1.Glyma.15G024100.1,Glyma.07G010200,Glyma.08G193200,Glyma.13G350400,Glyma.15G024100
Legume.fam3.02387,glyma.Wm82.gnm4.ann1.Glyma.03G069400.2,glyma.Wm82.gnm4.ann1.Glyma.01G099800.10,glyma.Wm82.gnm4.ann1.Glyma.07G137300.1,glyma.Wm82.gnm4.ann1.Glyma.18G188000.1,Glyma.03G069400,Glyma.01G099800,Glyma.07G137300,Glyma.18G188000
Legume.fam3.02388,glyma.Wm82.gnm4.ann1.Glyma.07G143000.1,glyma.Wm82.gnm4.ann1.Glyma.18G193900.1,glyma.Wm82.gnm4.ann1.Glyma.01G109200.1,glyma.Wm82.gnm4.ann1.Glyma.03G074300.1,Glyma.07G143000,Glyma.18G193900,Glyma.01G109200,Glyma.03G074300
Legume.fam3.02389,glyma.Wm82.gnm4.ann1.Glyma.18G197600.1,glyma.Wm82.gnm4.ann1.Glyma.07G146400.1,glyma.Wm82.gnm4.ann1.Glyma.03G078300.1,glyma.Wm82.gnm4.ann1.Glyma.01G113000.1,Glyma.18G197600,Glyma.07G146400,Glyma.03G078300,Glyma.01G113000
Legume.fam3.02392,glyma.Wm82.gnm4.ann1.Glyma.19G258500.1,glyma.Wm82.gnm4.ann1.Glyma.03G259600.4,glyma.Wm82.gnm4.ann1.Glyma.16G021300.2,glyma.Wm82.gnm4.ann1.Glyma.07G052400.2,Glyma.19G258500,Glyma.03G259600,Glyma.16G021300,Glyma.07G052400
Legume.fam3.02393,glyma.Wm82.gnm4.ann1.Glyma.15G025300.5,glyma.Wm82.gnm4.ann1.Glyma.13G348500.2,glyma.Wm82.gnm4.ann1.Glyma.07G008300.3,glyma.Wm82.gnm4.ann1.Glyma.08G191300.3,Glyma.15G025300,Glyma.13G348500,Glyma.07G008300,Glyma.08G191300
Legume.fam3.02394,glyma.Wm82.gnm4.ann1.Glyma.06G227500.6,glyma.Wm82.gnm4.ann1.Glyma.12G156900.5,glyma.Wm82.gnm4.ann1.Glyma.12G230800.1,glyma.Wm82.gnm4.ann1.Glyma.13G268800.1,Glyma.06G227500,Glyma.12G156900,Glyma.12G230800,Glyma.13G268800
Legume.fam3.02395,glyma.Wm82.gnm4.ann1.Glyma.09G271300.1,glyma.Wm82.gnm4.ann1.Glyma.18G218000.1,glyma.Wm82.gnm4.ann1.Glyma.03G001100.1,glyma.Wm82.gnm4.ann1.Glyma.16G221500.1,Glyma.09G271300,Glyma.18G218000,Glyma.03G001100,Glyma.16G221500
Legume.fam3.02398,glyma.Wm82.gnm4.ann1.Glyma.06G194500.1,glyma.Wm82.gnm4.ann1.Glyma.04G168500.2,glyma.Wm82.gnm4.ann1.Glyma.17G100800.1,glyma.Wm82.gnm4.ann1.Glyma.05G026100.1,Glyma.06G194500,Glyma.04G168500,Glyma.17G100800,Glyma.05G026100
Legume.fam3.02401,glyma.Wm82.gnm4.ann1.Glyma.08G009400.1,glyma.Wm82.gnm4.ann1.Glyma.05G202000.1,glyma.Wm82.gnm4.ann1.Glyma.04G199300.1,glyma.Wm82.gnm4.ann1.Glyma.06G166200.1,Glyma.08G009400,Glyma.05G202000,Glyma.04G199300,Glyma.06G166200
Legume.fam3.02403,glyma.Wm82.gnm4.ann1.Glyma.05G195500.1,glyma.Wm82.gnm4.ann1.Glyma.08G003100.2,glyma.Wm82.gnm4.ann1.Glyma.04G207800.1,glyma.Wm82.gnm4.ann1.Glyma.06G158000.1,Glyma.05G195500,Glyma.08G003100,Glyma.04G207800,Glyma.06G158000
Legume.fam3.02405,glyma.Wm82.gnm4.ann1.Glyma.04G211800.1,glyma.Wm82.gnm4.ann1.Glyma.06G154500.1,glyma.Wm82.gnm4.ann1.Glyma.08G000800.1,glyma.Wm82.gnm4.ann1.Glyma.05G192700.1,Glyma.04G211800,Glyma.06G154500,Glyma.08G000800,Glyma.05G192700
Legume.fam3.02407,glyma.Wm82.gnm4.ann1.Glyma.05G184500.1,glyma.Wm82.gnm4.ann1.Glyma.08G142400.1,glyma.Wm82.gnm4.ann1.Glyma.04G218700.1,glyma.Wm82.gnm4.ann1.Glyma.06G147100.1,Glyma.05G184500,Glyma.08G142400,Glyma.04G218700,Glyma.06G147100
Legume.fam3.02408,glyma.Wm82.gnm4.ann1.Glyma.18G017400.1,glyma.Wm82.gnm4.ann1.Glyma.11G240000.1,glyma.Wm82.gnm4.ann1.Glyma.08G136300.1,glyma.Wm82.gnm4.ann1.Glyma.05G178800.1,Glyma.18G017400,Glyma.11G240000,Glyma.08G136300,Glyma.05G178800
Legume.fam3.02411,glyma.Wm82.gnm4.ann1.Glyma.15G197800.1,glyma.Wm82.gnm4.ann1.Glyma.09G091100.4,glyma.Wm82.gnm4.ann1.Glyma.13G163000.1,glyma.Wm82.gnm4.ann1.Glyma.17G108200.1,Glyma.15G197800,Glyma.09G091100,Glyma.13G163000,Glyma.17G108200
Legume.fam3.02413,glyma.Wm82.gnm4.ann1.Glyma.17G061700.2,glyma.Wm82.gnm4.ann1.Glyma.13G098000.1,glyma.Wm82.gnm4.ann1.Glyma.09G056600.1,glyma.Wm82.gnm4.ann1.Glyma.15G162800.1,Glyma.17G061700,Glyma.13G098000,Glyma.09G056600,Glyma.15G162800
Legume.fam3.02414,glyma.Wm82.gnm4.ann1.Glyma.09G068800.3,glyma.Wm82.gnm4.ann1.Glyma.15G176600.2,glyma.Wm82.gnm4.ann1.Glyma.17G050100.10,glyma.Wm82.gnm4.ann1.Glyma.13G109600.23,Glyma.09G068800,Glyma.15G176600,Glyma.17G050100,Glyma.13G109600
Legume.fam3.02417,glyma.Wm82.gnm4.ann1.Glyma.15G187400.1,glyma.Wm82.gnm4.ann1.Glyma.09G079400.1,glyma.Wm82.gnm4.ann1.Glyma.17G040700.1,glyma.Wm82.gnm4.ann1.Glyma.13G119500.1,Glyma.15G187400,Glyma.09G079400,Glyma.17G040700,Glyma.13G119500
Legume.fam3.02420,glyma.Wm82.gnm4.ann1.Glyma.13G112400.1,glyma.Wm82.gnm4.ann1.Glyma.17G047300.1,glyma.Wm82.gnm4.ann1.Glyma.09G072000.1,glyma.Wm82.gnm4.ann1.Glyma.15G180000.1,Glyma.13G112400,Glyma.17G047300,Glyma.09G072000,Glyma.15G180000
Legume.fam3.02421,glyma.Wm82.gnm4.ann1.Glyma.20G087700.1,glyma.Wm82.gnm4.ann1.Glyma.10G008200.1,glyma.Wm82.gnm4.ann1.Glyma.10G188300.1,glyma.Wm82.gnm4.ann1.Glyma.20G202500.1,Glyma.20G087700,Glyma.10G008200,Glyma.10G188300,Glyma.20G202500
Legume.fam3.02424,glyma.Wm82.gnm4.ann1.Glyma.10G006700.1,glyma.Wm82.gnm4.ann1.Glyma.02G005800.1,glyma.Wm82.gnm4.ann1.Glyma.10G186500.2,glyma.Wm82.gnm4.ann1.Glyma.20G204000.1,Glyma.10G006700,Glyma.02G005800,Glyma.10G186500,Glyma.20G204000
Legume.fam3.02426,glyma.Wm82.gnm4.ann1.Glyma.10G189800.2,glyma.Wm82.gnm4.ann1.Glyma.20G201100.2,glyma.Wm82.gnm4.ann1.Glyma.10G136600.1,glyma.Wm82.gnm4.ann1.Glyma.20G086200.1,Glyma.10G189800,Glyma.20G201100,Glyma.10G136600,Glyma.20G086200
Legume.fam3.02427,glyma.Wm82.gnm4.ann1.Glyma.10G133900.1,glyma.Wm82.gnm4.ann1.Glyma.20G083000.1,glyma.Wm82.gnm4.ann1.Glyma.20G200200.1,glyma.Wm82.gnm4.ann1.Glyma.10G190500.1,Glyma.10G133900,Glyma.20G083000,Glyma.20G200200,Glyma.10G190500
Legume.fam3.02428,glyma.Wm82.gnm4.ann1.Glyma.12G118700.1,glyma.Wm82.gnm4.ann1.Glyma.06G288500.5,glyma.Wm82.gnm4.ann1.Glyma.13G294000.1,glyma.Wm82.gnm4.ann1.Glyma.12G206900.1,Glyma.12G118700,Glyma.06G288500,Glyma.13G294000,Glyma.12G206900
Legume.fam3.02432,glyma.Wm82.gnm4.ann1.Glyma.15G101000.1,glyma.Wm82.gnm4.ann1.Glyma.13G211700.1,glyma.Wm82.gnm4.ann1.Glyma.07G254000.1,glyma.Wm82.gnm4.ann1.Glyma.17G020300.1,Glyma.15G101000,Glyma.13G211700,Glyma.07G254000,Glyma.17G020300
Legume.fam3.02435,glyma.Wm82.gnm4.ann1.Glyma.12G204700.1,glyma.Wm82.gnm4.ann1.Glyma.13G296600.1,glyma.Wm82.gnm4.ann1.Glyma.12G113400.1,glyma.Wm82.gnm4.ann1.Glyma.06G292400.1,Glyma.12G204700,Glyma.13G296600,Glyma.12G113400,Glyma.06G292400
Legume.fam3.02436,glyma.Wm82.gnm4.ann1.Glyma.16G111800.1,glyma.Wm82.gnm4.ann1.Glyma.09G197000.1,glyma.Wm82.gnm4.ann1.Glyma.01G157800.1,glyma.Wm82.gnm4.ann1.Glyma.11G087200.1,Glyma.16G111800,Glyma.09G197000,Glyma.01G157800,Glyma.11G087200
Legume.fam3.02438,glyma.Wm82.gnm4.ann1.Glyma.12G111200.1,glyma.Wm82.gnm4.ann1.Glyma.06G294500.1,glyma.Wm82.gnm4.ann1.Glyma.12G203600.1,glyma.Wm82.gnm4.ann1.Glyma.13G298100.1,Glyma.12G111200,Glyma.06G294500,Glyma.12G203600,Glyma.13G298100
Legume.fam3.02441,glyma.Wm82.gnm4.ann1.Glyma.11G069300.1,glyma.Wm82.gnm4.ann1.Glyma.01G173800.1,glyma.Wm82.gnm4.ann1.Glyma.02G055500.1,glyma.Wm82.gnm4.ann1.Glyma.16G138300.13,Glyma.11G069300,Glyma.01G173800,Glyma.02G055500,Glyma.16G138300
Legume.fam3.02442,glyma.Wm82.gnm4.ann1.Glyma.01G174200.1,glyma.Wm82.gnm4.ann1.Glyma.11G068800.2,glyma.Wm82.gnm4.ann1.Glyma.02G056100.1,glyma.Wm82.gnm4.ann1.Glyma.16G138700.2,Glyma.01G174200,Glyma.11G068800,Glyma.02G056100,Glyma.16G138700
Legume.fam3.02446,glyma.Wm82.gnm4.ann1.Glyma.11G046200.1,glyma.Wm82.gnm4.ann1.Glyma.01G195500.1,glyma.Wm82.gnm4.ann1.Glyma.17G159500.2,glyma.Wm82.gnm4.ann1.Glyma.05G107600.1,Glyma.11G046200,Glyma.01G195500,Glyma.17G159500,Glyma.05G107600
Legume.fam3.02447,glyma.Wm82.gnm4.ann1.Glyma.17G158100.1,glyma.Wm82.gnm4.ann1.Glyma.05G108900.1,glyma.Wm82.gnm4.ann1.Glyma.11G045600.1,glyma.Wm82.gnm4.ann1.Glyma.01G196100.1,Glyma.17G158100,Glyma.05G108900,Glyma.11G045600,Glyma.01G196100
Legume.fam3.02448,glyma.Wm82.gnm4.ann1.Glyma.11G045400.1,glyma.Wm82.gnm4.ann1.Glyma.01G196200.1,glyma.Wm82.gnm4.ann1.Glyma.05G109200.1,glyma.Wm82.gnm4.ann1.Glyma.17G158000.1,Glyma.11G045400,Glyma.01G196200,Glyma.05G109200,Glyma.17G158000
Legume.fam3.02451,glyma.Wm82.gnm4.ann1.Glyma.01G214500.1,glyma.Wm82.gnm4.ann1.Glyma.11G027500.2,glyma.Wm82.gnm4.ann1.Glyma.17G133000.3,glyma.Wm82.gnm4.ann1.Glyma.05G051100.1,Glyma.01G214500,Glyma.11G027500,Glyma.17G133000,Glyma.05G051100
Legume.fam3.02456,glyma.Wm82.gnm4.ann1.Glyma.08G271900.1,glyma.Wm82.gnm4.ann1.Glyma.01G096600.1,glyma.Wm82.gnm4.ann1.Glyma.01G018400.1,glyma.Wm82.gnm4.ann1.Glyma.09G204500.1,Glyma.08G271900,Glyma.01G096600,Glyma.01G018400,Glyma.09G204500
Legume.fam3.02457,glyma.Wm82.gnm4.ann1.Glyma.01G019000.1,glyma.Wm82.gnm4.ann1.Glyma.09G203900.3,glyma.Wm82.gnm4.ann1.Glyma.08G272600.6,glyma.Wm82.gnm4.ann1.Glyma.01G097100.4,Glyma.01G019000,Glyma.09G203900,Glyma.08G272600,Glyma.01G097100
Legume.fam3.02458,glyma.Wm82.gnm4.ann1.Glyma.09G203300.1,glyma.Wm82.gnm4.ann1.Glyma.01G019400.2,glyma.Wm82.gnm4.ann1.Glyma.08G273500.1,glyma.Wm82.gnm4.ann1.Glyma.01G098000.3,Glyma.09G203300,Glyma.01G019400,Glyma.08G273500,Glyma.01G098000
Legume.fam3.02459,glyma.Wm82.gnm4.ann1.Glyma.18G147200.2,glyma.Wm82.gnm4.ann1.Glyma.08G279400.1,glyma.Wm82.gnm4.ann1.Glyma.09G199300.3,glyma.Wm82.gnm4.ann1.Glyma.01G023000.3,Glyma.18G147200,Glyma.08G279400,Glyma.09G199300,Glyma.01G023000
Legume.fam3.02460,glyma.Wm82.gnm4.ann1.Glyma.01G025400.1,glyma.Wm82.gnm4.ann1.Glyma.02G039300.1,glyma.Wm82.gnm4.ann1.Glyma.08G281900.1,glyma.Wm82.gnm4.ann1.Glyma.18G144700.1,Glyma.01G025400,Glyma.02G039300,Glyma.08G281900,Glyma.18G144700
Legume.fam3.02461,glyma.Wm82.gnm4.ann1.Glyma.13G310800.1,glyma.Wm82.gnm4.ann1.Glyma.12G190900.2,glyma.Wm82.gnm4.ann1.Glyma.12G096500.1,glyma.Wm82.gnm4.ann1.Glyma.06G308300.1,Glyma.13G310800,Glyma.12G190900,Glyma.12G096500,Glyma.06G308300
Legume.fam3.02465,glyma.Wm82.gnm4.ann1.Glyma.08G297400.1,glyma.Wm82.gnm4.ann1.Glyma.18G124500.1,glyma.Wm82.gnm4.ann1.Glyma.02G019800.1,glyma.Wm82.gnm4.ann1.Glyma.01G043700.1,Glyma.08G297400,Glyma.18G124500,Glyma.02G019800,Glyma.01G043700
Legume.fam3.02466,glyma.Wm82.gnm4.ann1.Glyma.13G313700.1,glyma.Wm82.gnm4.ann1.Glyma.12G187600.1,glyma.Wm82.gnm4.ann1.Glyma.12G093600.1,glyma.Wm82.gnm4.ann1.Glyma.11G179900.1,Glyma.13G313700,Glyma.12G187600,Glyma.12G093600,Glyma.11G179900
Legume.fam3.02467,glyma.Wm82.gnm4.ann1.Glyma.07G227700.1,glyma.Wm82.gnm4.ann1.Glyma.20G030100.1,glyma.Wm82.gnm4.ann1.Glyma.02G111800.1,glyma.Wm82.gnm4.ann1.Glyma.01G053300.1,Glyma.07G227700,Glyma.20G030100,Glyma.02G111800,Glyma.01G053300
Legume.fam3.02469,glyma.Wm82.gnm4.ann1.Glyma.20G027100.1,glyma.Wm82.gnm4.ann1.Glyma.07G226700.4,glyma.Wm82.gnm4.ann1.Glyma.01G056000.3,glyma.Wm82.gnm4.ann1.Glyma.02G114300.2,Glyma.20G027100,Glyma.07G226700,Glyma.01G056000,Glyma.02G114300
Legume.fam3.02474,glyma.Wm82.gnm4.ann1.Glyma.12G085500.1,glyma.Wm82.gnm4.ann1.Glyma.11G189100.1,glyma.Wm82.gnm4.ann1.Glyma.12G181800.1,glyma.Wm82.gnm4.ann1.Glyma.13G319000.1,Glyma.12G085500,Glyma.11G189100,Glyma.12G181800,Glyma.13G319000
Legume.fam3.02475,glyma.Wm82.gnm4.ann1.Glyma.08G046400.1,glyma.Wm82.gnm4.ann1.Glyma.05G239300.1,glyma.Wm82.gnm4.ann1.Glyma.02G085700.1,glyma.Wm82.gnm4.ann1.Glyma.07G171000.1,Glyma.08G046400,Glyma.05G239300,Glyma.02G085700,Glyma.07G171000
Legume.fam3.02476,glyma.Wm82.gnm4.ann1.Glyma.12G177000.1,glyma.Wm82.gnm4.ann1.Glyma.13G323700.1,glyma.Wm82.gnm4.ann1.Glyma.12G079100.1,glyma.Wm82.gnm4.ann1.Glyma.11G195000.1,Glyma.12G177000,Glyma.13G323700,Glyma.12G079100,Glyma.11G195000
Legume.fam3.02477,glyma.Wm82.gnm4.ann1.Glyma.20G164500.1,glyma.Wm82.gnm4.ann1.Glyma.10G227800.1,glyma.Wm82.gnm4.ann1.Glyma.09G126300.1,glyma.Wm82.gnm4.ann1.Glyma.16G173100.1,Glyma.20G164500,Glyma.10G227800,Glyma.09G126300,Glyma.16G173100
Legume.fam3.02479,glyma.Wm82.gnm4.ann1.Glyma.11G133300.1,glyma.Wm82.gnm4.ann1.Glyma.12G057400.1,glyma.Wm82.gnm4.ann1.Glyma.13G340000.1,glyma.Wm82.gnm4.ann1.Glyma.15G034400.1,Glyma.11G133300,Glyma.12G057400,Glyma.13G340000,Glyma.15G034400
Legume.fam3.02480,glyma.Wm82.gnm4.ann1.Glyma.01G173700.1,glyma.Wm82.gnm4.ann1.Glyma.11G069400.3,glyma.Wm82.gnm4.ann1.Glyma.16G138100.1,glyma.Wm82.gnm4.ann1.Glyma.02G055300.2,Glyma.01G173700,Glyma.11G069400,Glyma.16G138100,Glyma.02G055300
Legume.fam3.02481,glyma.Wm82.gnm4.ann1.Glyma.02G057700.1,glyma.Wm82.gnm4.ann1.Glyma.16G140700.1,glyma.Wm82.gnm4.ann1.Glyma.11G067200.2,glyma.Wm82.gnm4.ann1.Glyma.01G175000.2,Glyma.02G057700,Glyma.16G140700,Glyma.11G067200,Glyma.01G175000
Legume.fam3.02486,glyma.Wm82.gnm4.ann1.Glyma.07G253200.1,glyma.Wm82.gnm4.ann1.Glyma.17G021200.1,glyma.Wm82.gnm4.ann1.Glyma.13G212700.1,glyma.Wm82.gnm4.ann1.Glyma.15G099900.1,Glyma.07G253200,Glyma.17G021200,Glyma.13G212700,Glyma.15G099900
Legume.fam3.02489,glyma.Wm82.gnm4.ann1.Glyma.09G012000.1,glyma.Wm82.gnm4.ann1.Glyma.15G116700.1,glyma.Wm82.gnm4.ann1.Glyma.07G266600.1,glyma.Wm82.gnm4.ann1.Glyma.17G007500.1,Glyma.09G012000,Glyma.15G116700,Glyma.07G266600,Glyma.17G007500
Legume.fam3.02490,glyma.Wm82.gnm4.ann1.Glyma.09G013100.2,glyma.Wm82.gnm4.ann1.Glyma.15G118000.1,glyma.Wm82.gnm4.ann1.Glyma.17G006600.1,glyma.Wm82.gnm4.ann1.Glyma.07G267400.2,Glyma.09G013100,Glyma.15G118000,Glyma.17G006600,Glyma.07G267400
Legume.fam3.02491,glyma.Wm82.gnm4.ann1.Glyma.09G013900.1,glyma.Wm82.gnm4.ann1.Glyma.15G118600.1,glyma.Wm82.gnm4.ann1.Glyma.07G267900.2,glyma.Wm82.gnm4.ann1.Glyma.17G006000.1,Glyma.09G013900,Glyma.15G118600,Glyma.07G267900,Glyma.17G006000
Legume.fam3.02494,glyma.Wm82.gnm4.ann1.Glyma.08G131200.1,glyma.Wm82.gnm4.ann1.Glyma.05G174000.3,glyma.Wm82.gnm4.ann1.Glyma.11G243900.2,glyma.Wm82.gnm4.ann1.Glyma.18G013200.5,Glyma.08G131200,Glyma.05G174000,Glyma.11G243900,Glyma.18G013200
Legume.fam3.02495,glyma.Wm82.gnm4.ann1.Glyma.06G154100.1,glyma.Wm82.gnm4.ann1.Glyma.04G212300.1,glyma.Wm82.gnm4.ann1.Glyma.05G192100.2,glyma.Wm82.gnm4.ann1.Glyma.08G000400.1,Glyma.06G154100,Glyma.04G212300,Glyma.05G192100,Glyma.08G000400
Legume.fam3.02498,glyma.Wm82.gnm4.ann1.Glyma.09G057900.1,glyma.Wm82.gnm4.ann1.Glyma.15G164000.1,glyma.Wm82.gnm4.ann1.Glyma.13G099400.1,glyma.Wm82.gnm4.ann1.Glyma.17G060700.2,Glyma.09G057900,Glyma.15G164000,Glyma.13G099400,Glyma.17G060700
Legume.fam3.02499,glyma.Wm82.gnm4.ann1.Glyma.13G103900.1,glyma.Wm82.gnm4.ann1.Glyma.17G055200.1,glyma.Wm82.gnm4.ann1.Glyma.09G062800.1,glyma.Wm82.gnm4.ann1.Glyma.15G169300.1,Glyma.13G103900,Glyma.17G055200,Glyma.09G062800,Glyma.15G169300
Legume.fam3.02500,glyma.Wm82.gnm4.ann1.Glyma.10G242800.1,glyma.Wm82.gnm4.ann1.Glyma.20G151400.4,glyma.Wm82.gnm4.ann1.Glyma.10G002700.2,glyma.Wm82.gnm4.ann1.Glyma.02G002500.3,Glyma.10G242800,Glyma.20G151400,Glyma.10G002700,Glyma.02G002500
Legume.fam3.02504,glyma.Wm82.gnm4.ann1.Glyma.07G186700.1,glyma.Wm82.gnm4.ann1.Glyma.08G062500.1,glyma.Wm82.gnm4.ann1.Glyma.13G251100.1,glyma.Wm82.gnm4.ann1.Glyma.15G063200.1,Glyma.07G186700,Glyma.08G062500,Glyma.13G251100,Glyma.15G063200
Legume.fam3.02507,glyma.Wm82.gnm4.ann1.Glyma.08G179900.3,glyma.Wm82.gnm4.ann1.Glyma.15G052500.1,glyma.Wm82.gnm4.ann1.Glyma.08G073900.1,glyma.Wm82.gnm4.ann1.Glyma.05G118800.2,Glyma.08G179900,Glyma.15G052500,Glyma.08G073900,Glyma.05G118800
Legume.fam3.02509,glyma.Wm82.gnm4.ann1.Glyma.01G154700.1,glyma.Wm82.gnm4.ann1.Glyma.11G089700.1,glyma.Wm82.gnm4.ann1.Glyma.16G077100.1,glyma.Wm82.gnm4.ann1.Glyma.16G110400.1,Glyma.01G154700,Glyma.11G089700,Glyma.16G077100,Glyma.16G110400
Legume.fam3.02515,glyma.Wm82.gnm4.ann1.Glyma.17G232200.9,glyma.Wm82.gnm4.ann1.Glyma.14G091300.1,glyma.Wm82.gnm4.ann1.Glyma.06G050200.1,glyma.Wm82.gnm4.ann1.Glyma.04G049700.3,Glyma.17G232200,Glyma.14G091300,Glyma.06G050200,Glyma.04G049700
Legume.fam3.02518,glyma.Wm82.gnm4.ann1.Glyma.01G234300.4,glyma.Wm82.gnm4.ann1.Glyma.11G008600.2,glyma.Wm82.gnm4.ann1.Glyma.11G109800.5,glyma.Wm82.gnm4.ann1.Glyma.12G014900.3,Glyma.01G234300,Glyma.11G008600,Glyma.11G109800,Glyma.12G014900
Legume.fam3.02527,glyma.Wm82.gnm4.ann1.Glyma.07G033800.1,glyma.Wm82.gnm4.ann1.Glyma.08G208300.1,glyma.Wm82.gnm4.ann1.Glyma.13G361700.1,glyma.Wm82.gnm4.ann1.Glyma.15G012100.1,Glyma.07G033800,Glyma.08G208300,Glyma.13G361700,Glyma.15G012100
Legume.fam3.02528,glyma.Wm82.gnm4.ann1.Glyma.13G046100.1,glyma.Wm82.gnm4.ann1.Glyma.19G047100.1,glyma.Wm82.gnm4.ann1.Glyma.08G365500.1,glyma.Wm82.gnm4.ann1.Glyma.18G296700.1,Glyma.13G046100,Glyma.19G047100,Glyma.08G365500,Glyma.18G296700
Legume.fam3.02531,glyma.Wm82.gnm4.ann1.Glyma.08G256400.1,glyma.Wm82.gnm4.ann1.Glyma.18G280700.1,glyma.Wm82.gnm4.ann1.Glyma.19G044400.1,glyma.Wm82.gnm4.ann1.Glyma.13G047400.2,Glyma.08G256400,Glyma.18G280700,Glyma.19G044400,Glyma.13G047400
Legume.fam3.02533,glyma.Wm82.gnm4.ann1.Glyma.16G210000.1,glyma.Wm82.gnm4.ann1.Glyma.09G160500.1,glyma.Wm82.gnm4.ann1.Glyma.10G174400.1,glyma.Wm82.gnm4.ann1.Glyma.20G216100.1,Glyma.16G210000,Glyma.09G160500,Glyma.10G174400,Glyma.20G216100
Legume.fam3.02535,glyma.Wm82.gnm4.ann1.Glyma.07G101000.1,glyma.Wm82.gnm4.ann1.Glyma.09G177800.3,glyma.Wm82.gnm4.ann1.Glyma.05G245900.1,glyma.Wm82.gnm4.ann1.Glyma.08G053702.1,Glyma.07G101000,Glyma.09G177800,Glyma.05G245900,Glyma.08G053702
Legume.fam3.02536,glyma.Wm82.gnm4.ann1.Glyma.09G177600.17,glyma.Wm82.gnm4.ann1.Glyma.07G101600.1,glyma.Wm82.gnm4.ann1.Glyma.05G245300.1,glyma.Wm82.gnm4.ann1.Glyma.08G052700.1,Glyma.09G177600,Glyma.07G101600,Glyma.05G245300,Glyma.08G052700
Legume.fam3.02540,glyma.Wm82.gnm4.ann1.Glyma.19G155700.1,glyma.Wm82.gnm4.ann1.Glyma.03G153300.1,glyma.Wm82.gnm4.ann1.Glyma.02G147600.3,glyma.Wm82.gnm4.ann1.Glyma.10G026200.11,Glyma.19G155700,Glyma.03G153300,Glyma.02G147600,Glyma.10G026200
Legume.fam3.02541,glyma.Wm82.gnm4.ann1.Glyma.10G026300.1,glyma.Wm82.gnm4.ann1.Glyma.02G147500.1,glyma.Wm82.gnm4.ann1.Glyma.19G155800.1,glyma.Wm82.gnm4.ann1.Glyma.03G153400.1,Glyma.10G026300,Glyma.02G147500,Glyma.19G155800,Glyma.03G153400
Legume.fam3.02544,glyma.Wm82.gnm4.ann1.Glyma.10G032200.1,glyma.Wm82.gnm4.ann1.Glyma.02G141700.1,glyma.Wm82.gnm4.ann1.Glyma.03G159100.1,glyma.Wm82.gnm4.ann1.Glyma.19G161400.1,Glyma.10G032200,Glyma.02G141700,Glyma.03G159100,Glyma.19G161400
Legume.fam3.02546,glyma.Wm82.gnm4.ann1.Glyma.03G166800.5,glyma.Wm82.gnm4.ann1.Glyma.19G167900.9,glyma.Wm82.gnm4.ann1.Glyma.10G040100.3,glyma.Wm82.gnm4.ann1.Glyma.13G126600.6,Glyma.03G166800,Glyma.19G167900,Glyma.10G040100,Glyma.13G126600
Legume.fam3.02547,glyma.Wm82.gnm4.ann1.Glyma.10G040700.1,glyma.Wm82.gnm4.ann1.Glyma.13G127300.2,glyma.Wm82.gnm4.ann1.Glyma.19G168800.1,glyma.Wm82.gnm4.ann1.Glyma.03G167650.1,Glyma.10G040700,Glyma.13G127300,Glyma.19G168800,Glyma.03G167650
Legume.fam3.02548,glyma.Wm82.gnm4.ann1.Glyma.13G136700.1,glyma.Wm82.gnm4.ann1.Glyma.10G048800.1,glyma.Wm82.gnm4.ann1.Glyma.03G177600.4,glyma.Wm82.gnm4.ann1.Glyma.19G178400.1,Glyma.13G136700,Glyma.10G048800,Glyma.03G177600,Glyma.19G178400
Legume.fam3.02549,glyma.Wm82.gnm4.ann1.Glyma.03G178100.1,glyma.Wm82.gnm4.ann1.Glyma.19G178900.9,glyma.Wm82.gnm4.ann1.Glyma.13G137200.5,glyma.Wm82.gnm4.ann1.Glyma.10G049600.1,Glyma.03G178100,Glyma.19G178900,Glyma.13G137200,Glyma.10G049600
Legume.fam3.02550,glyma.Wm82.gnm4.ann1.Glyma.03G179700.1,glyma.Wm82.gnm4.ann1.Glyma.19G180400.1,glyma.Wm82.gnm4.ann1.Glyma.10G051500.7,glyma.Wm82.gnm4.ann1.Glyma.13G139000.1,Glyma.03G179700,Glyma.19G180400,Glyma.10G051500,Glyma.13G139000
Legume.fam3.02555,glyma.Wm82.gnm4.ann1.Glyma.19G194957.1,glyma.Wm82.gnm4.ann1.Glyma.03G196500.1,glyma.Wm82.gnm4.ann1.Glyma.10G073600.1,glyma.Wm82.gnm4.ann1.Glyma.13G154300.1,Glyma.19G194957,Glyma.03G196500,Glyma.10G073600,Glyma.13G154300
Legume.fam3.02560,glyma.Wm82.gnm4.ann1.Glyma.02G175400.1,glyma.Wm82.gnm4.ann1.Glyma.10G093400.1,glyma.Wm82.gnm4.ann1.Glyma.03G141500.1,glyma.Wm82.gnm4.ann1.Glyma.19G144000.4,Glyma.02G175400,Glyma.10G093400,Glyma.03G141500,Glyma.19G144000
Legume.fam3.02561,glyma.Wm82.gnm4.ann1.Glyma.10G094500.1,glyma.Wm82.gnm4.ann1.Glyma.02G180100.9,glyma.Wm82.gnm4.ann1.Glyma.19G143000.1,glyma.Wm82.gnm4.ann1.Glyma.03G140100.1,Glyma.10G094500,Glyma.02G180100,Glyma.19G143000,Glyma.03G140100
Legume.fam3.02568,glyma.Wm82.gnm4.ann1.Glyma.19G216601.1,glyma.Wm82.gnm4.ann1.Glyma.03G219800.1,glyma.Wm82.gnm4.ann1.Glyma.10G012600.7,glyma.Wm82.gnm4.ann1.Glyma.02G012100.1,Glyma.19G216601,Glyma.03G219800,Glyma.10G012600,Glyma.02G012100
Legume.fam3.02569,glyma.Wm82.gnm4.ann1.Glyma.03G221100.1,glyma.Wm82.gnm4.ann1.Glyma.19G218100.1,glyma.Wm82.gnm4.ann1.Glyma.02G010600.1,glyma.Wm82.gnm4.ann1.Glyma.10G011000.1,Glyma.03G221100,Glyma.19G218100,Glyma.02G010600,Glyma.10G011000
Legume.fam3.02570,glyma.Wm82.gnm4.ann1.Glyma.10G010800.4,glyma.Wm82.gnm4.ann1.Glyma.02G010300.2,glyma.Wm82.gnm4.ann1.Glyma.19G218300.3,glyma.Wm82.gnm4.ann1.Glyma.03G221350.1,Glyma.10G010800,Glyma.02G010300,Glyma.19G218300,Glyma.03G221350
Legume.fam3.02572,glyma.Wm82.gnm4.ann1.Glyma.03G230400.1,glyma.Wm82.gnm4.ann1.Glyma.19G227300.1,glyma.Wm82.gnm4.ann1.Glyma.20G095200.1,glyma.Wm82.gnm4.ann1.Glyma.10G145600.1,Glyma.03G230400,Glyma.19G227300,Glyma.20G095200,Glyma.10G145600
Legume.fam3.02573,glyma.Wm82.gnm4.ann1.Glyma.20G096100.1,glyma.Wm82.gnm4.ann1.Glyma.10G146300.1,glyma.Wm82.gnm4.ann1.Glyma.19G228000.1,glyma.Wm82.gnm4.ann1.Glyma.03G230800.1,Glyma.20G096100,Glyma.10G146300,Glyma.19G228000,Glyma.03G230800
Legume.fam3.02581,glyma.Wm82.gnm4.ann1.Glyma.06G202000.9,glyma.Wm82.gnm4.ann1.Glyma.04G163600.16,glyma.Wm82.gnm4.ann1.Glyma.17G077400.1,glyma.Wm82.gnm4.ann1.Glyma.05G022300.1,Glyma.06G202000,Glyma.04G163600,Glyma.17G077400,Glyma.05G022300
Legume.fam3.02586,glyma.Wm82.gnm4.ann1.Glyma.04G036300.1,glyma.Wm82.gnm4.ann1.Glyma.06G036400.1,glyma.Wm82.gnm4.ann1.Glyma.14G080100.1,glyma.Wm82.gnm4.ann1.Glyma.17G245300.1,Glyma.04G036300,Glyma.06G036400,Glyma.14G080100,Glyma.17G245300
Legume.fam3.02588,glyma.Wm82.gnm4.ann1.Glyma.14G158800.1,glyma.Wm82.gnm4.ann1.Glyma.13G036100.1,glyma.Wm82.gnm4.ann1.Glyma.06G119800.1,glyma.Wm82.gnm4.ann1.Glyma.04G243500.1,Glyma.14G158800,Glyma.13G036100,Glyma.06G119800,Glyma.04G243500
Legume.fam3.02589,glyma.Wm82.gnm4.ann1.Glyma.13G087200.5,glyma.Wm82.gnm4.ann1.Glyma.14G169700.13,glyma.Wm82.gnm4.ann1.Glyma.04G105200.3,glyma.Wm82.gnm4.ann1.Glyma.06G106100.4,Glyma.13G087200,Glyma.14G169700,Glyma.04G105200,Glyma.06G106100
Legume.fam3.02594,glyma.Wm82.gnm4.ann1.Glyma.06G065200.4,glyma.Wm82.gnm4.ann1.Glyma.04G064100.1,glyma.Wm82.gnm4.ann1.Glyma.17G215500.1,glyma.Wm82.gnm4.ann1.Glyma.14G112400.4,Glyma.06G065200,Glyma.04G064100,Glyma.17G215500,Glyma.14G112400
Legume.fam3.02595,glyma.Wm82.gnm4.ann1.Glyma.17G220700.1,glyma.Wm82.gnm4.ann1.Glyma.14G105700.1,glyma.Wm82.gnm4.ann1.Glyma.06G059000.1,glyma.Wm82.gnm4.ann1.Glyma.04G058300.1,Glyma.17G220700,Glyma.14G105700,Glyma.06G059000,Glyma.04G058300
Legume.fam3.02599,glyma.Wm82.gnm4.ann1.Glyma.14G123900.1,glyma.Wm82.gnm4.ann1.Glyma.13G040400.1,glyma.Wm82.gnm4.ann1.Glyma.04G238700.1,glyma.Wm82.gnm4.ann1.Glyma.06G125100.1,Glyma.14G123900,Glyma.13G040400,Glyma.04G238700,Glyma.06G125100
Legume.fam3.02604,glyma.Wm82.gnm4.ann1.Glyma.02G259100.1,glyma.Wm82.gnm4.ann1.Glyma.14G053400.1,glyma.Wm82.gnm4.ann1.Glyma.11G235600.1,glyma.Wm82.gnm4.ann1.Glyma.18G021300.1,Glyma.02G259100,Glyma.14G053400,Glyma.11G235600,Glyma.18G021300
Legume.fam3.02606,glyma.Wm82.gnm4.ann1.Glyma.12G035700.1,glyma.Wm82.gnm4.ann1.Glyma.09G222200.1,glyma.Wm82.gnm4.ann1.Glyma.04G007100.1,glyma.Wm82.gnm4.ann1.Glyma.06G007100.1,Glyma.12G035700,Glyma.09G222200,Glyma.04G007100,Glyma.06G007100
Legume.fam3.02607,glyma.Wm82.gnm4.ann1.Glyma.11G221500.1,glyma.Wm82.gnm4.ann1.Glyma.18G036000.1,glyma.Wm82.gnm4.ann1.Glyma.14G066500.2,glyma.Wm82.gnm4.ann1.Glyma.02G250100.1,Glyma.11G221500,Glyma.18G036000,Glyma.14G066500,Glyma.02G250100
Legume.fam3.02609,glyma.Wm82.gnm4.ann1.Glyma.02G239600.1,glyma.Wm82.gnm4.ann1.Glyma.14G208500.1,glyma.Wm82.gnm4.ann1.Glyma.18G046800.1,glyma.Wm82.gnm4.ann1.Glyma.11G204200.1,Glyma.02G239600,Glyma.14G208500,Glyma.18G046800,Glyma.11G204200
Legume.fam3.02615,glyma.Wm82.gnm4.ann1.Glyma.18G052100.6,glyma.Wm82.gnm4.ann1.Glyma.11G197900.5,glyma.Wm82.gnm4.ann1.Glyma.14G204400.3,glyma.Wm82.gnm4.ann1.Glyma.02G236400.1,Glyma.18G052100,Glyma.11G197900,Glyma.14G204400,Glyma.02G236400
Legume.fam3.02618,glyma.Wm82.gnm4.ann1.Glyma.14G190400.12,glyma.Wm82.gnm4.ann1.Glyma.02G223700.1,glyma.Wm82.gnm4.ann1.Glyma.20G060400.2,glyma.Wm82.gnm4.ann1.Glyma.13G009300.2,Glyma.14G190400,Glyma.02G223700,Glyma.20G060400,Glyma.13G009300
Legume.fam3.02619,glyma.Wm82.gnm4.ann1.Glyma.02G253900.7,glyma.Wm82.gnm4.ann1.Glyma.14G062600.1,glyma.Wm82.gnm4.ann1.Glyma.18G030500.1,glyma.Wm82.gnm4.ann1.Glyma.11G226700.1,Glyma.02G253900,Glyma.14G062600,Glyma.18G030500,Glyma.11G226700
Legume.fam3.02621,glyma.Wm82.gnm4.ann1.Glyma.12G017000.1,glyma.Wm82.gnm4.ann1.Glyma.11G108400.1,glyma.Wm82.gnm4.ann1.Glyma.11G009400.1,glyma.Wm82.gnm4.ann1.Glyma.01G233400.2,Glyma.12G017000,Glyma.11G108400,Glyma.11G009400,Glyma.01G233400
Legume.fam3.02622,glyma.Wm82.gnm4.ann1.Glyma.06G097900.1,glyma.Wm82.gnm4.ann1.Glyma.04G096200.1,glyma.Wm82.gnm4.ann1.Glyma.14G182800.1,glyma.Wm82.gnm4.ann1.Glyma.02G215600.1,Glyma.06G097900,Glyma.04G096200,Glyma.14G182800,Glyma.02G215600
Legume.fam3.02624,glyma.Wm82.gnm4.ann1.Glyma.17G203800.1,glyma.Wm82.gnm4.ann1.Glyma.14G129100.4,glyma.Wm82.gnm4.ann1.Glyma.06G073100.2,glyma.Wm82.gnm4.ann1.Glyma.04G071800.1,Glyma.17G203800,Glyma.14G129100,Glyma.06G073100,Glyma.04G071800
Legume.fam3.02625,glyma.Wm82.gnm4.ann1.Glyma.06G067600.1,glyma.Wm82.gnm4.ann1.Glyma.04G066200.1,glyma.Wm82.gnm4.ann1.Glyma.17G211500.1,glyma.Wm82.gnm4.ann1.Glyma.14G116200.1,Glyma.06G067600,Glyma.04G066200,Glyma.17G211500,Glyma.14G116200
Legume.fam3.02635,glyma.Wm82.gnm4.ann1.Glyma.08G183600.3,glyma.Wm82.gnm4.ann1.Glyma.15G049000.1,glyma.Wm82.gnm4.ann1.Glyma.08G077400.1,glyma.Wm82.gnm4.ann1.Glyma.05G122400.1,Glyma.08G183600,Glyma.15G049000,Glyma.08G077400,Glyma.05G122400
Legume.fam3.02636,glyma.Wm82.gnm4.ann1.Glyma.08G186000.1,glyma.Wm82.gnm4.ann1.Glyma.15G046800.1,glyma.Wm82.gnm4.ann1.Glyma.08G127800.3,glyma.Wm82.gnm4.ann1.Glyma.05G169500.1,Glyma.08G186000,Glyma.15G046800,Glyma.08G127800,Glyma.05G169500
Legume.fam3.02638,glyma.Wm82.gnm4.ann1.Glyma.13G254300.1,glyma.Wm82.gnm4.ann1.Glyma.15G060600.1,glyma.Wm82.gnm4.ann1.Glyma.07G184400.1,glyma.Wm82.gnm4.ann1.Glyma.08G065000.1,Glyma.13G254300,Glyma.15G060600,Glyma.07G184400,Glyma.08G065000
Legume.fam3.02639,glyma.Wm82.gnm4.ann1.Glyma.07G189700.1,glyma.Wm82.gnm4.ann1.Glyma.08G059600.1,glyma.Wm82.gnm4.ann1.Glyma.13G246700.1,glyma.Wm82.gnm4.ann1.Glyma.15G067200.1,Glyma.07G189700,Glyma.08G059600,Glyma.13G246700,Glyma.15G067200
Legume.fam3.02640,glyma.Wm82.gnm4.ann1.Glyma.13G236200.2,glyma.Wm82.gnm4.ann1.Glyma.15G077500.1,glyma.Wm82.gnm4.ann1.Glyma.07G201000.1,glyma.Wm82.gnm4.ann1.Glyma.13G175400.1,Glyma.13G236200,Glyma.15G077500,Glyma.07G201000,Glyma.13G175400
Legume.fam3.02642,glyma.Wm82.gnm4.ann1.Glyma.19G201500.1,glyma.Wm82.gnm4.ann1.Glyma.03G204200.4,glyma.Wm82.gnm4.ann1.Glyma.02G192600.7,glyma.Wm82.gnm4.ann1.Glyma.10G084200.1,Glyma.19G201500,Glyma.03G204200,Glyma.02G192600,Glyma.10G084200
Legume.fam3.02644,glyma.Wm82.gnm4.ann1.Glyma.03G218400.1,glyma.Wm82.gnm4.ann1.Glyma.19G215200.1,glyma.Wm82.gnm4.ann1.Glyma.10G014400.1,glyma.Wm82.gnm4.ann1.Glyma.02G013700.1,Glyma.03G218400,Glyma.19G215200,Glyma.10G014400,Glyma.02G013700
Legume.fam3.02646,glyma.Wm82.gnm4.ann1.Glyma.19G254800.1,glyma.Wm82.gnm4.ann1.Glyma.03G256700.1,glyma.Wm82.gnm4.ann1.Glyma.16G026400.1,glyma.Wm82.gnm4.ann1.Glyma.07G057400.1,Glyma.19G254800,Glyma.03G256700,Glyma.16G026400,Glyma.07G057400
Legume.fam3.02649,glyma.Wm82.gnm4.ann1.Glyma.16G012600.1,glyma.Wm82.gnm4.ann1.Glyma.07G044300.4,glyma.Wm82.gnm4.ann1.Glyma.03G263700.1,glyma.Wm82.gnm4.ann1.Glyma.19G262700.1,Glyma.16G012600,Glyma.07G044300,Glyma.03G263700,Glyma.19G262700
Legume.fam3.02650,glyma.Wm82.gnm4.ann1.Glyma.15G025200.1,glyma.Wm82.gnm4.ann1.Glyma.13G348600.1,glyma.Wm82.gnm4.ann1.Glyma.07G008100.2,glyma.Wm82.gnm4.ann1.Glyma.08G190900.1,Glyma.15G025200,Glyma.13G348600,Glyma.07G008100,Glyma.08G190900
Legume.fam3.02651,glyma.Wm82.gnm4.ann1.Glyma.13G358700.1,glyma.Wm82.gnm4.ann1.Glyma.15G015300.1,glyma.Wm82.gnm4.ann1.Glyma.08G205700.1,glyma.Wm82.gnm4.ann1.Glyma.07G005200.1,Glyma.13G358700,Glyma.15G015300,Glyma.08G205700,Glyma.07G005200
Legume.fam3.02652,glyma.Wm82.gnm4.ann1.Glyma.13G369300.1,glyma.Wm82.gnm4.ann1.Glyma.15G004300.1,glyma.Wm82.gnm4.ann1.Glyma.08G216500.1,glyma.Wm82.gnm4.ann1.Glyma.07G025900.1,Glyma.13G369300,Glyma.15G004300,Glyma.08G216500,Glyma.07G025900
Legume.fam3.02659,glyma.Wm82.gnm4.ann1.Glyma.13G355700.1,glyma.Wm82.gnm4.ann1.Glyma.15G018400.1,glyma.Wm82.gnm4.ann1.Glyma.07G017300.1,glyma.Wm82.gnm4.ann1.Glyma.08G202300.1,Glyma.13G355700,Glyma.15G018400,Glyma.07G017300,Glyma.08G202300
Legume.fam3.02665,glyma.Wm82.gnm4.ann1.Glyma.12G160800.1,glyma.Wm82.gnm4.ann1.Glyma.06G230400.1,glyma.Wm82.gnm4.ann1.Glyma.13G270900.1,glyma.Wm82.gnm4.ann1.Glyma.12G228800.1,Glyma.12G160800,Glyma.06G230400,Glyma.13G270900,Glyma.12G228800
Legume.fam3.02666,glyma.Wm82.gnm4.ann1.Glyma.04G175300.1,glyma.Wm82.gnm4.ann1.Glyma.06G189600.1,glyma.Wm82.gnm4.ann1.Glyma.05G030800.1,glyma.Wm82.gnm4.ann1.Glyma.17G096000.1,Glyma.04G175300,Glyma.06G189600,Glyma.05G030800,Glyma.17G096000
Legume.fam3.02667,glyma.Wm82.gnm4.ann1.Glyma.04G176600.1,glyma.Wm82.gnm4.ann1.Glyma.06G188500.1,glyma.Wm82.gnm4.ann1.Glyma.05G031600.1,glyma.Wm82.gnm4.ann1.Glyma.17G095300.1,Glyma.04G176600,Glyma.06G188500,Glyma.05G031600,Glyma.17G095300
Legume.fam3.02668,glyma.Wm82.gnm4.ann1.Glyma.06G187500.2,glyma.Wm82.gnm4.ann1.Glyma.04G177600.3,glyma.Wm82.gnm4.ann1.Glyma.05G032600.2,glyma.Wm82.gnm4.ann1.Glyma.17G094100.2,Glyma.06G187500,Glyma.04G177600,Glyma.05G032600,Glyma.17G094100
Legume.fam3.02669,glyma.Wm82.gnm4.ann1.Glyma.05G037800.1,glyma.Wm82.gnm4.ann1.Glyma.17G089300.1,glyma.Wm82.gnm4.ann1.Glyma.04G183700.1,glyma.Wm82.gnm4.ann1.Glyma.06G182200.1,Glyma.05G037800,Glyma.17G089300,Glyma.04G183700,Glyma.06G182200
Legume.fam3.02673,glyma.Wm82.gnm4.ann1.Glyma.05G199400.2,glyma.Wm82.gnm4.ann1.Glyma.08G006900.1,glyma.Wm82.gnm4.ann1.Glyma.04G202800.1,glyma.Wm82.gnm4.ann1.Glyma.06G162700.1,Glyma.05G199400,Glyma.08G006900,Glyma.04G202800,Glyma.06G162700
Legume.fam3.02674,glyma.Wm82.gnm4.ann1.Glyma.13G277900.1,glyma.Wm82.gnm4.ann1.Glyma.12G223400.1,glyma.Wm82.gnm4.ann1.Glyma.12G151400.5,glyma.Wm82.gnm4.ann1.Glyma.06G245200.1,Glyma.13G277900,Glyma.12G223400,Glyma.12G151400,Glyma.06G245200
Legume.fam3.02675,glyma.Wm82.gnm4.ann1.Glyma.08G002600.1,glyma.Wm82.gnm4.ann1.Glyma.05G195100.1,glyma.Wm82.gnm4.ann1.Glyma.04G208200.1,glyma.Wm82.gnm4.ann1.Glyma.06G157500.1,Glyma.08G002600,Glyma.05G195100,Glyma.04G208200,Glyma.06G157500
Legume.fam3.02676,glyma.Wm82.gnm4.ann1.Glyma.05G189800.5,glyma.Wm82.gnm4.ann1.Glyma.08G147400.17,glyma.Wm82.gnm4.ann1.Glyma.04G214900.3,glyma.Wm82.gnm4.ann1.Glyma.06G151300.5,Glyma.05G189800,Glyma.08G147400,Glyma.04G214900,Glyma.06G151300
Legume.fam3.02680,glyma.Wm82.gnm4.ann1.Glyma.18G014100.1,glyma.Wm82.gnm4.ann1.Glyma.11G243000.1,glyma.Wm82.gnm4.ann1.Glyma.05G175000.1,glyma.Wm82.gnm4.ann1.Glyma.08G132300.1,Glyma.18G014100,Glyma.11G243000,Glyma.05G175000,Glyma.08G132300
Legume.fam3.02681,glyma.Wm82.gnm4.ann1.Glyma.05G147600.1,glyma.Wm82.gnm4.ann1.Glyma.08G104600.1,glyma.Wm82.gnm4.ann1.Glyma.18G006000.1,glyma.Wm82.gnm4.ann1.Glyma.11G251000.1,Glyma.05G147600,Glyma.08G104600,Glyma.18G006000,Glyma.11G251000
Legume.fam3.02684,glyma.Wm82.gnm4.ann1.Glyma.06G260000.1,glyma.Wm82.gnm4.ann1.Glyma.12G141700.1,glyma.Wm82.gnm4.ann1.Glyma.12G216800.1,glyma.Wm82.gnm4.ann1.Glyma.13G284400.1,Glyma.06G260000,Glyma.12G141700,Glyma.12G216800,Glyma.13G284400
Legume.fam3.02688,glyma.Wm82.gnm4.ann1.Glyma.17G061300.1,glyma.Wm82.gnm4.ann1.Glyma.13G098500.1,glyma.Wm82.gnm4.ann1.Glyma.09G057300.2,glyma.Wm82.gnm4.ann1.Glyma.15G163600.4,Glyma.17G061300,Glyma.13G098500,Glyma.09G057300,Glyma.15G163600
Legume.fam3.02690,glyma.Wm82.gnm4.ann1.Glyma.06G266000.3,glyma.Wm82.gnm4.ann1.Glyma.12G136800.1,glyma.Wm82.gnm4.ann1.Glyma.12G215400.1,glyma.Wm82.gnm4.ann1.Glyma.13G286100.1,Glyma.06G266000,Glyma.12G136800,Glyma.12G215400,Glyma.13G286100
Legume.fam3.02691,glyma.Wm82.gnm4.ann1.Glyma.17G059100.1,glyma.Wm82.gnm4.ann1.Glyma.13G100700.1,glyma.Wm82.gnm4.ann1.Glyma.15G166500.1,glyma.Wm82.gnm4.ann1.Glyma.09G059800.1,Glyma.17G059100,Glyma.13G100700,Glyma.15G166500,Glyma.09G059800
Legume.fam3.02692,glyma.Wm82.gnm4.ann1.Glyma.13G286900.1,glyma.Wm82.gnm4.ann1.Glyma.12G214700.1,glyma.Wm82.gnm4.ann1.Glyma.06G266900.1,glyma.Wm82.gnm4.ann1.Glyma.12G136100.1,Glyma.13G286900,Glyma.12G214700,Glyma.06G266900,Glyma.12G136100
Legume.fam3.02693,glyma.Wm82.gnm4.ann1.Glyma.17G051200.1,glyma.Wm82.gnm4.ann1.Glyma.13G108200.1,glyma.Wm82.gnm4.ann1.Glyma.15G173400.1,glyma.Wm82.gnm4.ann1.Glyma.09G068100.1,Glyma.17G051200,Glyma.13G108200,Glyma.15G173400,Glyma.09G068100
Legume.fam3.02697,glyma.Wm82.gnm4.ann1.Glyma.09G044400.1,glyma.Wm82.gnm4.ann1.Glyma.15G148700.3,glyma.Wm82.gnm4.ann1.Glyma.07G246900.1,glyma.Wm82.gnm4.ann1.Glyma.17G027100.4,Glyma.09G044400,Glyma.15G148700,Glyma.07G246900,Glyma.17G027100
Legume.fam3.02698,glyma.Wm82.gnm4.ann1.Glyma.09G041100.1,glyma.Wm82.gnm4.ann1.Glyma.15G146900.1,glyma.Wm82.gnm4.ann1.Glyma.07G244400.1,glyma.Wm82.gnm4.ann1.Glyma.17G029500.1,Glyma.09G041100,Glyma.15G146900,Glyma.07G244400,Glyma.17G029500
Legume.fam3.02701,glyma.Wm82.gnm4.ann1.Glyma.07G240600.1,glyma.Wm82.gnm4.ann1.Glyma.17G032800.1,glyma.Wm82.gnm4.ann1.Glyma.15G141200.1,glyma.Wm82.gnm4.ann1.Glyma.09G036300.1,Glyma.07G240600,Glyma.17G032800,Glyma.15G141200,Glyma.09G036300
Legume.fam3.02702,glyma.Wm82.gnm4.ann1.Glyma.12G128700.3,glyma.Wm82.gnm4.ann1.Glyma.06G276900.1,glyma.Wm82.gnm4.ann1.Glyma.13G290400.3,glyma.Wm82.gnm4.ann1.Glyma.12G211000.14,Glyma.12G128700,Glyma.06G276900,Glyma.13G290400,Glyma.12G211000
Legume.fam3.02706,glyma.Wm82.gnm4.ann1.Glyma.02G004200.1,glyma.Wm82.gnm4.ann1.Glyma.10G004100.1,glyma.Wm82.gnm4.ann1.Glyma.10G182300.1,glyma.Wm82.gnm4.ann1.Glyma.20G207700.4,Glyma.02G004200,Glyma.10G004100,Glyma.10G182300,Glyma.20G207700
Legume.fam3.02709,glyma.Wm82.gnm4.ann1.Glyma.13G274800.2,glyma.Wm82.gnm4.ann1.Glyma.12G226100.1,glyma.Wm82.gnm4.ann1.Glyma.12G163008.1,glyma.Wm82.gnm4.ann1.Glyma.06G238200.1,Glyma.13G274800,Glyma.12G226100,Glyma.12G163008,Glyma.06G238200
Legume.fam3.02710,glyma.Wm82.gnm4.ann1.Glyma.12G116100.2,glyma.Wm82.gnm4.ann1.Glyma.06G290800.1,glyma.Wm82.gnm4.ann1.Glyma.12G205300.1,glyma.Wm82.gnm4.ann1.Glyma.13G295600.1,Glyma.12G116100,Glyma.06G290800,Glyma.12G205300,Glyma.13G295600
Legume.fam3.02711,glyma.Wm82.gnm4.ann1.Glyma.08G110100.2,glyma.Wm82.gnm4.ann1.Glyma.05G152400.7,glyma.Wm82.gnm4.ann1.Glyma.11G255200.1,glyma.Wm82.gnm4.ann1.Glyma.18G001900.1,Glyma.08G110100,Glyma.05G152400,Glyma.11G255200,Glyma.18G001900
Legume.fam3.02713,glyma.Wm82.gnm4.ann1.Glyma.16G125000.1,glyma.Wm82.gnm4.ann1.Glyma.02G046700.1,glyma.Wm82.gnm4.ann1.Glyma.11G078200.1,glyma.Wm82.gnm4.ann1.Glyma.01G164900.1,Glyma.16G125000,Glyma.02G046700,Glyma.11G078200,Glyma.01G164900
Legume.fam3.02714,glyma.Wm82.gnm4.ann1.Glyma.11G077200.1,glyma.Wm82.gnm4.ann1.Glyma.01G166300.1,glyma.Wm82.gnm4.ann1.Glyma.16G128800.1,glyma.Wm82.gnm4.ann1.Glyma.02G048700.1,Glyma.11G077200,Glyma.01G166300,Glyma.16G128800,Glyma.02G048700
Legume.fam3.02715,glyma.Wm82.gnm4.ann1.Glyma.17G167700.1,glyma.Wm82.gnm4.ann1.Glyma.05G097300.1,glyma.Wm82.gnm4.ann1.Glyma.11G052500.1,glyma.Wm82.gnm4.ann1.Glyma.01G189700.1,Glyma.17G167700,Glyma.05G097300,Glyma.11G052500,Glyma.01G189700
Legume.fam3.02716,glyma.Wm82.gnm4.ann1.Glyma.01G190900.1,glyma.Wm82.gnm4.ann1.Glyma.11G051300.1,glyma.Wm82.gnm4.ann1.Glyma.05G102100.1,glyma.Wm82.gnm4.ann1.Glyma.17G164800.1,Glyma.01G190900,Glyma.11G051300,Glyma.05G102100,Glyma.17G164800
Legume.fam3.02717,glyma.Wm82.gnm4.ann1.Glyma.01G194200.1,glyma.Wm82.gnm4.ann1.Glyma.11G047700.1,glyma.Wm82.gnm4.ann1.Glyma.05G105600.1,glyma.Wm82.gnm4.ann1.Glyma.17G160800.1,Glyma.01G194200,Glyma.11G047700,Glyma.05G105600,Glyma.17G160800
Legume.fam3.02720,glyma.Wm82.gnm4.ann1.Glyma.01G205300.1,glyma.Wm82.gnm4.ann1.Glyma.11G037600.1,glyma.Wm82.gnm4.ann1.Glyma.17G146400.1,glyma.Wm82.gnm4.ann1.Glyma.05G064600.1,Glyma.01G205300,Glyma.11G037600,Glyma.17G146400,Glyma.05G064600
Legume.fam3.02721,glyma.Wm82.gnm4.ann1.Glyma.11G036500.1,glyma.Wm82.gnm4.ann1.Glyma.01G206600.1,glyma.Wm82.gnm4.ann1.Glyma.05G063600.1,glyma.Wm82.gnm4.ann1.Glyma.17G145400.1,Glyma.11G036500,Glyma.01G206600,Glyma.05G063600,Glyma.17G145400
Legume.fam3.02725,glyma.Wm82.gnm4.ann1.Glyma.05G217300.1,glyma.Wm82.gnm4.ann1.Glyma.08G023300.2,glyma.Wm82.gnm4.ann1.Glyma.01G225900.1,glyma.Wm82.gnm4.ann1.Glyma.11G017000.1,Glyma.05G217300,Glyma.08G023300,Glyma.01G225900,Glyma.11G017000
Legume.fam3.02726,glyma.Wm82.gnm4.ann1.Glyma.08G023500.1,glyma.Wm82.gnm4.ann1.Glyma.05G217500.1,glyma.Wm82.gnm4.ann1.Glyma.01G226100.1,glyma.Wm82.gnm4.ann1.Glyma.11G016700.1,Glyma.08G023500,Glyma.05G217500,Glyma.01G226100,Glyma.11G016700
Legume.fam3.02727,glyma.Wm82.gnm4.ann1.Glyma.20G066100.1,glyma.Wm82.gnm4.ann1.Glyma.13G003200.1,glyma.Wm82.gnm4.ann1.Glyma.05G218500.1,glyma.Wm82.gnm4.ann1.Glyma.08G024600.4,Glyma.20G066100,Glyma.13G003200,Glyma.05G218500,Glyma.08G024600
Legume.fam3.02728,glyma.Wm82.gnm4.ann1.Glyma.16G076300.1,glyma.Wm82.gnm4.ann1.Glyma.16G108900.1,glyma.Wm82.gnm4.ann1.Glyma.09G218100.1,glyma.Wm82.gnm4.ann1.Glyma.01G152900.1,Glyma.16G076300,Glyma.16G108900,Glyma.09G218100,Glyma.01G152900
Legume.fam3.02734,glyma.Wm82.gnm4.ann1.Glyma.07G217900.1,glyma.Wm82.gnm4.ann1.Glyma.20G014300.1,glyma.Wm82.gnm4.ann1.Glyma.09G117900.1,glyma.Wm82.gnm4.ann1.Glyma.07G164600.4,Glyma.07G217900,Glyma.20G014300,Glyma.09G117900,Glyma.07G164600
Legume.fam3.02740,glyma.Wm82.gnm4.ann1.Glyma.01G193950.1,glyma.Wm82.gnm4.ann1.Glyma.11G047900.1,glyma.Wm82.gnm4.ann1.Glyma.17G161100.1,glyma.Wm82.gnm4.ann1.Glyma.05G105300.1,Glyma.01G193950,Glyma.11G047900,Glyma.17G161100,Glyma.05G105300
Legume.fam3.02745,glyma.Wm82.gnm4.ann1.Glyma.11G088300.1,glyma.Wm82.gnm4.ann1.Glyma.01G156500.1,glyma.Wm82.gnm4.ann1.Glyma.09G195900.1,glyma.Wm82.gnm4.ann1.Glyma.16G114400.1,Glyma.11G088300,Glyma.01G156500,Glyma.09G195900,Glyma.16G114400
Legume.fam3.02749,glyma.Wm82.gnm4.ann1.Glyma.04G013100.1,glyma.Wm82.gnm4.ann1.Glyma.06G013000.3,glyma.Wm82.gnm4.ann1.Glyma.11G118500.1,glyma.Wm82.gnm4.ann1.Glyma.12G043900.1,Glyma.04G013100,Glyma.06G013000,Glyma.11G118500,Glyma.12G043900
Legume.fam3.02751,glyma.Wm82.gnm4.ann1.Glyma.10G232800.1,glyma.Wm82.gnm4.ann1.Glyma.20G161500.1,glyma.Wm82.gnm4.ann1.Glyma.16G181000.2,glyma.Wm82.gnm4.ann1.Glyma.09G135100.1,Glyma.10G232800,Glyma.20G161500,Glyma.16G181000,Glyma.09G135100
Legume.fam3.02754,glyma.Wm82.gnm4.ann1.Glyma.09G187700.1,glyma.Wm82.gnm4.ann1.Glyma.07G089300.1,glyma.Wm82.gnm4.ann1.Glyma.05G232500.1,glyma.Wm82.gnm4.ann1.Glyma.08G039900.1,Glyma.09G187700,Glyma.07G089300,Glyma.05G232500,Glyma.08G039900
Legume.fam3.02755,glyma.Wm82.gnm4.ann1.Glyma.04G145700.1,glyma.Wm82.gnm4.ann1.Glyma.06G210200.1,glyma.Wm82.gnm4.ann1.Glyma.05G013700.1,glyma.Wm82.gnm4.ann1.Glyma.17G121900.1,Glyma.04G145700,Glyma.06G210200,Glyma.05G013700,Glyma.17G121900
Legume.fam3.02758,glyma.Wm82.gnm4.ann1.Glyma.13G344400.1,glyma.Wm82.gnm4.ann1.Glyma.15G030000.1,glyma.Wm82.gnm4.ann1.Glyma.12G052300.1,glyma.Wm82.gnm4.ann1.Glyma.11G127700.1,Glyma.13G344400,Glyma.15G030000,Glyma.12G052300,Glyma.11G127700
Legume.fam3.02759,glyma.Wm82.gnm4.ann1.Glyma.11G134800.1,glyma.Wm82.gnm4.ann1.Glyma.12G058400.1,glyma.Wm82.gnm4.ann1.Glyma.15G034900.1,glyma.Wm82.gnm4.ann1.Glyma.13G339500.1,Glyma.11G134800,Glyma.12G058400,Glyma.15G034900,Glyma.13G339500
Legume.fam3.02760,glyma.Wm82.gnm4.ann1.Glyma.13G332900.1,glyma.Wm82.gnm4.ann1.Glyma.15G041400.1,glyma.Wm82.gnm4.ann1.Glyma.12G066500.1,glyma.Wm82.gnm4.ann1.Glyma.11G143300.1,Glyma.13G332900,Glyma.15G041400,Glyma.12G066500,Glyma.11G143300
Legume.fam3.02765,glyma.Wm82.gnm4.ann1.Glyma.12G223200.1,glyma.Wm82.gnm4.ann1.Glyma.13G278300.1,glyma.Wm82.gnm4.ann1.Glyma.06G246600.1,glyma.Wm82.gnm4.ann1.Glyma.12G150800.1,Glyma.12G223200,Glyma.13G278300,Glyma.06G246600,Glyma.12G150800
Legume.fam3.02769,glyma.Wm82.gnm4.ann1.Glyma.08G016900.2,glyma.Wm82.gnm4.ann1.Glyma.05G210300.1,glyma.Wm82.gnm4.ann1.Glyma.11G022200.2,glyma.Wm82.gnm4.ann1.Glyma.01G221500.3,Glyma.08G016900,Glyma.05G210300,Glyma.11G022200,Glyma.01G221500
Legume.fam3.02770,glyma.Wm82.gnm4.ann1.Glyma.19G084900.4,glyma.Wm82.gnm4.ann1.Glyma.16G062100.6,glyma.Wm82.gnm4.ann1.Glyma.19G076400.1,glyma.Wm82.gnm4.ann1.Glyma.05G074400.1,Glyma.19G084900,Glyma.16G062100,Glyma.19G076400,Glyma.05G074400
Legume.fam3.02772,glyma.Wm82.gnm4.ann1.Glyma.18G286700.1,glyma.Wm82.gnm4.ann1.Glyma.02G094700.1,glyma.Wm82.gnm4.ann1.Glyma.10G290600.1,glyma.Wm82.gnm4.ann1.Glyma.20G098601.1,Glyma.18G286700,Glyma.02G094700,Glyma.10G290600,Glyma.20G098601
Legume.fam3.02776,glyma.Wm82.gnm4.ann1.Glyma.15G273400.1,glyma.Wm82.gnm4.ann1.Glyma.08G154500.1,glyma.Wm82.gnm4.ann1.Glyma.13G203700.1,glyma.Wm82.gnm4.ann1.Glyma.12G237800.2,Glyma.15G273400,Glyma.08G154500,Glyma.13G203700,Glyma.12G237800
Legume.fam3.02778,glyma.Wm82.gnm4.ann1.Glyma.08G366700.1,glyma.Wm82.gnm4.ann1.Glyma.18G295700.1,glyma.Wm82.gnm4.ann1.Glyma.19G049900.2,glyma.Wm82.gnm4.ann1.Glyma.13G045200.1,Glyma.08G366700,Glyma.18G295700,Glyma.19G049900,Glyma.13G045200
Legume.fam3.02779,glyma.Wm82.gnm4.ann1.Glyma.08G366400.1,glyma.Wm82.gnm4.ann1.Glyma.18G295900.1,glyma.Wm82.gnm4.ann1.Glyma.13G045300.1,glyma.Wm82.gnm4.ann1.Glyma.19G049800.1,Glyma.08G366400,Glyma.18G295900,Glyma.13G045300,Glyma.19G049800
Legume.fam3.02784,glyma.Wm82.gnm4.ann1.Glyma.09G148400.1,glyma.Wm82.gnm4.ann1.Glyma.16G200100.1,glyma.Wm82.gnm4.ann1.Glyma.10G239900.1,glyma.Wm82.gnm4.ann1.Glyma.20G154700.2,Glyma.09G148400,Glyma.16G200100,Glyma.10G239900,Glyma.20G154700
Legume.fam3.02786,glyma.Wm82.gnm4.ann1.Glyma.19G024500.1,glyma.Wm82.gnm4.ann1.Glyma.13G062000.1,glyma.Wm82.gnm4.ann1.Glyma.09G235700.1,glyma.Wm82.gnm4.ann1.Glyma.18G261300.1,Glyma.19G024500,Glyma.13G062000,Glyma.09G235700,Glyma.18G261300
Legume.fam3.02788,glyma.Wm82.gnm4.ann1.Glyma.10G290500.1,glyma.Wm82.gnm4.ann1.Glyma.20G098700.1,glyma.Wm82.gnm4.ann1.Glyma.02G094600.1,glyma.Wm82.gnm4.ann1.Glyma.18G286800.1,Glyma.10G290500,Glyma.20G098700,Glyma.02G094600,Glyma.18G286800
Legume.fam3.02791,glyma.Wm82.gnm4.ann1.Glyma.09G178500.1,glyma.Wm82.gnm4.ann1.Glyma.07G100200.1,glyma.Wm82.gnm4.ann1.Glyma.05G243000.9,glyma.Wm82.gnm4.ann1.Glyma.08G050900.2,Glyma.09G178500,Glyma.07G100200,Glyma.05G243000,Glyma.08G050900
Legume.fam3.02792,glyma.Wm82.gnm4.ann1.Glyma.05G231000.1,glyma.Wm82.gnm4.ann1.Glyma.08G038500.1,glyma.Wm82.gnm4.ann1.Glyma.09G190800.1,glyma.Wm82.gnm4.ann1.Glyma.07G086100.1,Glyma.05G231000,Glyma.08G038500,Glyma.09G190800,Glyma.07G086100
Legume.fam3.02794,glyma.Wm82.gnm4.ann1.Glyma.08G033100.1,glyma.Wm82.gnm4.ann1.Glyma.05G226100.1,glyma.Wm82.gnm4.ann1.Glyma.01G007000.1,glyma.Wm82.gnm4.ann1.Glyma.07G124900.5,Glyma.08G033100,Glyma.05G226100,Glyma.01G007000,Glyma.07G124900
Legume.fam3.02796,glyma.Wm82.gnm4.ann1.Glyma.13G064000.1,glyma.Wm82.gnm4.ann1.Glyma.19G021100.1,glyma.Wm82.gnm4.ann1.Glyma.09G239400.1,glyma.Wm82.gnm4.ann1.Glyma.18G258400.1,Glyma.13G064000,Glyma.19G021100,Glyma.09G239400,Glyma.18G258400
Legume.fam3.02801,glyma.Wm82.gnm4.ann1.Glyma.13G144700.1,glyma.Wm82.gnm4.ann1.Glyma.10G057900.1,glyma.Wm82.gnm4.ann1.Glyma.03G182100.2,glyma.Wm82.gnm4.ann1.Glyma.19G182600.1,Glyma.13G144700,Glyma.10G057900,Glyma.03G182100,Glyma.19G182600
Legume.fam3.02802,glyma.Wm82.gnm4.ann1.Glyma.13G147800.1,glyma.Wm82.gnm4.ann1.Glyma.10G063200.2,glyma.Wm82.gnm4.ann1.Glyma.19G188200.4,glyma.Wm82.gnm4.ann1.Glyma.03G188000.1,Glyma.13G147800,Glyma.10G063200,Glyma.19G188200,Glyma.03G188000
Legume.fam3.02803,glyma.Wm82.gnm4.ann1.Glyma.03G189600.1,glyma.Wm82.gnm4.ann1.Glyma.19G190000.1,glyma.Wm82.gnm4.ann1.Glyma.13G149700.2,glyma.Wm82.gnm4.ann1.Glyma.10G064900.3,Glyma.03G189600,Glyma.19G190000,Glyma.13G149700,Glyma.10G064900
Legume.fam3.02806,glyma.Wm82.gnm4.ann1.Glyma.03G197200.1,glyma.Wm82.gnm4.ann1.Glyma.19G195200.1,glyma.Wm82.gnm4.ann1.Glyma.10G074500.1,glyma.Wm82.gnm4.ann1.Glyma.02G202200.1,Glyma.03G197200,Glyma.19G195200,Glyma.10G074500,Glyma.02G202200
Legume.fam3.02808,glyma.Wm82.gnm4.ann1.Glyma.02G197800.1,glyma.Wm82.gnm4.ann1.Glyma.10G079400.1,glyma.Wm82.gnm4.ann1.Glyma.19G198600.1,glyma.Wm82.gnm4.ann1.Glyma.03G201000.1,Glyma.02G197800,Glyma.10G079400,Glyma.19G198600,Glyma.03G201000
Legume.fam3.02815,glyma.Wm82.gnm4.ann1.Glyma.19G108400.1,glyma.Wm82.gnm4.ann1.Glyma.16G043800.1,glyma.Wm82.gnm4.ann1.Glyma.16G151300.1,glyma.Wm82.gnm4.ann1.Glyma.02G069800.1,Glyma.19G108400,Glyma.16G043800,Glyma.16G151300,Glyma.02G069800
Legume.fam3.02816,glyma.Wm82.gnm4.ann1.Glyma.02G066800.4,glyma.Wm82.gnm4.ann1.Glyma.16G147900.1,glyma.Wm82.gnm4.ann1.Glyma.16G047400.1,glyma.Wm82.gnm4.ann1.Glyma.19G104300.1,Glyma.02G066800,Glyma.16G147900,Glyma.16G047400,Glyma.19G104300
Legume.fam3.02817,glyma.Wm82.gnm4.ann1.Glyma.16G062800.1,glyma.Wm82.gnm4.ann1.Glyma.19G083100.1,glyma.Wm82.gnm4.ann1.Glyma.05G073200.1,glyma.Wm82.gnm4.ann1.Glyma.19G078200.1,Glyma.16G062800,Glyma.19G083100,Glyma.05G073200,Glyma.19G078200
Legume.fam3.02819,glyma.Wm82.gnm4.ann1.Glyma.05G004300.2,glyma.Wm82.gnm4.ann1.Glyma.19G004800.1,glyma.Wm82.gnm4.ann1.Glyma.19G063400.1,glyma.Wm82.gnm4.ann1.Glyma.16G071800.1,Glyma.05G004300,Glyma.19G004800,Glyma.19G063400,Glyma.16G071800
Legume.fam3.02820,glyma.Wm82.gnm4.ann1.Glyma.10G018400.1,glyma.Wm82.gnm4.ann1.Glyma.02G018000.2,glyma.Wm82.gnm4.ann1.Glyma.03G214700.1,glyma.Wm82.gnm4.ann1.Glyma.19G211300.1,Glyma.10G018400,Glyma.02G018000,Glyma.03G214700,Glyma.19G211300
Legume.fam3.02822,glyma.Wm82.gnm4.ann1.Glyma.03G226700.1,glyma.Wm82.gnm4.ann1.Glyma.19G223700.1,glyma.Wm82.gnm4.ann1.Glyma.20G089700.1,glyma.Wm82.gnm4.ann1.Glyma.10G141000.1,Glyma.03G226700,Glyma.19G223700,Glyma.20G089700,Glyma.10G141000
Legume.fam3.02824,glyma.Wm82.gnm4.ann1.Glyma.03G229300.2,glyma.Wm82.gnm4.ann1.Glyma.19G226600.2,glyma.Wm82.gnm4.ann1.Glyma.10G144800.5,glyma.Wm82.gnm4.ann1.Glyma.20G093900.1,Glyma.03G229300,Glyma.19G226600,Glyma.10G144800,Glyma.20G093900
Legume.fam3.02825,glyma.Wm82.gnm4.ann1.Glyma.19G236800.1,glyma.Wm82.gnm4.ann1.Glyma.03G239900.1,glyma.Wm82.gnm4.ann1.Glyma.20G231900.1,glyma.Wm82.gnm4.ann1.Glyma.10G156500.1,Glyma.19G236800,Glyma.03G239900,Glyma.20G231900,Glyma.10G156500
Legume.fam3.02826,glyma.Wm82.gnm4.ann1.Glyma.10G160000.4,glyma.Wm82.gnm4.ann1.Glyma.20G228500.1,glyma.Wm82.gnm4.ann1.Glyma.03G245200.1,glyma.Wm82.gnm4.ann1.Glyma.19G242600.1,Glyma.10G160000,Glyma.20G228500,Glyma.03G245200,Glyma.19G242600
Legume.fam3.02827,glyma.Wm82.gnm4.ann1.Glyma.19G243600.1,glyma.Wm82.gnm4.ann1.Glyma.03G246100.1,glyma.Wm82.gnm4.ann1.Glyma.20G224100.6,glyma.Wm82.gnm4.ann1.Glyma.10G161400.2,Glyma.19G243600,Glyma.03G246100,Glyma.20G224100,Glyma.10G161400
Legume.fam3.02831,glyma.Wm82.gnm4.ann1.Glyma.12G047400.1,glyma.Wm82.gnm4.ann1.Glyma.11G122500.1,glyma.Wm82.gnm4.ann1.Glyma.20G007900.3,glyma.Wm82.gnm4.ann1.Glyma.07G161900.1,Glyma.12G047400,Glyma.11G122500,Glyma.20G007900,Glyma.07G161900
Legume.fam3.02834,glyma.Wm82.gnm4.ann1.Glyma.05G022700.1,glyma.Wm82.gnm4.ann1.Glyma.17G076900.3,glyma.Wm82.gnm4.ann1.Glyma.06G201200.2,glyma.Wm82.gnm4.ann1.Glyma.04G164300.2,Glyma.05G022700,Glyma.17G076900,Glyma.06G201200,Glyma.04G164300
Legume.fam3.02835,glyma.Wm82.gnm4.ann1.Glyma.17G078600.1,glyma.Wm82.gnm4.ann1.Glyma.05G020700.1,glyma.Wm82.gnm4.ann1.Glyma.04G162200.1,glyma.Wm82.gnm4.ann1.Glyma.06G204000.1,Glyma.17G078600,Glyma.05G020700,Glyma.04G162200,Glyma.06G204000
Legume.fam3.02836,glyma.Wm82.gnm4.ann1.Glyma.17G081800.1,glyma.Wm82.gnm4.ann1.Glyma.05G018100.1,glyma.Wm82.gnm4.ann1.Glyma.06G206400.1,glyma.Wm82.gnm4.ann1.Glyma.04G158800.1,Glyma.17G081800,Glyma.05G018100,Glyma.06G206400,Glyma.04G158800
Legume.fam3.02841,glyma.Wm82.gnm4.ann1.Glyma.14G151300.1,glyma.Wm82.gnm4.ann1.Glyma.13G078000.1,glyma.Wm82.gnm4.ann1.Glyma.06G115300.1,glyma.Wm82.gnm4.ann1.Glyma.04G247400.1,Glyma.14G151300,Glyma.13G078000,Glyma.06G115300,Glyma.04G247400
Legume.fam3.02842,glyma.Wm82.gnm4.ann1.Glyma.04G254402.1,glyma.Wm82.gnm4.ann1.Glyma.06G107700.1,glyma.Wm82.gnm4.ann1.Glyma.13G085000.3,glyma.Wm82.gnm4.ann1.Glyma.14G166900.1,Glyma.04G254402,Glyma.06G107700,Glyma.13G085000,Glyma.14G166900
Legume.fam3.02849,glyma.Wm82.gnm4.ann1.Glyma.04G055700.1,glyma.Wm82.gnm4.ann1.Glyma.06G055800.1,glyma.Wm82.gnm4.ann1.Glyma.14G098900.1,glyma.Wm82.gnm4.ann1.Glyma.17G225800.1,Glyma.04G055700,Glyma.06G055800,Glyma.14G098900,Glyma.17G225800
Legume.fam3.02851,glyma.Wm82.gnm4.ann1.Glyma.17G232220.1,glyma.Wm82.gnm4.ann1.Glyma.14G090900.1,glyma.Wm82.gnm4.ann1.Glyma.06G050000.1,glyma.Wm82.gnm4.ann1.Glyma.04G048900.1,Glyma.17G232220,Glyma.14G090900,Glyma.06G050000,Glyma.04G048900
Legume.fam3.02862,glyma.Wm82.gnm4.ann1.Glyma.02G259800.1,glyma.Wm82.gnm4.ann1.Glyma.14G053900.1,glyma.Wm82.gnm4.ann1.Glyma.11G234800.1,glyma.Wm82.gnm4.ann1.Glyma.18G022200.1,Glyma.02G259800,Glyma.14G053900,Glyma.11G234800,Glyma.18G022200
Legume.fam3.02864,glyma.Wm82.gnm4.ann1.Glyma.06G008000.3,glyma.Wm82.gnm4.ann1.Glyma.04G008200.10,glyma.Wm82.gnm4.ann1.Glyma.12G037100.5,glyma.Wm82.gnm4.ann1.Glyma.11G110800.12,Glyma.06G008000,Glyma.04G008200,Glyma.12G037100,Glyma.11G110800
Legume.fam3.02868,glyma.Wm82.gnm4.ann1.Glyma.11G211970.1,glyma.Wm82.gnm4.ann1.Glyma.18G044100.2,glyma.Wm82.gnm4.ann1.Glyma.14G210500.1,glyma.Wm82.gnm4.ann1.Glyma.02G240900.1,Glyma.11G211970,Glyma.18G044100,Glyma.14G210500,Glyma.02G240900
Legume.fam3.02871,glyma.Wm82.gnm4.ann1.Glyma.12G032500.1,glyma.Wm82.gnm4.ann1.Glyma.11G107500.1,glyma.Wm82.gnm4.ann1.Glyma.06G003600.1,glyma.Wm82.gnm4.ann1.Glyma.04G004000.1,Glyma.12G032500,Glyma.11G107500,Glyma.06G003600,Glyma.04G004000
Legume.fam3.02872,glyma.Wm82.gnm4.ann1.Glyma.14G194900.3,glyma.Wm82.gnm4.ann1.Glyma.02G228000.2,glyma.Wm82.gnm4.ann1.Glyma.18G061200.1,glyma.Wm82.gnm4.ann1.Glyma.11G171300.1,Glyma.14G194900,Glyma.02G228000,Glyma.18G061200,Glyma.11G171300
Legume.fam3.02873,glyma.Wm82.gnm4.ann1.Glyma.12G023000.1,glyma.Wm82.gnm4.ann1.Glyma.11G096900.1,glyma.Wm82.gnm4.ann1.Glyma.11G096800.1,glyma.Wm82.gnm4.ann1.Glyma.12G022900.3,Glyma.12G023000,Glyma.11G096900,Glyma.11G096800,Glyma.12G022900
Legume.fam3.02874,glyma.Wm82.gnm4.ann1.Glyma.02G287900.2,glyma.Wm82.gnm4.ann1.Glyma.14G027000.1,glyma.Wm82.gnm4.ann1.Glyma.08G310600.1,glyma.Wm82.gnm4.ann1.Glyma.18G105400.1,Glyma.02G287900,Glyma.14G027000,Glyma.08G310600,Glyma.18G105400
Legume.fam3.02876,glyma.Wm82.gnm4.ann1.Glyma.04G241900.5,glyma.Wm82.gnm4.ann1.Glyma.06G121500.1,glyma.Wm82.gnm4.ann1.Glyma.14G119800.1,glyma.Wm82.gnm4.ann1.Glyma.13G037600.2,Glyma.04G241900,Glyma.06G121500,Glyma.14G119800,Glyma.13G037600
Legume.fam3.02880,glyma.Wm82.gnm4.ann1.Glyma.04G057200.3,glyma.Wm82.gnm4.ann1.Glyma.06G057700.1,glyma.Wm82.gnm4.ann1.Glyma.17G219600.3,glyma.Wm82.gnm4.ann1.Glyma.14G106500.1,Glyma.04G057200,Glyma.06G057700,Glyma.17G219600,Glyma.14G106500
Legume.fam3.02881,glyma.Wm82.gnm4.ann1.Glyma.14G082000.1,glyma.Wm82.gnm4.ann1.Glyma.17G243300.1,glyma.Wm82.gnm4.ann1.Glyma.06G038500.1,glyma.Wm82.gnm4.ann1.Glyma.04G037600.1,Glyma.14G082000,Glyma.17G243300,Glyma.06G038500,Glyma.04G037600
Legume.fam3.02882,glyma.Wm82.gnm4.ann1.Glyma.14G077600.1,glyma.Wm82.gnm4.ann1.Glyma.17G247900.1,glyma.Wm82.gnm4.ann1.Glyma.04G034600.1,glyma.Wm82.gnm4.ann1.Glyma.06G034600.1,Glyma.14G077600,Glyma.17G247900,Glyma.04G034600,Glyma.06G034600
Legume.fam3.02886,glyma.Wm82.gnm4.ann1.Glyma.14G009700.1,glyma.Wm82.gnm4.ann1.Glyma.02G304100.5,glyma.Wm82.gnm4.ann1.Glyma.18G068800.6,glyma.Wm82.gnm4.ann1.Glyma.08G335200.1,Glyma.14G009700,Glyma.02G304100,Glyma.18G068800,Glyma.08G335200
Legume.fam3.02887,glyma.Wm82.gnm4.ann1.Glyma.08G332100.2,glyma.Wm82.gnm4.ann1.Glyma.18G074800.1,glyma.Wm82.gnm4.ann1.Glyma.14G012000.1,glyma.Wm82.gnm4.ann1.Glyma.02G302200.1,Glyma.08G332100,Glyma.18G074800,Glyma.14G012000,Glyma.02G302200
Legume.fam3.02890,glyma.Wm82.gnm4.ann1.Glyma.06G318100.1,glyma.Wm82.gnm4.ann1.Glyma.04G120000.1,glyma.Wm82.gnm4.ann1.Glyma.12G006500.1,glyma.Wm82.gnm4.ann1.Glyma.09G229800.1,Glyma.06G318100,Glyma.04G120000,Glyma.12G006500,Glyma.09G229800
Legume.fam3.02892,glyma.Wm82.gnm4.ann1.Glyma.04G124200.2,glyma.Wm82.gnm4.ann1.Glyma.06G314400.2,glyma.Wm82.gnm4.ann1.Glyma.15G222400.1,glyma.Wm82.gnm4.ann1.Glyma.08G227000.1,Glyma.04G124200,Glyma.06G314400,Glyma.15G222400,Glyma.08G227000
Legume.fam3.02899,glyma.Wm82.gnm4.ann1.Glyma.15G086302.1,glyma.Wm82.gnm4.ann1.Glyma.13G225800.1,glyma.Wm82.gnm4.ann1.Glyma.05G162200.1,glyma.Wm82.gnm4.ann1.Glyma.08G119800.1,Glyma.15G086302,Glyma.13G225800,Glyma.05G162200,Glyma.08G119800
Legume.fam3.02902,glyma.Wm82.gnm4.ann1.Glyma.03G246000.2,glyma.Wm82.gnm4.ann1.Glyma.19G243500.3,glyma.Wm82.gnm4.ann1.Glyma.10G161200.1,glyma.Wm82.gnm4.ann1.Glyma.20G224000.1,Glyma.03G246000,Glyma.19G243500,Glyma.10G161200,Glyma.20G224000
Legume.fam3.02904,glyma.Wm82.gnm4.ann1.Glyma.19G254300.1,glyma.Wm82.gnm4.ann1.Glyma.03G256400.1,glyma.Wm82.gnm4.ann1.Glyma.07G057600.1,glyma.Wm82.gnm4.ann1.Glyma.16G026600.1,Glyma.19G254300,Glyma.03G256400,Glyma.07G057600,Glyma.16G026600
Legume.fam3.02905,glyma.Wm82.gnm4.ann1.Glyma.07G055300.1,glyma.Wm82.gnm4.ann1.Glyma.16G024000.1,glyma.Wm82.gnm4.ann1.Glyma.19G256400.1,glyma.Wm82.gnm4.ann1.Glyma.03G257900.1,Glyma.07G055300,Glyma.16G024000,Glyma.19G256400,Glyma.03G257900
Legume.fam3.02907,glyma.Wm82.gnm4.ann1.Glyma.16G008700.1,glyma.Wm82.gnm4.ann1.Glyma.07G039900.1,glyma.Wm82.gnm4.ann1.Glyma.03G264300.1,glyma.Wm82.gnm4.ann1.Glyma.19G263300.1,Glyma.16G008700,Glyma.07G039900,Glyma.03G264300,Glyma.19G263300
Legume.fam3.02909,glyma.Wm82.gnm4.ann1.Glyma.15G019800.1,glyma.Wm82.gnm4.ann1.Glyma.13G354400.1,glyma.Wm82.gnm4.ann1.Glyma.08G200800.1,glyma.Wm82.gnm4.ann1.Glyma.07G015300.3,Glyma.15G019800,Glyma.13G354400,Glyma.08G200800,Glyma.07G015300
Legume.fam3.02912,glyma.Wm82.gnm4.ann1.Glyma.03G109400.1,glyma.Wm82.gnm4.ann1.Glyma.07G116000.4,glyma.Wm82.gnm4.ann1.Glyma.09G243900.1,glyma.Wm82.gnm4.ann1.Glyma.18G249600.1,Glyma.03G109400,Glyma.07G116000,Glyma.09G243900,Glyma.18G249600
Legume.fam3.02915,glyma.Wm82.gnm4.ann1.Glyma.09G262900.1,glyma.Wm82.gnm4.ann1.Glyma.18G229300.1,glyma.Wm82.gnm4.ann1.Glyma.03G014600.1,glyma.Wm82.gnm4.ann1.Glyma.07G074700.1,Glyma.09G262900,Glyma.18G229300,Glyma.03G014600,Glyma.07G074700
Legume.fam3.02918,glyma.Wm82.gnm4.ann1.Glyma.16G029900.1,glyma.Wm82.gnm4.ann1.Glyma.07G061300.1,glyma.Wm82.gnm4.ann1.Glyma.19G252300.1,glyma.Wm82.gnm4.ann1.Glyma.03G254600.1,Glyma.16G029900,Glyma.07G061300,Glyma.19G252300,Glyma.03G254600
Legume.fam3.02922,glyma.Wm82.gnm4.ann1.Glyma.18G206400.1,glyma.Wm82.gnm4.ann1.Glyma.07G156000.1,glyma.Wm82.gnm4.ann1.Glyma.03G049300.1,glyma.Wm82.gnm4.ann1.Glyma.01G125200.1,Glyma.18G206400,Glyma.07G156000,Glyma.03G049300,Glyma.01G125200
Legume.fam3.02928,glyma.Wm82.gnm4.ann1.Glyma.06G188600.1,glyma.Wm82.gnm4.ann1.Glyma.04G176500.1,glyma.Wm82.gnm4.ann1.Glyma.17G095633.1,glyma.Wm82.gnm4.ann1.Glyma.05G031300.1,Glyma.06G188600,Glyma.04G176500,Glyma.17G095633,Glyma.05G031300
Legume.fam3.02929,glyma.Wm82.gnm4.ann1.Glyma.05G036600.1,glyma.Wm82.gnm4.ann1.Glyma.17G090600.1,glyma.Wm82.gnm4.ann1.Glyma.06G183500.1,glyma.Wm82.gnm4.ann1.Glyma.04G182700.1,Glyma.05G036600,Glyma.17G090600,Glyma.06G183500,Glyma.04G182700
Legume.fam3.02931,glyma.Wm82.gnm4.ann1.Glyma.04G184200.1,glyma.Wm82.gnm4.ann1.Glyma.06G181800.2,glyma.Wm82.gnm4.ann1.Glyma.17G088600.1,glyma.Wm82.gnm4.ann1.Glyma.05G038500.1,Glyma.04G184200,Glyma.06G181800,Glyma.17G088600,Glyma.05G038500
Legume.fam3.02934,glyma.Wm82.gnm4.ann1.Glyma.06G174600.2,glyma.Wm82.gnm4.ann1.Glyma.04G191200.7,glyma.Wm82.gnm4.ann1.Glyma.17G126600.1,glyma.Wm82.gnm4.ann1.Glyma.05G044100.4,Glyma.06G174600,Glyma.04G191200,Glyma.17G126600,Glyma.05G044100
Legume.fam3.02940,glyma.Wm82.gnm4.ann1.Glyma.06G159900.1,glyma.Wm82.gnm4.ann1.Glyma.04G205600.1,glyma.Wm82.gnm4.ann1.Glyma.08G005000.1,glyma.Wm82.gnm4.ann1.Glyma.05G197600.1,Glyma.06G159900,Glyma.04G205600,Glyma.08G005000,Glyma.05G197600
Legume.fam3.02941,glyma.Wm82.gnm4.ann1.Glyma.04G214700.1,glyma.Wm82.gnm4.ann1.Glyma.06G151400.1,glyma.Wm82.gnm4.ann1.Glyma.08G147600.1,glyma.Wm82.gnm4.ann1.Glyma.05G190000.1,Glyma.04G214700,Glyma.06G151400,Glyma.08G147600,Glyma.05G190000
Legume.fam3.02944,glyma.Wm82.gnm4.ann1.Glyma.15G198500.1,glyma.Wm82.gnm4.ann1.Glyma.09G091800.1,glyma.Wm82.gnm4.ann1.Glyma.13G164000.1,glyma.Wm82.gnm4.ann1.Glyma.17G106900.1,Glyma.15G198500,Glyma.09G091800,Glyma.13G164000,Glyma.17G106900
Legume.fam3.02946,glyma.Wm82.gnm4.ann1.Glyma.17G062300.1,glyma.Wm82.gnm4.ann1.Glyma.13G097300.1,glyma.Wm82.gnm4.ann1.Glyma.15G161200.1,glyma.Wm82.gnm4.ann1.Glyma.09G055400.1,Glyma.17G062300,Glyma.13G097300,Glyma.15G161200,Glyma.09G055400
Legume.fam3.02949,glyma.Wm82.gnm4.ann1.Glyma.15G173500.1,glyma.Wm82.gnm4.ann1.Glyma.09G068000.1,glyma.Wm82.gnm4.ann1.Glyma.13G108400.1,glyma.Wm82.gnm4.ann1.Glyma.17G051000.1,Glyma.15G173500,Glyma.09G068000,Glyma.13G108400,Glyma.17G051000
Legume.fam3.02950,glyma.Wm82.gnm4.ann1.Glyma.09G064200.1,glyma.Wm82.gnm4.ann1.Glyma.15G170500.1,glyma.Wm82.gnm4.ann1.Glyma.17G054000.3,glyma.Wm82.gnm4.ann1.Glyma.13G105400.2,Glyma.09G064200,Glyma.15G170500,Glyma.17G054000,Glyma.13G105400
Legume.fam3.02953,glyma.Wm82.gnm4.ann1.Glyma.15G143100.2,glyma.Wm82.gnm4.ann1.Glyma.09G038000.2,glyma.Wm82.gnm4.ann1.Glyma.17G032300.2,glyma.Wm82.gnm4.ann1.Glyma.07G241600.1,Glyma.15G143100,Glyma.09G038000,Glyma.17G032300,Glyma.07G241600
Legume.fam3.02957,glyma.Wm82.gnm4.ann1.Glyma.15G181800.1,glyma.Wm82.gnm4.ann1.Glyma.09G073050.1,glyma.Wm82.gnm4.ann1.Glyma.17G046700.1,glyma.Wm82.gnm4.ann1.Glyma.13G113000.1,Glyma.15G181800,Glyma.09G073050,Glyma.17G046700,Glyma.13G113000
Legume.fam3.02963,glyma.Wm82.gnm4.ann1.Glyma.12G117500.1,glyma.Wm82.gnm4.ann1.Glyma.06G289500.1,glyma.Wm82.gnm4.ann1.Glyma.13G294600.19,glyma.Wm82.gnm4.ann1.Glyma.12G206300.19,Glyma.12G117500,Glyma.06G289500,Glyma.13G294600,Glyma.12G206300
Legume.fam3.02968,glyma.Wm82.gnm4.ann1.Glyma.02G048300.1,glyma.Wm82.gnm4.ann1.Glyma.16G128600.2,glyma.Wm82.gnm4.ann1.Glyma.11G077300.1,glyma.Wm82.gnm4.ann1.Glyma.01G166100.1,Glyma.02G048300,Glyma.16G128600,Glyma.11G077300,Glyma.01G166100
Legume.fam3.02969,glyma.Wm82.gnm4.ann1.Glyma.01G167900.3,glyma.Wm82.gnm4.ann1.Glyma.11G075400.5,glyma.Wm82.gnm4.ann1.Glyma.02G050100.1,glyma.Wm82.gnm4.ann1.Glyma.16G130200.1,Glyma.01G167900,Glyma.11G075400,Glyma.02G050100,Glyma.16G130200
Legume.fam3.02972,glyma.Wm82.gnm4.ann1.Glyma.11G053300.1,glyma.Wm82.gnm4.ann1.Glyma.01G188900.1,glyma.Wm82.gnm4.ann1.Glyma.05G091100.1,glyma.Wm82.gnm4.ann1.Glyma.17G169700.1,Glyma.11G053300,Glyma.01G188900,Glyma.05G091100,Glyma.17G169700
Legume.fam3.02974,glyma.Wm82.gnm4.ann1.Glyma.05G108200.1,glyma.Wm82.gnm4.ann1.Glyma.17G158900.1,glyma.Wm82.gnm4.ann1.Glyma.11G045900.1,glyma.Wm82.gnm4.ann1.Glyma.01G195800.1,Glyma.05G108200,Glyma.17G158900,Glyma.11G045900,Glyma.01G195800
Legume.fam3.02975,glyma.Wm82.gnm4.ann1.Glyma.01G196800.1,glyma.Wm82.gnm4.ann1.Glyma.11G044800.1,glyma.Wm82.gnm4.ann1.Glyma.05G109600.1,glyma.Wm82.gnm4.ann1.Glyma.17G157400.1,Glyma.01G196800,Glyma.11G044800,Glyma.05G109600,Glyma.17G157400
Legume.fam3.02976,glyma.Wm82.gnm4.ann1.Glyma.12G198400.1,glyma.Wm82.gnm4.ann1.Glyma.13G303700.1,glyma.Wm82.gnm4.ann1.Glyma.12G103800.1,glyma.Wm82.gnm4.ann1.Glyma.06G300900.1,Glyma.12G198400,Glyma.13G303700,Glyma.12G103800,Glyma.06G300900
Legume.fam3.02978,glyma.Wm82.gnm4.ann1.Glyma.05G056800.2,glyma.Wm82.gnm4.ann1.Glyma.17G139200.10,glyma.Wm82.gnm4.ann1.Glyma.11G031400.24,glyma.Wm82.gnm4.ann1.Glyma.01G210600.13,Glyma.05G056800,Glyma.17G139200,Glyma.11G031400,Glyma.01G210600
Legume.fam3.02983,glyma.Wm82.gnm4.ann1.Glyma.08G014600.2,glyma.Wm82.gnm4.ann1.Glyma.05G207900.3,glyma.Wm82.gnm4.ann1.Glyma.11G023400.1,glyma.Wm82.gnm4.ann1.Glyma.01G220300.1,Glyma.08G014600,Glyma.05G207900,Glyma.11G023400,Glyma.01G220300
Legume.fam3.02985,glyma.Wm82.gnm4.ann1.Glyma.05G214300.4,glyma.Wm82.gnm4.ann1.Glyma.08G020800.8,glyma.Wm82.gnm4.ann1.Glyma.01G224000.1,glyma.Wm82.gnm4.ann1.Glyma.11G019100.1,Glyma.05G214300,Glyma.08G020800,Glyma.01G224000,Glyma.11G019100
Legume.fam3.02989,glyma.Wm82.gnm4.ann1.Glyma.12G090100.1,glyma.Wm82.gnm4.ann1.Glyma.11G182500.1,glyma.Wm82.gnm4.ann1.Glyma.13G315900.1,glyma.Wm82.gnm4.ann1.Glyma.12G185600.2,Glyma.12G090100,Glyma.11G182500,Glyma.13G315900,Glyma.12G185600
Legume.fam3.02990,glyma.Wm82.gnm4.ann1.Glyma.10G204300.1,glyma.Wm82.gnm4.ann1.Glyma.20G186400.1,glyma.Wm82.gnm4.ann1.Glyma.01G086800.1,glyma.Wm82.gnm4.ann1.Glyma.02G099100.1,Glyma.10G204300,Glyma.20G186400,Glyma.01G086800,Glyma.02G099100
Legume.fam3.02992,glyma.Wm82.gnm4.ann1.Glyma.07G169500.1,glyma.Wm82.gnm4.ann1.Glyma.02G084900.6,glyma.Wm82.gnm4.ann1.Glyma.08G045700.1,glyma.Wm82.gnm4.ann1.Glyma.05G238600.1,Glyma.07G169500,Glyma.02G084900,Glyma.08G045700,Glyma.05G238600
Legume.fam3.02995,glyma.Wm82.gnm4.ann1.Glyma.12G070300.1,glyma.Wm82.gnm4.ann1.Glyma.11G155677.1,glyma.Wm82.gnm4.ann1.Glyma.13G327500.4,glyma.Wm82.gnm4.ann1.Glyma.12G171700.2,Glyma.12G070300,Glyma.11G155677,Glyma.13G327500,Glyma.12G171700
Legume.fam3.03000,glyma.Wm82.gnm4.ann1.Glyma.01G084200.1,glyma.Wm82.gnm4.ann1.Glyma.02G097900.1,glyma.Wm82.gnm4.ann1.Glyma.20G113600.1,glyma.Wm82.gnm4.ann1.Glyma.10G276100.1,Glyma.01G084200,Glyma.02G097900,Glyma.20G113600,Glyma.10G276100
Legume.fam3.03002,glyma.Wm82.gnm4.ann1.Glyma.16G179600.1,glyma.Wm82.gnm4.ann1.Glyma.09G133000.1,glyma.Wm82.gnm4.ann1.Glyma.10G231500.1,glyma.Wm82.gnm4.ann1.Glyma.20G162300.1,Glyma.16G179600,Glyma.09G133000,Glyma.10G231500,Glyma.20G162300
Legume.fam3.03004,glyma.Wm82.gnm4.ann1.Glyma.07G174000.1,glyma.Wm82.gnm4.ann1.Glyma.20G012700.1,glyma.Wm82.gnm4.ann1.Glyma.08G094200.2,glyma.Wm82.gnm4.ann1.Glyma.05G139000.4,Glyma.07G174000,Glyma.20G012700,Glyma.08G094200,Glyma.05G139000
Legume.fam3.03005,glyma.Wm82.gnm4.ann1.Glyma.05G138800.1,glyma.Wm82.gnm4.ann1.Glyma.08G094000.2,glyma.Wm82.gnm4.ann1.Glyma.20G012400.2,glyma.Wm82.gnm4.ann1.Glyma.07G174600.1,Glyma.05G138800,Glyma.08G094000,Glyma.20G012400,Glyma.07G174600
Legume.fam3.03006,glyma.Wm82.gnm4.ann1.Glyma.08G093900.1,glyma.Wm82.gnm4.ann1.Glyma.05G138700.1,glyma.Wm82.gnm4.ann1.Glyma.20G012300.1,glyma.Wm82.gnm4.ann1.Glyma.07G174800.1,Glyma.08G093900,Glyma.05G138700,Glyma.20G012300,Glyma.07G174800
Legume.fam3.03007,glyma.Wm82.gnm4.ann1.Glyma.13G215200.1,glyma.Wm82.gnm4.ann1.Glyma.15G098000.1,glyma.Wm82.gnm4.ann1.Glyma.17G022800.1,glyma.Wm82.gnm4.ann1.Glyma.07G251700.1,Glyma.13G215200,Glyma.15G098000,Glyma.17G022800,Glyma.07G251700
Legume.fam3.03009,glyma.Wm82.gnm4.ann1.Glyma.09G008200.1,glyma.Wm82.gnm4.ann1.Glyma.15G112600.1,glyma.Wm82.gnm4.ann1.Glyma.07G264100.1,glyma.Wm82.gnm4.ann1.Glyma.17G009900.1,Glyma.09G008200,Glyma.15G112600,Glyma.07G264100,Glyma.17G009900
Legume.fam3.03011,glyma.Wm82.gnm4.ann1.Glyma.15G186400.5,glyma.Wm82.gnm4.ann1.Glyma.09G079900.1,glyma.Wm82.gnm4.ann1.Glyma.13G116700.2,glyma.Wm82.gnm4.ann1.Glyma.17G043200.1,Glyma.15G186400,Glyma.09G079900,Glyma.13G116700,Glyma.17G043200
Legume.fam3.03012,glyma.Wm82.gnm4.ann1.Glyma.05G173500.2,glyma.Wm82.gnm4.ann1.Glyma.08G130800.1,glyma.Wm82.gnm4.ann1.Glyma.18G013100.1,glyma.Wm82.gnm4.ann1.Glyma.11G244000.7,Glyma.05G173500,Glyma.08G130800,Glyma.18G013100,Glyma.11G244000
Legume.fam3.03013,glyma.Wm82.gnm4.ann1.Glyma.08G156400.2,glyma.Wm82.gnm4.ann1.Glyma.05G191200.1,glyma.Wm82.gnm4.ann1.Glyma.04G213400.1,glyma.Wm82.gnm4.ann1.Glyma.06G152800.5,Glyma.08G156400,Glyma.05G191200,Glyma.04G213400,Glyma.06G152800
Legume.fam3.03014,glyma.Wm82.gnm4.ann1.Glyma.06G181400.1,glyma.Wm82.gnm4.ann1.Glyma.04G184500.1,glyma.Wm82.gnm4.ann1.Glyma.05G038700.2,glyma.Wm82.gnm4.ann1.Glyma.17G088300.1,Glyma.06G181400,Glyma.04G184500,Glyma.05G038700,Glyma.17G088300
Legume.fam3.03017,glyma.Wm82.gnm4.ann1.Glyma.15G029100.2,glyma.Wm82.gnm4.ann1.Glyma.13G345200.1,glyma.Wm82.gnm4.ann1.Glyma.12G051200.1,glyma.Wm82.gnm4.ann1.Glyma.11G126600.1,Glyma.15G029100,Glyma.13G345200,Glyma.12G051200,Glyma.11G126600
Legume.fam3.03025,glyma.Wm82.gnm4.ann1.Glyma.17G046200.1,glyma.Wm82.gnm4.ann1.Glyma.13G113500.1,glyma.Wm82.gnm4.ann1.Glyma.09G073300.3,glyma.Wm82.gnm4.ann1.Glyma.15G182300.2,Glyma.17G046200,Glyma.13G113500,Glyma.09G073300,Glyma.15G182300
Legume.fam3.03028,glyma.Wm82.gnm4.ann1.Glyma.15G135600.1,glyma.Wm82.gnm4.ann1.Glyma.09G029800.7,glyma.Wm82.gnm4.ann1.Glyma.05G123600.1,glyma.Wm82.gnm4.ann1.Glyma.08G078700.1,Glyma.15G135600,Glyma.09G029800,Glyma.05G123600,Glyma.08G078700
Legume.fam3.03035,glyma.Wm82.gnm4.ann1.Glyma.15G269700.2,glyma.Wm82.gnm4.ann1.Glyma.08G149700.1,glyma.Wm82.gnm4.ann1.Glyma.09G000500.1,glyma.Wm82.gnm4.ann1.Glyma.12G240400.1,Glyma.15G269700,Glyma.08G149700,Glyma.09G000500,Glyma.12G240400
Legume.fam3.03037,glyma.Wm82.gnm4.ann1.Glyma.09G273500.1,glyma.Wm82.gnm4.ann1.Glyma.18G215600.1,glyma.Wm82.gnm4.ann1.Glyma.03G002100.1,glyma.Wm82.gnm4.ann1.Glyma.16G220300.1,Glyma.09G273500,Glyma.18G215600,Glyma.03G002100,Glyma.16G220300
Legume.fam3.03044,glyma.Wm82.gnm4.ann1.Glyma.07G263600.1,glyma.Wm82.gnm4.ann1.Glyma.17G010200.1,glyma.Wm82.gnm4.ann1.Glyma.15G111900.1,glyma.Wm82.gnm4.ann1.Glyma.09G007500.1,Glyma.07G263600,Glyma.17G010200,Glyma.15G111900,Glyma.09G007500
Legume.fam3.03048,glyma.Wm82.gnm4.ann1.Glyma.16G219100.1,glyma.Wm82.gnm4.ann1.Glyma.09G169500.1,glyma.Wm82.gnm4.ann1.Glyma.08G057200.10,glyma.Wm82.gnm4.ann1.Glyma.05G248500.1,Glyma.16G219100,Glyma.09G169500,Glyma.08G057200,Glyma.05G248500
Legume.fam3.03049,glyma.Wm82.gnm4.ann1.Glyma.07G107500.1,glyma.Wm82.gnm4.ann1.Glyma.09G170200.1,glyma.Wm82.gnm4.ann1.Glyma.05G248300.1,glyma.Wm82.gnm4.ann1.Glyma.08G056800.1,Glyma.07G107500,Glyma.09G170200,Glyma.05G248300,Glyma.08G056800
Legume.fam3.03050,glyma.Wm82.gnm4.ann1.Glyma.09G184600.1,glyma.Wm82.gnm4.ann1.Glyma.07G091400.1,glyma.Wm82.gnm4.ann1.Glyma.08G041100.1,glyma.Wm82.gnm4.ann1.Glyma.05G233700.1,Glyma.09G184600,Glyma.07G091400,Glyma.08G041100,Glyma.05G233700
Legume.fam3.03051,glyma.Wm82.gnm4.ann1.Glyma.07G085100.4,glyma.Wm82.gnm4.ann1.Glyma.09G191800.1,glyma.Wm82.gnm4.ann1.Glyma.08G037700.1,glyma.Wm82.gnm4.ann1.Glyma.05G230200.1,Glyma.07G085100,Glyma.09G191800,Glyma.08G037700,Glyma.05G230200
Legume.fam3.03052,glyma.Wm82.gnm4.ann1.Glyma.10G029700.1,glyma.Wm82.gnm4.ann1.Glyma.02G144400.1,glyma.Wm82.gnm4.ann1.Glyma.19G159600.1,glyma.Wm82.gnm4.ann1.Glyma.03G157432.1,Glyma.10G029700,Glyma.02G144400,Glyma.19G159600,Glyma.03G157432
Legume.fam3.03053,glyma.Wm82.gnm4.ann1.Glyma.10G032000.1,glyma.Wm82.gnm4.ann1.Glyma.02G142300.1,glyma.Wm82.gnm4.ann1.Glyma.03G158900.1,glyma.Wm82.gnm4.ann1.Glyma.19G161300.1,Glyma.10G032000,Glyma.02G142300,Glyma.03G158900,Glyma.19G161300
Legume.fam3.03054,glyma.Wm82.gnm4.ann1.Glyma.13G122200.2,glyma.Wm82.gnm4.ann1.Glyma.10G035800.3,glyma.Wm82.gnm4.ann1.Glyma.19G163500.1,glyma.Wm82.gnm4.ann1.Glyma.03G162100.6,Glyma.13G122200,Glyma.10G035800,Glyma.19G163500,Glyma.03G162100
Legume.fam3.03057,glyma.Wm82.gnm4.ann1.Glyma.03G166400.1,glyma.Wm82.gnm4.ann1.Glyma.19G167500.2,glyma.Wm82.gnm4.ann1.Glyma.10G039700.9,glyma.Wm82.gnm4.ann1.Glyma.13G126200.5,Glyma.03G166400,Glyma.19G167500,Glyma.10G039700,Glyma.13G126200
Legume.fam3.03063,glyma.Wm82.gnm4.ann1.Glyma.19G181200.1,glyma.Wm82.gnm4.ann1.Glyma.03G180600.8,glyma.Wm82.gnm4.ann1.Glyma.13G139500.1,glyma.Wm82.gnm4.ann1.Glyma.10G052500.1,Glyma.19G181200,Glyma.03G180600,Glyma.13G139500,Glyma.10G052500
Legume.fam3.03064,glyma.Wm82.gnm4.ann1.Glyma.19G182400.3,glyma.Wm82.gnm4.ann1.Glyma.03G181900.1,glyma.Wm82.gnm4.ann1.Glyma.13G144800.2,glyma.Wm82.gnm4.ann1.Glyma.10G058000.1,Glyma.19G182400,Glyma.03G181900,Glyma.13G144800,Glyma.10G058000
Legume.fam3.03066,glyma.Wm82.gnm4.ann1.Glyma.10G063700.1,glyma.Wm82.gnm4.ann1.Glyma.13G148200.1,glyma.Wm82.gnm4.ann1.Glyma.03G188500.1,glyma.Wm82.gnm4.ann1.Glyma.19G188700.1,Glyma.10G063700,Glyma.13G148200,Glyma.03G188500,Glyma.19G188700
Legume.fam3.03069,glyma.Wm82.gnm4.ann1.Glyma.10G087500.1,glyma.Wm82.gnm4.ann1.Glyma.02G166800.1,glyma.Wm82.gnm4.ann1.Glyma.19G202900.1,glyma.Wm82.gnm4.ann1.Glyma.03G205400.1,Glyma.10G087500,Glyma.02G166800,Glyma.19G202900,Glyma.03G205400
Legume.fam3.03072,glyma.Wm82.gnm4.ann1.Glyma.19G145300.1,glyma.Wm82.gnm4.ann1.Glyma.03G142400.1,glyma.Wm82.gnm4.ann1.Glyma.02G176800.1,glyma.Wm82.gnm4.ann1.Glyma.10G092100.1,Glyma.19G145300,Glyma.03G142400,Glyma.02G176800,Glyma.10G092100
Legume.fam3.03074,glyma.Wm82.gnm4.ann1.Glyma.02G183100.3,glyma.Wm82.gnm4.ann1.Glyma.10G103400.1,glyma.Wm82.gnm4.ann1.Glyma.03G137500.1,glyma.Wm82.gnm4.ann1.Glyma.19G140400.1,Glyma.02G183100,Glyma.10G103400,Glyma.03G137500,Glyma.19G140400
Legume.fam3.03078,glyma.Wm82.gnm4.ann1.Glyma.19G110600.1,glyma.Wm82.gnm4.ann1.Glyma.16G041800.1,glyma.Wm82.gnm4.ann1.Glyma.16G152900.2,glyma.Wm82.gnm4.ann1.Glyma.02G071700.1,Glyma.19G110600,Glyma.16G041800,Glyma.16G152900,Glyma.02G071700
Legume.fam3.03079,glyma.Wm82.gnm4.ann1.Glyma.19G110200.1,glyma.Wm82.gnm4.ann1.Glyma.16G042300.1,glyma.Wm82.gnm4.ann1.Glyma.16G152700.1,glyma.Wm82.gnm4.ann1.Glyma.02G071500.1,Glyma.19G110200,Glyma.16G042300,Glyma.16G152700,Glyma.02G071500
Legume.fam3.03082,glyma.Wm82.gnm4.ann1.Glyma.01G244600.1,glyma.Wm82.gnm4.ann1.Glyma.11G000600.1,glyma.Wm82.gnm4.ann1.Glyma.20G012900.1,glyma.Wm82.gnm4.ann1.Glyma.07G215900.1,Glyma.01G244600,Glyma.11G000600,Glyma.20G012900,Glyma.07G215900
Legume.fam3.03084,glyma.Wm82.gnm4.ann1.Glyma.02G015500.1,glyma.Wm82.gnm4.ann1.Glyma.10G016000.1,glyma.Wm82.gnm4.ann1.Glyma.03G217000.1,glyma.Wm82.gnm4.ann1.Glyma.19G213600.1,Glyma.02G015500,Glyma.10G016000,Glyma.03G217000,Glyma.19G213600
Legume.fam3.03086,glyma.Wm82.gnm4.ann1.Glyma.10G140500.1,glyma.Wm82.gnm4.ann1.Glyma.20G089300.1,glyma.Wm82.gnm4.ann1.Glyma.19G223200.2,glyma.Wm82.gnm4.ann1.Glyma.03G226200.4,Glyma.10G140500,Glyma.20G089300,Glyma.19G223200,Glyma.03G226200
Legume.fam3.03088,glyma.Wm82.gnm4.ann1.Glyma.03G236600.1,glyma.Wm82.gnm4.ann1.Glyma.19G234500.1,glyma.Wm82.gnm4.ann1.Glyma.20G235100.1,glyma.Wm82.gnm4.ann1.Glyma.10G153200.1,Glyma.03G236600,Glyma.19G234500,Glyma.20G235100,Glyma.10G153200
Legume.fam3.03092,glyma.Wm82.gnm4.ann1.Glyma.06G206600.1,glyma.Wm82.gnm4.ann1.Glyma.04G158600.1,glyma.Wm82.gnm4.ann1.Glyma.17G082000.4,glyma.Wm82.gnm4.ann1.Glyma.05G017900.1,Glyma.06G206600,Glyma.04G158600,Glyma.17G082000,Glyma.05G017900
Legume.fam3.03094,glyma.Wm82.gnm4.ann1.Glyma.17G123500.1,glyma.Wm82.gnm4.ann1.Glyma.05G015000.1,glyma.Wm82.gnm4.ann1.Glyma.06G209100.1,glyma.Wm82.gnm4.ann1.Glyma.04G145100.1,Glyma.17G123500,Glyma.05G015000,Glyma.06G209100,Glyma.04G145100
Legume.fam3.03099,glyma.Wm82.gnm4.ann1.Glyma.14G120300.1,glyma.Wm82.gnm4.ann1.Glyma.13G037900.1,glyma.Wm82.gnm4.ann1.Glyma.04G241400.1,glyma.Wm82.gnm4.ann1.Glyma.06G122200.1,Glyma.14G120300,Glyma.13G037900,Glyma.04G241400,Glyma.06G122200
Legume.fam3.03102,glyma.Wm82.gnm4.ann1.Glyma.04G250100.1,glyma.Wm82.gnm4.ann1.Glyma.06G112700.2,glyma.Wm82.gnm4.ann1.Glyma.13G080500.1,glyma.Wm82.gnm4.ann1.Glyma.14G148800.1,Glyma.04G250100,Glyma.06G112700,Glyma.13G080500,Glyma.14G148800
Legume.fam3.03103,glyma.Wm82.gnm4.ann1.Glyma.04G251300.1,glyma.Wm82.gnm4.ann1.Glyma.06G111400.1,glyma.Wm82.gnm4.ann1.Glyma.14G147800.1,glyma.Wm82.gnm4.ann1.Glyma.13G081400.1,Glyma.04G251300,Glyma.06G111400,Glyma.14G147800,Glyma.13G081400
Legume.fam3.03104,glyma.Wm82.gnm4.ann1.Glyma.04G251400.1,glyma.Wm82.gnm4.ann1.Glyma.06G111300.1,glyma.Wm82.gnm4.ann1.Glyma.14G147500.1,glyma.Wm82.gnm4.ann1.Glyma.13G081600.1,Glyma.04G251400,Glyma.06G111300,Glyma.14G147500,Glyma.13G081600
Legume.fam3.03106,glyma.Wm82.gnm4.ann1.Glyma.13G084500.1,glyma.Wm82.gnm4.ann1.Glyma.14G166200.1,glyma.Wm82.gnm4.ann1.Glyma.06G108400.1,glyma.Wm82.gnm4.ann1.Glyma.04G253900.1,Glyma.13G084500,Glyma.14G166200,Glyma.06G108400,Glyma.04G253900
Legume.fam3.03108,glyma.Wm82.gnm4.ann1.Glyma.14G185600.1,glyma.Wm82.gnm4.ann1.Glyma.02G218200.1,glyma.Wm82.gnm4.ann1.Glyma.04G089851.1,glyma.Wm82.gnm4.ann1.Glyma.06G091651.1,Glyma.14G185600,Glyma.02G218200,Glyma.04G089851,Glyma.06G091651
Legume.fam3.03112,glyma.Wm82.gnm4.ann1.Glyma.14G102500.1,glyma.Wm82.gnm4.ann1.Glyma.17G223000.1,glyma.Wm82.gnm4.ann1.Glyma.06G061400.1,glyma.Wm82.gnm4.ann1.Glyma.04G060800.1,Glyma.14G102500,Glyma.17G223000,Glyma.06G061400,Glyma.04G060800
Legume.fam3.03113,glyma.Wm82.gnm4.ann1.Glyma.17G227100.1,glyma.Wm82.gnm4.ann1.Glyma.14G097400.1,glyma.Wm82.gnm4.ann1.Glyma.04G052700.1,glyma.Wm82.gnm4.ann1.Glyma.06G053100.1,Glyma.17G227100,Glyma.14G097400,Glyma.04G052700,Glyma.06G053100
Legume.fam3.03117,glyma.Wm82.gnm4.ann1.Glyma.17G235100.1,glyma.Wm82.gnm4.ann1.Glyma.14G089009.1,glyma.Wm82.gnm4.ann1.Glyma.06G046300.1,glyma.Wm82.gnm4.ann1.Glyma.04G045600.1,Glyma.17G235100,Glyma.14G089009,Glyma.06G046300,Glyma.04G045600
Legume.fam3.03118,glyma.Wm82.gnm4.ann1.Glyma.14G083700.1,glyma.Wm82.gnm4.ann1.Glyma.17G241300.1,glyma.Wm82.gnm4.ann1.Glyma.06G040900.1,glyma.Wm82.gnm4.ann1.Glyma.04G039600.1,Glyma.14G083700,Glyma.17G241300,Glyma.06G040900,Glyma.04G039600
Legume.fam3.03120,glyma.Wm82.gnm4.ann1.Glyma.06G126400.1,glyma.Wm82.gnm4.ann1.Glyma.04G237600.1,glyma.Wm82.gnm4.ann1.Glyma.13G042000.7,glyma.Wm82.gnm4.ann1.Glyma.14G161200.3,Glyma.06G126400,Glyma.04G237600,Glyma.13G042000,Glyma.14G161200
Legume.fam3.03123,glyma.Wm82.gnm4.ann1.Glyma.18G021200.1,glyma.Wm82.gnm4.ann1.Glyma.11G235700.1,glyma.Wm82.gnm4.ann1.Glyma.02G259200.1,glyma.Wm82.gnm4.ann1.Glyma.14G053500.1,Glyma.18G021200,Glyma.11G235700,Glyma.02G259200,Glyma.14G053500
Legume.fam3.03124,glyma.Wm82.gnm4.ann1.Glyma.18G023500.1,glyma.Wm82.gnm4.ann1.Glyma.11G233500.1,glyma.Wm82.gnm4.ann1.Glyma.14G055900.1,glyma.Wm82.gnm4.ann1.Glyma.02G261400.1,Glyma.18G023500,Glyma.11G233500,Glyma.14G055900,Glyma.02G261400
Legume.fam3.03127,glyma.Wm82.gnm4.ann1.Glyma.11G213700.1,glyma.Wm82.gnm4.ann1.Glyma.18G043000.10,glyma.Wm82.gnm4.ann1.Glyma.14G211900.1,glyma.Wm82.gnm4.ann1.Glyma.02G242100.1,Glyma.11G213700,Glyma.18G043000,Glyma.14G211900,Glyma.02G242100
Legume.fam3.03130,glyma.Wm82.gnm4.ann1.Glyma.02G302300.1,glyma.Wm82.gnm4.ann1.Glyma.14G011900.1,glyma.Wm82.gnm4.ann1.Glyma.08G332200.1,glyma.Wm82.gnm4.ann1.Glyma.18G074700.1,Glyma.02G302300,Glyma.14G011900,Glyma.08G332200,Glyma.18G074700
Legume.fam3.03138,glyma.Wm82.gnm4.ann1.Glyma.08G305100.1,glyma.Wm82.gnm4.ann1.Glyma.18G113300.2,glyma.Wm82.gnm4.ann1.Glyma.02G283000.4,glyma.Wm82.gnm4.ann1.Glyma.14G031400.1,Glyma.08G305100,Glyma.18G113300,Glyma.02G283000,Glyma.14G031400
Legume.fam3.03140,glyma.Wm82.gnm4.ann1.Glyma.20G051100.7,glyma.Wm82.gnm4.ann1.Glyma.13G076600.1,glyma.Wm82.gnm4.ann1.Glyma.14G041800.3,glyma.Wm82.gnm4.ann1.Glyma.02G274300.1,Glyma.20G051100,Glyma.13G076600,Glyma.14G041800,Glyma.02G274300
Legume.fam3.03141,glyma.Wm82.gnm4.ann1.Glyma.14G056800.1,glyma.Wm82.gnm4.ann1.Glyma.02G262500.2,glyma.Wm82.gnm4.ann1.Glyma.11G232600.1,glyma.Wm82.gnm4.ann1.Glyma.18G024600.1,Glyma.14G056800,Glyma.02G262500,Glyma.11G232600,Glyma.18G024600
Legume.fam3.03143,glyma.Wm82.gnm4.ann1.Glyma.14G188500.1,glyma.Wm82.gnm4.ann1.Glyma.02G221000.1,glyma.Wm82.gnm4.ann1.Glyma.04G225900.1,glyma.Wm82.gnm4.ann1.Glyma.06G138900.1,Glyma.14G188500,Glyma.02G221000,Glyma.04G225900,Glyma.06G138900
Legume.fam3.03148,glyma.Wm82.gnm4.ann1.Glyma.18G097000.2,glyma.Wm82.gnm4.ann1.Glyma.08G315900.1,glyma.Wm82.gnm4.ann1.Glyma.14G023900.3,glyma.Wm82.gnm4.ann1.Glyma.02G290800.1,Glyma.18G097000,Glyma.08G315900,Glyma.14G023900,Glyma.02G290800
Legume.fam3.03149,glyma.Wm82.gnm4.ann1.Glyma.09G017500.1,glyma.Wm82.gnm4.ann1.Glyma.15G123200.1,glyma.Wm82.gnm4.ann1.Glyma.17G003700.2,glyma.Wm82.gnm4.ann1.Glyma.07G270200.8,Glyma.09G017500,Glyma.15G123200,Glyma.17G003700,Glyma.07G270200
Legume.fam3.03151,glyma.Wm82.gnm4.ann1.Glyma.05G119300.1,glyma.Wm82.gnm4.ann1.Glyma.08G074300.1,glyma.Wm82.gnm4.ann1.Glyma.08G180500.1,glyma.Wm82.gnm4.ann1.Glyma.15G051900.1,Glyma.05G119300,Glyma.08G074300,Glyma.08G180500,Glyma.15G051900
Legume.fam3.03153,glyma.Wm82.gnm4.ann1.Glyma.08G059900.1,glyma.Wm82.gnm4.ann1.Glyma.07G189300.1,glyma.Wm82.gnm4.ann1.Glyma.13G247200.1,glyma.Wm82.gnm4.ann1.Glyma.15G066800.1,Glyma.08G059900,Glyma.07G189300,Glyma.13G247200,Glyma.15G066800
Legume.fam3.03156,glyma.Wm82.gnm4.ann1.Glyma.15G083600.1,glyma.Wm82.gnm4.ann1.Glyma.13G228900.3,glyma.Wm82.gnm4.ann1.Glyma.05G158900.1,glyma.Wm82.gnm4.ann1.Glyma.08G116700.1,Glyma.15G083600,Glyma.13G228900,Glyma.05G158900,Glyma.08G116700
Legume.fam3.03159,glyma.Wm82.gnm4.ann1.Glyma.05G160100.1,glyma.Wm82.gnm4.ann1.Glyma.08G117700.1,glyma.Wm82.gnm4.ann1.Glyma.15G085300.1,glyma.Wm82.gnm4.ann1.Glyma.13G227132.1,Glyma.05G160100,Glyma.08G117700,Glyma.15G085300,Glyma.13G227132
Legume.fam3.03160,glyma.Wm82.gnm4.ann1.Glyma.19G030400.1,glyma.Wm82.gnm4.ann1.Glyma.13G056200.1,glyma.Wm82.gnm4.ann1.Glyma.08G246100.1,glyma.Wm82.gnm4.ann1.Glyma.18G267000.1,Glyma.19G030400,Glyma.13G056200,Glyma.08G246100,Glyma.18G267000
Legume.fam3.03165,glyma.Wm82.gnm4.ann1.Glyma.13G198600.1,glyma.Wm82.gnm4.ann1.Glyma.15G236900.2,glyma.Wm82.gnm4.ann1.Glyma.11G154100.1,glyma.Wm82.gnm4.ann1.Glyma.04G141600.3,Glyma.13G198600,Glyma.15G236900,Glyma.11G154100,Glyma.04G141600
Legume.fam3.03170,glyma.Wm82.gnm4.ann1.Glyma.03G155700.1,glyma.Wm82.gnm4.ann1.Glyma.19G157800.1,glyma.Wm82.gnm4.ann1.Glyma.10G027800.1,glyma.Wm82.gnm4.ann1.Glyma.02G146200.1,Glyma.03G155700,Glyma.19G157800,Glyma.10G027800,Glyma.02G146200
Legume.fam3.03173,glyma.Wm82.gnm4.ann1.Glyma.07G073000.2,glyma.Wm82.gnm4.ann1.Glyma.03G013300.1,glyma.Wm82.gnm4.ann1.Glyma.18G230600.1,glyma.Wm82.gnm4.ann1.Glyma.09G261600.1,Glyma.07G073000,Glyma.03G013300,Glyma.18G230600,Glyma.09G261600
Legume.fam3.03174,glyma.Wm82.gnm4.ann1.Glyma.19G260900.1,glyma.Wm82.gnm4.ann1.Glyma.03G261800.4,glyma.Wm82.gnm4.ann1.Glyma.16G017400.7,glyma.Wm82.gnm4.ann1.Glyma.07G048500.9,Glyma.19G260900,Glyma.03G261800,Glyma.16G017400,Glyma.07G048500
Legume.fam3.03178,glyma.Wm82.gnm4.ann1.Glyma.13G370000.1,glyma.Wm82.gnm4.ann1.Glyma.15G003400.1,glyma.Wm82.gnm4.ann1.Glyma.07G023500.1,glyma.Wm82.gnm4.ann1.Glyma.08G218400.1,Glyma.13G370000,Glyma.15G003400,Glyma.07G023500,Glyma.08G218400
Legume.fam3.03179,glyma.Wm82.gnm4.ann1.Glyma.03G073712.1,glyma.Wm82.gnm4.ann1.Glyma.01G106500.1,glyma.Wm82.gnm4.ann1.Glyma.07G141000.1,glyma.Wm82.gnm4.ann1.Glyma.18G191000.1,Glyma.03G073712,Glyma.01G106500,Glyma.07G141000,Glyma.18G191000
Legume.fam3.03180,glyma.Wm82.gnm4.ann1.Glyma.07G078800.2,glyma.Wm82.gnm4.ann1.Glyma.03G017500.1,glyma.Wm82.gnm4.ann1.Glyma.18G227700.1,glyma.Wm82.gnm4.ann1.Glyma.09G264300.1,Glyma.07G078800,Glyma.03G017500,Glyma.18G227700,Glyma.09G264300
Legume.fam3.03182,glyma.Wm82.gnm4.ann1.Glyma.08G207600.3,glyma.Wm82.gnm4.ann1.Glyma.07G034500.1,glyma.Wm82.gnm4.ann1.Glyma.13G360500.3,glyma.Wm82.gnm4.ann1.Glyma.15G013400.3,Glyma.08G207600,Glyma.07G034500,Glyma.13G360500,Glyma.15G013400
Legume.fam3.03189,glyma.Wm82.gnm4.ann1.Glyma.06G190800.1,glyma.Wm82.gnm4.ann1.Glyma.04G173500.1,glyma.Wm82.gnm4.ann1.Glyma.17G097900.1,glyma.Wm82.gnm4.ann1.Glyma.05G029000.1,Glyma.06G190800,Glyma.04G173500,Glyma.17G097900,Glyma.05G029000
Legume.fam3.03190,glyma.Wm82.gnm4.ann1.Glyma.04G177300.1,glyma.Wm82.gnm4.ann1.Glyma.06G187600.1,glyma.Wm82.gnm4.ann1.Glyma.17G094400.1,glyma.Wm82.gnm4.ann1.Glyma.05G032200.1,Glyma.04G177300,Glyma.06G187600,Glyma.17G094400,Glyma.05G032200
Legume.fam3.03191,glyma.Wm82.gnm4.ann1.Glyma.12G226500.2,glyma.Wm82.gnm4.ann1.Glyma.13G274300.1,glyma.Wm82.gnm4.ann1.Glyma.12G161700.1,glyma.Wm82.gnm4.ann1.Glyma.06G236000.1,Glyma.12G226500,Glyma.13G274300,Glyma.12G161700,Glyma.06G236000
Legume.fam3.03192,glyma.Wm82.gnm4.ann1.Glyma.06G186800.1,glyma.Wm82.gnm4.ann1.Glyma.04G178300.3,glyma.Wm82.gnm4.ann1.Glyma.17G093600.1,glyma.Wm82.gnm4.ann1.Glyma.05G033400.1,Glyma.06G186800,Glyma.04G178300,Glyma.17G093600,Glyma.05G033400
Legume.fam3.03193,glyma.Wm82.gnm4.ann1.Glyma.06G238400.1,glyma.Wm82.gnm4.ann1.Glyma.12G163053.1,glyma.Wm82.gnm4.ann1.Glyma.13G274700.1,glyma.Wm82.gnm4.ann1.Glyma.12G226200.1,Glyma.06G238400,Glyma.12G163053,Glyma.13G274700,Glyma.12G226200
Legume.fam3.03194,glyma.Wm82.gnm4.ann1.Glyma.06G238100.1,glyma.Wm82.gnm4.ann1.Glyma.12G162999.1,glyma.Wm82.gnm4.ann1.Glyma.12G226000.1,glyma.Wm82.gnm4.ann1.Glyma.13G274900.1,Glyma.06G238100,Glyma.12G162999,Glyma.12G226000,Glyma.13G274900
Legume.fam3.03196,glyma.Wm82.gnm4.ann1.Glyma.06G172200.1,glyma.Wm82.gnm4.ann1.Glyma.04G193900.1,glyma.Wm82.gnm4.ann1.Glyma.05G045800.1,glyma.Wm82.gnm4.ann1.Glyma.17G127900.1,Glyma.06G172200,Glyma.04G193900,Glyma.05G045800,Glyma.17G127900
Legume.fam3.03200,glyma.Wm82.gnm4.ann1.Glyma.06G158700.1,glyma.Wm82.gnm4.ann1.Glyma.04G206800.1,glyma.Wm82.gnm4.ann1.Glyma.08G004100.1,glyma.Wm82.gnm4.ann1.Glyma.05G196300.1,Glyma.06G158700,Glyma.04G206800,Glyma.08G004100,Glyma.05G196300
Legume.fam3.03206,glyma.Wm82.gnm4.ann1.Glyma.18G009500.1,glyma.Wm82.gnm4.ann1.Glyma.11G247700.1,glyma.Wm82.gnm4.ann1.Glyma.05G145200.1,glyma.Wm82.gnm4.ann1.Glyma.08G101800.1,Glyma.18G009500,Glyma.11G247700,Glyma.05G145200,Glyma.08G101800
Legume.fam3.03214,glyma.Wm82.gnm4.ann1.Glyma.06G276800.4,glyma.Wm82.gnm4.ann1.Glyma.12G128800.5,glyma.Wm82.gnm4.ann1.Glyma.13G290300.1,glyma.Wm82.gnm4.ann1.Glyma.12G211300.1,Glyma.06G276800,Glyma.12G128800,Glyma.13G290300,Glyma.12G211300
Legume.fam3.03217,glyma.Wm82.gnm4.ann1.Glyma.15G105500.1,glyma.Wm82.gnm4.ann1.Glyma.13G207100.1,glyma.Wm82.gnm4.ann1.Glyma.07G258100.2,glyma.Wm82.gnm4.ann1.Glyma.17G015900.1,Glyma.15G105500,Glyma.13G207100,Glyma.07G258100,Glyma.17G015900
Legume.fam3.03218,glyma.Wm82.gnm4.ann1.Glyma.13G211800.1,glyma.Wm82.gnm4.ann1.Glyma.15G100900.3,glyma.Wm82.gnm4.ann1.Glyma.07G253900.1,glyma.Wm82.gnm4.ann1.Glyma.17G020400.5,Glyma.13G211800,Glyma.15G100900,Glyma.07G253900,Glyma.17G020400
Legume.fam3.03219,glyma.Wm82.gnm4.ann1.Glyma.05G149200.1,glyma.Wm82.gnm4.ann1.Glyma.08G105800.1,glyma.Wm82.gnm4.ann1.Glyma.18G004200.1,glyma.Wm82.gnm4.ann1.Glyma.11G252700.1,Glyma.05G149200,Glyma.08G105800,Glyma.18G004200,Glyma.11G252700
Legume.fam3.03220,glyma.Wm82.gnm4.ann1.Glyma.08G107700.1,glyma.Wm82.gnm4.ann1.Glyma.05G150800.1,glyma.Wm82.gnm4.ann1.Glyma.18G003000.1,glyma.Wm82.gnm4.ann1.Glyma.11G254000.1,Glyma.08G107700,Glyma.05G150800,Glyma.18G003000,Glyma.11G254000
Legume.fam3.03224,glyma.Wm82.gnm4.ann1.Glyma.06G295200.1,glyma.Wm82.gnm4.ann1.Glyma.12G110600.1,glyma.Wm82.gnm4.ann1.Glyma.13G298500.1,glyma.Wm82.gnm4.ann1.Glyma.12G203200.1,Glyma.06G295200,Glyma.12G110600,Glyma.13G298500,Glyma.12G203200
Legume.fam3.03228,glyma.Wm82.gnm4.ann1.Glyma.01G180800.1,glyma.Wm82.gnm4.ann1.Glyma.11G061300.1,glyma.Wm82.gnm4.ann1.Glyma.02G061100.2,glyma.Wm82.gnm4.ann1.Glyma.16G143600.1,Glyma.01G180800,Glyma.11G061300,Glyma.02G061100,Glyma.16G143600
Legume.fam3.03229,glyma.Wm82.gnm4.ann1.Glyma.02G061400.1,glyma.Wm82.gnm4.ann1.Glyma.16G143800.4,glyma.Wm82.gnm4.ann1.Glyma.01G181102.1,glyma.Wm82.gnm4.ann1.Glyma.11G061200.1,Glyma.02G061400,Glyma.16G143800,Glyma.01G181102,Glyma.11G061200
Legume.fam3.03230,glyma.Wm82.gnm4.ann1.Glyma.11G053200.1,glyma.Wm82.gnm4.ann1.Glyma.01G189000.1,glyma.Wm82.gnm4.ann1.Glyma.05G085700.1,glyma.Wm82.gnm4.ann1.Glyma.17G169200.1,Glyma.11G053200,Glyma.01G189000,Glyma.05G085700,Glyma.17G169200
Legume.fam3.03231,glyma.Wm82.gnm4.ann1.Glyma.05G096500.1,glyma.Wm82.gnm4.ann1.Glyma.17G168900.1,glyma.Wm82.gnm4.ann1.Glyma.01G189100.3,glyma.Wm82.gnm4.ann1.Glyma.11G053100.1,Glyma.05G096500,Glyma.17G168900,Glyma.01G189100,Glyma.11G053100
Legume.fam3.03232,glyma.Wm82.gnm4.ann1.Glyma.05G108600.6,glyma.Wm82.gnm4.ann1.Glyma.17G158300.1,glyma.Wm82.gnm4.ann1.Glyma.01G195900.1,glyma.Wm82.gnm4.ann1.Glyma.11G045800.3,Glyma.05G108600,Glyma.17G158300,Glyma.01G195900,Glyma.11G045800
Legume.fam3.03235,glyma.Wm82.gnm4.ann1.Glyma.01G199600.1,glyma.Wm82.gnm4.ann1.Glyma.11G042300.1,glyma.Wm82.gnm4.ann1.Glyma.17G153800.2,glyma.Wm82.gnm4.ann1.Glyma.05G113400.1,Glyma.01G199600,Glyma.11G042300,Glyma.17G153800,Glyma.05G113400
Legume.fam3.03240,glyma.Wm82.gnm4.ann1.Glyma.08G271100.1,glyma.Wm82.gnm4.ann1.Glyma.01G095600.1,glyma.Wm82.gnm4.ann1.Glyma.09G205600.2,glyma.Wm82.gnm4.ann1.Glyma.01G017300.2,Glyma.08G271100,Glyma.01G095600,Glyma.09G205600,Glyma.01G017300
Legume.fam3.03244,glyma.Wm82.gnm4.ann1.Glyma.08G284300.1,glyma.Wm82.gnm4.ann1.Glyma.18G141200.2,glyma.Wm82.gnm4.ann1.Glyma.02G036900.1,glyma.Wm82.gnm4.ann1.Glyma.01G028300.4,Glyma.08G284300,Glyma.18G141200,Glyma.02G036900,Glyma.01G028300
Legume.fam3.03247,glyma.Wm82.gnm4.ann1.Glyma.02G035000.1,glyma.Wm82.gnm4.ann1.Glyma.01G030500.1,glyma.Wm82.gnm4.ann1.Glyma.18G138400.1,glyma.Wm82.gnm4.ann1.Glyma.08G286700.1,Glyma.02G035000,Glyma.01G030500,Glyma.18G138400,Glyma.08G286700
Legume.fam3.03248,glyma.Wm82.gnm4.ann1.Glyma.13G312800.1,glyma.Wm82.gnm4.ann1.Glyma.12G188900.1,glyma.Wm82.gnm4.ann1.Glyma.12G095000.1,glyma.Wm82.gnm4.ann1.Glyma.11G178046.1,Glyma.13G312800,Glyma.12G188900,Glyma.12G095000,Glyma.11G178046
Legume.fam3.03250,glyma.Wm82.gnm4.ann1.Glyma.13G312900.1,glyma.Wm82.gnm4.ann1.Glyma.12G188800.1,glyma.Wm82.gnm4.ann1.Glyma.12G094800.2,glyma.Wm82.gnm4.ann1.Glyma.11G178673.1,Glyma.13G312900,Glyma.12G188800,Glyma.12G094800,Glyma.11G178673
Legume.fam3.03251,glyma.Wm82.gnm4.ann1.Glyma.13G314000.1,glyma.Wm82.gnm4.ann1.Glyma.12G187500.1,glyma.Wm82.gnm4.ann1.Glyma.12G093200.1,glyma.Wm82.gnm4.ann1.Glyma.11G180300.1,Glyma.13G314000,Glyma.12G187500,Glyma.12G093200,Glyma.11G180300
Legume.fam3.03252,glyma.Wm82.gnm4.ann1.Glyma.07G226100.1,glyma.Wm82.gnm4.ann1.Glyma.20G026000.1,glyma.Wm82.gnm4.ann1.Glyma.02G115600.1,glyma.Wm82.gnm4.ann1.Glyma.01G057500.1,Glyma.07G226100,Glyma.20G026000,Glyma.02G115600,Glyma.01G057500
Legume.fam3.03254,glyma.Wm82.gnm4.ann1.Glyma.12G184700.1,glyma.Wm82.gnm4.ann1.Glyma.13G316600.2,glyma.Wm82.gnm4.ann1.Glyma.11G183400.1,glyma.Wm82.gnm4.ann1.Glyma.12G089100.1,Glyma.12G184700,Glyma.13G316600,Glyma.11G183400,Glyma.12G089100
Legume.fam3.03262,glyma.Wm82.gnm4.ann1.Glyma.12G068300.1,glyma.Wm82.gnm4.ann1.Glyma.11G147400.7,glyma.Wm82.gnm4.ann1.Glyma.13G326800.1,glyma.Wm82.gnm4.ann1.Glyma.12G173500.2,Glyma.12G068300,Glyma.11G147400,Glyma.13G326800,Glyma.12G173500
Legume.fam3.03266,glyma.Wm82.gnm4.ann1.Glyma.02G107300.1,glyma.Wm82.gnm4.ann1.Glyma.01G047900.1,glyma.Wm82.gnm4.ann1.Glyma.20G036502.1,glyma.Wm82.gnm4.ann1.Glyma.07G230200.1,Glyma.02G107300,Glyma.01G047900,Glyma.20G036502,Glyma.07G230200
Legume.fam3.03267,glyma.Wm82.gnm4.ann1.Glyma.18G120400.1,glyma.Wm82.gnm4.ann1.Glyma.08G299900.1,glyma.Wm82.gnm4.ann1.Glyma.01G046000.2,glyma.Wm82.gnm4.ann1.Glyma.02G106300.3,Glyma.18G120400,Glyma.08G299900,Glyma.01G046000,Glyma.02G106300
Legume.fam3.03270,glyma.Wm82.gnm4.ann1.Glyma.09G203500.1,glyma.Wm82.gnm4.ann1.Glyma.01G019200.1,glyma.Wm82.gnm4.ann1.Glyma.01G097400.3,glyma.Wm82.gnm4.ann1.Glyma.08G273100.5,Glyma.09G203500,Glyma.01G019200,Glyma.01G097400,Glyma.08G273100
Legume.fam3.03271,glyma.Wm82.gnm4.ann1.Glyma.09G198400.1,glyma.Wm82.gnm4.ann1.Glyma.16G116500.2,glyma.Wm82.gnm4.ann1.Glyma.11G085750.1,glyma.Wm82.gnm4.ann1.Glyma.01G158900.1,Glyma.09G198400,Glyma.16G116500,Glyma.11G085750,Glyma.01G158900
Legume.fam3.03275,glyma.Wm82.gnm4.ann1.Glyma.11G003800.1,glyma.Wm82.gnm4.ann1.Glyma.01G239900.1,glyma.Wm82.gnm4.ann1.Glyma.20G142700.1,glyma.Wm82.gnm4.ann1.Glyma.10G251000.1,Glyma.11G003800,Glyma.01G239900,Glyma.20G142700,Glyma.10G251000
Legume.fam3.03276,glyma.Wm82.gnm4.ann1.Glyma.09G045200.1,glyma.Wm82.gnm4.ann1.Glyma.15G147400.1,glyma.Wm82.gnm4.ann1.Glyma.07G248100.2,glyma.Wm82.gnm4.ann1.Glyma.17G026000.1,Glyma.09G045200,Glyma.15G147400,Glyma.07G248100,Glyma.17G026000
Legume.fam3.03278,glyma.Wm82.gnm4.ann1.Glyma.05G047600.1,glyma.Wm82.gnm4.ann1.Glyma.17G129500.1,glyma.Wm82.gnm4.ann1.Glyma.06G170800.1,glyma.Wm82.gnm4.ann1.Glyma.04G195200.1,Glyma.05G047600,Glyma.17G129500,Glyma.06G170800,Glyma.04G195200
Legume.fam3.03283,glyma.Wm82.gnm4.ann1.Glyma.11G131000.1,glyma.Wm82.gnm4.ann1.Glyma.12G055300.1,glyma.Wm82.gnm4.ann1.Glyma.15G032400.1,glyma.Wm82.gnm4.ann1.Glyma.13G341900.1,Glyma.11G131000,Glyma.12G055300,Glyma.15G032400,Glyma.13G341900
Legume.fam3.03288,glyma.Wm82.gnm4.ann1.Glyma.11G190000.1,glyma.Wm82.gnm4.ann1.Glyma.12G084300.2,glyma.Wm82.gnm4.ann1.Glyma.12G180700.1,glyma.Wm82.gnm4.ann1.Glyma.13G320100.1,Glyma.11G190000,Glyma.12G084300,Glyma.12G180700,Glyma.13G320100
Legume.fam3.03289,glyma.Wm82.gnm4.ann1.Glyma.05G220900.1,glyma.Wm82.gnm4.ann1.Glyma.08G027400.1,glyma.Wm82.gnm4.ann1.Glyma.07G130700.1,glyma.Wm82.gnm4.ann1.Glyma.01G001800.1,Glyma.05G220900,Glyma.08G027400,Glyma.07G130700,Glyma.01G001800
Legume.fam3.03290,glyma.Wm82.gnm4.ann1.Glyma.06G284000.2,glyma.Wm82.gnm4.ann1.Glyma.12G122100.2,glyma.Wm82.gnm4.ann1.Glyma.13G292200.2,glyma.Wm82.gnm4.ann1.Glyma.12G209100.1,Glyma.06G284000,Glyma.12G122100,Glyma.13G292200,Glyma.12G209100
Legume.fam3.03298,glyma.Wm82.gnm4.ann1.Glyma.11G074300.3,glyma.Wm82.gnm4.ann1.Glyma.01G169100.1,glyma.Wm82.gnm4.ann1.Glyma.02G050700.1,glyma.Wm82.gnm4.ann1.Glyma.16G131000.1,Glyma.11G074300,Glyma.01G169100,Glyma.02G050700,Glyma.16G131000
Legume.fam3.03299,glyma.Wm82.gnm4.ann1.Glyma.20G155100.1,glyma.Wm82.gnm4.ann1.Glyma.10G239400.1,glyma.Wm82.gnm4.ann1.Glyma.09G147200.1,glyma.Wm82.gnm4.ann1.Glyma.16G199000.1,Glyma.20G155100,Glyma.10G239400,Glyma.09G147200,Glyma.16G199000
Legume.fam3.03305,glyma.Wm82.gnm4.ann1.Glyma.15G033400.2,glyma.Wm82.gnm4.ann1.Glyma.13G341000.2,glyma.Wm82.gnm4.ann1.Glyma.12G056500.1,glyma.Wm82.gnm4.ann1.Glyma.11G132000.1,Glyma.15G033400,Glyma.13G341000,Glyma.12G056500,Glyma.11G132000
Legume.fam3.03307,glyma.Wm82.gnm4.ann1.Glyma.08G124400.1,glyma.Wm82.gnm4.ann1.Glyma.05G166400.1,glyma.Wm82.gnm4.ann1.Glyma.09G023600.1,glyma.Wm82.gnm4.ann1.Glyma.15G129700.1,Glyma.08G124400,Glyma.05G166400,Glyma.09G023600,Glyma.15G129700
Legume.fam3.03311,glyma.Wm82.gnm4.ann1.Glyma.18G211300.1,glyma.Wm82.gnm4.ann1.Glyma.09G277500.1,glyma.Wm82.gnm4.ann1.Glyma.01G131200.1,glyma.Wm82.gnm4.ann1.Glyma.03G037600.1,Glyma.18G211300,Glyma.09G277500,Glyma.01G131200,Glyma.03G037600
Legume.fam3.03312,glyma.Wm82.gnm4.ann1.Glyma.09G272800.1,glyma.Wm82.gnm4.ann1.Glyma.18G216300.1,glyma.Wm82.gnm4.ann1.Glyma.16G220600.1,glyma.Wm82.gnm4.ann1.Glyma.03G001700.3,Glyma.09G272800,Glyma.18G216300,Glyma.16G220600,Glyma.03G001700
Legume.fam3.03315,glyma.Wm82.gnm4.ann1.Glyma.15G012800.1,glyma.Wm82.gnm4.ann1.Glyma.13G361100.1,glyma.Wm82.gnm4.ann1.Glyma.07G034200.1,glyma.Wm82.gnm4.ann1.Glyma.08G207900.1,Glyma.15G012800,Glyma.13G361100,Glyma.07G034200,Glyma.08G207900
Legume.fam3.03317,glyma.Wm82.gnm4.ann1.Glyma.09G132200.1,glyma.Wm82.gnm4.ann1.Glyma.16G179100.1,glyma.Wm82.gnm4.ann1.Glyma.10G231200.1,glyma.Wm82.gnm4.ann1.Glyma.20G162600.2,Glyma.09G132200,Glyma.16G179100,Glyma.10G231200,Glyma.20G162600
Legume.fam3.03319,glyma.Wm82.gnm4.ann1.Glyma.02G073900.1,glyma.Wm82.gnm4.ann1.Glyma.16G155300.2,glyma.Wm82.gnm4.ann1.Glyma.20G180100.2,glyma.Wm82.gnm4.ann1.Glyma.10G210500.1,Glyma.02G073900,Glyma.16G155300,Glyma.20G180100,Glyma.10G210500
Legume.fam3.03331,glyma.Wm82.gnm4.ann1.Glyma.19G162600.1,glyma.Wm82.gnm4.ann1.Glyma.03G160900.1,glyma.Wm82.gnm4.ann1.Glyma.13G121000.1,glyma.Wm82.gnm4.ann1.Glyma.10G034700.1,Glyma.19G162600,Glyma.03G160900,Glyma.13G121000,Glyma.10G034700
Legume.fam3.03333,glyma.Wm82.gnm4.ann1.Glyma.13G131500.2,glyma.Wm82.gnm4.ann1.Glyma.10G043800.2,glyma.Wm82.gnm4.ann1.Glyma.03G172000.1,glyma.Wm82.gnm4.ann1.Glyma.19G172900.2,Glyma.13G131500,Glyma.10G043800,Glyma.03G172000,Glyma.19G172900
Legume.fam3.03335,glyma.Wm82.gnm4.ann1.Glyma.03G181100.2,glyma.Wm82.gnm4.ann1.Glyma.19G181800.1,glyma.Wm82.gnm4.ann1.Glyma.13G140200.1,glyma.Wm82.gnm4.ann1.Glyma.10G053200.1,Glyma.03G181100,Glyma.19G181800,Glyma.13G140200,Glyma.10G053200
Legume.fam3.03336,glyma.Wm82.gnm4.ann1.Glyma.10G054700.1,glyma.Wm82.gnm4.ann1.Glyma.13G141900.1,glyma.Wm82.gnm4.ann1.Glyma.03G183900.1,glyma.Wm82.gnm4.ann1.Glyma.19G184500.1,Glyma.10G054700,Glyma.13G141900,Glyma.03G183900,Glyma.19G184500
Legume.fam3.03340,glyma.Wm82.gnm4.ann1.Glyma.03G138200.9,glyma.Wm82.gnm4.ann1.Glyma.19G141200.1,glyma.Wm82.gnm4.ann1.Glyma.02G182400.1,glyma.Wm82.gnm4.ann1.Glyma.10G100800.1,Glyma.03G138200,Glyma.19G141200,Glyma.02G182400,Glyma.10G100800
Legume.fam3.03344,glyma.Wm82.gnm4.ann1.Glyma.19G106400.1,glyma.Wm82.gnm4.ann1.Glyma.16G045300.1,glyma.Wm82.gnm4.ann1.Glyma.16G149600.1,glyma.Wm82.gnm4.ann1.Glyma.02G068100.1,Glyma.19G106400,Glyma.16G045300,Glyma.16G149600,Glyma.02G068100
Legume.fam3.03352,glyma.Wm82.gnm4.ann1.Glyma.03G233300.1,glyma.Wm82.gnm4.ann1.Glyma.19G230200.1,glyma.Wm82.gnm4.ann1.Glyma.10G149600.1,glyma.Wm82.gnm4.ann1.Glyma.20G238700.1,Glyma.03G233300,Glyma.19G230200,Glyma.10G149600,Glyma.20G238700
Legume.fam3.03357,glyma.Wm82.gnm4.ann1.Glyma.01G152100.4,glyma.Wm82.gnm4.ann1.Glyma.09G217300.6,glyma.Wm82.gnm4.ann1.Glyma.16G076100.1,glyma.Wm82.gnm4.ann1.Glyma.16G107900.5,Glyma.01G152100,Glyma.09G217300,Glyma.16G076100,Glyma.16G107900
Legume.fam3.03366,glyma.Wm82.gnm4.ann1.Glyma.14G119100.2,glyma.Wm82.gnm4.ann1.Glyma.13G037100.1,glyma.Wm82.gnm4.ann1.Glyma.06G121300.1,glyma.Wm82.gnm4.ann1.Glyma.04G242100.3,Glyma.14G119100,Glyma.13G037100,Glyma.06G121300,Glyma.04G242100
Legume.fam3.03369,glyma.Wm82.gnm4.ann1.Glyma.14G150900.5,glyma.Wm82.gnm4.ann1.Glyma.13G078500.2,glyma.Wm82.gnm4.ann1.Glyma.04G249600.3,glyma.Wm82.gnm4.ann1.Glyma.06G113300.3,Glyma.14G150900,Glyma.13G078500,Glyma.04G249600,Glyma.06G113300
Legume.fam3.03371,glyma.Wm82.gnm4.ann1.Glyma.04G098500.1,glyma.Wm82.gnm4.ann1.Glyma.06G100100.1,glyma.Wm82.gnm4.ann1.Glyma.02G209600.1,glyma.Wm82.gnm4.ann1.Glyma.14G177700.1,Glyma.04G098500,Glyma.06G100100,Glyma.02G209600,Glyma.14G177700
Legume.fam3.03372,glyma.Wm82.gnm4.ann1.Glyma.02G212200.1,glyma.Wm82.gnm4.ann1.Glyma.14G179900.1,glyma.Wm82.gnm4.ann1.Glyma.04G092900.1,glyma.Wm82.gnm4.ann1.Glyma.06G094700.1,Glyma.02G212200,Glyma.14G179900,Glyma.04G092900,Glyma.06G094700
Legume.fam3.03377,glyma.Wm82.gnm4.ann1.Glyma.14G116100.1,glyma.Wm82.gnm4.ann1.Glyma.17G211600.3,glyma.Wm82.gnm4.ann1.Glyma.06G067500.1,glyma.Wm82.gnm4.ann1.Glyma.04G066100.1,Glyma.14G116100,Glyma.17G211600,Glyma.06G067500,Glyma.04G066100
Legume.fam3.03379,glyma.Wm82.gnm4.ann1.Glyma.04G064600.3,glyma.Wm82.gnm4.ann1.Glyma.06G065900.1,glyma.Wm82.gnm4.ann1.Glyma.14G113400.1,glyma.Wm82.gnm4.ann1.Glyma.17G213700.2,Glyma.04G064600,Glyma.06G065900,Glyma.14G113400,Glyma.17G213700
Legume.fam3.03380,glyma.Wm82.gnm4.ann1.Glyma.04G045900.2,glyma.Wm82.gnm4.ann1.Glyma.06G046700.5,glyma.Wm82.gnm4.ann1.Glyma.14G089015.1,glyma.Wm82.gnm4.ann1.Glyma.17G234900.3,Glyma.04G045900,Glyma.06G046700,Glyma.14G089015,Glyma.17G234900
Legume.fam3.03381,glyma.Wm82.gnm4.ann1.Glyma.06G042900.1,glyma.Wm82.gnm4.ann1.Glyma.04G042000.1,glyma.Wm82.gnm4.ann1.Glyma.14G086200.3,glyma.Wm82.gnm4.ann1.Glyma.17G238400.2,Glyma.06G042900,Glyma.04G042000,Glyma.14G086200,Glyma.17G238400
Legume.fam3.03382,glyma.Wm82.gnm4.ann1.Glyma.04G040700.1,glyma.Wm82.gnm4.ann1.Glyma.06G041700.1,glyma.Wm82.gnm4.ann1.Glyma.14G084500.1,glyma.Wm82.gnm4.ann1.Glyma.17G240400.1,Glyma.04G040700,Glyma.06G041700,Glyma.14G084500,Glyma.17G240400
Legume.fam3.03383,glyma.Wm82.gnm4.ann1.Glyma.04G039400.1,glyma.Wm82.gnm4.ann1.Glyma.06G040600.1,glyma.Wm82.gnm4.ann1.Glyma.14G083300.1,glyma.Wm82.gnm4.ann1.Glyma.17G241800.1,Glyma.04G039400,Glyma.06G040600,Glyma.14G083300,Glyma.17G241800
Legume.fam3.03390,glyma.Wm82.gnm4.ann1.Glyma.02G254200.3,glyma.Wm82.gnm4.ann1.Glyma.14G062200.1,glyma.Wm82.gnm4.ann1.Glyma.18G030300.2,glyma.Wm82.gnm4.ann1.Glyma.11G227200.3,Glyma.02G254200,Glyma.14G062200,Glyma.18G030300,Glyma.11G227200
Legume.fam3.03391,glyma.Wm82.gnm4.ann1.Glyma.09G139200.1,glyma.Wm82.gnm4.ann1.Glyma.16G189500.1,glyma.Wm82.gnm4.ann1.Glyma.20G158200.1,glyma.Wm82.gnm4.ann1.Glyma.10G236300.1,Glyma.09G139200,Glyma.16G189500,Glyma.20G158200,Glyma.10G236300
Legume.fam3.03399,glyma.Wm82.gnm4.ann1.Glyma.11G173700.1,glyma.Wm82.gnm4.ann1.Glyma.18G061700.1,glyma.Wm82.gnm4.ann1.Glyma.14G194600.1,glyma.Wm82.gnm4.ann1.Glyma.02G227700.12,Glyma.11G173700,Glyma.18G061700,Glyma.14G194600,Glyma.02G227700
Legume.fam3.03400,glyma.Wm82.gnm4.ann1.Glyma.11G016100.1,glyma.Wm82.gnm4.ann1.Glyma.01G226600.1,glyma.Wm82.gnm4.ann1.Glyma.12G022100.3,glyma.Wm82.gnm4.ann1.Glyma.11G096000.3,Glyma.11G016100,Glyma.01G226600,Glyma.12G022100,Glyma.11G096000
Legume.fam3.03403,glyma.Wm82.gnm4.ann1.Glyma.14G033400.1,glyma.Wm82.gnm4.ann1.Glyma.02G281200.1,glyma.Wm82.gnm4.ann1.Glyma.08G303000.1,glyma.Wm82.gnm4.ann1.Glyma.18G116700.1,Glyma.14G033400,Glyma.02G281200,Glyma.08G303000,Glyma.18G116700
Legume.fam3.03404,glyma.Wm82.gnm4.ann1.Glyma.18G116300.1,glyma.Wm82.gnm4.ann1.Glyma.08G303800.1,glyma.Wm82.gnm4.ann1.Glyma.14G032300.1,glyma.Wm82.gnm4.ann1.Glyma.02G282000.1,Glyma.18G116300,Glyma.08G303800,Glyma.14G032300,Glyma.02G282000
Legume.fam3.03407,glyma.Wm82.gnm4.ann1.Glyma.14G157400.1,glyma.Wm82.gnm4.ann1.Glyma.13G035600.1,glyma.Wm82.gnm4.ann1.Glyma.06G119102.1,glyma.Wm82.gnm4.ann1.Glyma.04G244200.2,Glyma.14G157400,Glyma.13G035600,Glyma.06G119102,Glyma.04G244200
Legume.fam3.03408,glyma.Wm82.gnm4.ann1.Glyma.13G034100.2,glyma.Wm82.gnm4.ann1.Glyma.14G155100.1,glyma.Wm82.gnm4.ann1.Glyma.04G245500.2,glyma.Wm82.gnm4.ann1.Glyma.06G117600.1,Glyma.13G034100,Glyma.14G155100,Glyma.04G245500,Glyma.06G117600
Legume.fam3.03412,glyma.Wm82.gnm4.ann1.Glyma.14G128800.1,glyma.Wm82.gnm4.ann1.Glyma.17G204900.1,glyma.Wm82.gnm4.ann1.Glyma.06G072900.2,glyma.Wm82.gnm4.ann1.Glyma.04G071600.1,Glyma.14G128800,Glyma.17G204900,Glyma.06G072900,Glyma.04G071600
Legume.fam3.03413,glyma.Wm82.gnm4.ann1.Glyma.11G092700.1,glyma.Wm82.gnm4.ann1.Glyma.12G019000.1,glyma.Wm82.gnm4.ann1.Glyma.01G229500.1,glyma.Wm82.gnm4.ann1.Glyma.11G012300.1,Glyma.11G092700,Glyma.12G019000,Glyma.01G229500,Glyma.11G012300
Legume.fam3.03414,glyma.Wm82.gnm4.ann1.Glyma.14G105800.1,glyma.Wm82.gnm4.ann1.Glyma.17G220600.1,glyma.Wm82.gnm4.ann1.Glyma.04G058200.1,glyma.Wm82.gnm4.ann1.Glyma.06G058900.1,Glyma.14G105800,Glyma.17G220600,Glyma.04G058200,Glyma.06G058900
Legume.fam3.03417,glyma.Wm82.gnm4.ann1.Glyma.11G162500.1,glyma.Wm82.gnm4.ann1.Glyma.18G055800.3,glyma.Wm82.gnm4.ann1.Glyma.02G233300.2,glyma.Wm82.gnm4.ann1.Glyma.14G201300.1,Glyma.11G162500,Glyma.18G055800,Glyma.02G233300,Glyma.14G201300
Legume.fam3.03418,glyma.Wm82.gnm4.ann1.Glyma.04G021200.1,glyma.Wm82.gnm4.ann1.Glyma.06G021400.1,glyma.Wm82.gnm4.ann1.Glyma.14G221800.1,glyma.Wm82.gnm4.ann1.Glyma.17G260700.3,Glyma.04G021200,Glyma.06G021400,Glyma.14G221800,Glyma.17G260700
Legume.fam3.03421,glyma.Wm82.gnm4.ann1.Glyma.09G018400.4,glyma.Wm82.gnm4.ann1.Glyma.15G124400.2,glyma.Wm82.gnm4.ann1.Glyma.17G003500.1,glyma.Wm82.gnm4.ann1.Glyma.07G270500.1,Glyma.09G018400,Glyma.15G124400,Glyma.17G003500,Glyma.07G270500
Legume.fam3.03424,glyma.Wm82.gnm4.ann1.Glyma.09G253700.1,glyma.Wm82.gnm4.ann1.Glyma.18G239200.1,glyma.Wm82.gnm4.ann1.Glyma.07G062500.1,glyma.Wm82.gnm4.ann1.Glyma.16G030600.1,Glyma.09G253700,Glyma.18G239200,Glyma.07G062500,Glyma.16G030600
Legume.fam3.03430,glyma.Wm82.gnm4.ann1.Glyma.13G246800.3,glyma.Wm82.gnm4.ann1.Glyma.15G067100.1,glyma.Wm82.gnm4.ann1.Glyma.08G059800.1,glyma.Wm82.gnm4.ann1.Glyma.07G189400.1,Glyma.13G246800,Glyma.15G067100,Glyma.08G059800,Glyma.07G189400
Legume.fam3.03431,glyma.Wm82.gnm4.ann1.Glyma.08G060500.1,glyma.Wm82.gnm4.ann1.Glyma.07G188800.1,glyma.Wm82.gnm4.ann1.Glyma.15G065200.1,glyma.Wm82.gnm4.ann1.Glyma.13G248800.1,Glyma.08G060500,Glyma.07G188800,Glyma.15G065200,Glyma.13G248800
Legume.fam3.03433,glyma.Wm82.gnm4.ann1.Glyma.07G192100.4,glyma.Wm82.gnm4.ann1.Glyma.13G184300.2,glyma.Wm82.gnm4.ann1.Glyma.13G244300.1,glyma.Wm82.gnm4.ann1.Glyma.15G069400.2,Glyma.07G192100,Glyma.13G184300,Glyma.13G244300,Glyma.15G069400
Legume.fam3.03435,glyma.Wm82.gnm4.ann1.Glyma.13G172900.1,glyma.Wm82.gnm4.ann1.Glyma.07G202700.3,glyma.Wm82.gnm4.ann1.Glyma.10G068900.9,glyma.Wm82.gnm4.ann1.Glyma.13G152236.1,Glyma.13G172900,Glyma.07G202700,Glyma.10G068900,Glyma.13G152236
Legume.fam3.03437,glyma.Wm82.gnm4.ann1.Glyma.08G097900.2,glyma.Wm82.gnm4.ann1.Glyma.05G142000.7,glyma.Wm82.gnm4.ann1.Glyma.15G092500.1,glyma.Wm82.gnm4.ann1.Glyma.13G219900.4,Glyma.08G097900,Glyma.05G142000,Glyma.15G092500,Glyma.13G219900
Legume.fam3.03441,glyma.Wm82.gnm4.ann1.Glyma.19G074900.3,glyma.Wm82.gnm4.ann1.Glyma.05G075800.1,glyma.Wm82.gnm4.ann1.Glyma.19G087800.5,glyma.Wm82.gnm4.ann1.Glyma.16G059700.1,Glyma.19G074900,Glyma.05G075800,Glyma.19G087800,Glyma.16G059700
Legume.fam3.03443,glyma.Wm82.gnm4.ann1.Glyma.19G198400.2,glyma.Wm82.gnm4.ann1.Glyma.03G200800.1,glyma.Wm82.gnm4.ann1.Glyma.02G198300.1,glyma.Wm82.gnm4.ann1.Glyma.10G078500.1,Glyma.19G198400,Glyma.03G200800,Glyma.02G198300,Glyma.10G078500
Legume.fam3.03448,glyma.Wm82.gnm4.ann1.Glyma.07G066800.1,glyma.Wm82.gnm4.ann1.Glyma.16G032900.1,glyma.Wm82.gnm4.ann1.Glyma.18G236800.1,glyma.Wm82.gnm4.ann1.Glyma.09G256000.1,Glyma.07G066800,Glyma.16G032900,Glyma.18G236800,Glyma.09G256000
Legume.fam3.03449,glyma.Wm82.gnm4.ann1.Glyma.12G239500.1,glyma.Wm82.gnm4.ann1.Glyma.09G003500.1,glyma.Wm82.gnm4.ann1.Glyma.08G152100.1,glyma.Wm82.gnm4.ann1.Glyma.15G271500.1,Glyma.12G239500,Glyma.09G003500,Glyma.08G152100,Glyma.15G271500
Legume.fam3.03451,glyma.Wm82.gnm4.ann1.Glyma.08G204700.1,glyma.Wm82.gnm4.ann1.Glyma.07G019500.1,glyma.Wm82.gnm4.ann1.Glyma.13G357100.1,glyma.Wm82.gnm4.ann1.Glyma.15G016500.1,Glyma.08G204700,Glyma.07G019500,Glyma.13G357100,Glyma.15G016500
Legume.fam3.03454,glyma.Wm82.gnm4.ann1.Glyma.08G222300.1,glyma.Wm82.gnm4.ann1.Glyma.07G004200.1,glyma.Wm82.gnm4.ann1.Glyma.13G372300.1,glyma.Wm82.gnm4.ann1.Glyma.15G001400.1,Glyma.08G222300,Glyma.07G004200,Glyma.13G372300,Glyma.15G001400
Legume.fam3.03455,glyma.Wm82.gnm4.ann1.Glyma.01G142300.1,glyma.Wm82.gnm4.ann1.Glyma.03G025500.2,glyma.Wm82.gnm4.ann1.Glyma.09G269800.1,glyma.Wm82.gnm4.ann1.Glyma.18G220400.1,Glyma.01G142300,Glyma.03G025500,Glyma.09G269800,Glyma.18G220400
Legume.fam3.03459,glyma.Wm82.gnm4.ann1.Glyma.18G187300.1,glyma.Wm82.gnm4.ann1.Glyma.07G136800.1,glyma.Wm82.gnm4.ann1.Glyma.01G102300.1,glyma.Wm82.gnm4.ann1.Glyma.03G067200.1,Glyma.18G187300,Glyma.07G136800,Glyma.01G102300,Glyma.03G067200
Legume.fam3.03467,glyma.Wm82.gnm4.ann1.Glyma.18G185600.1,glyma.Wm82.gnm4.ann1.Glyma.07G135700.1,glyma.Wm82.gnm4.ann1.Glyma.01G101100.1,glyma.Wm82.gnm4.ann1.Glyma.03G067800.1,Glyma.18G185600,Glyma.07G135700,Glyma.01G101100,Glyma.03G067800
Legume.fam3.03468,glyma.Wm82.gnm4.ann1.Glyma.04G173100.2,glyma.Wm82.gnm4.ann1.Glyma.06G191200.3,glyma.Wm82.gnm4.ann1.Glyma.17G098200.1,glyma.Wm82.gnm4.ann1.Glyma.05G028600.5,Glyma.04G173100,Glyma.06G191200,Glyma.17G098200,Glyma.05G028600
Legume.fam3.03469,glyma.Wm82.gnm4.ann1.Glyma.05G030700.3,glyma.Wm82.gnm4.ann1.Glyma.17G096100.1,glyma.Wm82.gnm4.ann1.Glyma.06G189900.1,glyma.Wm82.gnm4.ann1.Glyma.04G174800.2,Glyma.05G030700,Glyma.17G096100,Glyma.06G189900,Glyma.04G174800
Legume.fam3.03471,glyma.Wm82.gnm4.ann1.Glyma.04G202700.1,glyma.Wm82.gnm4.ann1.Glyma.06G162800.1,glyma.Wm82.gnm4.ann1.Glyma.05G199500.1,glyma.Wm82.gnm4.ann1.Glyma.08G007000.1,Glyma.04G202700,Glyma.06G162800,Glyma.05G199500,Glyma.08G007000
Legume.fam3.03474,glyma.Wm82.gnm4.ann1.Glyma.13G280000.1,glyma.Wm82.gnm4.ann1.Glyma.12G221400.1,glyma.Wm82.gnm4.ann1.Glyma.06G249100.1,glyma.Wm82.gnm4.ann1.Glyma.12G148900.1,Glyma.13G280000,Glyma.12G221400,Glyma.06G249100,Glyma.12G148900
Legume.fam3.03475,glyma.Wm82.gnm4.ann1.Glyma.06G146100.1,glyma.Wm82.gnm4.ann1.Glyma.04G219700.1,glyma.Wm82.gnm4.ann1.Glyma.05G183400.1,glyma.Wm82.gnm4.ann1.Glyma.08G141200.1,Glyma.06G146100,Glyma.04G219700,Glyma.05G183400,Glyma.08G141200
Legume.fam3.03476,glyma.Wm82.gnm4.ann1.Glyma.05G179700.1,glyma.Wm82.gnm4.ann1.Glyma.08G137300.1,glyma.Wm82.gnm4.ann1.Glyma.11G239600.1,glyma.Wm82.gnm4.ann1.Glyma.18G017800.1,Glyma.05G179700,Glyma.08G137300,Glyma.11G239600,Glyma.18G017800
Legume.fam3.03480,glyma.Wm82.gnm4.ann1.Glyma.05G011500.1,glyma.Wm82.gnm4.ann1.Glyma.17G119600.1,glyma.Wm82.gnm4.ann1.Glyma.06G213400.1,glyma.Wm82.gnm4.ann1.Glyma.04G151000.1,Glyma.05G011500,Glyma.17G119600,Glyma.06G213400,Glyma.04G151000
Legume.fam3.03485,glyma.Wm82.gnm4.ann1.Glyma.15G182800.2,glyma.Wm82.gnm4.ann1.Glyma.09G073700.3,glyma.Wm82.gnm4.ann1.Glyma.17G045400.5,glyma.Wm82.gnm4.ann1.Glyma.13G114600.5,Glyma.15G182800,Glyma.09G073700,Glyma.17G045400,Glyma.13G114600
Legume.fam3.03492,glyma.Wm82.gnm4.ann1.Glyma.13G214700.1,glyma.Wm82.gnm4.ann1.Glyma.15G098400.1,glyma.Wm82.gnm4.ann1.Glyma.17G022400.1,glyma.Wm82.gnm4.ann1.Glyma.07G252000.1,Glyma.13G214700,Glyma.15G098400,Glyma.17G022400,Glyma.07G252000
Legume.fam3.03495,glyma.Wm82.gnm4.ann1.Glyma.05G149700.1,glyma.Wm82.gnm4.ann1.Glyma.08G106400.1,glyma.Wm82.gnm4.ann1.Glyma.11G253200.1,glyma.Wm82.gnm4.ann1.Glyma.18G003800.2,Glyma.05G149700,Glyma.08G106400,Glyma.11G253200,Glyma.18G003800
Legume.fam3.03498,glyma.Wm82.gnm4.ann1.Glyma.13G298600.1,glyma.Wm82.gnm4.ann1.Glyma.12G203100.1,glyma.Wm82.gnm4.ann1.Glyma.12G110400.1,glyma.Wm82.gnm4.ann1.Glyma.06G295300.2,Glyma.13G298600,Glyma.12G203100,Glyma.12G110400,Glyma.06G295300
Legume.fam3.03506,glyma.Wm82.gnm4.ann1.Glyma.11G030200.1,glyma.Wm82.gnm4.ann1.Glyma.01G211500.1,glyma.Wm82.gnm4.ann1.Glyma.05G051700.1,glyma.Wm82.gnm4.ann1.Glyma.17G133800.3,Glyma.11G030200,Glyma.01G211500,Glyma.05G051700,Glyma.17G133800
Legume.fam3.03514,glyma.Wm82.gnm4.ann1.Glyma.02G019700.8,glyma.Wm82.gnm4.ann1.Glyma.01G043800.7,glyma.Wm82.gnm4.ann1.Glyma.08G297500.6,glyma.Wm82.gnm4.ann1.Glyma.18G124200.6,Glyma.02G019700,Glyma.01G043800,Glyma.08G297500,Glyma.18G124200
Legume.fam3.03515,glyma.Wm82.gnm4.ann1.Glyma.01G053600.6,glyma.Wm82.gnm4.ann1.Glyma.02G111900.2,glyma.Wm82.gnm4.ann1.Glyma.07G227600.1,glyma.Wm82.gnm4.ann1.Glyma.20G028400.3,Glyma.01G053600,Glyma.02G111900,Glyma.07G227600,Glyma.20G028400
Legume.fam3.03519,glyma.Wm82.gnm4.ann1.Glyma.01G091100.1,glyma.Wm82.gnm4.ann1.Glyma.02G130600.1,glyma.Wm82.gnm4.ann1.Glyma.10G205600.1,glyma.Wm82.gnm4.ann1.Glyma.20G184900.1,Glyma.01G091100,Glyma.02G130600,Glyma.10G205600,Glyma.20G184900
Legume.fam3.03529,glyma.Wm82.gnm4.ann1.Glyma.15G028300.1,glyma.Wm82.gnm4.ann1.Glyma.13G346000.1,glyma.Wm82.gnm4.ann1.Glyma.11G125700.1,glyma.Wm82.gnm4.ann1.Glyma.12G050300.2,Glyma.15G028300,Glyma.13G346000,Glyma.11G125700,Glyma.12G050300
Legume.fam3.03532,glyma.Wm82.gnm4.ann1.Glyma.01G035000.1,glyma.Wm82.gnm4.ann1.Glyma.02G031000.8,glyma.Wm82.gnm4.ann1.Glyma.08G290600.1,glyma.Wm82.gnm4.ann1.Glyma.18G133500.2,Glyma.01G035000,Glyma.02G031000,Glyma.08G290600,Glyma.18G133500
Legume.fam3.03533,glyma.Wm82.gnm4.ann1.Glyma.08G289200.1,glyma.Wm82.gnm4.ann1.Glyma.18G135300.1,glyma.Wm82.gnm4.ann1.Glyma.01G032200.1,glyma.Wm82.gnm4.ann1.Glyma.02G033200.1,Glyma.08G289200,Glyma.18G135300,Glyma.01G032200,Glyma.02G033200
Legume.fam3.03536,glyma.Wm82.gnm4.ann1.Glyma.01G158300.1,glyma.Wm82.gnm4.ann1.Glyma.11G086400.2,glyma.Wm82.gnm4.ann1.Glyma.09G197900.1,glyma.Wm82.gnm4.ann1.Glyma.16G111400.3,Glyma.01G158300,Glyma.11G086400,Glyma.09G197900,Glyma.16G111400
Legume.fam3.03541,glyma.Wm82.gnm4.ann1.Glyma.15G112700.1,glyma.Wm82.gnm4.ann1.Glyma.09G008400.1,glyma.Wm82.gnm4.ann1.Glyma.07G264200.1,glyma.Wm82.gnm4.ann1.Glyma.17G009800.1,Glyma.15G112700,Glyma.09G008400,Glyma.07G264200,Glyma.17G009800
Legume.fam3.03543,glyma.Wm82.gnm4.ann1.Glyma.08G133100.1,glyma.Wm82.gnm4.ann1.Glyma.05G175800.2,glyma.Wm82.gnm4.ann1.Glyma.11G242100.1,glyma.Wm82.gnm4.ann1.Glyma.18G015000.2,Glyma.08G133100,Glyma.05G175800,Glyma.11G242100,Glyma.18G015000
Legume.fam3.03544,glyma.Wm82.gnm4.ann1.Glyma.05G178900.9,glyma.Wm82.gnm4.ann1.Glyma.08G136400.2,glyma.Wm82.gnm4.ann1.Glyma.18G017600.1,glyma.Wm82.gnm4.ann1.Glyma.11G239800.2,Glyma.05G178900,Glyma.08G136400,Glyma.18G017600,Glyma.11G239800
Legume.fam3.03546,glyma.Wm82.gnm4.ann1.Glyma.05G025900.1,glyma.Wm82.gnm4.ann1.Glyma.17G101000.1,glyma.Wm82.gnm4.ann1.Glyma.06G194800.1,glyma.Wm82.gnm4.ann1.Glyma.04G168300.1,Glyma.05G025900,Glyma.17G101000,Glyma.06G194800,Glyma.04G168300
Legume.fam3.03547,glyma.Wm82.gnm4.ann1.Glyma.16G182400.1,glyma.Wm82.gnm4.ann1.Glyma.09G137000.1,glyma.Wm82.gnm4.ann1.Glyma.20G160200.1,glyma.Wm82.gnm4.ann1.Glyma.10G234100.1,Glyma.16G182400,Glyma.09G137000,Glyma.20G160200,Glyma.10G234100
Legume.fam3.03548,glyma.Wm82.gnm4.ann1.Glyma.13G164100.2,glyma.Wm82.gnm4.ann1.Glyma.17G106800.1,glyma.Wm82.gnm4.ann1.Glyma.15G198600.1,glyma.Wm82.gnm4.ann1.Glyma.09G091900.1,Glyma.13G164100,Glyma.17G106800,Glyma.15G198600,Glyma.09G091900
Legume.fam3.03550,glyma.Wm82.gnm4.ann1.Glyma.09G036000.3,glyma.Wm82.gnm4.ann1.Glyma.15G140900.1,glyma.Wm82.gnm4.ann1.Glyma.07G240300.1,glyma.Wm82.gnm4.ann1.Glyma.17G033100.1,Glyma.09G036000,Glyma.15G140900,Glyma.07G240300,Glyma.17G033100
Legume.fam3.03566,glyma.Wm82.gnm4.ann1.Glyma.01G223100.1,glyma.Wm82.gnm4.ann1.Glyma.11G020300.1,glyma.Wm82.gnm4.ann1.Glyma.05G212900.3,glyma.Wm82.gnm4.ann1.Glyma.08G019400.3,Glyma.01G223100,Glyma.11G020300,Glyma.05G212900,Glyma.08G019400
Legume.fam3.03572,glyma.Wm82.gnm4.ann1.Glyma.04G169000.1,glyma.Wm82.gnm4.ann1.Glyma.06G194300.1,glyma.Wm82.gnm4.ann1.Glyma.17G100400.1,glyma.Wm82.gnm4.ann1.Glyma.05G026500.1,Glyma.04G169000,Glyma.06G194300,Glyma.17G100400,Glyma.05G026500
Legume.fam3.03579,glyma.Wm82.gnm4.ann1.Glyma.07G223600.1,glyma.Wm82.gnm4.ann1.Glyma.20G023400.1,glyma.Wm82.gnm4.ann1.Glyma.09G021600.1,glyma.Wm82.gnm4.ann1.Glyma.15G127900.1,Glyma.07G223600,Glyma.20G023400,Glyma.09G021600,Glyma.15G127900
Legume.fam3.03593,glyma.Wm82.gnm4.ann1.Glyma.16G155400.1,glyma.Wm82.gnm4.ann1.Glyma.02G074000.1,glyma.Wm82.gnm4.ann1.Glyma.10G210800.1,glyma.Wm82.gnm4.ann1.Glyma.20G179800.2,Glyma.16G155400,Glyma.02G074000,Glyma.10G210800,Glyma.20G179800
Legume.fam3.03596,glyma.Wm82.gnm4.ann1.Glyma.10G236100.4,glyma.Wm82.gnm4.ann1.Glyma.20G158400.13,glyma.Wm82.gnm4.ann1.Glyma.16G189700.1,glyma.Wm82.gnm4.ann1.Glyma.09G139300.1,Glyma.10G236100,Glyma.20G158400,Glyma.16G189700,Glyma.09G139300
Legume.fam3.03599,glyma.Wm82.gnm4.ann1.Glyma.09G190200.2,glyma.Wm82.gnm4.ann1.Glyma.07G086700.3,glyma.Wm82.gnm4.ann1.Glyma.05G231300.1,glyma.Wm82.gnm4.ann1.Glyma.08G038800.1,Glyma.09G190200,Glyma.07G086700,Glyma.05G231300,Glyma.08G038800
Legume.fam3.03601,glyma.Wm82.gnm4.ann1.Glyma.10G022200.6,glyma.Wm82.gnm4.ann1.Glyma.02G152000.1,glyma.Wm82.gnm4.ann1.Glyma.19G205700.1,glyma.Wm82.gnm4.ann1.Glyma.03G208500.1,Glyma.10G022200,Glyma.02G152000,Glyma.19G205700,Glyma.03G208500
Legume.fam3.03603,glyma.Wm82.gnm4.ann1.Glyma.19G162000.1,glyma.Wm82.gnm4.ann1.Glyma.03G160000.2,glyma.Wm82.gnm4.ann1.Glyma.02G140200.3,glyma.Wm82.gnm4.ann1.Glyma.10G033900.2,Glyma.19G162000,Glyma.03G160000,Glyma.02G140200,Glyma.10G033900
Legume.fam3.03606,glyma.Wm82.gnm4.ann1.Glyma.10G047400.4,glyma.Wm82.gnm4.ann1.Glyma.13G135200.1,glyma.Wm82.gnm4.ann1.Glyma.03G176000.4,glyma.Wm82.gnm4.ann1.Glyma.19G176500.3,Glyma.10G047400,Glyma.13G135200,Glyma.03G176000,Glyma.19G176500
Legume.fam3.03607,glyma.Wm82.gnm4.ann1.Glyma.19G191600.1,glyma.Wm82.gnm4.ann1.Glyma.03G191000.2,glyma.Wm82.gnm4.ann1.Glyma.13G151100.1,glyma.Wm82.gnm4.ann1.Glyma.10G066000.2,Glyma.19G191600,Glyma.03G191000,Glyma.13G151100,Glyma.10G066000
Legume.fam3.03609,glyma.Wm82.gnm4.ann1.Glyma.19G198500.1,glyma.Wm82.gnm4.ann1.Glyma.03G200900.1,glyma.Wm82.gnm4.ann1.Glyma.02G198200.1,glyma.Wm82.gnm4.ann1.Glyma.10G078566.1,Glyma.19G198500,Glyma.03G200900,Glyma.02G198200,Glyma.10G078566
Legume.fam3.03610,glyma.Wm82.gnm4.ann1.Glyma.03G204400.3,glyma.Wm82.gnm4.ann1.Glyma.19G201800.3,glyma.Wm82.gnm4.ann1.Glyma.10G084500.1,glyma.Wm82.gnm4.ann1.Glyma.02G192300.1,Glyma.03G204400,Glyma.19G201800,Glyma.10G084500,Glyma.02G192300
Legume.fam3.03611,glyma.Wm82.gnm4.ann1.Glyma.03G207100.1,glyma.Wm82.gnm4.ann1.Glyma.19G204600.2,glyma.Wm82.gnm4.ann1.Glyma.09G104500.1,glyma.Wm82.gnm4.ann1.Glyma.02G169000.1,Glyma.03G207100,Glyma.19G204600,Glyma.09G104500,Glyma.02G169000
Legume.fam3.03613,glyma.Wm82.gnm4.ann1.Glyma.03G145900.1,glyma.Wm82.gnm4.ann1.Glyma.19G149100.1,glyma.Wm82.gnm4.ann1.Glyma.09G109600.1,glyma.Wm82.gnm4.ann1.Glyma.02G171200.2,Glyma.03G145900,Glyma.19G149100,Glyma.09G109600,Glyma.02G171200
Legume.fam3.03616,glyma.Wm82.gnm4.ann1.Glyma.16G041100.1,glyma.Wm82.gnm4.ann1.Glyma.19G112000.1,glyma.Wm82.gnm4.ann1.Glyma.02G072300.1,glyma.Wm82.gnm4.ann1.Glyma.16G153500.1,Glyma.16G041100,Glyma.19G112000,Glyma.02G072300,Glyma.16G153500
Legume.fam3.03620,glyma.Wm82.gnm4.ann1.Glyma.10G013900.1,glyma.Wm82.gnm4.ann1.Glyma.02G013300.1,glyma.Wm82.gnm4.ann1.Glyma.19G215500.1,glyma.Wm82.gnm4.ann1.Glyma.03G218700.1,Glyma.10G013900,Glyma.02G013300,Glyma.19G215500,Glyma.03G218700
Legume.fam3.03622,glyma.Wm82.gnm4.ann1.Glyma.02G010100.1,glyma.Wm82.gnm4.ann1.Glyma.10G010700.1,glyma.Wm82.gnm4.ann1.Glyma.19G218700.1,glyma.Wm82.gnm4.ann1.Glyma.03G221600.1,Glyma.02G010100,Glyma.10G010700,Glyma.19G218700,Glyma.03G221600
Legume.fam3.03629,glyma.Wm82.gnm4.ann1.Glyma.09G216200.1,glyma.Wm82.gnm4.ann1.Glyma.01G151200.1,glyma.Wm82.gnm4.ann1.Glyma.16G075500.2,glyma.Wm82.gnm4.ann1.Glyma.16G106900.1,Glyma.09G216200,Glyma.01G151200,Glyma.16G075500,Glyma.16G106900
Legume.fam3.03633,glyma.Wm82.gnm4.ann1.Glyma.14G216500.3,glyma.Wm82.gnm4.ann1.Glyma.17G255100.1,glyma.Wm82.gnm4.ann1.Glyma.06G027000.1,glyma.Wm82.gnm4.ann1.Glyma.04G027000.1,Glyma.14G216500,Glyma.17G255100,Glyma.06G027000,Glyma.04G027000
Legume.fam3.03637,glyma.Wm82.gnm4.ann1.Glyma.06G115600.2,glyma.Wm82.gnm4.ann1.Glyma.04G247200.2,glyma.Wm82.gnm4.ann1.Glyma.13G031300.1,glyma.Wm82.gnm4.ann1.Glyma.14G153000.1,Glyma.06G115600,Glyma.04G247200,Glyma.13G031300,Glyma.14G153000
Legume.fam3.03639,glyma.Wm82.gnm4.ann1.Glyma.13G079800.3,glyma.Wm82.gnm4.ann1.Glyma.14G150000.3,glyma.Wm82.gnm4.ann1.Glyma.06G113000.1,glyma.Wm82.gnm4.ann1.Glyma.04G249900.1,Glyma.13G079800,Glyma.14G150000,Glyma.06G113000,Glyma.04G249900
Legume.fam3.03641,glyma.Wm82.gnm4.ann1.Glyma.13G089200.2,glyma.Wm82.gnm4.ann1.Glyma.14G174200.2,glyma.Wm82.gnm4.ann1.Glyma.04G101500.1,glyma.Wm82.gnm4.ann1.Glyma.06G103200.3,Glyma.13G089200,Glyma.14G174200,Glyma.04G101500,Glyma.06G103200
Legume.fam3.03642,glyma.Wm82.gnm4.ann1.Glyma.06G101400.1,glyma.Wm82.gnm4.ann1.Glyma.04G099600.2,glyma.Wm82.gnm4.ann1.Glyma.14G177000.2,glyma.Wm82.gnm4.ann1.Glyma.02G208800.1,Glyma.06G101400,Glyma.04G099600,Glyma.14G177000,Glyma.02G208800
Legume.fam3.03645,glyma.Wm82.gnm4.ann1.Glyma.14G182100.1,glyma.Wm82.gnm4.ann1.Glyma.02G214700.2,glyma.Wm82.gnm4.ann1.Glyma.04G095500.1,glyma.Wm82.gnm4.ann1.Glyma.06G097200.2,Glyma.14G182100,Glyma.02G214700,Glyma.04G095500,Glyma.06G097200
Legume.fam3.03646,glyma.Wm82.gnm4.ann1.Glyma.14G132500.1,glyma.Wm82.gnm4.ann1.Glyma.17G201000.2,glyma.Wm82.gnm4.ann1.Glyma.04G074300.6,glyma.Wm82.gnm4.ann1.Glyma.06G075500.6,Glyma.14G132500,Glyma.17G201000,Glyma.04G074300,Glyma.06G075500
Legume.fam3.03650,glyma.Wm82.gnm4.ann1.Glyma.04G065300.1,glyma.Wm82.gnm4.ann1.Glyma.06G066500.1,glyma.Wm82.gnm4.ann1.Glyma.17G212400.1,glyma.Wm82.gnm4.ann1.Glyma.14G114000.1,Glyma.04G065300,Glyma.06G066500,Glyma.17G212400,Glyma.14G114000
Legume.fam3.03651,glyma.Wm82.gnm4.ann1.Glyma.04G062800.1,glyma.Wm82.gnm4.ann1.Glyma.06G063900.1,glyma.Wm82.gnm4.ann1.Glyma.17G216500.1,glyma.Wm82.gnm4.ann1.Glyma.14G111400.1,Glyma.04G062800,Glyma.06G063900,Glyma.17G216500,Glyma.14G111400
Legume.fam3.03654,glyma.Wm82.gnm4.ann1.Glyma.14G094700.1,glyma.Wm82.gnm4.ann1.Glyma.17G228800.1,glyma.Wm82.gnm4.ann1.Glyma.06G052100.1,glyma.Wm82.gnm4.ann1.Glyma.04G051200.1,Glyma.14G094700,Glyma.17G228800,Glyma.06G052100,Glyma.04G051200
Legume.fam3.03655,glyma.Wm82.gnm4.ann1.Glyma.17G230100.1,glyma.Wm82.gnm4.ann1.Glyma.14G093600.1,glyma.Wm82.gnm4.ann1.Glyma.04G050700.1,glyma.Wm82.gnm4.ann1.Glyma.06G051500.1,Glyma.17G230100,Glyma.14G093600,Glyma.04G050700,Glyma.06G051500
Legume.fam3.03656,glyma.Wm82.gnm4.ann1.Glyma.04G048600.1,glyma.Wm82.gnm4.ann1.Glyma.06G049700.1,glyma.Wm82.gnm4.ann1.Glyma.17G232240.1,glyma.Wm82.gnm4.ann1.Glyma.14G090600.1,Glyma.04G048600,Glyma.06G049700,Glyma.17G232240,Glyma.14G090600
Legume.fam3.03657,glyma.Wm82.gnm4.ann1.Glyma.06G049300.2,glyma.Wm82.gnm4.ann1.Glyma.04G048000.3,glyma.Wm82.gnm4.ann1.Glyma.14G089600.2,glyma.Wm82.gnm4.ann1.Glyma.17G232285.1,Glyma.06G049300,Glyma.04G048000,Glyma.14G089600,Glyma.17G232285
Legume.fam3.03671,glyma.Wm82.gnm4.ann1.Glyma.14G197700.2,glyma.Wm82.gnm4.ann1.Glyma.02G230600.1,glyma.Wm82.gnm4.ann1.Glyma.18G058200.3,glyma.Wm82.gnm4.ann1.Glyma.11G165000.3,Glyma.14G197700,Glyma.02G230600,Glyma.18G058200,Glyma.11G165000
Legume.fam3.03673,glyma.Wm82.gnm4.ann1.Glyma.18G116800.1,glyma.Wm82.gnm4.ann1.Glyma.08G302900.1,glyma.Wm82.gnm4.ann1.Glyma.14G033500.1,glyma.Wm82.gnm4.ann1.Glyma.02G281100.1,Glyma.18G116800,Glyma.08G302900,Glyma.14G033500,Glyma.02G281100
Legume.fam3.03674,glyma.Wm82.gnm4.ann1.Glyma.18G104400.1,glyma.Wm82.gnm4.ann1.Glyma.08G311200.1,glyma.Wm82.gnm4.ann1.Glyma.14G026400.1,glyma.Wm82.gnm4.ann1.Glyma.02G288500.2,Glyma.18G104400,Glyma.08G311200,Glyma.14G026400,Glyma.02G288500
Legume.fam3.03686,glyma.Wm82.gnm4.ann1.Glyma.14G072500.1,glyma.Wm82.gnm4.ann1.Glyma.17G252500.1,glyma.Wm82.gnm4.ann1.Glyma.06G030400.1,glyma.Wm82.gnm4.ann1.Glyma.04G030300.1,Glyma.14G072500,Glyma.17G252500,Glyma.06G030400,Glyma.04G030300
Legume.fam3.03690,glyma.Wm82.gnm4.ann1.Glyma.11G159900.1,glyma.Wm82.gnm4.ann1.Glyma.18G054100.1,glyma.Wm82.gnm4.ann1.Glyma.02G235700.1,glyma.Wm82.gnm4.ann1.Glyma.14G203700.1,Glyma.11G159900,Glyma.18G054100,Glyma.02G235700,Glyma.14G203700
Legume.fam3.03692,glyma.Wm82.gnm4.ann1.Glyma.04G024500.1,glyma.Wm82.gnm4.ann1.Glyma.06G024600.1,glyma.Wm82.gnm4.ann1.Glyma.17G258000.1,glyma.Wm82.gnm4.ann1.Glyma.14G219000.2,Glyma.04G024500,Glyma.06G024600,Glyma.17G258000,Glyma.14G219000
Legume.fam3.03698,glyma.Wm82.gnm4.ann1.Glyma.02G279900.1,glyma.Wm82.gnm4.ann1.Glyma.14G034900.2,glyma.Wm82.gnm4.ann1.Glyma.07G230700.1,glyma.Wm82.gnm4.ann1.Glyma.20G037600.1,Glyma.02G279900,Glyma.14G034900,Glyma.07G230700,Glyma.20G037600
Legume.fam3.03700,glyma.Wm82.gnm4.ann1.Glyma.15G124600.1,glyma.Wm82.gnm4.ann1.Glyma.09G018500.1,glyma.Wm82.gnm4.ann1.Glyma.07G270600.1,glyma.Wm82.gnm4.ann1.Glyma.17G003400.1,Glyma.15G124600,Glyma.09G018500,Glyma.07G270600,Glyma.17G003400
Legume.fam3.03703,glyma.Wm82.gnm4.ann1.Glyma.08G186400.1,glyma.Wm82.gnm4.ann1.Glyma.15G046400.16,glyma.Wm82.gnm4.ann1.Glyma.08G127700.3,glyma.Wm82.gnm4.ann1.Glyma.05G169400.3,Glyma.08G186400,Glyma.15G046400,Glyma.08G127700,Glyma.05G169400
Legume.fam3.03707,glyma.Wm82.gnm4.ann1.Glyma.15G064500.1,glyma.Wm82.gnm4.ann1.Glyma.13G249800.1,glyma.Wm82.gnm4.ann1.Glyma.08G061300.1,glyma.Wm82.gnm4.ann1.Glyma.07G188100.1,Glyma.15G064500,Glyma.13G249800,Glyma.08G061300,Glyma.07G188100
Legume.fam3.03710,glyma.Wm82.gnm4.ann1.Glyma.13G236700.1,glyma.Wm82.gnm4.ann1.Glyma.15G076900.3,glyma.Wm82.gnm4.ann1.Glyma.07G199500.1,glyma.Wm82.gnm4.ann1.Glyma.13G176900.1,Glyma.13G236700,Glyma.15G076900,Glyma.07G199500,Glyma.13G176900
Legume.fam3.03711,glyma.Wm82.gnm4.ann1.Glyma.13G171100.1,glyma.Wm82.gnm4.ann1.Glyma.07G205100.1,glyma.Wm82.gnm4.ann1.Glyma.15G081500.1,glyma.Wm82.gnm4.ann1.Glyma.13G231000.1,Glyma.13G171100,Glyma.07G205100,Glyma.15G081500,Glyma.13G231000
Legume.fam3.03713,glyma.Wm82.gnm4.ann1.Glyma.13G050300.1,glyma.Wm82.gnm4.ann1.Glyma.19G039000.1,glyma.Wm82.gnm4.ann1.Glyma.08G255200.1,glyma.Wm82.gnm4.ann1.Glyma.18G278100.1,Glyma.13G050300,Glyma.19G039000,Glyma.08G255200,Glyma.18G278100
Legume.fam3.03714,glyma.Wm82.gnm4.ann1.Glyma.09G237000.1,glyma.Wm82.gnm4.ann1.Glyma.18G260500.1,glyma.Wm82.gnm4.ann1.Glyma.19G023200.1,glyma.Wm82.gnm4.ann1.Glyma.13G062500.1,Glyma.09G237000,Glyma.18G260500,Glyma.19G023200,Glyma.13G062500
Legume.fam3.03721,glyma.Wm82.gnm4.ann1.Glyma.03G182900.2,glyma.Wm82.gnm4.ann1.Glyma.19G183500.2,glyma.Wm82.gnm4.ann1.Glyma.10G057000.1,glyma.Wm82.gnm4.ann1.Glyma.13G143500.1,Glyma.03G182900,Glyma.19G183500,Glyma.10G057000,Glyma.13G143500
Legume.fam3.03725,glyma.Wm82.gnm4.ann1.Glyma.09G257800.1,glyma.Wm82.gnm4.ann1.Glyma.18G234800.1,glyma.Wm82.gnm4.ann1.Glyma.16G035000.1,glyma.Wm82.gnm4.ann1.Glyma.07G069300.1,Glyma.09G257800,Glyma.18G234800,Glyma.16G035000,Glyma.07G069300
Legume.fam3.03730,glyma.Wm82.gnm4.ann1.Glyma.07G009800.2,glyma.Wm82.gnm4.ann1.Glyma.08G193000.2,glyma.Wm82.gnm4.ann1.Glyma.13G350000.3,glyma.Wm82.gnm4.ann1.Glyma.15G024300.1,Glyma.07G009800,Glyma.08G193000,Glyma.13G350000,Glyma.15G024300
Legume.fam3.03733,glyma.Wm82.gnm4.ann1.Glyma.07G081300.1,glyma.Wm82.gnm4.ann1.Glyma.03G019400.1,glyma.Wm82.gnm4.ann1.Glyma.09G266400.4,glyma.Wm82.gnm4.ann1.Glyma.18G224300.2,Glyma.07G081300,Glyma.03G019400,Glyma.09G266400,Glyma.18G224300
Legume.fam3.03734,glyma.Wm82.gnm4.ann1.Glyma.16G087700.1,glyma.Wm82.gnm4.ann1.Glyma.03G086400.1,glyma.Wm82.gnm4.ann1.Glyma.18G157300.1,glyma.Wm82.gnm4.ann1.Glyma.08G346500.1,Glyma.16G087700,Glyma.03G086400,Glyma.18G157300,Glyma.08G346500
Legume.fam3.03738,glyma.Wm82.gnm4.ann1.Glyma.09G253500.1,glyma.Wm82.gnm4.ann1.Glyma.18G239400.2,glyma.Wm82.gnm4.ann1.Glyma.16G030900.1,glyma.Wm82.gnm4.ann1.Glyma.07G062800.2,Glyma.09G253500,Glyma.18G239400,Glyma.16G030900,Glyma.07G062800
Legume.fam3.03742,glyma.Wm82.gnm4.ann1.Glyma.11G165291.1,glyma.Wm82.gnm4.ann1.Glyma.01G076200.1,glyma.Wm82.gnm4.ann1.Glyma.03G117800.1,glyma.Wm82.gnm4.ann1.Glyma.07G109200.1,Glyma.11G165291,Glyma.01G076200,Glyma.03G117800,Glyma.07G109200
Legume.fam3.03750,glyma.Wm82.gnm4.ann1.Glyma.04G168400.1,glyma.Wm82.gnm4.ann1.Glyma.06G194600.1,glyma.Wm82.gnm4.ann1.Glyma.05G026000.1,glyma.Wm82.gnm4.ann1.Glyma.17G100900.1,Glyma.04G168400,Glyma.06G194600,Glyma.05G026000,Glyma.17G100900
Legume.fam3.03751,glyma.Wm82.gnm4.ann1.Glyma.06G193000.1,glyma.Wm82.gnm4.ann1.Glyma.04G170600.1,glyma.Wm82.gnm4.ann1.Glyma.05G027400.1,glyma.Wm82.gnm4.ann1.Glyma.17G099100.1,Glyma.06G193000,Glyma.04G170600,Glyma.05G027400,Glyma.17G099100
Legume.fam3.03753,glyma.Wm82.gnm4.ann1.Glyma.13G274500.6,glyma.Wm82.gnm4.ann1.Glyma.12G226300.1,glyma.Wm82.gnm4.ann1.Glyma.12G162963.1,glyma.Wm82.gnm4.ann1.Glyma.06G238000.3,Glyma.13G274500,Glyma.12G226300,Glyma.12G162963,Glyma.06G238000
Legume.fam3.03760,glyma.Wm82.gnm4.ann1.Glyma.12G150300.3,glyma.Wm82.gnm4.ann1.Glyma.06G247200.1,glyma.Wm82.gnm4.ann1.Glyma.12G222100.1,glyma.Wm82.gnm4.ann1.Glyma.13G279400.1,Glyma.12G150300,Glyma.06G247200,Glyma.12G222100,Glyma.13G279400
Legume.fam3.03762,glyma.Wm82.gnm4.ann1.Glyma.08G145200.1,glyma.Wm82.gnm4.ann1.Glyma.05G186600.1,glyma.Wm82.gnm4.ann1.Glyma.04G217500.1,glyma.Wm82.gnm4.ann1.Glyma.06G148300.1,Glyma.08G145200,Glyma.05G186600,Glyma.04G217500,Glyma.06G148300
Legume.fam3.03768,glyma.Wm82.gnm4.ann1.Glyma.11G251700.1,glyma.Wm82.gnm4.ann1.Glyma.18G005300.3,glyma.Wm82.gnm4.ann1.Glyma.08G105100.1,glyma.Wm82.gnm4.ann1.Glyma.05G148200.1,Glyma.11G251700,Glyma.18G005300,Glyma.08G105100,Glyma.05G148200
Legume.fam3.03769,glyma.Wm82.gnm4.ann1.Glyma.11G252300.1,glyma.Wm82.gnm4.ann1.Glyma.18G004700.4,glyma.Wm82.gnm4.ann1.Glyma.08G105500.1,glyma.Wm82.gnm4.ann1.Glyma.05G148800.1,Glyma.11G252300,Glyma.18G004700,Glyma.08G105500,Glyma.05G148800
Legume.fam3.03774,glyma.Wm82.gnm4.ann1.Glyma.04G154100.1,glyma.Wm82.gnm4.ann1.Glyma.06G225700.1,glyma.Wm82.gnm4.ann1.Glyma.02G205500.2,glyma.Wm82.gnm4.ann1.Glyma.17G072500.1,Glyma.04G154100,Glyma.06G225700,Glyma.02G205500,Glyma.17G072500
Legume.fam3.03775,glyma.Wm82.gnm4.ann1.Glyma.06G225100.1,glyma.Wm82.gnm4.ann1.Glyma.04G155000.17,glyma.Wm82.gnm4.ann1.Glyma.02G206000.1,glyma.Wm82.gnm4.ann1.Glyma.17G072000.3,Glyma.06G225100,Glyma.04G155000,Glyma.02G206000,Glyma.17G072000
Legume.fam3.03776,glyma.Wm82.gnm4.ann1.Glyma.15G163500.1,glyma.Wm82.gnm4.ann1.Glyma.09G057100.1,glyma.Wm82.gnm4.ann1.Glyma.17G061400.1,glyma.Wm82.gnm4.ann1.Glyma.13G098400.1,Glyma.15G163500,Glyma.09G057100,Glyma.17G061400,Glyma.13G098400
Legume.fam3.03784,glyma.Wm82.gnm4.ann1.Glyma.17G031600.1,glyma.Wm82.gnm4.ann1.Glyma.07G242600.1,glyma.Wm82.gnm4.ann1.Glyma.15G144000.1,glyma.Wm82.gnm4.ann1.Glyma.09G038900.1,Glyma.17G031600,Glyma.07G242600,Glyma.15G144000,Glyma.09G038900
Legume.fam3.03786,glyma.Wm82.gnm4.ann1.Glyma.12G210000.1,glyma.Wm82.gnm4.ann1.Glyma.13G291300.1,glyma.Wm82.gnm4.ann1.Glyma.06G283200.5,glyma.Wm82.gnm4.ann1.Glyma.12G122900.1,Glyma.12G210000,Glyma.13G291300,Glyma.06G283200,Glyma.12G122900
Legume.fam3.03790,glyma.Wm82.gnm4.ann1.Glyma.20G088900.1,glyma.Wm82.gnm4.ann1.Glyma.10G007200.1,glyma.Wm82.gnm4.ann1.Glyma.20G203400.1,glyma.Wm82.gnm4.ann1.Glyma.10G187100.1,Glyma.20G088900,Glyma.10G007200,Glyma.20G203400,Glyma.10G187100
Legume.fam3.03794,glyma.Wm82.gnm4.ann1.Glyma.17G020500.1,glyma.Wm82.gnm4.ann1.Glyma.07G253800.21,glyma.Wm82.gnm4.ann1.Glyma.13G212200.2,glyma.Wm82.gnm4.ann1.Glyma.15G100500.2,Glyma.17G020500,Glyma.07G253800,Glyma.13G212200,Glyma.15G100500
Legume.fam3.03796,glyma.Wm82.gnm4.ann1.Glyma.18G004300.1,glyma.Wm82.gnm4.ann1.Glyma.11G252600.5,glyma.Wm82.gnm4.ann1.Glyma.08G105700.1,glyma.Wm82.gnm4.ann1.Glyma.05G149100.1,Glyma.18G004300,Glyma.11G252600,Glyma.08G105700,Glyma.05G149100
Legume.fam3.03799,glyma.Wm82.gnm4.ann1.Glyma.09G198000.3,glyma.Wm82.gnm4.ann1.Glyma.16G116100.1,glyma.Wm82.gnm4.ann1.Glyma.11G086000.4,glyma.Wm82.gnm4.ann1.Glyma.01G158600.1,Glyma.09G198000,Glyma.16G116100,Glyma.11G086000,Glyma.01G158600
Legume.fam3.03804,glyma.Wm82.gnm4.ann1.Glyma.11G056500.1,glyma.Wm82.gnm4.ann1.Glyma.01G185600.1,glyma.Wm82.gnm4.ann1.Glyma.17G175400.1,glyma.Wm82.gnm4.ann1.Glyma.05G085200.1,Glyma.11G056500,Glyma.01G185600,Glyma.17G175400,Glyma.05G085200
Legume.fam3.03805,glyma.Wm82.gnm4.ann1.Glyma.01G188600.1,glyma.Wm82.gnm4.ann1.Glyma.11G053600.1,glyma.Wm82.gnm4.ann1.Glyma.05G092800.1,glyma.Wm82.gnm4.ann1.Glyma.17G169800.1,Glyma.01G188600,Glyma.11G053600,Glyma.05G092800,Glyma.17G169800
Legume.fam3.03808,glyma.Wm82.gnm4.ann1.Glyma.17G155600.1,glyma.Wm82.gnm4.ann1.Glyma.05G111400.2,glyma.Wm82.gnm4.ann1.Glyma.11G043200.2,glyma.Wm82.gnm4.ann1.Glyma.01G198700.1,Glyma.17G155600,Glyma.05G111400,Glyma.11G043200,Glyma.01G198700
Legume.fam3.03817,glyma.Wm82.gnm4.ann1.Glyma.13G308700.1,glyma.Wm82.gnm4.ann1.Glyma.12G193800.1,glyma.Wm82.gnm4.ann1.Glyma.06G305700.1,glyma.Wm82.gnm4.ann1.Glyma.12G098900.1,Glyma.13G308700,Glyma.12G193800,Glyma.06G305700,Glyma.12G098900
Legume.fam3.03819,glyma.Wm82.gnm4.ann1.Glyma.02G033500.3,glyma.Wm82.gnm4.ann1.Glyma.01G031900.7,glyma.Wm82.gnm4.ann1.Glyma.08G288600.3,glyma.Wm82.gnm4.ann1.Glyma.18G136200.4,Glyma.02G033500,Glyma.01G031900,Glyma.08G288600,Glyma.18G136200
Legume.fam3.03822,glyma.Wm82.gnm4.ann1.Glyma.18G128600.1,glyma.Wm82.gnm4.ann1.Glyma.08G294300.1,glyma.Wm82.gnm4.ann1.Glyma.02G025000.1,glyma.Wm82.gnm4.ann1.Glyma.01G039800.1,Glyma.18G128600,Glyma.08G294300,Glyma.02G025000,Glyma.01G039800
Legume.fam3.03831,glyma.Wm82.gnm4.ann1.Glyma.15G042200.1,glyma.Wm82.gnm4.ann1.Glyma.13G332001.1,glyma.Wm82.gnm4.ann1.Glyma.12G075300.1,glyma.Wm82.gnm4.ann1.Glyma.11G144500.1,Glyma.15G042200,Glyma.13G332001,Glyma.12G075300,Glyma.11G144500
Legume.fam3.03833,glyma.Wm82.gnm4.ann1.Glyma.10G230700.1,glyma.Wm82.gnm4.ann1.Glyma.20G162800.2,glyma.Wm82.gnm4.ann1.Glyma.16G178700.1,glyma.Wm82.gnm4.ann1.Glyma.09G131400.5,Glyma.10G230700,Glyma.20G162800,Glyma.16G178700,Glyma.09G131400
Legume.fam3.03835,glyma.Wm82.gnm4.ann1.Glyma.01G088200.1,glyma.Wm82.gnm4.ann1.Glyma.02G100200.1,glyma.Wm82.gnm4.ann1.Glyma.20G185800.1,glyma.Wm82.gnm4.ann1.Glyma.10G204700.1,Glyma.01G088200,Glyma.02G100200,Glyma.20G185800,Glyma.10G204700
Legume.fam3.03837,glyma.Wm82.gnm4.ann1.Glyma.20G028000.1,glyma.Wm82.gnm4.ann1.Glyma.07G227200.3,glyma.Wm82.gnm4.ann1.Glyma.01G053800.1,glyma.Wm82.gnm4.ann1.Glyma.02G112100.1,Glyma.20G028000,Glyma.07G227200,Glyma.01G053800,Glyma.02G112100
Legume.fam3.03840,glyma.Wm82.gnm4.ann1.Glyma.08G288500.1,glyma.Wm82.gnm4.ann1.Glyma.18G136500.1,glyma.Wm82.gnm4.ann1.Glyma.01G031800.1,glyma.Wm82.gnm4.ann1.Glyma.02G033600.2,Glyma.08G288500,Glyma.18G136500,Glyma.01G031800,Glyma.02G033600
Legume.fam3.03841,glyma.Wm82.gnm4.ann1.Glyma.08G288000.1,glyma.Wm82.gnm4.ann1.Glyma.18G137300.1,glyma.Wm82.gnm4.ann1.Glyma.02G034000.1,glyma.Wm82.gnm4.ann1.Glyma.01G031500.1,Glyma.08G288000,Glyma.18G137300,Glyma.02G034000,Glyma.01G031500
Legume.fam3.03850,glyma.Wm82.gnm4.ann1.Glyma.13G207300.1,glyma.Wm82.gnm4.ann1.Glyma.15G105300.1,glyma.Wm82.gnm4.ann1.Glyma.17G016100.1,glyma.Wm82.gnm4.ann1.Glyma.07G257900.1,Glyma.13G207300,Glyma.15G105300,Glyma.17G016100,Glyma.07G257900
Legume.fam3.03854,glyma.Wm82.gnm4.ann1.Glyma.05G183100.1,glyma.Wm82.gnm4.ann1.Glyma.08G140900.1,glyma.Wm82.gnm4.ann1.Glyma.06G145700.1,glyma.Wm82.gnm4.ann1.Glyma.04G220200.4,Glyma.05G183100,Glyma.08G140900,Glyma.06G145700,Glyma.04G220200
Legume.fam3.03856,glyma.Wm82.gnm4.ann1.Glyma.06G167700.1,glyma.Wm82.gnm4.ann1.Glyma.04G197900.1,glyma.Wm82.gnm4.ann1.Glyma.05G203100.1,glyma.Wm82.gnm4.ann1.Glyma.08G010600.1,Glyma.06G167700,Glyma.04G197900,Glyma.05G203100,Glyma.08G010600
Legume.fam3.03858,glyma.Wm82.gnm4.ann1.Glyma.06G181900.1,glyma.Wm82.gnm4.ann1.Glyma.04G184000.6,glyma.Wm82.gnm4.ann1.Glyma.17G088800.1,glyma.Wm82.gnm4.ann1.Glyma.05G038300.1,Glyma.06G181900,Glyma.04G184000,Glyma.17G088800,Glyma.05G038300
Legume.fam3.03859,glyma.Wm82.gnm4.ann1.Glyma.06G183300.1,glyma.Wm82.gnm4.ann1.Glyma.04G182100.2,glyma.Wm82.gnm4.ann1.Glyma.17G090200.1,glyma.Wm82.gnm4.ann1.Glyma.05G037000.1,Glyma.06G183300,Glyma.04G182100,Glyma.17G090200,Glyma.05G037000
Legume.fam3.03860,glyma.Wm82.gnm4.ann1.Glyma.06G190000.1,glyma.Wm82.gnm4.ann1.Glyma.04G174700.1,glyma.Wm82.gnm4.ann1.Glyma.17G096500.1,glyma.Wm82.gnm4.ann1.Glyma.05G030100.1,Glyma.06G190000,Glyma.04G174700,Glyma.17G096500,Glyma.05G030100
Legume.fam3.03861,glyma.Wm82.gnm4.ann1.Glyma.17G059600.4,glyma.Wm82.gnm4.ann1.Glyma.13G100300.1,glyma.Wm82.gnm4.ann1.Glyma.15G165700.1,glyma.Wm82.gnm4.ann1.Glyma.09G059400.1,Glyma.17G059600,Glyma.13G100300,Glyma.15G165700,Glyma.09G059400
Legume.fam3.03862,glyma.Wm82.gnm4.ann1.Glyma.17G059400.1,glyma.Wm82.gnm4.ann1.Glyma.13G100500.4,glyma.Wm82.gnm4.ann1.Glyma.09G059700.1,glyma.Wm82.gnm4.ann1.Glyma.15G166200.1,Glyma.17G059400,Glyma.13G100500,Glyma.09G059700,Glyma.15G166200
Legume.fam3.03871,glyma.Wm82.gnm4.ann1.Glyma.18G253800.2,glyma.Wm82.gnm4.ann1.Glyma.09G241800.4,glyma.Wm82.gnm4.ann1.Glyma.03G114300.1,glyma.Wm82.gnm4.ann1.Glyma.07G112400.1,Glyma.18G253800,Glyma.09G241800,Glyma.03G114300,Glyma.07G112400
Legume.fam3.03874,glyma.Wm82.gnm4.ann1.Glyma.13G244200.1,glyma.Wm82.gnm4.ann1.Glyma.15G069500.2,glyma.Wm82.gnm4.ann1.Glyma.13G184200.5,glyma.Wm82.gnm4.ann1.Glyma.07G192200.1,Glyma.13G244200,Glyma.15G069500,Glyma.13G184200,Glyma.07G192200
Legume.fam3.03876,glyma.Wm82.gnm4.ann1.Glyma.18G119300.1,glyma.Wm82.gnm4.ann1.Glyma.08G301100.1,glyma.Wm82.gnm4.ann1.Glyma.02G107000.1,glyma.Wm82.gnm4.ann1.Glyma.01G046800.1,Glyma.18G119300,Glyma.08G301100,Glyma.02G107000,Glyma.01G046800
Legume.fam3.03878,glyma.Wm82.gnm4.ann1.Glyma.05G147200.1,glyma.Wm82.gnm4.ann1.Glyma.08G104200.2,glyma.Wm82.gnm4.ann1.Glyma.11G250500.1,glyma.Wm82.gnm4.ann1.Glyma.18G006700.1,Glyma.05G147200,Glyma.08G104200,Glyma.11G250500,Glyma.18G006700
Legume.fam3.03889,glyma.Wm82.gnm4.ann1.Glyma.15G126600.1,glyma.Wm82.gnm4.ann1.Glyma.09G020100.1,glyma.Wm82.gnm4.ann1.Glyma.20G022800.6,glyma.Wm82.gnm4.ann1.Glyma.07G223400.1,Glyma.15G126600,Glyma.09G020100,Glyma.20G022800,Glyma.07G223400
Legume.fam3.03890,glyma.Wm82.gnm4.ann1.Glyma.15G217300.1,glyma.Wm82.gnm4.ann1.Glyma.08G232900.1,glyma.Wm82.gnm4.ann1.Glyma.08G162500.1,glyma.Wm82.gnm4.ann1.Glyma.15G265200.1,Glyma.15G217300,Glyma.08G232900,Glyma.08G162500,Glyma.15G265200
Legume.fam3.03897,glyma.Wm82.gnm4.ann1.Glyma.13G191900.1,glyma.Wm82.gnm4.ann1.Glyma.15G229400.1,glyma.Wm82.gnm4.ann1.Glyma.11G158200.2,glyma.Wm82.gnm4.ann1.Glyma.04G133400.1,Glyma.13G191900,Glyma.15G229400,Glyma.11G158200,Glyma.04G133400
Legume.fam3.03902,glyma.Wm82.gnm4.ann1.Glyma.20G176800.1,glyma.Wm82.gnm4.ann1.Glyma.10G215000.3,glyma.Wm82.gnm4.ann1.Glyma.02G074800.1,glyma.Wm82.gnm4.ann1.Glyma.16G156700.1,Glyma.20G176800,Glyma.10G215000,Glyma.02G074800,Glyma.16G156700
Legume.fam3.03905,glyma.Wm82.gnm4.ann1.Glyma.07G084300.1,glyma.Wm82.gnm4.ann1.Glyma.09G192600.1,glyma.Wm82.gnm4.ann1.Glyma.05G229800.3,glyma.Wm82.gnm4.ann1.Glyma.08G037300.2,Glyma.07G084300,Glyma.09G192600,Glyma.05G229800,Glyma.08G037300
Legume.fam3.03908,glyma.Wm82.gnm4.ann1.Glyma.03G148800.1,glyma.Wm82.gnm4.ann1.Glyma.19G152100.2,glyma.Wm82.gnm4.ann1.Glyma.10G023300.1,glyma.Wm82.gnm4.ann1.Glyma.02G150700.1,Glyma.03G148800,Glyma.19G152100,Glyma.10G023300,Glyma.02G150700
Legume.fam3.03915,glyma.Wm82.gnm4.ann1.Glyma.19G180200.1,glyma.Wm82.gnm4.ann1.Glyma.03G179500.1,glyma.Wm82.gnm4.ann1.Glyma.13G138900.1,glyma.Wm82.gnm4.ann1.Glyma.10G051400.2,Glyma.19G180200,Glyma.03G179500,Glyma.13G138900,Glyma.10G051400
Legume.fam3.03916,glyma.Wm82.gnm4.ann1.Glyma.20G134100.1,glyma.Wm82.gnm4.ann1.Glyma.10G257100.1,glyma.Wm82.gnm4.ann1.Glyma.11G001800.1,glyma.Wm82.gnm4.ann1.Glyma.01G242500.1,Glyma.20G134100,Glyma.10G257100,Glyma.11G001800,Glyma.01G242500
Legume.fam3.03921,glyma.Wm82.gnm4.ann1.Glyma.10G073700.1,glyma.Wm82.gnm4.ann1.Glyma.13G154400.1,glyma.Wm82.gnm4.ann1.Glyma.19G194964.1,glyma.Wm82.gnm4.ann1.Glyma.03G196600.1,Glyma.10G073700,Glyma.13G154400,Glyma.19G194964,Glyma.03G196600
Legume.fam3.03924,glyma.Wm82.gnm4.ann1.Glyma.19G146000.1,glyma.Wm82.gnm4.ann1.Glyma.03G143100.1,glyma.Wm82.gnm4.ann1.Glyma.02G177500.1,glyma.Wm82.gnm4.ann1.Glyma.09G113800.1,Glyma.19G146000,Glyma.03G143100,Glyma.02G177500,Glyma.09G113800
Legume.fam3.03930,glyma.Wm82.gnm4.ann1.Glyma.16G152500.2,glyma.Wm82.gnm4.ann1.Glyma.02G071300.1,glyma.Wm82.gnm4.ann1.Glyma.19G109500.9,glyma.Wm82.gnm4.ann1.Glyma.16G042600.1,Glyma.16G152500,Glyma.02G071300,Glyma.19G109500,Glyma.16G042600
Legume.fam3.03931,glyma.Wm82.gnm4.ann1.Glyma.02G070000.1,glyma.Wm82.gnm4.ann1.Glyma.16G151500.1,glyma.Wm82.gnm4.ann1.Glyma.19G108800.1,glyma.Wm82.gnm4.ann1.Glyma.16G043200.1,Glyma.02G070000,Glyma.16G151500,Glyma.19G108800,Glyma.16G043200
Legume.fam3.03942,glyma.Wm82.gnm4.ann1.Glyma.04G161000.1,glyma.Wm82.gnm4.ann1.Glyma.06G204400.1,glyma.Wm82.gnm4.ann1.Glyma.05G019800.9,glyma.Wm82.gnm4.ann1.Glyma.17G080000.1,Glyma.04G161000,Glyma.06G204400,Glyma.05G019800,Glyma.17G080000
Legume.fam3.03945,glyma.Wm82.gnm4.ann1.Glyma.07G209500.1,glyma.Wm82.gnm4.ann1.Glyma.02G135400.1,glyma.Wm82.gnm4.ann1.Glyma.07G178500.1,glyma.Wm82.gnm4.ann1.Glyma.20G009800.1,Glyma.07G209500,Glyma.02G135400,Glyma.07G178500,Glyma.20G009800
Legume.fam3.03951,glyma.Wm82.gnm4.ann1.Glyma.04G091900.1,glyma.Wm82.gnm4.ann1.Glyma.06G093700.2,glyma.Wm82.gnm4.ann1.Glyma.14G180800.1,glyma.Wm82.gnm4.ann1.Glyma.02G213200.1,Glyma.04G091900,Glyma.06G093700,Glyma.14G180800,Glyma.02G213200
Legume.fam3.03956,glyma.Wm82.gnm4.ann1.Glyma.06G051800.1,glyma.Wm82.gnm4.ann1.Glyma.04G050900.1,glyma.Wm82.gnm4.ann1.Glyma.14G093700.1,glyma.Wm82.gnm4.ann1.Glyma.17G229900.1,Glyma.06G051800,Glyma.04G050900,Glyma.14G093700,Glyma.17G229900
Legume.fam3.03959,glyma.Wm82.gnm4.ann1.Glyma.04G045800.2,glyma.Wm82.gnm4.ann1.Glyma.06G046600.1,glyma.Wm82.gnm4.ann1.Glyma.14G089012.1,glyma.Wm82.gnm4.ann1.Glyma.17G235000.5,Glyma.04G045800,Glyma.06G046600,Glyma.14G089012,Glyma.17G235000
Legume.fam3.03964,glyma.Wm82.gnm4.ann1.Glyma.14G188400.1,glyma.Wm82.gnm4.ann1.Glyma.02G220900.1,glyma.Wm82.gnm4.ann1.Glyma.04G225800.2,glyma.Wm82.gnm4.ann1.Glyma.06G139000.1,Glyma.14G188400,Glyma.02G220900,Glyma.04G225800,Glyma.06G139000
Legume.fam3.03965,glyma.Wm82.gnm4.ann1.Glyma.11G231300.1,glyma.Wm82.gnm4.ann1.Glyma.18G025800.1,glyma.Wm82.gnm4.ann1.Glyma.14G058200.1,glyma.Wm82.gnm4.ann1.Glyma.02G258300.1,Glyma.11G231300,Glyma.18G025800,Glyma.14G058200,Glyma.02G258300
Legume.fam3.03967,glyma.Wm82.gnm4.ann1.Glyma.02G250700.1,glyma.Wm82.gnm4.ann1.Glyma.14G066000.1,glyma.Wm82.gnm4.ann1.Glyma.18G034600.1,glyma.Wm82.gnm4.ann1.Glyma.11G223000.1,Glyma.02G250700,Glyma.14G066000,Glyma.18G034600,Glyma.11G223000
Legume.fam3.03968,glyma.Wm82.gnm4.ann1.Glyma.18G039400.1,glyma.Wm82.gnm4.ann1.Glyma.11G217400.1,glyma.Wm82.gnm4.ann1.Glyma.14G216100.1,glyma.Wm82.gnm4.ann1.Glyma.02G246000.1,Glyma.18G039400,Glyma.11G217400,Glyma.14G216100,Glyma.02G246000
Legume.fam3.03971,glyma.Wm82.gnm4.ann1.Glyma.02G234900.1,glyma.Wm82.gnm4.ann1.Glyma.14G202800.1,glyma.Wm82.gnm4.ann1.Glyma.11G161000.1,glyma.Wm82.gnm4.ann1.Glyma.18G054800.1,Glyma.02G234900,Glyma.14G202800,Glyma.11G161000,Glyma.18G054800
Legume.fam3.03975,glyma.Wm82.gnm4.ann1.Glyma.07G230400.5,glyma.Wm82.gnm4.ann1.Glyma.20G037100.3,glyma.Wm82.gnm4.ann1.Glyma.02G280000.1,glyma.Wm82.gnm4.ann1.Glyma.14G034800.1,Glyma.07G230400,Glyma.20G037100,Glyma.02G280000,Glyma.14G034800
Legume.fam3.03976,glyma.Wm82.gnm4.ann1.Glyma.08G303900.3,glyma.Wm82.gnm4.ann1.Glyma.18G115700.1,glyma.Wm82.gnm4.ann1.Glyma.02G282100.1,glyma.Wm82.gnm4.ann1.Glyma.14G032200.1,Glyma.08G303900,Glyma.18G115700,Glyma.02G282100,Glyma.14G032200
Legume.fam3.03979,glyma.Wm82.gnm4.ann1.Glyma.14G187200.1,glyma.Wm82.gnm4.ann1.Glyma.02G220600.5,glyma.Wm82.gnm4.ann1.Glyma.04G225400.1,glyma.Wm82.gnm4.ann1.Glyma.06G139400.1,Glyma.14G187200,Glyma.02G220600,Glyma.04G225400,Glyma.06G139400
Legume.fam3.03982,glyma.Wm82.gnm4.ann1.Glyma.04G027600.1,glyma.Wm82.gnm4.ann1.Glyma.06G027700.1,glyma.Wm82.gnm4.ann1.Glyma.14G216300.1,glyma.Wm82.gnm4.ann1.Glyma.17G254900.4,Glyma.04G027600,Glyma.06G027700,Glyma.14G216300,Glyma.17G254900
Legume.fam3.03984,glyma.Wm82.gnm4.ann1.Glyma.17G261700.1,glyma.Wm82.gnm4.ann1.Glyma.14G223500.1,glyma.Wm82.gnm4.ann1.Glyma.06G017900.1,glyma.Wm82.gnm4.ann1.Glyma.04G017500.3,Glyma.17G261700,Glyma.14G223500,Glyma.06G017900,Glyma.04G017500
Legume.fam3.03986,glyma.Wm82.gnm4.ann1.Glyma.11G174300.1,glyma.Wm82.gnm4.ann1.Glyma.18G062100.2,glyma.Wm82.gnm4.ann1.Glyma.14G194200.1,glyma.Wm82.gnm4.ann1.Glyma.02G227100.1,Glyma.11G174300,Glyma.18G062100,Glyma.14G194200,Glyma.02G227100
Legume.fam3.03987,glyma.Wm82.gnm4.ann1.Glyma.14G192400.1,glyma.Wm82.gnm4.ann1.Glyma.02G225600.1,glyma.Wm82.gnm4.ann1.Glyma.11G176100.1,glyma.Wm82.gnm4.ann1.Glyma.18G065800.1,Glyma.14G192400,Glyma.02G225600,Glyma.11G176100,Glyma.18G065800
Legume.fam3.03990,glyma.Wm82.gnm4.ann1.Glyma.14G023100.2,glyma.Wm82.gnm4.ann1.Glyma.02G291700.1,glyma.Wm82.gnm4.ann1.Glyma.08G317200.1,glyma.Wm82.gnm4.ann1.Glyma.18G095800.2,Glyma.14G023100,Glyma.02G291700,Glyma.08G317200,Glyma.18G095800
Legume.fam3.03993,glyma.Wm82.gnm4.ann1.Glyma.09G052600.1,glyma.Wm82.gnm4.ann1.Glyma.15G158900.1,glyma.Wm82.gnm4.ann1.Glyma.05G132000.1,glyma.Wm82.gnm4.ann1.Glyma.08G086600.1,Glyma.09G052600,Glyma.15G158900,Glyma.05G132000,Glyma.08G086600
Legume.fam3.03998,glyma.Wm82.gnm4.ann1.Glyma.13G183900.1,glyma.Wm82.gnm4.ann1.Glyma.07G192500.1,glyma.Wm82.gnm4.ann1.Glyma.13G243600.1,glyma.Wm82.gnm4.ann1.Glyma.15G070100.4,Glyma.13G183900,Glyma.07G192500,Glyma.13G243600,Glyma.15G070100
Legume.fam3.03999,glyma.Wm82.gnm4.ann1.Glyma.13G237600.1,glyma.Wm82.gnm4.ann1.Glyma.15G075800.1,glyma.Wm82.gnm4.ann1.Glyma.07G198800.1,glyma.Wm82.gnm4.ann1.Glyma.13G177600.1,Glyma.13G237600,Glyma.15G075800,Glyma.07G198800,Glyma.13G177600
Legume.fam3.04003,glyma.Wm82.gnm4.ann1.Glyma.08G116200.1,glyma.Wm82.gnm4.ann1.Glyma.05G158500.1,glyma.Wm82.gnm4.ann1.Glyma.13G229500.2,glyma.Wm82.gnm4.ann1.Glyma.15G083000.1,Glyma.08G116200,Glyma.05G158500,Glyma.13G229500,Glyma.15G083000
Legume.fam3.04005,glyma.Wm82.gnm4.ann1.Glyma.08G096100.1,glyma.Wm82.gnm4.ann1.Glyma.05G140800.1,glyma.Wm82.gnm4.ann1.Glyma.13G218500.1,glyma.Wm82.gnm4.ann1.Glyma.15G093600.1,Glyma.08G096100,Glyma.05G140800,Glyma.13G218500,Glyma.15G093600
Legume.fam3.04010,glyma.Wm82.gnm4.ann1.Glyma.12G007600.1,glyma.Wm82.gnm4.ann1.Glyma.09G229000.2,glyma.Wm82.gnm4.ann1.Glyma.10G089200.2,glyma.Wm82.gnm4.ann1.Glyma.15G275500.1,Glyma.12G007600,Glyma.09G229000,Glyma.10G089200,Glyma.15G275500
Legume.fam3.04014,glyma.Wm82.gnm4.ann1.Glyma.03G260100.1,glyma.Wm82.gnm4.ann1.Glyma.19G259000.1,glyma.Wm82.gnm4.ann1.Glyma.16G020300.1,glyma.Wm82.gnm4.ann1.Glyma.07G051200.1,Glyma.03G260100,Glyma.19G259000,Glyma.16G020300,Glyma.07G051200
Legume.fam3.04020,glyma.Wm82.gnm4.ann1.Glyma.08G199900.1,glyma.Wm82.gnm4.ann1.Glyma.07G014400.2,glyma.Wm82.gnm4.ann1.Glyma.15G020800.1,glyma.Wm82.gnm4.ann1.Glyma.13G353500.1,Glyma.08G199900,Glyma.07G014400,Glyma.15G020800,Glyma.13G353500
Legume.fam3.04025,glyma.Wm82.gnm4.ann1.Glyma.03G085900.1,glyma.Wm82.gnm4.ann1.Glyma.16G088400.1,glyma.Wm82.gnm4.ann1.Glyma.08G346900.1,glyma.Wm82.gnm4.ann1.Glyma.18G158300.1,Glyma.03G085900,Glyma.16G088400,Glyma.08G346900,Glyma.18G158300
Legume.fam3.04027,glyma.Wm82.gnm4.ann1.Glyma.03G076800.6,glyma.Wm82.gnm4.ann1.Glyma.01G111200.2,glyma.Wm82.gnm4.ann1.Glyma.07G144500.1,glyma.Wm82.gnm4.ann1.Glyma.18G196200.5,Glyma.03G076800,Glyma.01G111200,Glyma.07G144500,Glyma.18G196200
Legume.fam3.04037,glyma.Wm82.gnm4.ann1.Glyma.04G173200.1,glyma.Wm82.gnm4.ann1.Glyma.06G191000.1,glyma.Wm82.gnm4.ann1.Glyma.17G098100.1,glyma.Wm82.gnm4.ann1.Glyma.05G028700.1,Glyma.04G173200,Glyma.06G191000,Glyma.17G098100,Glyma.05G028700
Legume.fam3.04040,glyma.Wm82.gnm4.ann1.Glyma.06G179400.1,glyma.Wm82.gnm4.ann1.Glyma.04G186400.4,glyma.Wm82.gnm4.ann1.Glyma.17G086600.1,glyma.Wm82.gnm4.ann1.Glyma.05G040200.1,Glyma.06G179400,Glyma.04G186400,Glyma.17G086600,Glyma.05G040200
Legume.fam3.04053,glyma.Wm82.gnm4.ann1.Glyma.13G284700.1,glyma.Wm82.gnm4.ann1.Glyma.12G216500.1,glyma.Wm82.gnm4.ann1.Glyma.12G139800.2,glyma.Wm82.gnm4.ann1.Glyma.06G262900.1,Glyma.13G284700,Glyma.12G216500,Glyma.12G139800,Glyma.06G262900
Legume.fam3.04054,glyma.Wm82.gnm4.ann1.Glyma.13G287000.1,glyma.Wm82.gnm4.ann1.Glyma.12G214600.4,glyma.Wm82.gnm4.ann1.Glyma.12G136000.1,glyma.Wm82.gnm4.ann1.Glyma.06G267000.1,Glyma.13G287000,Glyma.12G214600,Glyma.12G136000,Glyma.06G267000
Legume.fam3.04057,glyma.Wm82.gnm4.ann1.Glyma.15G097300.2,glyma.Wm82.gnm4.ann1.Glyma.13G215600.3,glyma.Wm82.gnm4.ann1.Glyma.07G250900.1,glyma.Wm82.gnm4.ann1.Glyma.17G023400.3,Glyma.15G097300,Glyma.13G215600,Glyma.07G250900,Glyma.17G023400
Legume.fam3.04058,glyma.Wm82.gnm4.ann1.Glyma.12G129600.3,glyma.Wm82.gnm4.ann1.Glyma.06G275800.1,glyma.Wm82.gnm4.ann1.Glyma.13G289800.1,glyma.Wm82.gnm4.ann1.Glyma.12G212000.1,Glyma.12G129600,Glyma.06G275800,Glyma.13G289800,Glyma.12G212000
Legume.fam3.04060,glyma.Wm82.gnm4.ann1.Glyma.06G276400.1,glyma.Wm82.gnm4.ann1.Glyma.12G128900.3,glyma.Wm82.gnm4.ann1.Glyma.13G290000.1,glyma.Wm82.gnm4.ann1.Glyma.12G211700.1,Glyma.06G276400,Glyma.12G128900,Glyma.13G290000,Glyma.12G211700
Legume.fam3.04062,glyma.Wm82.gnm4.ann1.Glyma.09G079000.1,glyma.Wm82.gnm4.ann1.Glyma.15G188500.1,glyma.Wm82.gnm4.ann1.Glyma.13G119800.2,glyma.Wm82.gnm4.ann1.Glyma.17G040500.1,Glyma.09G079000,Glyma.15G188500,Glyma.13G119800,Glyma.17G040500
Legume.fam3.04063,glyma.Wm82.gnm4.ann1.Glyma.06G283300.1,glyma.Wm82.gnm4.ann1.Glyma.12G122800.1,glyma.Wm82.gnm4.ann1.Glyma.12G209900.1,glyma.Wm82.gnm4.ann1.Glyma.13G291400.1,Glyma.06G283300,Glyma.12G122800,Glyma.12G209900,Glyma.13G291400
Legume.fam3.04065,glyma.Wm82.gnm4.ann1.Glyma.15G178100.1,glyma.Wm82.gnm4.ann1.Glyma.09G070100.1,glyma.Wm82.gnm4.ann1.Glyma.17G048600.1,glyma.Wm82.gnm4.ann1.Glyma.13G110900.1,Glyma.15G178100,Glyma.09G070100,Glyma.17G048600,Glyma.13G110900
Legume.fam3.04075,glyma.Wm82.gnm4.ann1.Glyma.18G300400.1,glyma.Wm82.gnm4.ann1.Glyma.08G361300.2,glyma.Wm82.gnm4.ann1.Glyma.10G296600.1,glyma.Wm82.gnm4.ann1.Glyma.20G247400.1,Glyma.18G300400,Glyma.08G361300,Glyma.10G296600,Glyma.20G247400
Legume.fam3.04076,glyma.Wm82.gnm4.ann1.Glyma.10G296900.16,glyma.Wm82.gnm4.ann1.Glyma.20G247700.10,glyma.Wm82.gnm4.ann1.Glyma.08G362400.4,glyma.Wm82.gnm4.ann1.Glyma.18G299500.2,Glyma.10G296900,Glyma.20G247700,Glyma.08G362400,Glyma.18G299500
Legume.fam3.04080,glyma.Wm82.gnm4.ann1.Glyma.01G166700.1,glyma.Wm82.gnm4.ann1.Glyma.11G076600.4,glyma.Wm82.gnm4.ann1.Glyma.02G049100.2,glyma.Wm82.gnm4.ann1.Glyma.16G129200.3,Glyma.01G166700,Glyma.11G076600,Glyma.02G049100,Glyma.16G129200
Legume.fam3.04082,glyma.Wm82.gnm4.ann1.Glyma.02G059500.4,glyma.Wm82.gnm4.ann1.Glyma.16G142300.1,glyma.Wm82.gnm4.ann1.Glyma.11G063400.1,glyma.Wm82.gnm4.ann1.Glyma.01G178800.1,Glyma.02G059500,Glyma.16G142300,Glyma.11G063400,Glyma.01G178800
Legume.fam3.04084,glyma.Wm82.gnm4.ann1.Glyma.16G143100.9,glyma.Wm82.gnm4.ann1.Glyma.02G060500.8,glyma.Wm82.gnm4.ann1.Glyma.11G062100.1,glyma.Wm82.gnm4.ann1.Glyma.01G180100.1,Glyma.16G143100,Glyma.02G060500,Glyma.11G062100,Glyma.01G180100
Legume.fam3.04085,glyma.Wm82.gnm4.ann1.Glyma.01G184000.2,glyma.Wm82.gnm4.ann1.Glyma.11G058300.1,glyma.Wm82.gnm4.ann1.Glyma.17G177900.1,glyma.Wm82.gnm4.ann1.Glyma.05G080900.1,Glyma.01G184000,Glyma.11G058300,Glyma.17G177900,Glyma.05G080900
Legume.fam3.04091,glyma.Wm82.gnm4.ann1.Glyma.01G222700.1,glyma.Wm82.gnm4.ann1.Glyma.11G020700.1,glyma.Wm82.gnm4.ann1.Glyma.08G018900.1,glyma.Wm82.gnm4.ann1.Glyma.05G212500.1,Glyma.01G222700,Glyma.11G020700,Glyma.08G018900,Glyma.05G212500
Legume.fam3.04095,glyma.Wm82.gnm4.ann1.Glyma.13G311500.2,glyma.Wm82.gnm4.ann1.Glyma.12G190300.1,glyma.Wm82.gnm4.ann1.Glyma.12G095800.1,glyma.Wm82.gnm4.ann1.Glyma.11G172191.1,Glyma.13G311500,Glyma.12G190300,Glyma.12G095800,Glyma.11G172191
Legume.fam3.04096,glyma.Wm82.gnm4.ann1.Glyma.02G026500.1,glyma.Wm82.gnm4.ann1.Glyma.01G038500.1,glyma.Wm82.gnm4.ann1.Glyma.08G293200.1,glyma.Wm82.gnm4.ann1.Glyma.18G130100.1,Glyma.02G026500,Glyma.01G038500,Glyma.08G293200,Glyma.18G130100
Legume.fam3.04101,glyma.Wm82.gnm4.ann1.Glyma.12G081700.1,glyma.Wm82.gnm4.ann1.Glyma.11G192400.1,glyma.Wm82.gnm4.ann1.Glyma.13G321800.6,glyma.Wm82.gnm4.ann1.Glyma.12G179000.1,Glyma.12G081700,Glyma.11G192400,Glyma.13G321800,Glyma.12G179000
Legume.fam3.04105,glyma.Wm82.gnm4.ann1.Glyma.12G051000.2,glyma.Wm82.gnm4.ann1.Glyma.11G126400.1,glyma.Wm82.gnm4.ann1.Glyma.13G345300.4,glyma.Wm82.gnm4.ann1.Glyma.15G029000.9,Glyma.12G051000,Glyma.11G126400,Glyma.13G345300,Glyma.15G029000
Legume.fam3.04107,glyma.Wm82.gnm4.ann1.Glyma.05G214900.1,glyma.Wm82.gnm4.ann1.Glyma.08G021200.3,glyma.Wm82.gnm4.ann1.Glyma.01G224200.5,glyma.Wm82.gnm4.ann1.Glyma.11G018700.2,Glyma.05G214900,Glyma.08G021200,Glyma.01G224200,Glyma.11G018700
Legume.fam3.04109,glyma.Wm82.gnm4.ann1.Glyma.01G045500.1,glyma.Wm82.gnm4.ann1.Glyma.02G105900.3,glyma.Wm82.gnm4.ann1.Glyma.08G299400.3,glyma.Wm82.gnm4.ann1.Glyma.18G121400.3,Glyma.01G045500,Glyma.02G105900,Glyma.08G299400,Glyma.18G121400
Legume.fam3.04110,glyma.Wm82.gnm4.ann1.Glyma.02G027400.1,glyma.Wm82.gnm4.ann1.Glyma.01G037500.1,glyma.Wm82.gnm4.ann1.Glyma.08G292400.1,glyma.Wm82.gnm4.ann1.Glyma.18G130900.1,Glyma.02G027400,Glyma.01G037500,Glyma.08G292400,Glyma.18G130900
Legume.fam3.04111,glyma.Wm82.gnm4.ann1.Glyma.08G102600.1,glyma.Wm82.gnm4.ann1.Glyma.05G145800.2,glyma.Wm82.gnm4.ann1.Glyma.18G008700.1,glyma.Wm82.gnm4.ann1.Glyma.11G248500.1,Glyma.08G102600,Glyma.05G145800,Glyma.18G008700,Glyma.11G248500
Legume.fam3.04112,glyma.Wm82.gnm4.ann1.Glyma.11G248200.3,glyma.Wm82.gnm4.ann1.Glyma.18G009000.2,glyma.Wm82.gnm4.ann1.Glyma.05G145400.1,glyma.Wm82.gnm4.ann1.Glyma.08G102200.1,Glyma.11G248200,Glyma.18G009000,Glyma.05G145400,Glyma.08G102200
Legume.fam3.04114,glyma.Wm82.gnm4.ann1.Glyma.05G238900.1,glyma.Wm82.gnm4.ann1.Glyma.08G046000.1,glyma.Wm82.gnm4.ann1.Glyma.07G170200.1,glyma.Wm82.gnm4.ann1.Glyma.02G085200.1,Glyma.05G238900,Glyma.08G046000,Glyma.07G170200,Glyma.02G085200
Legume.fam3.04115,glyma.Wm82.gnm4.ann1.Glyma.05G241600.4,glyma.Wm82.gnm4.ann1.Glyma.08G049000.5,glyma.Wm82.gnm4.ann1.Glyma.07G173700.3,glyma.Wm82.gnm4.ann1.Glyma.02G087000.1,Glyma.05G241600,Glyma.08G049000,Glyma.07G173700,Glyma.02G087000
Legume.fam3.04117,glyma.Wm82.gnm4.ann1.Glyma.20G162100.1,glyma.Wm82.gnm4.ann1.Glyma.10G232000.1,glyma.Wm82.gnm4.ann1.Glyma.09G133600.2,glyma.Wm82.gnm4.ann1.Glyma.16G179900.1,Glyma.20G162100,Glyma.10G232000,Glyma.09G133600,Glyma.16G179900
Legume.fam3.04119,glyma.Wm82.gnm4.ann1.Glyma.17G012800.1,glyma.Wm82.gnm4.ann1.Glyma.07G261200.2,glyma.Wm82.gnm4.ann1.Glyma.15G108300.1,glyma.Wm82.gnm4.ann1.Glyma.09G004100.1,Glyma.17G012800,Glyma.07G261200,Glyma.15G108300,Glyma.09G004100
Legume.fam3.04124,glyma.Wm82.gnm4.ann1.Glyma.05G019700.1,glyma.Wm82.gnm4.ann1.Glyma.17G080100.1,glyma.Wm82.gnm4.ann1.Glyma.04G160700.1,glyma.Wm82.gnm4.ann1.Glyma.06G204800.1,Glyma.05G019700,Glyma.17G080100,Glyma.04G160700,Glyma.06G204800
Legume.fam3.04126,glyma.Wm82.gnm4.ann1.Glyma.17G052300.1,glyma.Wm82.gnm4.ann1.Glyma.13G107100.4,glyma.Wm82.gnm4.ann1.Glyma.09G066800.3,glyma.Wm82.gnm4.ann1.Glyma.15G172800.5,Glyma.17G052300,Glyma.13G107100,Glyma.09G066800,Glyma.15G172800
Legume.fam3.04131,glyma.Wm82.gnm4.ann1.Glyma.11G140400.1,glyma.Wm82.gnm4.ann1.Glyma.12G063900.1,glyma.Wm82.gnm4.ann1.Glyma.13G334900.1,glyma.Wm82.gnm4.ann1.Glyma.15G039600.1,Glyma.11G140400,Glyma.12G063900,Glyma.13G334900,Glyma.15G039600
Legume.fam3.04132,glyma.Wm82.gnm4.ann1.Glyma.12G066800.2,glyma.Wm82.gnm4.ann1.Glyma.11G143500.1,glyma.Wm82.gnm4.ann1.Glyma.13G332500.1,glyma.Wm82.gnm4.ann1.Glyma.15G041700.1,Glyma.12G066800,Glyma.11G143500,Glyma.13G332500,Glyma.15G041700
Legume.fam3.04136,glyma.Wm82.gnm4.ann1.Glyma.06G288600.1,glyma.Wm82.gnm4.ann1.Glyma.12G118600.1,glyma.Wm82.gnm4.ann1.Glyma.12G206800.1,glyma.Wm82.gnm4.ann1.Glyma.13G294100.1,Glyma.06G288600,Glyma.12G118600,Glyma.12G206800,Glyma.13G294100
Legume.fam3.04139,glyma.Wm82.gnm4.ann1.Glyma.05G084000.1,glyma.Wm82.gnm4.ann1.Glyma.17G176700.1,glyma.Wm82.gnm4.ann1.Glyma.01G184900.1,glyma.Wm82.gnm4.ann1.Glyma.11G057300.1,Glyma.05G084000,Glyma.17G176700,Glyma.01G184900,Glyma.11G057300
Legume.fam3.04143,glyma.Wm82.gnm4.ann1.Glyma.09G263500.1,glyma.Wm82.gnm4.ann1.Glyma.18G228600.1,glyma.Wm82.gnm4.ann1.Glyma.03G018400.1,glyma.Wm82.gnm4.ann1.Glyma.07G079600.1,Glyma.09G263500,Glyma.18G228600,Glyma.03G018400,Glyma.07G079600
Legume.fam3.04145,glyma.Wm82.gnm4.ann1.Glyma.05G180300.1,glyma.Wm82.gnm4.ann1.Glyma.08G137800.1,glyma.Wm82.gnm4.ann1.Glyma.11G239000.1,glyma.Wm82.gnm4.ann1.Glyma.18G018400.1,Glyma.05G180300,Glyma.08G137800,Glyma.11G239000,Glyma.18G018400
Legume.fam3.04146,glyma.Wm82.gnm4.ann1.Glyma.05G221000.1,glyma.Wm82.gnm4.ann1.Glyma.08G027500.1,glyma.Wm82.gnm4.ann1.Glyma.01G001900.1,glyma.Wm82.gnm4.ann1.Glyma.07G130500.1,Glyma.05G221000,Glyma.08G027500,Glyma.01G001900,Glyma.07G130500
Legume.fam3.04153,glyma.Wm82.gnm4.ann1.Glyma.20G219300.1,glyma.Wm82.gnm4.ann1.Glyma.10G170600.1,glyma.Wm82.gnm4.ann1.Glyma.18G241100.1,glyma.Wm82.gnm4.ann1.Glyma.09G251500.1,Glyma.20G219300,Glyma.10G170600,Glyma.18G241100,Glyma.09G251500
Legume.fam3.04156,glyma.Wm82.gnm4.ann1.Glyma.04G037200.1,glyma.Wm82.gnm4.ann1.Glyma.06G037801.1,glyma.Wm82.gnm4.ann1.Glyma.17G244500.1,glyma.Wm82.gnm4.ann1.Glyma.14G080900.3,Glyma.04G037200,Glyma.06G037801,Glyma.17G244500,Glyma.14G080900
Legume.fam3.04174,glyma.Wm82.gnm4.ann1.Glyma.05G002000.2,glyma.Wm82.gnm4.ann1.Glyma.19G001900.3,glyma.Wm82.gnm4.ann1.Glyma.02G089100.1,glyma.Wm82.gnm4.ann1.Glyma.18G294100.1,Glyma.05G002000,Glyma.19G001900,Glyma.02G089100,Glyma.18G294100
Legume.fam3.04176,glyma.Wm82.gnm4.ann1.Glyma.04G136700.4,glyma.Wm82.gnm4.ann1.Glyma.11G155400.1,glyma.Wm82.gnm4.ann1.Glyma.13G197300.1,glyma.Wm82.gnm4.ann1.Glyma.15G235000.1,Glyma.04G136700,Glyma.11G155400,Glyma.13G197300,Glyma.15G235000
Legume.fam3.04184,glyma.Wm82.gnm4.ann1.Glyma.20G099500.1,glyma.Wm82.gnm4.ann1.Glyma.10G289700.4,glyma.Wm82.gnm4.ann1.Glyma.02G093600.5,glyma.Wm82.gnm4.ann1.Glyma.18G288500.1,Glyma.20G099500,Glyma.10G289700,Glyma.02G093600,Glyma.18G288500
Legume.fam3.04189,glyma.Wm82.gnm4.ann1.Glyma.07G262100.1,glyma.Wm82.gnm4.ann1.Glyma.17G012000.1,glyma.Wm82.gnm4.ann1.Glyma.15G109300.4,glyma.Wm82.gnm4.ann1.Glyma.09G004700.5,Glyma.07G262100,Glyma.17G012000,Glyma.15G109300,Glyma.09G004700
Legume.fam3.04190,glyma.Wm82.gnm4.ann1.Glyma.10G177800.1,glyma.Wm82.gnm4.ann1.Glyma.20G212300.1,glyma.Wm82.gnm4.ann1.Glyma.16G204500.1,glyma.Wm82.gnm4.ann1.Glyma.09G153700.1,Glyma.10G177800,Glyma.20G212300,Glyma.16G204500,Glyma.09G153700
Legume.fam3.04197,glyma.Wm82.gnm4.ann1.Glyma.02G148100.1,glyma.Wm82.gnm4.ann1.Glyma.10G025700.1,glyma.Wm82.gnm4.ann1.Glyma.19G154800.2,glyma.Wm82.gnm4.ann1.Glyma.03G152300.1,Glyma.02G148100,Glyma.10G025700,Glyma.19G154800,Glyma.03G152300
Legume.fam3.04198,glyma.Wm82.gnm4.ann1.Glyma.02G147900.1,glyma.Wm82.gnm4.ann1.Glyma.10G025900.1,glyma.Wm82.gnm4.ann1.Glyma.19G155200.1,glyma.Wm82.gnm4.ann1.Glyma.03G152700.1,Glyma.02G147900,Glyma.10G025900,Glyma.19G155200,Glyma.03G152700
Legume.fam3.04200,glyma.Wm82.gnm4.ann1.Glyma.02G141500.1,glyma.Wm82.gnm4.ann1.Glyma.10G032500.1,glyma.Wm82.gnm4.ann1.Glyma.19G161700.1,glyma.Wm82.gnm4.ann1.Glyma.03G159500.1,Glyma.02G141500,Glyma.10G032500,Glyma.19G161700,Glyma.03G159500
Legume.fam3.04207,glyma.Wm82.gnm4.ann1.Glyma.19G194943.1,glyma.Wm82.gnm4.ann1.Glyma.03G196300.1,glyma.Wm82.gnm4.ann1.Glyma.10G072400.1,glyma.Wm82.gnm4.ann1.Glyma.13G153800.1,Glyma.19G194943,Glyma.03G196300,Glyma.10G072400,Glyma.13G153800
Legume.fam3.04210,glyma.Wm82.gnm4.ann1.Glyma.09G109200.3,glyma.Wm82.gnm4.ann1.Glyma.02G171100.3,glyma.Wm82.gnm4.ann1.Glyma.19G149300.1,glyma.Wm82.gnm4.ann1.Glyma.03G146100.1,Glyma.09G109200,Glyma.02G171100,Glyma.19G149300,Glyma.03G146100
Legume.fam3.04238,glyma.Wm82.gnm4.ann1.Glyma.14G128200.1,glyma.Wm82.gnm4.ann1.Glyma.17G205800.1,glyma.Wm82.gnm4.ann1.Glyma.04G070100.1,glyma.Wm82.gnm4.ann1.Glyma.06G072100.1,Glyma.14G128200,Glyma.17G205800,Glyma.04G070100,Glyma.06G072100
Legume.fam3.04241,glyma.Wm82.gnm4.ann1.Glyma.14G084600.1,glyma.Wm82.gnm4.ann1.Glyma.17G240300.1,glyma.Wm82.gnm4.ann1.Glyma.04G040900.1,glyma.Wm82.gnm4.ann1.Glyma.06G041800.1,Glyma.14G084600,Glyma.17G240300,Glyma.04G040900,Glyma.06G041800
Legume.fam3.04248,glyma.Wm82.gnm4.ann1.Glyma.14G021700.1,glyma.Wm82.gnm4.ann1.Glyma.02G293000.1,glyma.Wm82.gnm4.ann1.Glyma.18G092800.1,glyma.Wm82.gnm4.ann1.Glyma.08G319700.1,Glyma.14G021700,Glyma.02G293000,Glyma.18G092800,Glyma.08G319700
Legume.fam3.04259,glyma.Wm82.gnm4.ann1.Glyma.04G031100.1,glyma.Wm82.gnm4.ann1.Glyma.06G031201.1,glyma.Wm82.gnm4.ann1.Glyma.17G251400.1,glyma.Wm82.gnm4.ann1.Glyma.14G073601.1,Glyma.04G031100,Glyma.06G031201,Glyma.17G251400,Glyma.14G073601
Legume.fam3.04260,glyma.Wm82.gnm4.ann1.Glyma.18G045100.1,glyma.Wm82.gnm4.ann1.Glyma.11G209027.1,glyma.Wm82.gnm4.ann1.Glyma.02G240000.1,glyma.Wm82.gnm4.ann1.Glyma.14G209400.1,Glyma.18G045100,Glyma.11G209027,Glyma.02G240000,Glyma.14G209400
Legume.fam3.04269,glyma.Wm82.gnm4.ann1.Glyma.13G236400.1,glyma.Wm82.gnm4.ann1.Glyma.15G077300.1,glyma.Wm82.gnm4.ann1.Glyma.13G175500.1,glyma.Wm82.gnm4.ann1.Glyma.07G200900.1,Glyma.13G236400,Glyma.15G077300,Glyma.13G175500,Glyma.07G200900
Legume.fam3.04281,glyma.Wm82.gnm4.ann1.Glyma.19G217300.1,glyma.Wm82.gnm4.ann1.Glyma.03G220500.3,glyma.Wm82.gnm4.ann1.Glyma.02G011400.1,glyma.Wm82.gnm4.ann1.Glyma.10G012000.1,Glyma.19G217300,Glyma.03G220500,Glyma.02G011400,Glyma.10G012000
Legume.fam3.04282,glyma.Wm82.gnm4.ann1.Glyma.19G229200.1,glyma.Wm82.gnm4.ann1.Glyma.03G232200.1,glyma.Wm82.gnm4.ann1.Glyma.20G239400.1,glyma.Wm82.gnm4.ann1.Glyma.10G148200.1,Glyma.19G229200,Glyma.03G232200,Glyma.20G239400,Glyma.10G148200
Legume.fam3.04283,glyma.Wm82.gnm4.ann1.Glyma.03G236400.1,glyma.Wm82.gnm4.ann1.Glyma.19G234000.1,glyma.Wm82.gnm4.ann1.Glyma.10G152300.1,glyma.Wm82.gnm4.ann1.Glyma.20G236100.1,Glyma.03G236400,Glyma.19G234000,Glyma.10G152300,Glyma.20G236100
Legume.fam3.04286,glyma.Wm82.gnm4.ann1.Glyma.18G230800.2,glyma.Wm82.gnm4.ann1.Glyma.09G261200.6,glyma.Wm82.gnm4.ann1.Glyma.07G072500.7,glyma.Wm82.gnm4.ann1.Glyma.03G012600.2,Glyma.18G230800,Glyma.09G261200,Glyma.07G072500,Glyma.03G012600
Legume.fam3.04287,glyma.Wm82.gnm4.ann1.Glyma.03G009200.1,glyma.Wm82.gnm4.ann1.Glyma.07G070700.7,glyma.Wm82.gnm4.ann1.Glyma.18G232900.3,glyma.Wm82.gnm4.ann1.Glyma.09G259400.7,Glyma.03G009200,Glyma.07G070700,Glyma.18G232900,Glyma.09G259400
Legume.fam3.04289,glyma.Wm82.gnm4.ann1.Glyma.19G257800.1,glyma.Wm82.gnm4.ann1.Glyma.03G259100.2,glyma.Wm82.gnm4.ann1.Glyma.07G053300.1,glyma.Wm82.gnm4.ann1.Glyma.16G022400.1,Glyma.19G257800,Glyma.03G259100,Glyma.07G053300,Glyma.16G022400
Legume.fam3.04298,glyma.Wm82.gnm4.ann1.Glyma.07G135900.1,glyma.Wm82.gnm4.ann1.Glyma.18G186000.2,glyma.Wm82.gnm4.ann1.Glyma.03G067700.1,glyma.Wm82.gnm4.ann1.Glyma.01G101800.1,Glyma.07G135900,Glyma.18G186000,Glyma.03G067700,Glyma.01G101800
Legume.fam3.04299,glyma.Wm82.gnm4.ann1.Glyma.07G146000.1,glyma.Wm82.gnm4.ann1.Glyma.18G197400.1,glyma.Wm82.gnm4.ann1.Glyma.03G077900.1,glyma.Wm82.gnm4.ann1.Glyma.01G112600.1,Glyma.07G146000,Glyma.18G197400,Glyma.03G077900,Glyma.01G112600
Legume.fam3.04300,glyma.Wm82.gnm4.ann1.Glyma.18G197500.1,glyma.Wm82.gnm4.ann1.Glyma.07G146300.1,glyma.Wm82.gnm4.ann1.Glyma.03G078000.1,glyma.Wm82.gnm4.ann1.Glyma.01G112700.1,Glyma.18G197500,Glyma.07G146300,Glyma.03G078000,Glyma.01G112700
Legume.fam3.04305,glyma.Wm82.gnm4.ann1.Glyma.03G263600.1,glyma.Wm82.gnm4.ann1.Glyma.19G262600.1,glyma.Wm82.gnm4.ann1.Glyma.16G012700.1,glyma.Wm82.gnm4.ann1.Glyma.07G044400.1,Glyma.03G263600,Glyma.19G262600,Glyma.16G012700,Glyma.07G044400
Legume.fam3.04308,glyma.Wm82.gnm4.ann1.Glyma.01G144700.1,glyma.Wm82.gnm4.ann1.Glyma.03G022200.1,glyma.Wm82.gnm4.ann1.Glyma.09G268100.1,glyma.Wm82.gnm4.ann1.Glyma.18G221800.1,Glyma.01G144700,Glyma.03G022200,Glyma.09G268100,Glyma.18G221800
Legume.fam3.04310,glyma.Wm82.gnm4.ann1.Glyma.18G197700.1,glyma.Wm82.gnm4.ann1.Glyma.07G146500.1,glyma.Wm82.gnm4.ann1.Glyma.03G078400.1,glyma.Wm82.gnm4.ann1.Glyma.01G113100.1,Glyma.18G197700,Glyma.07G146500,Glyma.03G078400,Glyma.01G113100
Legume.fam3.04312,glyma.Wm82.gnm4.ann1.Glyma.17G096700.1,glyma.Wm82.gnm4.ann1.Glyma.05G030000.1,glyma.Wm82.gnm4.ann1.Glyma.04G174467.1,glyma.Wm82.gnm4.ann1.Glyma.06G190200.1,Glyma.17G096700,Glyma.05G030000,Glyma.04G174467,Glyma.06G190200
Legume.fam3.04325,glyma.Wm82.gnm4.ann1.Glyma.13G283600.1,glyma.Wm82.gnm4.ann1.Glyma.12G217500.1,glyma.Wm82.gnm4.ann1.Glyma.12G142900.1,glyma.Wm82.gnm4.ann1.Glyma.06G258000.1,Glyma.13G283600,Glyma.12G217500,Glyma.12G142900,Glyma.06G258000
Legume.fam3.04328,glyma.Wm82.gnm4.ann1.Glyma.17G106600.2,glyma.Wm82.gnm4.ann1.Glyma.13G164300.1,glyma.Wm82.gnm4.ann1.Glyma.15G198900.1,glyma.Wm82.gnm4.ann1.Glyma.09G092100.1,Glyma.17G106600,Glyma.13G164300,Glyma.15G198900,Glyma.09G092100
Legume.fam3.04332,glyma.Wm82.gnm4.ann1.Glyma.09G042700.1,glyma.Wm82.gnm4.ann1.Glyma.15G150300.1,glyma.Wm82.gnm4.ann1.Glyma.07G246100.1,glyma.Wm82.gnm4.ann1.Glyma.17G027900.1,Glyma.09G042700,Glyma.15G150300,Glyma.07G246100,Glyma.17G027900
Legume.fam3.04333,glyma.Wm82.gnm4.ann1.Glyma.07G242700.1,glyma.Wm82.gnm4.ann1.Glyma.17G031500.1,glyma.Wm82.gnm4.ann1.Glyma.15G144100.5,glyma.Wm82.gnm4.ann1.Glyma.09G039000.7,Glyma.07G242700,Glyma.17G031500,Glyma.15G144100,Glyma.09G039000
Legume.fam3.04334,glyma.Wm82.gnm4.ann1.Glyma.09G082000.1,glyma.Wm82.gnm4.ann1.Glyma.15G190200.1,glyma.Wm82.gnm4.ann1.Glyma.07G234200.4,glyma.Wm82.gnm4.ann1.Glyma.17G039600.1,Glyma.09G082000,Glyma.15G190200,Glyma.07G234200,Glyma.17G039600
Legume.fam3.04335,glyma.Wm82.gnm4.ann1.Glyma.13G117600.1,glyma.Wm82.gnm4.ann1.Glyma.17G042300.1,glyma.Wm82.gnm4.ann1.Glyma.09G080000.1,glyma.Wm82.gnm4.ann1.Glyma.15G186300.1,Glyma.13G117600,Glyma.17G042300,Glyma.09G080000,Glyma.15G186300
Legume.fam3.04337,glyma.Wm82.gnm4.ann1.Glyma.13G111100.1,glyma.Wm82.gnm4.ann1.Glyma.17G048500.1,glyma.Wm82.gnm4.ann1.Glyma.09G070200.1,glyma.Wm82.gnm4.ann1.Glyma.15G178300.3,Glyma.13G111100,Glyma.17G048500,Glyma.09G070200,Glyma.15G178300
Legume.fam3.04344,glyma.Wm82.gnm4.ann1.Glyma.11G088400.1,glyma.Wm82.gnm4.ann1.Glyma.01G156400.3,glyma.Wm82.gnm4.ann1.Glyma.16G114800.5,glyma.Wm82.gnm4.ann1.Glyma.09G195700.1,Glyma.11G088400,Glyma.01G156400,Glyma.16G114800,Glyma.09G195700
Legume.fam3.04345,glyma.Wm82.gnm4.ann1.Glyma.01G157000.3,glyma.Wm82.gnm4.ann1.Glyma.11G087900.2,glyma.Wm82.gnm4.ann1.Glyma.09G196300.1,glyma.Wm82.gnm4.ann1.Glyma.16G112600.6,Glyma.01G157000,Glyma.11G087900,Glyma.09G196300,Glyma.16G112600
Legume.fam3.04351,glyma.Wm82.gnm4.ann1.Glyma.01G178400.4,glyma.Wm82.gnm4.ann1.Glyma.11G063800.5,glyma.Wm82.gnm4.ann1.Glyma.02G059100.5,glyma.Wm82.gnm4.ann1.Glyma.16G141800.4,Glyma.01G178400,Glyma.11G063800,Glyma.02G059100,Glyma.16G141800
Legume.fam3.04353,glyma.Wm82.gnm4.ann1.Glyma.11G050800.1,glyma.Wm82.gnm4.ann1.Glyma.01G191400.1,glyma.Wm82.gnm4.ann1.Glyma.05G103000.1,glyma.Wm82.gnm4.ann1.Glyma.17G164300.1,Glyma.11G050800,Glyma.01G191400,Glyma.05G103000,Glyma.17G164300
Legume.fam3.04355,glyma.Wm82.gnm4.ann1.Glyma.11G044500.2,glyma.Wm82.gnm4.ann1.Glyma.01G197200.1,glyma.Wm82.gnm4.ann1.Glyma.17G157100.1,glyma.Wm82.gnm4.ann1.Glyma.05G110000.1,Glyma.11G044500,Glyma.01G197200,Glyma.17G157100,Glyma.05G110000
Legume.fam3.04356,glyma.Wm82.gnm4.ann1.Glyma.12G102400.1,glyma.Wm82.gnm4.ann1.Glyma.06G301900.1,glyma.Wm82.gnm4.ann1.Glyma.12G196800.1,glyma.Wm82.gnm4.ann1.Glyma.13G305000.2,Glyma.12G102400,Glyma.06G301900,Glyma.12G196800,Glyma.13G305000
Legume.fam3.04357,glyma.Wm82.gnm4.ann1.Glyma.01G212400.1,glyma.Wm82.gnm4.ann1.Glyma.11G029400.1,glyma.Wm82.gnm4.ann1.Glyma.17G135600.1,glyma.Wm82.gnm4.ann1.Glyma.05G053200.1,Glyma.01G212400,Glyma.11G029400,Glyma.17G135600,Glyma.05G053200
Legume.fam3.04360,glyma.Wm82.gnm4.ann1.Glyma.11G022500.4,glyma.Wm82.gnm4.ann1.Glyma.01G221200.1,glyma.Wm82.gnm4.ann1.Glyma.05G209900.1,glyma.Wm82.gnm4.ann1.Glyma.08G016600.1,Glyma.11G022500,Glyma.01G221200,Glyma.05G209900,Glyma.08G016600
Legume.fam3.04365,glyma.Wm82.gnm4.ann1.Glyma.18G141000.1,glyma.Wm82.gnm4.ann1.Glyma.08G284600.1,glyma.Wm82.gnm4.ann1.Glyma.01G028800.1,glyma.Wm82.gnm4.ann1.Glyma.02G036400.1,Glyma.18G141000,Glyma.08G284600,Glyma.01G028800,Glyma.02G036400
Legume.fam3.04372,glyma.Wm82.gnm4.ann1.Glyma.11G139600.1,glyma.Wm82.gnm4.ann1.Glyma.12G063200.1,glyma.Wm82.gnm4.ann1.Glyma.15G038500.1,glyma.Wm82.gnm4.ann1.Glyma.13G335800.1,Glyma.11G139600,Glyma.12G063200,Glyma.15G038500,Glyma.13G335800
Legume.fam3.04373,glyma.Wm82.gnm4.ann1.Glyma.15G033600.1,glyma.Wm82.gnm4.ann1.Glyma.13G340800.1,glyma.Wm82.gnm4.ann1.Glyma.12G057000.1,glyma.Wm82.gnm4.ann1.Glyma.11G132600.1,Glyma.15G033600,Glyma.13G340800,Glyma.12G057000,Glyma.11G132600
Legume.fam3.04376,glyma.Wm82.gnm4.ann1.Glyma.05G052700.1,glyma.Wm82.gnm4.ann1.Glyma.17G135000.1,glyma.Wm82.gnm4.ann1.Glyma.11G030000.1,glyma.Wm82.gnm4.ann1.Glyma.01G211900.1,Glyma.05G052700,Glyma.17G135000,Glyma.11G030000,Glyma.01G211900
Legume.fam3.04380,glyma.Wm82.gnm4.ann1.Glyma.20G012600.1,glyma.Wm82.gnm4.ann1.Glyma.07G174100.1,glyma.Wm82.gnm4.ann1.Glyma.05G138900.1,glyma.Wm82.gnm4.ann1.Glyma.08G094100.1,Glyma.20G012600,Glyma.07G174100,Glyma.05G138900,Glyma.08G094100
Legume.fam3.04381,glyma.Wm82.gnm4.ann1.Glyma.07G175300.1,glyma.Wm82.gnm4.ann1.Glyma.20G012100.1,glyma.Wm82.gnm4.ann1.Glyma.08G093800.1,glyma.Wm82.gnm4.ann1.Glyma.05G138600.1,Glyma.07G175300,Glyma.20G012100,Glyma.08G093800,Glyma.05G138600
Legume.fam3.04384,glyma.Wm82.gnm4.ann1.Glyma.20G102900.1,glyma.Wm82.gnm4.ann1.Glyma.10G286300.1,glyma.Wm82.gnm4.ann1.Glyma.20G001300.5,glyma.Wm82.gnm4.ann1.Glyma.09G284800.6,Glyma.20G102900,Glyma.10G286300,Glyma.20G001300,Glyma.09G284800
Legume.fam3.04385,glyma.Wm82.gnm4.ann1.Glyma.20G005200.6,glyma.Wm82.gnm4.ann1.Glyma.09G281000.1,glyma.Wm82.gnm4.ann1.Glyma.11G104900.2,glyma.Wm82.gnm4.ann1.Glyma.12G029900.11,Glyma.20G005200,Glyma.09G281000,Glyma.11G104900,Glyma.12G029900
Legume.fam3.04389,glyma.Wm82.gnm4.ann1.Glyma.17G006200.5,glyma.Wm82.gnm4.ann1.Glyma.07G267700.5,glyma.Wm82.gnm4.ann1.Glyma.15G118500.1,glyma.Wm82.gnm4.ann1.Glyma.09G013800.1,Glyma.17G006200,Glyma.07G267700,Glyma.15G118500,Glyma.09G013800
Legume.fam3.04390,glyma.Wm82.gnm4.ann1.Glyma.08G119600.1,glyma.Wm82.gnm4.ann1.Glyma.05G162000.1,glyma.Wm82.gnm4.ann1.Glyma.15G086100.1,glyma.Wm82.gnm4.ann1.Glyma.13G226000.3,Glyma.08G119600,Glyma.05G162000,Glyma.15G086100,Glyma.13G226000
Legume.fam3.04392,glyma.Wm82.gnm4.ann1.Glyma.17G098500.1,glyma.Wm82.gnm4.ann1.Glyma.05G028200.1,glyma.Wm82.gnm4.ann1.Glyma.04G172300.1,glyma.Wm82.gnm4.ann1.Glyma.06G191900.1,Glyma.17G098500,Glyma.05G028200,Glyma.04G172300,Glyma.06G191900
Legume.fam3.04395,glyma.Wm82.gnm4.ann1.Glyma.05G013300.1,glyma.Wm82.gnm4.ann1.Glyma.17G121500.2,glyma.Wm82.gnm4.ann1.Glyma.06G210600.1,glyma.Wm82.gnm4.ann1.Glyma.04G152400.3,Glyma.05G013300,Glyma.17G121500,Glyma.06G210600,Glyma.04G152400
Legume.fam3.04402,glyma.Wm82.gnm4.ann1.Glyma.12G091500.2,glyma.Wm82.gnm4.ann1.Glyma.11G181700.1,glyma.Wm82.gnm4.ann1.Glyma.12G186400.1,glyma.Wm82.gnm4.ann1.Glyma.13G315100.1,Glyma.12G091500,Glyma.11G181700,Glyma.12G186400,Glyma.13G315100
Legume.fam3.04407,glyma.Wm82.gnm4.ann1.Glyma.12G116500.1,glyma.Wm82.gnm4.ann1.Glyma.06G290400.1,glyma.Wm82.gnm4.ann1.Glyma.12G205500.1,glyma.Wm82.gnm4.ann1.Glyma.13G295300.1,Glyma.12G116500,Glyma.06G290400,Glyma.12G205500,Glyma.13G295300
Legume.fam3.04409,glyma.Wm82.gnm4.ann1.Glyma.13G289600.1,glyma.Wm82.gnm4.ann1.Glyma.12G212100.1,glyma.Wm82.gnm4.ann1.Glyma.06G275400.1,glyma.Wm82.gnm4.ann1.Glyma.12G130000.1,Glyma.13G289600,Glyma.12G212100,Glyma.06G275400,Glyma.12G130000
Legume.fam3.04410,glyma.Wm82.gnm4.ann1.Glyma.10G241600.1,glyma.Wm82.gnm4.ann1.Glyma.20G152600.1,glyma.Wm82.gnm4.ann1.Glyma.09G150300.2,glyma.Wm82.gnm4.ann1.Glyma.16G201700.1,Glyma.10G241600,Glyma.20G152600,Glyma.09G150300,Glyma.16G201700
Legume.fam3.04412,glyma.Wm82.gnm4.ann1.Glyma.15G050000.1,glyma.Wm82.gnm4.ann1.Glyma.08G182400.1,glyma.Wm82.gnm4.ann1.Glyma.08G076500.1,glyma.Wm82.gnm4.ann1.Glyma.05G121700.1,Glyma.15G050000,Glyma.08G182400,Glyma.08G076500,Glyma.05G121700
Legume.fam3.04414,glyma.Wm82.gnm4.ann1.Glyma.05G144000.1,glyma.Wm82.gnm4.ann1.Glyma.08G100300.1,glyma.Wm82.gnm4.ann1.Glyma.13G221000.1,glyma.Wm82.gnm4.ann1.Glyma.15G091500.1,Glyma.05G144000,Glyma.08G100300,Glyma.13G221000,Glyma.15G091500
Legume.fam3.04423,glyma.Wm82.gnm4.ann1.Glyma.10G157600.1,glyma.Wm82.gnm4.ann1.Glyma.20G231100.1,glyma.Wm82.gnm4.ann1.Glyma.03G240900.1,glyma.Wm82.gnm4.ann1.Glyma.19G238400.1,Glyma.10G157600,Glyma.20G231100,Glyma.03G240900,Glyma.19G238400
Legume.fam3.04427,glyma.Wm82.gnm4.ann1.Glyma.17G236100.1,glyma.Wm82.gnm4.ann1.Glyma.14G088400.1,glyma.Wm82.gnm4.ann1.Glyma.06G045800.1,glyma.Wm82.gnm4.ann1.Glyma.04G045300.1,Glyma.17G236100,Glyma.14G088400,Glyma.06G045800,Glyma.04G045300
Legume.fam3.04443,glyma.Wm82.gnm4.ann1.Glyma.09G276100.1,glyma.Wm82.gnm4.ann1.Glyma.18G214800.3,glyma.Wm82.gnm4.ann1.Glyma.03G036200.1,glyma.Wm82.gnm4.ann1.Glyma.01G132200.1,Glyma.09G276100,Glyma.18G214800,Glyma.03G036200,Glyma.01G132200
Legume.fam3.04445,glyma.Wm82.gnm4.ann1.Glyma.20G177900.1,glyma.Wm82.gnm4.ann1.Glyma.10G213100.6,glyma.Wm82.gnm4.ann1.Glyma.17G185200.6,glyma.Wm82.gnm4.ann1.Glyma.05G088800.5,Glyma.20G177900,Glyma.10G213100,Glyma.17G185200,Glyma.05G088800
Legume.fam3.04450,glyma.Wm82.gnm4.ann1.Glyma.20G178700.1,glyma.Wm82.gnm4.ann1.Glyma.10G212400.1,glyma.Wm82.gnm4.ann1.Glyma.02G063700.1,glyma.Wm82.gnm4.ann1.Glyma.16G145400.1,Glyma.20G178700,Glyma.10G212400,Glyma.02G063700,Glyma.16G145400
Legume.fam3.04471,glyma.Wm82.gnm4.ann1.Glyma.09G240500.1,glyma.Wm82.gnm4.ann1.Glyma.18G255800.1,glyma.Wm82.gnm4.ann1.Glyma.05G109800.1,glyma.Wm82.gnm4.ann1.Glyma.17G157300.3,Glyma.09G240500,Glyma.18G255800,Glyma.05G109800,Glyma.17G157300
Legume.fam3.04472,glyma.Wm82.gnm4.ann1.Glyma.19G152500.1,glyma.Wm82.gnm4.ann1.Glyma.03G149500.1,glyma.Wm82.gnm4.ann1.Glyma.02G150500.5,glyma.Wm82.gnm4.ann1.Glyma.10G023500.1,Glyma.19G152500,Glyma.03G149500,Glyma.02G150500,Glyma.10G023500
Legume.fam3.04487,glyma.Wm82.gnm4.ann1.Glyma.16G044500.3,glyma.Wm82.gnm4.ann1.Glyma.19G107402.1,glyma.Wm82.gnm4.ann1.Glyma.16G150000.2,glyma.Wm82.gnm4.ann1.Glyma.02G068500.2,Glyma.16G044500,Glyma.19G107402,Glyma.16G150000,Glyma.02G068500
Legume.fam3.04491,glyma.Wm82.gnm4.ann1.Glyma.19G065400.8,glyma.Wm82.gnm4.ann1.Glyma.16G073200.3,glyma.Wm82.gnm4.ann1.Glyma.19G006600.4,glyma.Wm82.gnm4.ann1.Glyma.05G006200.6,Glyma.19G065400,Glyma.16G073200,Glyma.19G006600,Glyma.05G006200
Legume.fam3.04495,glyma.Wm82.gnm4.ann1.Glyma.10G147700.1,glyma.Wm82.gnm4.ann1.Glyma.20G098451.1,glyma.Wm82.gnm4.ann1.Glyma.19G228700.1,glyma.Wm82.gnm4.ann1.Glyma.03G231700.4,Glyma.10G147700,Glyma.20G098451,Glyma.19G228700,Glyma.03G231700
Legume.fam3.04497,glyma.Wm82.gnm4.ann1.Glyma.19G235900.1,glyma.Wm82.gnm4.ann1.Glyma.03G238400.1,glyma.Wm82.gnm4.ann1.Glyma.20G233500.2,glyma.Wm82.gnm4.ann1.Glyma.10G154800.1,Glyma.19G235900,Glyma.03G238400,Glyma.20G233500,Glyma.10G154800
Legume.fam3.04502,glyma.Wm82.gnm4.ann1.Glyma.09G251200.7,glyma.Wm82.gnm4.ann1.Glyma.18G241300.3,glyma.Wm82.gnm4.ann1.Glyma.10G170800.2,glyma.Wm82.gnm4.ann1.Glyma.20G219100.1,Glyma.09G251200,Glyma.18G241300,Glyma.10G170800,Glyma.20G219100
Legume.fam3.04510,glyma.Wm82.gnm4.ann1.Glyma.14G146200.1,glyma.Wm82.gnm4.ann1.Glyma.17G194200.1,glyma.Wm82.gnm4.ann1.Glyma.06G085600.1,glyma.Wm82.gnm4.ann1.Glyma.04G083900.1,Glyma.14G146200,Glyma.17G194200,Glyma.06G085600,Glyma.04G083900
Legume.fam3.04511,glyma.Wm82.gnm4.ann1.Glyma.04G075500.2,glyma.Wm82.gnm4.ann1.Glyma.06G076700.1,glyma.Wm82.gnm4.ann1.Glyma.17G198000.1,glyma.Wm82.gnm4.ann1.Glyma.14G134700.1,Glyma.04G075500,Glyma.06G076700,Glyma.17G198000,Glyma.14G134700
Legume.fam3.04512,glyma.Wm82.gnm4.ann1.Glyma.04G065900.9,glyma.Wm82.gnm4.ann1.Glyma.06G067300.3,glyma.Wm82.gnm4.ann1.Glyma.17G211700.1,glyma.Wm82.gnm4.ann1.Glyma.14G116000.29,Glyma.04G065900,Glyma.06G067300,Glyma.17G211700,Glyma.14G116000
Legume.fam3.04519,glyma.Wm82.gnm4.ann1.Glyma.18G031200.1,glyma.Wm82.gnm4.ann1.Glyma.11G226100.2,glyma.Wm82.gnm4.ann1.Glyma.02G253300.1,glyma.Wm82.gnm4.ann1.Glyma.14G063100.2,Glyma.18G031200,Glyma.11G226100,Glyma.02G253300,Glyma.14G063100
Legume.fam3.04522,glyma.Wm82.gnm4.ann1.Glyma.18G042200.1,glyma.Wm82.gnm4.ann1.Glyma.11G214402.1,glyma.Wm82.gnm4.ann1.Glyma.14G212100.1,glyma.Wm82.gnm4.ann1.Glyma.02G242700.2,Glyma.18G042200,Glyma.11G214402,Glyma.14G212100,Glyma.02G242700
Legume.fam3.04523,glyma.Wm82.gnm4.ann1.Glyma.04G004800.1,glyma.Wm82.gnm4.ann1.Glyma.06G004500.1,glyma.Wm82.gnm4.ann1.Glyma.12G030900.1,glyma.Wm82.gnm4.ann1.Glyma.11G106000.1,Glyma.04G004800,Glyma.06G004500,Glyma.12G030900,Glyma.11G106000
Legume.fam3.04524,glyma.Wm82.gnm4.ann1.Glyma.14G017000.1,glyma.Wm82.gnm4.ann1.Glyma.02G296500.1,glyma.Wm82.gnm4.ann1.Glyma.08G324700.1,glyma.Wm82.gnm4.ann1.Glyma.18G085300.1,Glyma.14G017000,Glyma.02G296500,Glyma.08G324700,Glyma.18G085300
Legume.fam3.04526,glyma.Wm82.gnm4.ann1.Glyma.13G074600.1,glyma.Wm82.gnm4.ann1.Glyma.20G048400.1,glyma.Wm82.gnm4.ann1.Glyma.14G040300.10,glyma.Wm82.gnm4.ann1.Glyma.02G275800.1,Glyma.13G074600,Glyma.20G048400,Glyma.14G040300,Glyma.02G275800
Legume.fam3.04529,glyma.Wm82.gnm4.ann1.Glyma.18G110700.1,glyma.Wm82.gnm4.ann1.Glyma.08G307100.1,glyma.Wm82.gnm4.ann1.Glyma.14G030700.1,glyma.Wm82.gnm4.ann1.Glyma.02G284300.1,Glyma.18G110700,Glyma.08G307100,Glyma.14G030700,Glyma.02G284300
Legume.fam3.04534,glyma.Wm82.gnm4.ann1.Glyma.06G108100.3,glyma.Wm82.gnm4.ann1.Glyma.04G254100.1,glyma.Wm82.gnm4.ann1.Glyma.13G084600.1,glyma.Wm82.gnm4.ann1.Glyma.14G166300.1,Glyma.06G108100,Glyma.04G254100,Glyma.13G084600,Glyma.14G166300
Legume.fam3.04537,glyma.Wm82.gnm4.ann1.Glyma.04G030400.1,glyma.Wm82.gnm4.ann1.Glyma.06G030500.1,glyma.Wm82.gnm4.ann1.Glyma.14G072600.1,glyma.Wm82.gnm4.ann1.Glyma.17G252400.1,Glyma.04G030400,Glyma.06G030500,Glyma.14G072600,Glyma.17G252400
Legume.fam3.04539,glyma.Wm82.gnm4.ann1.Glyma.14G219300.1,glyma.Wm82.gnm4.ann1.Glyma.17G258300.1,glyma.Wm82.gnm4.ann1.Glyma.06G024100.1,glyma.Wm82.gnm4.ann1.Glyma.04G023900.1,Glyma.14G219300,Glyma.17G258300,Glyma.06G024100,Glyma.04G023900
Legume.fam3.04540,glyma.Wm82.gnm4.ann1.Glyma.02G300100.1,glyma.Wm82.gnm4.ann1.Glyma.14G013800.1,glyma.Wm82.gnm4.ann1.Glyma.08G329000.1,glyma.Wm82.gnm4.ann1.Glyma.18G077800.3,Glyma.02G300100,Glyma.14G013800,Glyma.08G329000,Glyma.18G077800
Legume.fam3.04544,glyma.Wm82.gnm4.ann1.Glyma.08G185900.1,glyma.Wm82.gnm4.ann1.Glyma.15G046900.1,glyma.Wm82.gnm4.ann1.Glyma.05G169600.2,glyma.Wm82.gnm4.ann1.Glyma.08G127900.1,Glyma.08G185900,Glyma.15G046900,Glyma.05G169600,Glyma.08G127900
Legume.fam3.04554,glyma.Wm82.gnm4.ann1.Glyma.13G051500.1,glyma.Wm82.gnm4.ann1.Glyma.19G036800.1,glyma.Wm82.gnm4.ann1.Glyma.18G276000.1,glyma.Wm82.gnm4.ann1.Glyma.08G253700.1,Glyma.13G051500,Glyma.19G036800,Glyma.18G276000,Glyma.08G253700
Legume.fam3.04556,glyma.Wm82.gnm4.ann1.Glyma.19G025500.1,glyma.Wm82.gnm4.ann1.Glyma.13G060900.1,glyma.Wm82.gnm4.ann1.Glyma.18G262500.2,glyma.Wm82.gnm4.ann1.Glyma.09G234800.3,Glyma.19G025500,Glyma.13G060900,Glyma.18G262500,Glyma.09G234800
Legume.fam3.04560,glyma.Wm82.gnm4.ann1.Glyma.03G174700.1,glyma.Wm82.gnm4.ann1.Glyma.19G175500.1,glyma.Wm82.gnm4.ann1.Glyma.10G046200.1,glyma.Wm82.gnm4.ann1.Glyma.13G134300.1,Glyma.03G174700,Glyma.19G175500,Glyma.10G046200,Glyma.13G134300
Legume.fam3.04561,glyma.Wm82.gnm4.ann1.Glyma.03G162300.1,glyma.Wm82.gnm4.ann1.Glyma.19G163600.1,glyma.Wm82.gnm4.ann1.Glyma.13G122400.1,glyma.Wm82.gnm4.ann1.Glyma.10G036000.1,Glyma.03G162300,Glyma.19G163600,Glyma.13G122400,Glyma.10G036000
Legume.fam3.04563,glyma.Wm82.gnm4.ann1.Glyma.19G227600.1,glyma.Wm82.gnm4.ann1.Glyma.03G230100.1,glyma.Wm82.gnm4.ann1.Glyma.20G094600.1,glyma.Wm82.gnm4.ann1.Glyma.10G145400.2,Glyma.19G227600,Glyma.03G230100,Glyma.20G094600,Glyma.10G145400
Legume.fam3.04564,glyma.Wm82.gnm4.ann1.Glyma.20G234600.3,glyma.Wm82.gnm4.ann1.Glyma.10G153700.1,glyma.Wm82.gnm4.ann1.Glyma.19G234600.1,glyma.Wm82.gnm4.ann1.Glyma.03G236900.1,Glyma.20G234600,Glyma.10G153700,Glyma.19G234600,Glyma.03G236900
Legume.fam3.04565,glyma.Wm82.gnm4.ann1.Glyma.19G235300.1,glyma.Wm82.gnm4.ann1.Glyma.03G237700.1,glyma.Wm82.gnm4.ann1.Glyma.20G234200.1,glyma.Wm82.gnm4.ann1.Glyma.10G154100.1,Glyma.19G235300,Glyma.03G237700,Glyma.20G234200,Glyma.10G154100
Legume.fam3.04570,glyma.Wm82.gnm4.ann1.Glyma.07G050700.1,glyma.Wm82.gnm4.ann1.Glyma.16G019500.1,glyma.Wm82.gnm4.ann1.Glyma.16G018600.5,glyma.Wm82.gnm4.ann1.Glyma.07G050000.5,Glyma.07G050700,Glyma.16G019500,Glyma.16G018600,Glyma.07G050000
Legume.fam3.04574,glyma.Wm82.gnm4.ann1.Glyma.08G202900.1,glyma.Wm82.gnm4.ann1.Glyma.07G017700.1,glyma.Wm82.gnm4.ann1.Glyma.15G018300.3,glyma.Wm82.gnm4.ann1.Glyma.13G355800.1,Glyma.08G202900,Glyma.07G017700,Glyma.15G018300,Glyma.13G355800
Legume.fam3.04576,glyma.Wm82.gnm4.ann1.Glyma.08G215900.1,glyma.Wm82.gnm4.ann1.Glyma.07G026500.3,glyma.Wm82.gnm4.ann1.Glyma.15G004800.1,glyma.Wm82.gnm4.ann1.Glyma.13G369000.1,Glyma.08G215900,Glyma.07G026500,Glyma.15G004800,Glyma.13G369000
Legume.fam3.04588,glyma.Wm82.gnm4.ann1.Glyma.07G034600.1,glyma.Wm82.gnm4.ann1.Glyma.08G207400.3,glyma.Wm82.gnm4.ann1.Glyma.13G360400.3,glyma.Wm82.gnm4.ann1.Glyma.15G013500.3,Glyma.07G034600,Glyma.08G207400,Glyma.13G360400,Glyma.15G013500
Legume.fam3.04594,glyma.Wm82.gnm4.ann1.Glyma.18G204900.1,glyma.Wm82.gnm4.ann1.Glyma.07G153900.3,glyma.Wm82.gnm4.ann1.Glyma.01G123600.2,glyma.Wm82.gnm4.ann1.Glyma.03G051400.1,Glyma.18G204900,Glyma.07G153900,Glyma.01G123600,Glyma.03G051400
Legume.fam3.04597,glyma.Wm82.gnm4.ann1.Glyma.05G040900.2,glyma.Wm82.gnm4.ann1.Glyma.17G085400.1,glyma.Wm82.gnm4.ann1.Glyma.04G187500.1,glyma.Wm82.gnm4.ann1.Glyma.06G178300.1,Glyma.05G040900,Glyma.17G085400,Glyma.04G187500,Glyma.06G178300
Legume.fam3.04602,glyma.Wm82.gnm4.ann1.Glyma.05G202500.1,glyma.Wm82.gnm4.ann1.Glyma.08G009800.1,glyma.Wm82.gnm4.ann1.Glyma.06G166700.1,glyma.Wm82.gnm4.ann1.Glyma.04G198700.1,Glyma.05G202500,Glyma.08G009800,Glyma.06G166700,Glyma.04G198700
Legume.fam3.04604,glyma.Wm82.gnm4.ann1.Glyma.04G207200.1,glyma.Wm82.gnm4.ann1.Glyma.06G158400.1,glyma.Wm82.gnm4.ann1.Glyma.05G195900.1,glyma.Wm82.gnm4.ann1.Glyma.08G003500.1,Glyma.04G207200,Glyma.06G158400,Glyma.05G195900,Glyma.08G003500
Legume.fam3.04608,glyma.Wm82.gnm4.ann1.Glyma.18G008600.1,glyma.Wm82.gnm4.ann1.Glyma.11G248600.1,glyma.Wm82.gnm4.ann1.Glyma.08G102700.1,glyma.Wm82.gnm4.ann1.Glyma.05G145900.1,Glyma.18G008600,Glyma.11G248600,Glyma.08G102700,Glyma.05G145900
Legume.fam3.04610,glyma.Wm82.gnm4.ann1.Glyma.06G211600.1,glyma.Wm82.gnm4.ann1.Glyma.04G151200.1,glyma.Wm82.gnm4.ann1.Glyma.05G011600.1,glyma.Wm82.gnm4.ann1.Glyma.17G119800.1,Glyma.06G211600,Glyma.04G151200,Glyma.05G011600,Glyma.17G119800
Legume.fam3.04612,glyma.Wm82.gnm4.ann1.Glyma.15G203400.1,glyma.Wm82.gnm4.ann1.Glyma.09G097200.1,glyma.Wm82.gnm4.ann1.Glyma.17G104300.1,glyma.Wm82.gnm4.ann1.Glyma.13G156700.1,Glyma.15G203400,Glyma.09G097200,Glyma.17G104300,Glyma.13G156700
Legume.fam3.04618,glyma.Wm82.gnm4.ann1.Glyma.12G216100.3,glyma.Wm82.gnm4.ann1.Glyma.13G285400.2,glyma.Wm82.gnm4.ann1.Glyma.12G137700.1,glyma.Wm82.gnm4.ann1.Glyma.06G265500.4,Glyma.12G216100,Glyma.13G285400,Glyma.12G137700,Glyma.06G265500
Legume.fam3.04619,glyma.Wm82.gnm4.ann1.Glyma.06G265600.3,glyma.Wm82.gnm4.ann1.Glyma.12G137100.14,glyma.Wm82.gnm4.ann1.Glyma.12G216000.1,glyma.Wm82.gnm4.ann1.Glyma.13G285500.5,Glyma.06G265600,Glyma.12G137100,Glyma.12G216000,Glyma.13G285500
Legume.fam3.04622,glyma.Wm82.gnm4.ann1.Glyma.15G147200.1,glyma.Wm82.gnm4.ann1.Glyma.09G045400.1,glyma.Wm82.gnm4.ann1.Glyma.17G025800.1,glyma.Wm82.gnm4.ann1.Glyma.07G248300.1,Glyma.15G147200,Glyma.09G045400,Glyma.17G025800,Glyma.07G248300
Legume.fam3.04629,glyma.Wm82.gnm4.ann1.Glyma.11G254300.1,glyma.Wm82.gnm4.ann1.Glyma.18G002800.1,glyma.Wm82.gnm4.ann1.Glyma.08G108000.1,glyma.Wm82.gnm4.ann1.Glyma.05G151300.2,Glyma.11G254300,Glyma.18G002800,Glyma.08G108000,Glyma.05G151300
Legume.fam3.04631,glyma.Wm82.gnm4.ann1.Glyma.11G065200.1,glyma.Wm82.gnm4.ann1.Glyma.01G177200.1,glyma.Wm82.gnm4.ann1.Glyma.16G141300.1,glyma.Wm82.gnm4.ann1.Glyma.02G058700.1,Glyma.11G065200,Glyma.01G177200,Glyma.16G141300,Glyma.02G058700
Legume.fam3.04639,glyma.Wm82.gnm4.ann1.Glyma.17G135900.1,glyma.Wm82.gnm4.ann1.Glyma.05G053400.1,glyma.Wm82.gnm4.ann1.Glyma.01G212600.1,glyma.Wm82.gnm4.ann1.Glyma.11G029200.1,Glyma.17G135900,Glyma.05G053400,Glyma.01G212600,Glyma.11G029200
Legume.fam3.04644,glyma.Wm82.gnm4.ann1.Glyma.08G024800.1,glyma.Wm82.gnm4.ann1.Glyma.05G218700.1,glyma.Wm82.gnm4.ann1.Glyma.13G002800.2,glyma.Wm82.gnm4.ann1.Glyma.20G066300.1,Glyma.08G024800,Glyma.05G218700,Glyma.13G002800,Glyma.20G066300
Legume.fam3.04649,glyma.Wm82.gnm4.ann1.Glyma.01G038600.1,glyma.Wm82.gnm4.ann1.Glyma.02G026300.1,glyma.Wm82.gnm4.ann1.Glyma.18G129900.1,glyma.Wm82.gnm4.ann1.Glyma.08G293300.1,Glyma.01G038600,Glyma.02G026300,Glyma.18G129900,Glyma.08G293300
Legume.fam3.04660,glyma.Wm82.gnm4.ann1.Glyma.17G143600.1,glyma.Wm82.gnm4.ann1.Glyma.05G061900.1,glyma.Wm82.gnm4.ann1.Glyma.01G207600.1,glyma.Wm82.gnm4.ann1.Glyma.11G034900.1,Glyma.17G143600,Glyma.05G061900,Glyma.01G207600,Glyma.11G034900
Legume.fam3.04661,glyma.Wm82.gnm4.ann1.Glyma.07G165800.1,glyma.Wm82.gnm4.ann1.Glyma.09G119700.1,glyma.Wm82.gnm4.ann1.Glyma.10G264600.1,glyma.Wm82.gnm4.ann1.Glyma.20G125800.1,Glyma.07G165800,Glyma.09G119700,Glyma.10G264600,Glyma.20G125800
Legume.fam3.04668,glyma.Wm82.gnm4.ann1.Glyma.20G162500.2,glyma.Wm82.gnm4.ann1.Glyma.10G231300.3,glyma.Wm82.gnm4.ann1.Glyma.09G132500.1,glyma.Wm82.gnm4.ann1.Glyma.16G179300.11,Glyma.20G162500,Glyma.10G231300,Glyma.09G132500,Glyma.16G179300
Legume.fam3.04679,glyma.Wm82.gnm4.ann1.Glyma.06G190400.1,glyma.Wm82.gnm4.ann1.Glyma.04G174300.1,glyma.Wm82.gnm4.ann1.Glyma.05G029700.1,glyma.Wm82.gnm4.ann1.Glyma.17G097100.1,Glyma.06G190400,Glyma.04G174300,Glyma.05G029700,Glyma.17G097100
Legume.fam3.04692,glyma.Wm82.gnm4.ann1.Glyma.12G172300.1,glyma.Wm82.gnm4.ann1.Glyma.13G325800.1,glyma.Wm82.gnm4.ann1.Glyma.12G075600.1,glyma.Wm82.gnm4.ann1.Glyma.11G146200.1,Glyma.12G172300,Glyma.13G325800,Glyma.12G075600,Glyma.11G146200
Legume.fam3.04694,glyma.Wm82.gnm4.ann1.Glyma.13G271700.1,glyma.Wm82.gnm4.ann1.Glyma.12G228300.1,glyma.Wm82.gnm4.ann1.Glyma.12G158900.1,glyma.Wm82.gnm4.ann1.Glyma.06G232300.1,Glyma.13G271700,Glyma.12G228300,Glyma.12G158900,Glyma.06G232300
Legume.fam3.04701,glyma.Wm82.gnm4.ann1.Glyma.08G103600.1,glyma.Wm82.gnm4.ann1.Glyma.05G146700.1,glyma.Wm82.gnm4.ann1.Glyma.11G249600.1,glyma.Wm82.gnm4.ann1.Glyma.18G007600.1,Glyma.08G103600,Glyma.05G146700,Glyma.11G249600,Glyma.18G007600
Legume.fam3.04703,glyma.Wm82.gnm4.ann1.Glyma.15G037300.1,glyma.Wm82.gnm4.ann1.Glyma.13G337100.6,glyma.Wm82.gnm4.ann1.Glyma.12G062300.1,glyma.Wm82.gnm4.ann1.Glyma.11G138700.6,Glyma.15G037300,Glyma.13G337100,Glyma.12G062300,Glyma.11G138700
Legume.fam3.04713,glyma.Wm82.gnm4.ann1.Glyma.05G133000.1,glyma.Wm82.gnm4.ann1.Glyma.08G087400.1,glyma.Wm82.gnm4.ann1.Glyma.09G051900.1,glyma.Wm82.gnm4.ann1.Glyma.15G158200.1,Glyma.05G133000,Glyma.08G087400,Glyma.09G051900,Glyma.15G158200
Legume.fam3.04742,glyma.Wm82.gnm4.ann1.Glyma.10G177200.1,glyma.Wm82.gnm4.ann1.Glyma.20G212900.1,glyma.Wm82.gnm4.ann1.Glyma.09G154700.2,glyma.Wm82.gnm4.ann1.Glyma.16G205200.1,Glyma.10G177200,Glyma.20G212900,Glyma.09G154700,Glyma.16G205200
Legume.fam3.04743,glyma.Wm82.gnm4.ann1.Glyma.05G248200.1,glyma.Wm82.gnm4.ann1.Glyma.08G056700.2,glyma.Wm82.gnm4.ann1.Glyma.07G107200.1,glyma.Wm82.gnm4.ann1.Glyma.09G170500.1,Glyma.05G248200,Glyma.08G056700,Glyma.07G107200,Glyma.09G170500
Legume.fam3.04747,glyma.Wm82.gnm4.ann1.Glyma.09G190000.1,glyma.Wm82.gnm4.ann1.Glyma.07G086900.1,glyma.Wm82.gnm4.ann1.Glyma.08G039000.1,glyma.Wm82.gnm4.ann1.Glyma.05G231500.1,Glyma.09G190000,Glyma.07G086900,Glyma.08G039000,Glyma.05G231500
Legume.fam3.04753,glyma.Wm82.gnm4.ann1.Glyma.10G059601.1,glyma.Wm82.gnm4.ann1.Glyma.13G146300.1,glyma.Wm82.gnm4.ann1.Glyma.19G186100.1,glyma.Wm82.gnm4.ann1.Glyma.03G185900.1,Glyma.10G059601,Glyma.13G146300,Glyma.19G186100,Glyma.03G185900
Legume.fam3.04764,glyma.Wm82.gnm4.ann1.Glyma.10G102000.1,glyma.Wm82.gnm4.ann1.Glyma.02G162500.1,glyma.Wm82.gnm4.ann1.Glyma.19G126900.1,glyma.Wm82.gnm4.ann1.Glyma.03G123300.1,Glyma.10G102000,Glyma.02G162500,Glyma.19G126900,Glyma.03G123300
Legume.fam3.04767,glyma.Wm82.gnm4.ann1.Glyma.02G065500.1,glyma.Wm82.gnm4.ann1.Glyma.16G146600.1,glyma.Wm82.gnm4.ann1.Glyma.19G101000.1,glyma.Wm82.gnm4.ann1.Glyma.16G050200.1,Glyma.02G065500,Glyma.16G146600,Glyma.19G101000,Glyma.16G050200
Legume.fam3.04773,glyma.Wm82.gnm4.ann1.Glyma.10G146700.4,glyma.Wm82.gnm4.ann1.Glyma.20G096700.3,glyma.Wm82.gnm4.ann1.Glyma.03G231000.1,glyma.Wm82.gnm4.ann1.Glyma.19G228200.1,Glyma.10G146700,Glyma.20G096700,Glyma.03G231000,Glyma.19G228200
Legume.fam3.04774,glyma.Wm82.gnm4.ann1.Glyma.20G232200.1,glyma.Wm82.gnm4.ann1.Glyma.10G156100.1,glyma.Wm82.gnm4.ann1.Glyma.03G239800.1,glyma.Wm82.gnm4.ann1.Glyma.19G236700.1,Glyma.20G232200,Glyma.10G156100,Glyma.03G239800,Glyma.19G236700
Legume.fam3.04788,glyma.Wm82.gnm4.ann1.Glyma.17G254300.1,glyma.Wm82.gnm4.ann1.Glyma.14G070300.1,glyma.Wm82.gnm4.ann1.Glyma.06G028400.1,glyma.Wm82.gnm4.ann1.Glyma.04G028200.1,Glyma.17G254300,Glyma.14G070300,Glyma.06G028400,Glyma.04G028200
Legume.fam3.04791,glyma.Wm82.gnm4.ann1.Glyma.13G030900.1,glyma.Wm82.gnm4.ann1.Glyma.14G152700.1,glyma.Wm82.gnm4.ann1.Glyma.04G249000.1,glyma.Wm82.gnm4.ann1.Glyma.06G114000.1,Glyma.13G030900,Glyma.14G152700,Glyma.04G249000,Glyma.06G114000
Legume.fam3.04794,glyma.Wm82.gnm4.ann1.Glyma.02G211800.1,glyma.Wm82.gnm4.ann1.Glyma.14G179500.1,glyma.Wm82.gnm4.ann1.Glyma.04G093500.1,glyma.Wm82.gnm4.ann1.Glyma.06G095400.1,Glyma.02G211800,Glyma.14G179500,Glyma.04G093500,Glyma.06G095400
Legume.fam3.04798,glyma.Wm82.gnm4.ann1.Glyma.04G089900.1,glyma.Wm82.gnm4.ann1.Glyma.06G091700.3,glyma.Wm82.gnm4.ann1.Glyma.14G185400.1,glyma.Wm82.gnm4.ann1.Glyma.02G218100.3,Glyma.04G089900,Glyma.06G091700,Glyma.14G185400,Glyma.02G218100
Legume.fam3.04804,glyma.Wm82.gnm4.ann1.Glyma.06G056400.1,glyma.Wm82.gnm4.ann1.Glyma.04G056200.1,glyma.Wm82.gnm4.ann1.Glyma.17G226100.2,glyma.Wm82.gnm4.ann1.Glyma.14G098600.3,Glyma.06G056400,Glyma.04G056200,Glyma.17G226100,Glyma.14G098600
Legume.fam3.04826,glyma.Wm82.gnm4.ann1.Glyma.02G229400.1,glyma.Wm82.gnm4.ann1.Glyma.14G197100.1,glyma.Wm82.gnm4.ann1.Glyma.11G167200.1,glyma.Wm82.gnm4.ann1.Glyma.18G059700.1,Glyma.02G229400,Glyma.14G197100,Glyma.11G167200,Glyma.18G059700
Legume.fam3.04840,glyma.Wm82.gnm4.ann1.Glyma.02G224400.3,glyma.Wm82.gnm4.ann1.Glyma.14G191100.1,glyma.Wm82.gnm4.ann1.Glyma.18G064700.1,glyma.Wm82.gnm4.ann1.Glyma.11G176900.3,Glyma.02G224400,Glyma.14G191100,Glyma.18G064700,Glyma.11G176900
Legume.fam3.04842,glyma.Wm82.gnm4.ann1.Glyma.18G071000.5,glyma.Wm82.gnm4.ann1.Glyma.08G335900.4,glyma.Wm82.gnm4.ann1.Glyma.14G010000.1,glyma.Wm82.gnm4.ann1.Glyma.02G303800.7,Glyma.18G071000,Glyma.08G335900,Glyma.14G010000,Glyma.02G303800
Legume.fam3.04847,glyma.Wm82.gnm4.ann1.Glyma.04G119700.7,glyma.Wm82.gnm4.ann1.Glyma.06G318400.4,glyma.Wm82.gnm4.ann1.Glyma.09G231400.8,glyma.Wm82.gnm4.ann1.Glyma.12G005200.2,Glyma.04G119700,Glyma.06G318400,Glyma.09G231400,Glyma.12G005200
Legume.fam3.04859,glyma.Wm82.gnm4.ann1.Glyma.08G180000.1,glyma.Wm82.gnm4.ann1.Glyma.15G052400.1,glyma.Wm82.gnm4.ann1.Glyma.08G074000.1,glyma.Wm82.gnm4.ann1.Glyma.05G119000.4,Glyma.08G180000,Glyma.15G052400,Glyma.08G074000,Glyma.05G119000
Legume.fam3.04863,glyma.Wm82.gnm4.ann1.Glyma.07G188400.1,glyma.Wm82.gnm4.ann1.Glyma.08G061100.1,glyma.Wm82.gnm4.ann1.Glyma.15G064800.1,glyma.Wm82.gnm4.ann1.Glyma.13G249400.1,Glyma.07G188400,Glyma.08G061100,Glyma.15G064800,Glyma.13G249400
Legume.fam3.04867,glyma.Wm82.gnm4.ann1.Glyma.15G095400.1,glyma.Wm82.gnm4.ann1.Glyma.13G217100.1,glyma.Wm82.gnm4.ann1.Glyma.08G307702.1,glyma.Wm82.gnm4.ann1.Glyma.18G110000.1,Glyma.15G095400,Glyma.13G217100,Glyma.08G307702,Glyma.18G110000
Legume.fam3.04868,glyma.Wm82.gnm4.ann1.Glyma.02G072400.1,glyma.Wm82.gnm4.ann1.Glyma.16G153600.1,glyma.Wm82.gnm4.ann1.Glyma.19G112700.1,glyma.Wm82.gnm4.ann1.Glyma.16G040400.1,Glyma.02G072400,Glyma.16G153600,Glyma.19G112700,Glyma.16G040400
Legume.fam3.04873,glyma.Wm82.gnm4.ann1.Glyma.19G155300.1,glyma.Wm82.gnm4.ann1.Glyma.03G152800.5,glyma.Wm82.gnm4.ann1.Glyma.02G147800.1,glyma.Wm82.gnm4.ann1.Glyma.10G026000.1,Glyma.19G155300,Glyma.03G152800,Glyma.02G147800,Glyma.10G026000
Legume.fam3.04875,glyma.Wm82.gnm4.ann1.Glyma.19G222000.1,glyma.Wm82.gnm4.ann1.Glyma.03G225000.1,glyma.Wm82.gnm4.ann1.Glyma.02G007000.2,glyma.Wm82.gnm4.ann1.Glyma.10G138800.1,Glyma.19G222000,Glyma.03G225000,Glyma.02G007000,Glyma.10G138800
Legume.fam3.04878,glyma.Wm82.gnm4.ann1.Glyma.03G257500.1,glyma.Wm82.gnm4.ann1.Glyma.19G255800.2,glyma.Wm82.gnm4.ann1.Glyma.16G024500.1,glyma.Wm82.gnm4.ann1.Glyma.07G055800.1,Glyma.03G257500,Glyma.19G255800,Glyma.16G024500,Glyma.07G055800
Legume.fam3.04886,glyma.Wm82.gnm4.ann1.Glyma.13G356600.1,glyma.Wm82.gnm4.ann1.Glyma.15G017500.1,glyma.Wm82.gnm4.ann1.Glyma.08G203100.1,glyma.Wm82.gnm4.ann1.Glyma.07G018100.1,Glyma.13G356600,Glyma.15G017500,Glyma.08G203100,Glyma.07G018100
Legume.fam3.04904,glyma.Wm82.gnm4.ann1.Glyma.16G018800.1,glyma.Wm82.gnm4.ann1.Glyma.07G050100.1,glyma.Wm82.gnm4.ann1.Glyma.03G260700.1,glyma.Wm82.gnm4.ann1.Glyma.19G259600.1,Glyma.16G018800,Glyma.07G050100,Glyma.03G260700,Glyma.19G259600
Legume.fam3.04906,glyma.Wm82.gnm4.ann1.Glyma.07G023600.2,glyma.Wm82.gnm4.ann1.Glyma.08G218200.1,glyma.Wm82.gnm4.ann1.Glyma.13G369900.1,glyma.Wm82.gnm4.ann1.Glyma.15G003500.1,Glyma.07G023600,Glyma.08G218200,Glyma.13G369900,Glyma.15G003500
Legume.fam3.04909,glyma.Wm82.gnm4.ann1.Glyma.03G109100.1,glyma.Wm82.gnm4.ann1.Glyma.07G116300.1,glyma.Wm82.gnm4.ann1.Glyma.18G249502.1,glyma.Wm82.gnm4.ann1.Glyma.09G244000.1,Glyma.03G109100,Glyma.07G116300,Glyma.18G249502,Glyma.09G244000
Legume.fam3.04914,glyma.Wm82.gnm4.ann1.Glyma.03G065100.1,glyma.Wm82.gnm4.ann1.Glyma.01G098400.6,glyma.Wm82.gnm4.ann1.Glyma.18G181500.1,glyma.Wm82.gnm4.ann1.Glyma.07G132500.1,Glyma.03G065100,Glyma.01G098400,Glyma.18G181500,Glyma.07G132500
Legume.fam3.04915,glyma.Wm82.gnm4.ann1.Glyma.17G098400.1,glyma.Wm82.gnm4.ann1.Glyma.05G028400.2,glyma.Wm82.gnm4.ann1.Glyma.06G191500.1,glyma.Wm82.gnm4.ann1.Glyma.04G172800.1,Glyma.17G098400,Glyma.05G028400,Glyma.06G191500,Glyma.04G172800
Legume.fam3.04927,glyma.Wm82.gnm4.ann1.Glyma.09G095800.1,glyma.Wm82.gnm4.ann1.Glyma.15G202100.1,glyma.Wm82.gnm4.ann1.Glyma.17G105000.1,glyma.Wm82.gnm4.ann1.Glyma.13G157400.1,Glyma.09G095800,Glyma.15G202100,Glyma.17G105000,Glyma.13G157400
Legume.fam3.04932,glyma.Wm82.gnm4.ann1.Glyma.09G069500.1,glyma.Wm82.gnm4.ann1.Glyma.15G177500.1,glyma.Wm82.gnm4.ann1.Glyma.17G049500.2,glyma.Wm82.gnm4.ann1.Glyma.13G110200.2,Glyma.09G069500,Glyma.15G177500,Glyma.17G049500,Glyma.13G110200
Legume.fam3.04939,glyma.Wm82.gnm4.ann1.Glyma.09G079600.1,glyma.Wm82.gnm4.ann1.Glyma.15G186500.12,glyma.Wm82.gnm4.ann1.Glyma.17G041500.1,glyma.Wm82.gnm4.ann1.Glyma.13G118400.12,Glyma.09G079600,Glyma.15G186500,Glyma.17G041500,Glyma.13G118400
Legume.fam3.04943,glyma.Wm82.gnm4.ann1.Glyma.17G015800.1,glyma.Wm82.gnm4.ann1.Glyma.07G258300.1,glyma.Wm82.gnm4.ann1.Glyma.15G105800.4,glyma.Wm82.gnm4.ann1.Glyma.13G206800.1,Glyma.17G015800,Glyma.07G258300,Glyma.15G105800,Glyma.13G206800
Legume.fam3.04944,glyma.Wm82.gnm4.ann1.Glyma.20G099400.1,glyma.Wm82.gnm4.ann1.Glyma.10G289900.1,glyma.Wm82.gnm4.ann1.Glyma.02G093900.5,glyma.Wm82.gnm4.ann1.Glyma.18G288000.2,Glyma.20G099400,Glyma.10G289900,Glyma.02G093900,Glyma.18G288000
Legume.fam3.04952,glyma.Wm82.gnm4.ann1.Glyma.11G067400.1,glyma.Wm82.gnm4.ann1.Glyma.01G175200.1,glyma.Wm82.gnm4.ann1.Glyma.04G040600.1,glyma.Wm82.gnm4.ann1.Glyma.06G041500.1,Glyma.11G067400,Glyma.01G175200,Glyma.04G040600,Glyma.06G041500
Legume.fam3.04962,glyma.Wm82.gnm4.ann1.Glyma.01G204900.2,glyma.Wm82.gnm4.ann1.Glyma.11G038000.3,glyma.Wm82.gnm4.ann1.Glyma.11G040100.3,glyma.Wm82.gnm4.ann1.Glyma.01G202700.2,Glyma.01G204900,Glyma.11G038000,Glyma.11G040100,Glyma.01G202700
Legume.fam3.04968,glyma.Wm82.gnm4.ann1.Glyma.11G021200.1,glyma.Wm82.gnm4.ann1.Glyma.01G222300.1,glyma.Wm82.gnm4.ann1.Glyma.05G211900.1,glyma.Wm82.gnm4.ann1.Glyma.08G018300.1,Glyma.11G021200,Glyma.01G222300,Glyma.05G211900,Glyma.08G018300
Legume.fam3.04972,glyma.Wm82.gnm4.ann1.Glyma.16G076500.1,glyma.Wm82.gnm4.ann1.Glyma.16G109200.1,glyma.Wm82.gnm4.ann1.Glyma.09G218500.1,glyma.Wm82.gnm4.ann1.Glyma.01G153200.1,Glyma.16G076500,Glyma.16G109200,Glyma.09G218500,Glyma.01G153200
Legume.fam3.04973,glyma.Wm82.gnm4.ann1.Glyma.08G272500.2,glyma.Wm82.gnm4.ann1.Glyma.01G097000.1,glyma.Wm82.gnm4.ann1.Glyma.01G018800.1,glyma.Wm82.gnm4.ann1.Glyma.09G204100.1,Glyma.08G272500,Glyma.01G097000,Glyma.01G018800,Glyma.09G204100
Legume.fam3.04994,glyma.Wm82.gnm4.ann1.Glyma.01G208000.1,glyma.Wm82.gnm4.ann1.Glyma.11G034300.1,glyma.Wm82.gnm4.ann1.Glyma.05G060500.1,glyma.Wm82.gnm4.ann1.Glyma.17G142800.1,Glyma.01G208000,Glyma.11G034300,Glyma.05G060500,Glyma.17G142800
Legume.fam3.05002,glyma.Wm82.gnm4.ann1.Glyma.10G257700.1,glyma.Wm82.gnm4.ann1.Glyma.20G133400.1,glyma.Wm82.gnm4.ann1.Glyma.10G258300.1,glyma.Wm82.gnm4.ann1.Glyma.20G132800.1,Glyma.10G257700,Glyma.20G133400,Glyma.10G258300,Glyma.20G132800
Legume.fam3.05008,glyma.Wm82.gnm4.ann1.Glyma.13G177100.1,glyma.Wm82.gnm4.ann1.Glyma.07G199300.1,glyma.Wm82.gnm4.ann1.Glyma.15G076600.1,glyma.Wm82.gnm4.ann1.Glyma.13G236900.1,Glyma.13G177100,Glyma.07G199300,Glyma.15G076600,Glyma.13G236900
Legume.fam3.05010,glyma.Wm82.gnm4.ann1.Glyma.05G203000.1,glyma.Wm82.gnm4.ann1.Glyma.08G010500.1,glyma.Wm82.gnm4.ann1.Glyma.04G198000.2,glyma.Wm82.gnm4.ann1.Glyma.06G167600.1,Glyma.05G203000,Glyma.08G010500,Glyma.04G198000,Glyma.06G167600
Legume.fam3.05012,glyma.Wm82.gnm4.ann1.Glyma.04G184400.1,glyma.Wm82.gnm4.ann1.Glyma.06G181500.1,glyma.Wm82.gnm4.ann1.Glyma.17G088400.1,glyma.Wm82.gnm4.ann1.Glyma.05G038600.1,Glyma.04G184400,Glyma.06G181500,Glyma.17G088400,Glyma.05G038600
Legume.fam3.05028,glyma.Wm82.gnm4.ann1.Glyma.15G043400.2,glyma.Wm82.gnm4.ann1.Glyma.13G330600.1,glyma.Wm82.gnm4.ann1.Glyma.12G074300.1,glyma.Wm82.gnm4.ann1.Glyma.11G147108.1,Glyma.15G043400,Glyma.13G330600,Glyma.12G074300,Glyma.11G147108
Legume.fam3.05034,glyma.Wm82.gnm4.ann1.Glyma.12G193900.1,glyma.Wm82.gnm4.ann1.Glyma.13G308600.1,glyma.Wm82.gnm4.ann1.Glyma.12G099100.1,glyma.Wm82.gnm4.ann1.Glyma.06G305400.1,Glyma.12G193900,Glyma.13G308600,Glyma.12G099100,Glyma.06G305400
Legume.fam3.05037,glyma.Wm82.gnm4.ann1.Glyma.13G275100.1,glyma.Wm82.gnm4.ann1.Glyma.12G225800.1,glyma.Wm82.gnm4.ann1.Glyma.06G238700.1,glyma.Wm82.gnm4.ann1.Glyma.12G163062.1,Glyma.13G275100,Glyma.12G225800,Glyma.06G238700,Glyma.12G163062
Legume.fam3.05047,glyma.Wm82.gnm4.ann1.Glyma.18G146200.1,glyma.Wm82.gnm4.ann1.Glyma.08G279900.1,glyma.Wm82.gnm4.ann1.Glyma.02G041200.1,glyma.Wm82.gnm4.ann1.Glyma.01G023767.1,Glyma.18G146200,Glyma.08G279900,Glyma.02G041200,Glyma.01G023767
Legume.fam3.05048,glyma.Wm82.gnm4.ann1.Glyma.08G279800.2,glyma.Wm82.gnm4.ann1.Glyma.18G146600.1,glyma.Wm82.gnm4.ann1.Glyma.01G023600.1,glyma.Wm82.gnm4.ann1.Glyma.02G041400.3,Glyma.08G279800,Glyma.18G146600,Glyma.01G023600,Glyma.02G041400
Legume.fam3.05060,glyma.Wm82.gnm4.ann1.Glyma.06G275500.1,glyma.Wm82.gnm4.ann1.Glyma.12G129900.1,glyma.Wm82.gnm4.ann1.Glyma.13G289500.1,glyma.Wm82.gnm4.ann1.Glyma.12G212200.1,Glyma.06G275500,Glyma.12G129900,Glyma.13G289500,Glyma.12G212200
Legume.fam3.05066,glyma.Wm82.gnm4.ann1.Glyma.09G003400.1,glyma.Wm82.gnm4.ann1.Glyma.12G239600.1,glyma.Wm82.gnm4.ann1.Glyma.15G271400.1,glyma.Wm82.gnm4.ann1.Glyma.08G152000.1,Glyma.09G003400,Glyma.12G239600,Glyma.15G271400,Glyma.08G152000
Legume.fam3.05093,glyma.Wm82.gnm4.ann1.Glyma.20G153100.1,glyma.Wm82.gnm4.ann1.Glyma.10G241200.1,glyma.Wm82.gnm4.ann1.Glyma.16G201200.4,glyma.Wm82.gnm4.ann1.Glyma.09G149800.1,Glyma.20G153100,Glyma.10G241200,Glyma.16G201200,Glyma.09G149800
Legume.fam3.05095,glyma.Wm82.gnm4.ann1.Glyma.09G168000.1,glyma.Wm82.gnm4.ann1.Glyma.16G217800.1,glyma.Wm82.gnm4.ann1.Glyma.08G057400.3,glyma.Wm82.gnm4.ann1.Glyma.05G248800.1,Glyma.09G168000,Glyma.16G217800,Glyma.08G057400,Glyma.05G248800
Legume.fam3.05102,glyma.Wm82.gnm4.ann1.Glyma.02G147700.1,glyma.Wm82.gnm4.ann1.Glyma.10G026100.1,glyma.Wm82.gnm4.ann1.Glyma.19G155600.1,glyma.Wm82.gnm4.ann1.Glyma.03G153200.1,Glyma.02G147700,Glyma.10G026100,Glyma.19G155600,Glyma.03G153200
Legume.fam3.05104,glyma.Wm82.gnm4.ann1.Glyma.19G158300.1,glyma.Wm82.gnm4.ann1.Glyma.03G156000.4,glyma.Wm82.gnm4.ann1.Glyma.02G146000.1,glyma.Wm82.gnm4.ann1.Glyma.10G028000.8,Glyma.19G158300,Glyma.03G156000,Glyma.02G146000,Glyma.10G028000
Legume.fam3.05107,glyma.Wm82.gnm4.ann1.Glyma.13G139100.1,glyma.Wm82.gnm4.ann1.Glyma.10G051600.1,glyma.Wm82.gnm4.ann1.Glyma.19G180800.1,glyma.Wm82.gnm4.ann1.Glyma.03G180100.1,Glyma.13G139100,Glyma.10G051600,Glyma.19G180800,Glyma.03G180100
Legume.fam3.05109,glyma.Wm82.gnm4.ann1.Glyma.13G148500.1,glyma.Wm82.gnm4.ann1.Glyma.10G063900.1,glyma.Wm82.gnm4.ann1.Glyma.19G189000.1,glyma.Wm82.gnm4.ann1.Glyma.03G188800.1,Glyma.13G148500,Glyma.10G063900,Glyma.19G189000,Glyma.03G188800
Legume.fam3.05115,glyma.Wm82.gnm4.ann1.Glyma.10G083400.1,glyma.Wm82.gnm4.ann1.Glyma.02G193800.2,glyma.Wm82.gnm4.ann1.Glyma.03G203500.1,glyma.Wm82.gnm4.ann1.Glyma.19G200900.1,Glyma.10G083400,Glyma.02G193800,Glyma.03G203500,Glyma.19G200900
Legume.fam3.05117,glyma.Wm82.gnm4.ann1.Glyma.03G146900.1,glyma.Wm82.gnm4.ann1.Glyma.19G150300.1,glyma.Wm82.gnm4.ann1.Glyma.02G170500.1,glyma.Wm82.gnm4.ann1.Glyma.09G108000.3,Glyma.03G146900,Glyma.19G150300,Glyma.02G170500,Glyma.09G108000
Legume.fam3.05135,glyma.Wm82.gnm4.ann1.Glyma.19G214200.1,glyma.Wm82.gnm4.ann1.Glyma.03G217600.1,glyma.Wm82.gnm4.ann1.Glyma.02G015300.2,glyma.Wm82.gnm4.ann1.Glyma.10G015900.1,Glyma.19G214200,Glyma.03G217600,Glyma.02G015300,Glyma.10G015900
Legume.fam3.05139,glyma.Wm82.gnm4.ann1.Glyma.10G148100.1,glyma.Wm82.gnm4.ann1.Glyma.20G239500.1,glyma.Wm82.gnm4.ann1.Glyma.03G232100.1,glyma.Wm82.gnm4.ann1.Glyma.19G229100.1,Glyma.10G148100,Glyma.20G239500,Glyma.03G232100,Glyma.19G229100
Legume.fam3.05143,glyma.Wm82.gnm4.ann1.Glyma.19G236500.1,glyma.Wm82.gnm4.ann1.Glyma.03G239600.1,glyma.Wm82.gnm4.ann1.Glyma.20G232300.4,glyma.Wm82.gnm4.ann1.Glyma.10G156000.2,Glyma.19G236500,Glyma.03G239600,Glyma.20G232300,Glyma.10G156000
Legume.fam3.05145,glyma.Wm82.gnm4.ann1.Glyma.10G162200.1,glyma.Wm82.gnm4.ann1.Glyma.20G224600.4,glyma.Wm82.gnm4.ann1.Glyma.03G247200.1,glyma.Wm82.gnm4.ann1.Glyma.19G244900.1,Glyma.10G162200,Glyma.20G224600,Glyma.03G247200,Glyma.19G244900
Legume.fam3.05148,glyma.Wm82.gnm4.ann1.Glyma.03G248100.1,glyma.Wm82.gnm4.ann1.Glyma.19G246100.1,glyma.Wm82.gnm4.ann1.Glyma.20G226100.1,glyma.Wm82.gnm4.ann1.Glyma.10G163500.1,Glyma.03G248100,Glyma.19G246100,Glyma.20G226100,Glyma.10G163500
Legume.fam3.05167,glyma.Wm82.gnm4.ann1.Glyma.13G078400.1,glyma.Wm82.gnm4.ann1.Glyma.14G150600.1,glyma.Wm82.gnm4.ann1.Glyma.06G113500.1,glyma.Wm82.gnm4.ann1.Glyma.04G249400.1,Glyma.13G078400,Glyma.14G150600,Glyma.06G113500,Glyma.04G249400
Legume.fam3.05171,glyma.Wm82.gnm4.ann1.Glyma.14G174600.1,glyma.Wm82.gnm4.ann1.Glyma.13G089800.1,glyma.Wm82.gnm4.ann1.Glyma.06G102400.1,glyma.Wm82.gnm4.ann1.Glyma.04G100600.1,Glyma.14G174600,Glyma.13G089800,Glyma.06G102400,Glyma.04G100600
Legume.fam3.05172,glyma.Wm82.gnm4.ann1.Glyma.04G099200.1,glyma.Wm82.gnm4.ann1.Glyma.06G100900.1,glyma.Wm82.gnm4.ann1.Glyma.14G177400.1,glyma.Wm82.gnm4.ann1.Glyma.02G209200.1,Glyma.04G099200,Glyma.06G100900,Glyma.14G177400,Glyma.02G209200
Legume.fam3.05180,glyma.Wm82.gnm4.ann1.Glyma.14G116400.1,glyma.Wm82.gnm4.ann1.Glyma.17G211300.1,glyma.Wm82.gnm4.ann1.Glyma.06G068000.1,glyma.Wm82.gnm4.ann1.Glyma.04G066600.1,Glyma.14G116400,Glyma.17G211300,Glyma.06G068000,Glyma.04G066600
Legume.fam3.05186,glyma.Wm82.gnm4.ann1.Glyma.06G043400.1,glyma.Wm82.gnm4.ann1.Glyma.04G042900.2,glyma.Wm82.gnm4.ann1.Glyma.14G086600.1,glyma.Wm82.gnm4.ann1.Glyma.17G237800.1,Glyma.06G043400,Glyma.04G042900,Glyma.14G086600,Glyma.17G237800
Legume.fam3.05200,glyma.Wm82.gnm4.ann1.Glyma.08G310800.2,glyma.Wm82.gnm4.ann1.Glyma.18G104900.1,glyma.Wm82.gnm4.ann1.Glyma.02G288000.7,glyma.Wm82.gnm4.ann1.Glyma.14G026900.1,Glyma.08G310800,Glyma.18G104900,Glyma.02G288000,Glyma.14G026900
Legume.fam3.05208,glyma.Wm82.gnm4.ann1.Glyma.04G249100.1,glyma.Wm82.gnm4.ann1.Glyma.06G113900.3,glyma.Wm82.gnm4.ann1.Glyma.14G152800.1,glyma.Wm82.gnm4.ann1.Glyma.13G031100.1,Glyma.04G249100,Glyma.06G113900,Glyma.14G152800,Glyma.13G031100
Legume.fam3.05211,glyma.Wm82.gnm4.ann1.Glyma.04G037500.1,glyma.Wm82.gnm4.ann1.Glyma.06G038400.1,glyma.Wm82.gnm4.ann1.Glyma.17G243500.1,glyma.Wm82.gnm4.ann1.Glyma.14G081800.1,Glyma.04G037500,Glyma.06G038400,Glyma.17G243500,Glyma.14G081800
Legume.fam3.05212,glyma.Wm82.gnm4.ann1.Glyma.14G201600.1,glyma.Wm82.gnm4.ann1.Glyma.02G233800.1,glyma.Wm82.gnm4.ann1.Glyma.11G162100.1,glyma.Wm82.gnm4.ann1.Glyma.18G055600.1,Glyma.14G201600,Glyma.02G233800,Glyma.11G162100,Glyma.18G055600
Legume.fam3.05216,glyma.Wm82.gnm4.ann1.Glyma.11G062900.1,glyma.Wm82.gnm4.ann1.Glyma.01G179300.1,glyma.Wm82.gnm4.ann1.Glyma.02G228400.1,glyma.Wm82.gnm4.ann1.Glyma.14G195400.1,Glyma.11G062900,Glyma.01G179300,Glyma.02G228400,Glyma.14G195400
Legume.fam3.05219,glyma.Wm82.gnm4.ann1.Glyma.18G067800.1,glyma.Wm82.gnm4.ann1.Glyma.08G334900.4,glyma.Wm82.gnm4.ann1.Glyma.02G304300.1,glyma.Wm82.gnm4.ann1.Glyma.14G009500.1,Glyma.18G067800,Glyma.08G334900,Glyma.02G304300,Glyma.14G009500
Legume.fam3.05221,glyma.Wm82.gnm4.ann1.Glyma.14G036600.1,glyma.Wm82.gnm4.ann1.Glyma.02G277900.4,glyma.Wm82.gnm4.ann1.Glyma.07G235400.1,glyma.Wm82.gnm4.ann1.Glyma.20G043000.1,Glyma.14G036600,Glyma.02G277900,Glyma.07G235400,Glyma.20G043000
Legume.fam3.05233,glyma.Wm82.gnm4.ann1.Glyma.11G156700.1,glyma.Wm82.gnm4.ann1.Glyma.04G135400.1,glyma.Wm82.gnm4.ann1.Glyma.15G234100.1,glyma.Wm82.gnm4.ann1.Glyma.13G195800.1,Glyma.11G156700,Glyma.04G135400,Glyma.15G234100,Glyma.13G195800
Legume.fam3.05235,glyma.Wm82.gnm4.ann1.Glyma.05G077800.1,glyma.Wm82.gnm4.ann1.Glyma.19G071500.1,glyma.Wm82.gnm4.ann1.Glyma.19G090700.1,glyma.Wm82.gnm4.ann1.Glyma.16G057200.2,Glyma.05G077800,Glyma.19G071500,Glyma.19G090700,Glyma.16G057200
Legume.fam3.05238,glyma.Wm82.gnm4.ann1.Glyma.13G136300.2,glyma.Wm82.gnm4.ann1.Glyma.10G048500.1,glyma.Wm82.gnm4.ann1.Glyma.03G177300.2,glyma.Wm82.gnm4.ann1.Glyma.19G178000.1,Glyma.13G136300,Glyma.10G048500,Glyma.03G177300,Glyma.19G178000
Legume.fam3.05239,glyma.Wm82.gnm4.ann1.Glyma.03G160700.1,glyma.Wm82.gnm4.ann1.Glyma.19G162500.2,glyma.Wm82.gnm4.ann1.Glyma.10G034600.1,glyma.Wm82.gnm4.ann1.Glyma.13G120900.1,Glyma.03G160700,Glyma.19G162500,Glyma.10G034600,Glyma.13G120900
Legume.fam3.05240,glyma.Wm82.gnm4.ann1.Glyma.10G029500.4,glyma.Wm82.gnm4.ann1.Glyma.02G144600.3,glyma.Wm82.gnm4.ann1.Glyma.19G159400.4,glyma.Wm82.gnm4.ann1.Glyma.03G157200.3,Glyma.10G029500,Glyma.02G144600,Glyma.19G159400,Glyma.03G157200
Legume.fam3.05245,glyma.Wm82.gnm4.ann1.Glyma.20G214900.1,glyma.Wm82.gnm4.ann1.Glyma.10G175600.1,glyma.Wm82.gnm4.ann1.Glyma.09G157500.1,glyma.Wm82.gnm4.ann1.Glyma.16G208000.1,Glyma.20G214900,Glyma.10G175600,Glyma.09G157500,Glyma.16G208000
Legume.fam3.05260,glyma.Wm82.gnm4.ann1.Glyma.11G166128.1,glyma.Wm82.gnm4.ann1.Glyma.01G076900.1,glyma.Wm82.gnm4.ann1.Glyma.03G034000.1,glyma.Wm82.gnm4.ann1.Glyma.01G133501.1,Glyma.11G166128,Glyma.01G076900,Glyma.03G034000,Glyma.01G133501
Legume.fam3.05273,glyma.Wm82.gnm4.ann1.Glyma.07G030400.1,glyma.Wm82.gnm4.ann1.Glyma.08G212400.2,glyma.Wm82.gnm4.ann1.Glyma.15G007600.1,glyma.Wm82.gnm4.ann1.Glyma.13G365601.1,Glyma.07G030400,Glyma.08G212400,Glyma.15G007600,Glyma.13G365601
Legume.fam3.05283,glyma.Wm82.gnm4.ann1.Glyma.07G151200.1,glyma.Wm82.gnm4.ann1.Glyma.18G202500.1,glyma.Wm82.gnm4.ann1.Glyma.01G120800.1,glyma.Wm82.gnm4.ann1.Glyma.03G056800.1,Glyma.07G151200,Glyma.18G202500,Glyma.01G120800,Glyma.03G056800
Legume.fam3.05291,glyma.Wm82.gnm4.ann1.Glyma.12G224600.1,glyma.Wm82.gnm4.ann1.Glyma.13G276700.2,glyma.Wm82.gnm4.ann1.Glyma.06G242100.2,glyma.Wm82.gnm4.ann1.Glyma.12G155700.1,Glyma.12G224600,Glyma.13G276700,Glyma.06G242100,Glyma.12G155700
Legume.fam3.05296,glyma.Wm82.gnm4.ann1.Glyma.04G215100.1,glyma.Wm82.gnm4.ann1.Glyma.06G151100.2,glyma.Wm82.gnm4.ann1.Glyma.05G189500.1,glyma.Wm82.gnm4.ann1.Glyma.08G147100.2,Glyma.04G215100,Glyma.06G151100,Glyma.05G189500,Glyma.08G147100
Legume.fam3.05297,glyma.Wm82.gnm4.ann1.Glyma.08G100800.1,glyma.Wm82.gnm4.ann1.Glyma.05G144400.1,glyma.Wm82.gnm4.ann1.Glyma.18G011000.1,glyma.Wm82.gnm4.ann1.Glyma.11G246200.1,Glyma.08G100800,Glyma.05G144400,Glyma.18G011000,Glyma.11G246200
Legume.fam3.05302,glyma.Wm82.gnm4.ann1.Glyma.09G096700.2,glyma.Wm82.gnm4.ann1.Glyma.15G203000.1,glyma.Wm82.gnm4.ann1.Glyma.13G156800.1,glyma.Wm82.gnm4.ann1.Glyma.17G104400.1,Glyma.09G096700,Glyma.15G203000,Glyma.13G156800,Glyma.17G104400
Legume.fam3.05318,glyma.Wm82.gnm4.ann1.Glyma.05G151900.1,glyma.Wm82.gnm4.ann1.Glyma.08G108700.1,glyma.Wm82.gnm4.ann1.Glyma.11G254600.1,glyma.Wm82.gnm4.ann1.Glyma.18G002500.1,Glyma.05G151900,Glyma.08G108700,Glyma.11G254600,Glyma.18G002500
Legume.fam3.05319,glyma.Wm82.gnm4.ann1.Glyma.12G113500.1,glyma.Wm82.gnm4.ann1.Glyma.06G292300.1,glyma.Wm82.gnm4.ann1.Glyma.12G204900.1,glyma.Wm82.gnm4.ann1.Glyma.13G296500.1,Glyma.12G113500,Glyma.06G292300,Glyma.12G204900,Glyma.13G296500
Legume.fam3.05339,glyma.Wm82.gnm4.ann1.Glyma.05G209100.1,glyma.Wm82.gnm4.ann1.Glyma.08G015800.1,glyma.Wm82.gnm4.ann1.Glyma.01G220800.1,glyma.Wm82.gnm4.ann1.Glyma.11G022800.1,Glyma.05G209100,Glyma.08G015800,Glyma.01G220800,Glyma.11G022800
Legume.fam3.05395,glyma.Wm82.gnm4.ann1.Glyma.05G230300.6,glyma.Wm82.gnm4.ann1.Glyma.08G037800.2,glyma.Wm82.gnm4.ann1.Glyma.07G084900.1,glyma.Wm82.gnm4.ann1.Glyma.09G192000.2,Glyma.05G230300,Glyma.08G037800,Glyma.07G084900,Glyma.09G192000
Legume.fam3.05402,glyma.Wm82.gnm4.ann1.Glyma.13G343200.1,glyma.Wm82.gnm4.ann1.Glyma.15G031200.3,glyma.Wm82.gnm4.ann1.Glyma.12G053700.1,glyma.Wm82.gnm4.ann1.Glyma.11G129100.1,Glyma.13G343200,Glyma.15G031200,Glyma.12G053700,Glyma.11G129100
Legume.fam3.05415,glyma.Wm82.gnm4.ann1.Glyma.18G184500.1,glyma.Wm82.gnm4.ann1.Glyma.07G134800.1,glyma.Wm82.gnm4.ann1.Glyma.01G103500.1,glyma.Wm82.gnm4.ann1.Glyma.03G070500.1,Glyma.18G184500,Glyma.07G134800,Glyma.01G103500,Glyma.03G070500
Legume.fam3.05419,glyma.Wm82.gnm4.ann1.Glyma.06G149040.1,glyma.Wm82.gnm4.ann1.Glyma.04G217000.1,glyma.Wm82.gnm4.ann1.Glyma.08G145500.1,glyma.Wm82.gnm4.ann1.Glyma.05G187200.1,Glyma.06G149040,Glyma.04G217000,Glyma.08G145500,Glyma.05G187200
Legume.fam3.05425,glyma.Wm82.gnm4.ann1.Glyma.02G009500.1,glyma.Wm82.gnm4.ann1.Glyma.10G010100.1,glyma.Wm82.gnm4.ann1.Glyma.19G219600.1,glyma.Wm82.gnm4.ann1.Glyma.03G222400.1,Glyma.02G009500,Glyma.10G010100,Glyma.19G219600,Glyma.03G222400
Legume.fam3.05432,glyma.Wm82.gnm4.ann1.Glyma.18G037100.1,glyma.Wm82.gnm4.ann1.Glyma.11G220300.1,glyma.Wm82.gnm4.ann1.Glyma.02G249000.1,glyma.Wm82.gnm4.ann1.Glyma.14G067400.1,Glyma.18G037100,Glyma.11G220300,Glyma.02G249000,Glyma.14G067400
Legume.fam3.05449,glyma.Wm82.gnm4.ann1.Glyma.20G169500.1,glyma.Wm82.gnm4.ann1.Glyma.10G222100.1,glyma.Wm82.gnm4.ann1.Glyma.16G163800.1,glyma.Wm82.gnm4.ann1.Glyma.02G079400.1,Glyma.20G169500,Glyma.10G222100,Glyma.16G163800,Glyma.02G079400
Legume.fam3.05472,glyma.Wm82.gnm4.ann1.Glyma.02G152900.1,glyma.Wm82.gnm4.ann1.Glyma.10G021400.1,glyma.Wm82.gnm4.ann1.Glyma.03G209800.1,glyma.Wm82.gnm4.ann1.Glyma.19G207100.1,Glyma.02G152900,Glyma.10G021400,Glyma.03G209800,Glyma.19G207100
Legume.fam3.05477,glyma.Wm82.gnm4.ann1.Glyma.19G179100.1,glyma.Wm82.gnm4.ann1.Glyma.03G178300.1,glyma.Wm82.gnm4.ann1.Glyma.13G137600.1,glyma.Wm82.gnm4.ann1.Glyma.10G050100.1,Glyma.19G179100,Glyma.03G178300,Glyma.13G137600,Glyma.10G050100
Legume.fam3.05484,glyma.Wm82.gnm4.ann1.Glyma.03G147200.1,glyma.Wm82.gnm4.ann1.Glyma.19G150800.1,glyma.Wm82.gnm4.ann1.Glyma.02G170366.1,glyma.Wm82.gnm4.ann1.Glyma.09G107400.1,Glyma.03G147200,Glyma.19G150800,Glyma.02G170366,Glyma.09G107400
Legume.fam3.05499,glyma.Wm82.gnm4.ann1.Glyma.16G062700.2,glyma.Wm82.gnm4.ann1.Glyma.19G083600.1,glyma.Wm82.gnm4.ann1.Glyma.05G073800.1,glyma.Wm82.gnm4.ann1.Glyma.19G077000.1,Glyma.16G062700,Glyma.19G083600,Glyma.05G073800,Glyma.19G077000
Legume.fam3.05508,glyma.Wm82.gnm4.ann1.Glyma.19G228800.1,glyma.Wm82.gnm4.ann1.Glyma.03G231800.1,glyma.Wm82.gnm4.ann1.Glyma.10G147800.1,glyma.Wm82.gnm4.ann1.Glyma.20G239600.1,Glyma.19G228800,Glyma.03G231800,Glyma.10G147800,Glyma.20G239600
Legume.fam3.05528,glyma.Wm82.gnm4.ann1.Glyma.14G164400.1,glyma.Wm82.gnm4.ann1.Glyma.13G083100.1,glyma.Wm82.gnm4.ann1.Glyma.04G252700.1,glyma.Wm82.gnm4.ann1.Glyma.06G109800.3,Glyma.14G164400,Glyma.13G083100,Glyma.04G252700,Glyma.06G109800
Legume.fam3.05530,glyma.Wm82.gnm4.ann1.Glyma.13G088600.3,glyma.Wm82.gnm4.ann1.Glyma.14G172400.1,glyma.Wm82.gnm4.ann1.Glyma.06G104100.1,glyma.Wm82.gnm4.ann1.Glyma.04G102900.2,Glyma.13G088600,Glyma.14G172400,Glyma.06G104100,Glyma.04G102900
Legume.fam3.05531,glyma.Wm82.gnm4.ann1.Glyma.14G179000.1,glyma.Wm82.gnm4.ann1.Glyma.02G211400.2,glyma.Wm82.gnm4.ann1.Glyma.06G098900.3,glyma.Wm82.gnm4.ann1.Glyma.04G097100.1,Glyma.14G179000,Glyma.02G211400,Glyma.06G098900,Glyma.04G097100
Legume.fam3.05564,glyma.Wm82.gnm4.ann1.Glyma.11G095600.2,glyma.Wm82.gnm4.ann1.Glyma.12G021700.1,glyma.Wm82.gnm4.ann1.Glyma.11G015800.1,glyma.Wm82.gnm4.ann1.Glyma.01G226900.1,Glyma.11G095600,Glyma.12G021700,Glyma.11G015800,Glyma.01G226900
Legume.fam3.05571,glyma.Wm82.gnm4.ann1.Glyma.04G224100.1,glyma.Wm82.gnm4.ann1.Glyma.06G140800.1,glyma.Wm82.gnm4.ann1.Glyma.14G187700.1,glyma.Wm82.gnm4.ann1.Glyma.02G220100.1,Glyma.04G224100,Glyma.06G140800,Glyma.14G187700,Glyma.02G220100
Legume.fam3.05573,glyma.Wm82.gnm4.ann1.Glyma.06G123100.4,glyma.Wm82.gnm4.ann1.Glyma.04G240300.16,glyma.Wm82.gnm4.ann1.Glyma.13G038900.3,glyma.Wm82.gnm4.ann1.Glyma.14G122700.1,Glyma.06G123100,Glyma.04G240300,Glyma.13G038900,Glyma.14G122700
Legume.fam3.05584,glyma.Wm82.gnm4.ann1.Glyma.14G219900.1,glyma.Wm82.gnm4.ann1.Glyma.17G258900.1,glyma.Wm82.gnm4.ann1.Glyma.04G023600.1,glyma.Wm82.gnm4.ann1.Glyma.06G023600.4,Glyma.14G219900,Glyma.17G258900,Glyma.04G023600,Glyma.06G023600
Legume.fam3.05627,glyma.Wm82.gnm4.ann1.Glyma.13G353400.1,glyma.Wm82.gnm4.ann1.Glyma.15G020900.3,glyma.Wm82.gnm4.ann1.Glyma.08G199800.1,glyma.Wm82.gnm4.ann1.Glyma.07G014300.1,Glyma.13G353400,Glyma.15G020900,Glyma.08G199800,Glyma.07G014300
Legume.fam3.05668,glyma.Wm82.gnm4.ann1.Glyma.06G215600.1,glyma.Wm82.gnm4.ann1.Glyma.04G149800.1,glyma.Wm82.gnm4.ann1.Glyma.05G009902.1,glyma.Wm82.gnm4.ann1.Glyma.17G117800.1,Glyma.06G215600,Glyma.04G149800,Glyma.05G009902,Glyma.17G117800
Legume.fam3.05696,glyma.Wm82.gnm4.ann1.Glyma.11G075200.1,glyma.Wm82.gnm4.ann1.Glyma.01G168100.1,glyma.Wm82.gnm4.ann1.Glyma.16G130400.2,glyma.Wm82.gnm4.ann1.Glyma.02G050300.1,Glyma.11G075200,Glyma.01G168100,Glyma.16G130400,Glyma.02G050300
Legume.fam3.05700,glyma.Wm82.gnm4.ann1.Glyma.02G058800.3,glyma.Wm82.gnm4.ann1.Glyma.16G141500.3,glyma.Wm82.gnm4.ann1.Glyma.11G065000.1,glyma.Wm82.gnm4.ann1.Glyma.01G177400.7,Glyma.02G058800,Glyma.16G141500,Glyma.11G065000,Glyma.01G177400
Legume.fam3.05712,glyma.Wm82.gnm4.ann1.Glyma.01G206800.1,glyma.Wm82.gnm4.ann1.Glyma.11G036300.1,glyma.Wm82.gnm4.ann1.Glyma.17G145100.1,glyma.Wm82.gnm4.ann1.Glyma.05G063100.3,Glyma.01G206800,Glyma.11G036300,Glyma.17G145100,Glyma.05G063100
Legume.fam3.05719,glyma.Wm82.gnm4.ann1.Glyma.20G217200.2,glyma.Wm82.gnm4.ann1.Glyma.10G173000.1,glyma.Wm82.gnm4.ann1.Glyma.20G067600.1,glyma.Wm82.gnm4.ann1.Glyma.13G001900.1,Glyma.20G217200,Glyma.10G173000,Glyma.20G067600,Glyma.13G001900
Legume.fam3.05749,glyma.Wm82.gnm4.ann1.Glyma.01G211200.3,glyma.Wm82.gnm4.ann1.Glyma.11G030500.1,glyma.Wm82.gnm4.ann1.Glyma.17G137700.1,glyma.Wm82.gnm4.ann1.Glyma.05G055600.1,Glyma.01G211200,Glyma.11G030500,Glyma.17G137700,Glyma.05G055600
Legume.fam3.05750,glyma.Wm82.gnm4.ann1.Glyma.17G132200.1,glyma.Wm82.gnm4.ann1.Glyma.05G050200.1,glyma.Wm82.gnm4.ann1.Glyma.11G026900.1,glyma.Wm82.gnm4.ann1.Glyma.01G215600.1,Glyma.17G132200,Glyma.05G050200,Glyma.11G026900,Glyma.01G215600
Legume.fam3.05758,glyma.Wm82.gnm4.ann1.Glyma.10G233300.1,glyma.Wm82.gnm4.ann1.Glyma.20G161100.1,glyma.Wm82.gnm4.ann1.Glyma.16G181600.1,glyma.Wm82.gnm4.ann1.Glyma.09G136100.1,Glyma.10G233300,Glyma.20G161100,Glyma.16G181600,Glyma.09G136100
Legume.fam3.05763,glyma.Wm82.gnm4.ann1.Glyma.17G079000.4,glyma.Wm82.gnm4.ann1.Glyma.05G020400.1,glyma.Wm82.gnm4.ann1.Glyma.06G204100.1,glyma.Wm82.gnm4.ann1.Glyma.04G162100.1,Glyma.17G079000,Glyma.05G020400,Glyma.06G204100,Glyma.04G162100
Legume.fam3.05765,glyma.Wm82.gnm4.ann1.Glyma.04G152200.1,glyma.Wm82.gnm4.ann1.Glyma.06G210800.1,glyma.Wm82.gnm4.ann1.Glyma.05G013100.1,glyma.Wm82.gnm4.ann1.Glyma.17G121100.2,Glyma.04G152200,Glyma.06G210800,Glyma.05G013100,Glyma.17G121100
Legume.fam3.05772,glyma.Wm82.gnm4.ann1.Glyma.13G107900.1,glyma.Wm82.gnm4.ann1.Glyma.17G051400.5,glyma.Wm82.gnm4.ann1.Glyma.15G173300.2,glyma.Wm82.gnm4.ann1.Glyma.09G068400.4,Glyma.13G107900,Glyma.17G051400,Glyma.15G173300,Glyma.09G068400
Legume.fam3.05787,glyma.Wm82.gnm4.ann1.Glyma.11G010800.1,glyma.Wm82.gnm4.ann1.Glyma.01G228100.1,glyma.Wm82.gnm4.ann1.Glyma.11G091900.1,glyma.Wm82.gnm4.ann1.Glyma.12G018000.5,Glyma.11G010800,Glyma.01G228100,Glyma.11G091900,Glyma.12G018000
Legume.fam3.05797,glyma.Wm82.gnm4.ann1.Glyma.15G073200.1,glyma.Wm82.gnm4.ann1.Glyma.13G240100.1,glyma.Wm82.gnm4.ann1.Glyma.07G195800.1,glyma.Wm82.gnm4.ann1.Glyma.13G180500.1,Glyma.15G073200,Glyma.13G240100,Glyma.07G195800,Glyma.13G180500
Legume.fam3.05826,glyma.Wm82.gnm4.ann1.Glyma.03G052300.1,glyma.Wm82.gnm4.ann1.Glyma.01G123000.1,glyma.Wm82.gnm4.ann1.Glyma.07G153600.1,glyma.Wm82.gnm4.ann1.Glyma.18G204700.1,Glyma.03G052300,Glyma.01G123000,Glyma.07G153600,Glyma.18G204700
Legume.fam3.05831,glyma.Wm82.gnm4.ann1.Glyma.20G176200.2,glyma.Wm82.gnm4.ann1.Glyma.10G215500.1,glyma.Wm82.gnm4.ann1.Glyma.02G074300.2,glyma.Wm82.gnm4.ann1.Glyma.16G156000.1,Glyma.20G176200,Glyma.10G215500,Glyma.02G074300,Glyma.16G156000
Legume.fam3.05861,glyma.Wm82.gnm4.ann1.Glyma.19G163700.1,glyma.Wm82.gnm4.ann1.Glyma.03G162400.1,glyma.Wm82.gnm4.ann1.Glyma.13G122500.1,glyma.Wm82.gnm4.ann1.Glyma.10G036200.1,Glyma.19G163700,Glyma.03G162400,Glyma.13G122500,Glyma.10G036200
Legume.fam3.05863,glyma.Wm82.gnm4.ann1.Glyma.13G124400.9,glyma.Wm82.gnm4.ann1.Glyma.10G037900.5,glyma.Wm82.gnm4.ann1.Glyma.03G164300.1,glyma.Wm82.gnm4.ann1.Glyma.19G165700.1,Glyma.13G124400,Glyma.10G037900,Glyma.03G164300,Glyma.19G165700
Legume.fam3.05873,glyma.Wm82.gnm4.ann1.Glyma.02G201300.5,glyma.Wm82.gnm4.ann1.Glyma.10G075300.1,glyma.Wm82.gnm4.ann1.Glyma.19G196000.1,glyma.Wm82.gnm4.ann1.Glyma.03G198100.1,Glyma.02G201300,Glyma.10G075300,Glyma.19G196000,Glyma.03G198100
Legume.fam3.05904,glyma.Wm82.gnm4.ann1.Glyma.16G196000.1,glyma.Wm82.gnm4.ann1.Glyma.09G143000.1,glyma.Wm82.gnm4.ann1.Glyma.10G237600.1,glyma.Wm82.gnm4.ann1.Glyma.20G157001.1,Glyma.16G196000,Glyma.09G143000,Glyma.10G237600,Glyma.20G157001
Legume.fam3.05907,glyma.Wm82.gnm4.ann1.Glyma.17G250100.1,glyma.Wm82.gnm4.ann1.Glyma.14G075300.2,glyma.Wm82.gnm4.ann1.Glyma.06G032400.1,glyma.Wm82.gnm4.ann1.Glyma.04G032500.1,Glyma.17G250100,Glyma.14G075300,Glyma.06G032400,Glyma.04G032500
Legume.fam3.05951,glyma.Wm82.gnm4.ann1.Glyma.01G227000.1,glyma.Wm82.gnm4.ann1.Glyma.11G015700.1,glyma.Wm82.gnm4.ann1.Glyma.12G021600.1,glyma.Wm82.gnm4.ann1.Glyma.11G095501.1,Glyma.01G227000,Glyma.11G015700,Glyma.12G021600,Glyma.11G095501
Legume.fam3.05972,glyma.Wm82.gnm4.ann1.Glyma.11G167100.1,glyma.Wm82.gnm4.ann1.Glyma.18G059600.1,glyma.Wm82.gnm4.ann1.Glyma.02G229500.1,glyma.Wm82.gnm4.ann1.Glyma.14G197000.1,Glyma.11G167100,Glyma.18G059600,Glyma.02G229500,Glyma.14G197000
Legume.fam3.05980,glyma.Wm82.gnm4.ann1.Glyma.07G231500.8,glyma.Wm82.gnm4.ann1.Glyma.20G040500.1,glyma.Wm82.gnm4.ann1.Glyma.02G279600.2,glyma.Wm82.gnm4.ann1.Glyma.14G035100.1,Glyma.07G231500,Glyma.20G040500,Glyma.02G279600,Glyma.14G035100
Legume.fam3.05991,glyma.Wm82.gnm4.ann1.Glyma.13G238000.1,glyma.Wm82.gnm4.ann1.Glyma.15G075400.6,glyma.Wm82.gnm4.ann1.Glyma.13G178200.13,glyma.Wm82.gnm4.ann1.Glyma.07G198200.1,Glyma.13G238000,Glyma.15G075400,Glyma.13G178200,Glyma.07G198200
Legume.fam3.05992,glyma.Wm82.gnm4.ann1.Glyma.13G234800.1,glyma.Wm82.gnm4.ann1.Glyma.15G078200.1,glyma.Wm82.gnm4.ann1.Glyma.07G201700.1,glyma.Wm82.gnm4.ann1.Glyma.13G174800.1,Glyma.13G234800,Glyma.15G078200,Glyma.07G201700,Glyma.13G174800
Legume.fam3.06002,glyma.Wm82.gnm4.ann1.Glyma.16G069200.1,glyma.Wm82.gnm4.ann1.Glyma.19G056300.1,glyma.Wm82.gnm4.ann1.Glyma.19G002802.1,glyma.Wm82.gnm4.ann1.Glyma.05G002600.1,Glyma.16G069200,Glyma.19G056300,Glyma.19G002802,Glyma.05G002600
Legume.fam3.06005,glyma.Wm82.gnm4.ann1.Glyma.19G120051.1,glyma.Wm82.gnm4.ann1.Glyma.03G006000.1,glyma.Wm82.gnm4.ann1.Glyma.19G067400.1,glyma.Wm82.gnm4.ann1.Glyma.05G088000.1,Glyma.19G120051,Glyma.03G006000,Glyma.19G067400,Glyma.05G088000
Legume.fam3.06016,glyma.Wm82.gnm4.ann1.Glyma.02G007500.8,glyma.Wm82.gnm4.ann1.Glyma.10G138300.1,glyma.Wm82.gnm4.ann1.Glyma.03G224700.1,glyma.Wm82.gnm4.ann1.Glyma.19G221700.1,Glyma.02G007500,Glyma.10G138300,Glyma.03G224700,Glyma.19G221700
Legume.fam3.06063,glyma.Wm82.gnm4.ann1.Glyma.06G193900.2,glyma.Wm82.gnm4.ann1.Glyma.04G169500.1,glyma.Wm82.gnm4.ann1.Glyma.05G026801.1,glyma.Wm82.gnm4.ann1.Glyma.17G100100.1,Glyma.06G193900,Glyma.04G169500,Glyma.05G026801,Glyma.17G100100
Legume.fam3.06079,glyma.Wm82.gnm4.ann1.Glyma.05G181900.3,glyma.Wm82.gnm4.ann1.Glyma.08G139600.1,glyma.Wm82.gnm4.ann1.Glyma.18G019800.2,glyma.Wm82.gnm4.ann1.Glyma.11G237400.1,Glyma.05G181900,Glyma.08G139600,Glyma.18G019800,Glyma.11G237400
Legume.fam3.06085,glyma.Wm82.gnm4.ann1.Glyma.08G104800.1,glyma.Wm82.gnm4.ann1.Glyma.05G147900.1,glyma.Wm82.gnm4.ann1.Glyma.18G005400.1,glyma.Wm82.gnm4.ann1.Glyma.11G251600.1,Glyma.08G104800,Glyma.05G147900,Glyma.18G005400,Glyma.11G251600
Legume.fam3.06114,glyma.Wm82.gnm4.ann1.Glyma.01G172200.8,glyma.Wm82.gnm4.ann1.Glyma.11G071000.3,glyma.Wm82.gnm4.ann1.Glyma.02G055100.1,glyma.Wm82.gnm4.ann1.Glyma.16G137800.1,Glyma.01G172200,Glyma.11G071000,Glyma.02G055100,Glyma.16G137800
Legume.fam3.06118,glyma.Wm82.gnm4.ann1.Glyma.05G107800.1,glyma.Wm82.gnm4.ann1.Glyma.17G159000.1,glyma.Wm82.gnm4.ann1.Glyma.11G046000.1,glyma.Wm82.gnm4.ann1.Glyma.01G195700.1,Glyma.05G107800,Glyma.17G159000,Glyma.11G046000,Glyma.01G195700
Legume.fam3.06120,glyma.Wm82.gnm4.ann1.Glyma.12G103500.1,glyma.Wm82.gnm4.ann1.Glyma.06G301000.1,glyma.Wm82.gnm4.ann1.Glyma.12G197800.2,glyma.Wm82.gnm4.ann1.Glyma.13G304000.1,Glyma.12G103500,Glyma.06G301000,Glyma.12G197800,Glyma.13G304000
Legume.fam3.06210,glyma.Wm82.gnm4.ann1.Glyma.01G160000.3,glyma.Wm82.gnm4.ann1.Glyma.11G084100.2,glyma.Wm82.gnm4.ann1.Glyma.02G042000.3,glyma.Wm82.gnm4.ann1.Glyma.16G118800.1,Glyma.01G160000,Glyma.11G084100,Glyma.02G042000,Glyma.16G118800
Legume.fam3.06216,glyma.Wm82.gnm4.ann1.Glyma.03G180200.1,glyma.Wm82.gnm4.ann1.Glyma.19G180900.1,glyma.Wm82.gnm4.ann1.Glyma.10G051800.1,glyma.Wm82.gnm4.ann1.Glyma.13G139200.1,Glyma.03G180200,Glyma.19G180900,Glyma.10G051800,Glyma.13G139200
Legume.fam3.06225,glyma.Wm82.gnm4.ann1.Glyma.15G036700.1,glyma.Wm82.gnm4.ann1.Glyma.13G337800.2,glyma.Wm82.gnm4.ann1.Glyma.11G137900.1,glyma.Wm82.gnm4.ann1.Glyma.12G061700.2,Glyma.15G036700,Glyma.13G337800,Glyma.11G137900,Glyma.12G061700
Legume.fam3.06291,glyma.Wm82.gnm4.ann1.Glyma.02G150800.1,glyma.Wm82.gnm4.ann1.Glyma.10G023200.1,glyma.Wm82.gnm4.ann1.Glyma.19G151900.1,glyma.Wm82.gnm4.ann1.Glyma.03G148600.1,Glyma.02G150800,Glyma.10G023200,Glyma.19G151900,Glyma.03G148600
Legume.fam3.06315,glyma.Wm82.gnm4.ann1.Glyma.19G107700.1,glyma.Wm82.gnm4.ann1.Glyma.16G044300.1,glyma.Wm82.gnm4.ann1.Glyma.16G150600.1,glyma.Wm82.gnm4.ann1.Glyma.02G069100.1,Glyma.19G107700,Glyma.16G044300,Glyma.16G150600,Glyma.02G069100
Legume.fam3.06336,glyma.Wm82.gnm4.ann1.Glyma.10G147000.1,glyma.Wm82.gnm4.ann1.Glyma.20G097500.1,glyma.Wm82.gnm4.ann1.Glyma.19G228300.2,glyma.Wm82.gnm4.ann1.Glyma.03G231100.7,Glyma.10G147000,Glyma.20G097500,Glyma.19G228300,Glyma.03G231100
Legume.fam3.06355,glyma.Wm82.gnm4.ann1.Glyma.14G167900.2,glyma.Wm82.gnm4.ann1.Glyma.13G086000.2,glyma.Wm82.gnm4.ann1.Glyma.04G107000.1,glyma.Wm82.gnm4.ann1.Glyma.06G106800.3,Glyma.14G167900,Glyma.13G086000,Glyma.04G107000,Glyma.06G106800
Legume.fam3.06365,glyma.Wm82.gnm4.ann1.Glyma.17G221800.1,glyma.Wm82.gnm4.ann1.Glyma.14G104200.2,glyma.Wm82.gnm4.ann1.Glyma.04G059900.1,glyma.Wm82.gnm4.ann1.Glyma.06G060300.2,Glyma.17G221800,Glyma.14G104200,Glyma.04G059900,Glyma.06G060300
Legume.fam3.06386,glyma.Wm82.gnm4.ann1.Glyma.02G248700.1,glyma.Wm82.gnm4.ann1.Glyma.14G067800.1,glyma.Wm82.gnm4.ann1.Glyma.18G037700.1,glyma.Wm82.gnm4.ann1.Glyma.11G219700.1,Glyma.02G248700,Glyma.14G067800,Glyma.18G037700,Glyma.11G219700
Legume.fam3.06420,glyma.Wm82.gnm4.ann1.Glyma.17G233600.1,glyma.Wm82.gnm4.ann1.Glyma.14G089060.1,glyma.Wm82.gnm4.ann1.Glyma.04G047100.1,glyma.Wm82.gnm4.ann1.Glyma.06G047800.1,Glyma.17G233600,Glyma.14G089060,Glyma.04G047100,Glyma.06G047800
Legume.fam3.06427,glyma.Wm82.gnm4.ann1.Glyma.06G318900.3,glyma.Wm82.gnm4.ann1.Glyma.04G119500.3,glyma.Wm82.gnm4.ann1.Glyma.12G004900.1,glyma.Wm82.gnm4.ann1.Glyma.09G231700.2,Glyma.06G318900,Glyma.04G119500,Glyma.12G004900,Glyma.09G231700
Legume.fam3.06439,glyma.Wm82.gnm4.ann1.Glyma.15G072000.1,glyma.Wm82.gnm4.ann1.Glyma.13G241400.1,glyma.Wm82.gnm4.ann1.Glyma.13G181700.1,glyma.Wm82.gnm4.ann1.Glyma.07G194800.1,Glyma.15G072000,Glyma.13G241400,Glyma.13G181700,Glyma.07G194800
Legume.fam3.06449,glyma.Wm82.gnm4.ann1.Glyma.17G231400.1,glyma.Wm82.gnm4.ann1.Glyma.14G092100.1,glyma.Wm82.gnm4.ann1.Glyma.05G141000.1,glyma.Wm82.gnm4.ann1.Glyma.08G096300.1,Glyma.17G231400,Glyma.14G092100,Glyma.05G141000,Glyma.08G096300
Legume.fam3.06459,glyma.Wm82.gnm4.ann1.Glyma.03G182700.1,glyma.Wm82.gnm4.ann1.Glyma.19G183200.1,glyma.Wm82.gnm4.ann1.Glyma.10G057200.1,glyma.Wm82.gnm4.ann1.Glyma.13G143700.1,Glyma.03G182700,Glyma.19G183200,Glyma.10G057200,Glyma.13G143700
Legume.fam3.06524,glyma.Wm82.gnm4.ann1.Glyma.06G265800.1,glyma.Wm82.gnm4.ann1.Glyma.12G136900.2,glyma.Wm82.gnm4.ann1.Glyma.12G215700.1,glyma.Wm82.gnm4.ann1.Glyma.13G285800.1,Glyma.06G265800,Glyma.12G136900,Glyma.12G215700,Glyma.13G285800
Legume.fam3.06535,glyma.Wm82.gnm4.ann1.Glyma.13G292700.6,glyma.Wm82.gnm4.ann1.Glyma.12G208500.1,glyma.Wm82.gnm4.ann1.Glyma.12G121200.1,glyma.Wm82.gnm4.ann1.Glyma.06G284700.1,Glyma.13G292700,Glyma.12G208500,Glyma.12G121200,Glyma.06G284700
Legume.fam3.06545,glyma.Wm82.gnm4.ann1.Glyma.08G113000.1,glyma.Wm82.gnm4.ann1.Glyma.05G155100.1,glyma.Wm82.gnm4.ann1.Glyma.11G256200.1,glyma.Wm82.gnm4.ann1.Glyma.18G000800.1,Glyma.08G113000,Glyma.05G155100,Glyma.11G256200,Glyma.18G000800
Legume.fam3.06565,glyma.Wm82.gnm4.ann1.Glyma.01G208300.3,glyma.Wm82.gnm4.ann1.Glyma.11G033900.1,glyma.Wm82.gnm4.ann1.Glyma.17G142700.1,glyma.Wm82.gnm4.ann1.Glyma.05G060400.1,Glyma.01G208300,Glyma.11G033900,Glyma.17G142700,Glyma.05G060400
Legume.fam3.06590,glyma.Wm82.gnm4.ann1.Glyma.15G041300.1,glyma.Wm82.gnm4.ann1.Glyma.13G333000.1,glyma.Wm82.gnm4.ann1.Glyma.12G066300.3,glyma.Wm82.gnm4.ann1.Glyma.11G143200.1,Glyma.15G041300,Glyma.13G333000,Glyma.12G066300,Glyma.11G143200
Legume.fam3.06625,glyma.Wm82.gnm4.ann1.Glyma.06G174900.1,glyma.Wm82.gnm4.ann1.Glyma.04G190500.1,glyma.Wm82.gnm4.ann1.Glyma.17G126100.1,glyma.Wm82.gnm4.ann1.Glyma.05G043600.1,Glyma.06G174900,Glyma.04G190500,Glyma.17G126100,Glyma.05G043600
Legume.fam3.06652,glyma.Wm82.gnm4.ann1.Glyma.13G312200.1,glyma.Wm82.gnm4.ann1.Glyma.12G189600.1,glyma.Wm82.gnm4.ann1.Glyma.11G175746.1,glyma.Wm82.gnm4.ann1.Glyma.12G095400.1,Glyma.13G312200,Glyma.12G189600,Glyma.11G175746,Glyma.12G095400
Legume.fam3.06664,glyma.Wm82.gnm4.ann1.Glyma.04G156702.1,glyma.Wm82.gnm4.ann1.Glyma.06G208000.3,glyma.Wm82.gnm4.ann1.Glyma.17G083600.1,glyma.Wm82.gnm4.ann1.Glyma.05G016500.1,Glyma.04G156702,Glyma.06G208000,Glyma.17G083600,Glyma.05G016500
Legume.fam3.06665,glyma.Wm82.gnm4.ann1.Glyma.17G121700.1,glyma.Wm82.gnm4.ann1.Glyma.05G013500.1,glyma.Wm82.gnm4.ann1.Glyma.04G146000.1,glyma.Wm82.gnm4.ann1.Glyma.06G210400.1,Glyma.17G121700,Glyma.05G013500,Glyma.04G146000,Glyma.06G210400
Legume.fam3.06666,glyma.Wm82.gnm4.ann1.Glyma.13G102300.1,glyma.Wm82.gnm4.ann1.Glyma.17G056700.1,glyma.Wm82.gnm4.ann1.Glyma.14G032100.1,glyma.Wm82.gnm4.ann1.Glyma.02G282202.1,Glyma.13G102300,Glyma.17G056700,Glyma.14G032100,Glyma.02G282202
Legume.fam3.06668,glyma.Wm82.gnm4.ann1.Glyma.03G015000.2,glyma.Wm82.gnm4.ann1.Glyma.07G075100.1,glyma.Wm82.gnm4.ann1.Glyma.09G263100.1,glyma.Wm82.gnm4.ann1.Glyma.18G229100.1,Glyma.03G015000,Glyma.07G075100,Glyma.09G263100,Glyma.18G229100
Legume.fam3.06671,glyma.Wm82.gnm4.ann1.Glyma.02G180500.1,glyma.Wm82.gnm4.ann1.Glyma.10G094800.1,glyma.Wm82.gnm4.ann1.Glyma.19G142700.1,glyma.Wm82.gnm4.ann1.Glyma.03G139900.1,Glyma.02G180500,Glyma.10G094800,Glyma.19G142700,Glyma.03G139900
Legume.fam3.06682,glyma.Wm82.gnm4.ann1.Glyma.15G155800.1,glyma.Wm82.gnm4.ann1.Glyma.09G048500.1,glyma.Wm82.gnm4.ann1.Glyma.08G089800.1,glyma.Wm82.gnm4.ann1.Glyma.05G134700.1,Glyma.15G155800,Glyma.09G048500,Glyma.08G089800,Glyma.05G134700
Legume.fam3.06695,glyma.Wm82.gnm4.ann1.Glyma.13G292600.3,glyma.Wm82.gnm4.ann1.Glyma.12G208600.1,glyma.Wm82.gnm4.ann1.Glyma.12G121400.2,glyma.Wm82.gnm4.ann1.Glyma.06G284600.1,Glyma.13G292600,Glyma.12G208600,Glyma.12G121400,Glyma.06G284600
Legume.fam3.06718,glyma.Wm82.gnm4.ann1.Glyma.03G035900.1,glyma.Wm82.gnm4.ann1.Glyma.01G132400.3,glyma.Wm82.gnm4.ann1.Glyma.09G275802.1,glyma.Wm82.gnm4.ann1.Glyma.18G214700.1,Glyma.03G035900,Glyma.01G132400,Glyma.09G275802,Glyma.18G214700
Legume.fam3.06720,glyma.Wm82.gnm4.ann1.Glyma.10G217800.1,glyma.Wm82.gnm4.ann1.Glyma.20G174300.1,glyma.Wm82.gnm4.ann1.Glyma.02G073200.1,glyma.Wm82.gnm4.ann1.Glyma.16G154600.1,Glyma.10G217800,Glyma.20G174300,Glyma.02G073200,Glyma.16G154600
Legume.fam3.06745,glyma.Wm82.gnm4.ann1.Glyma.07G260000.1,glyma.Wm82.gnm4.ann1.Glyma.17G014000.1,glyma.Wm82.gnm4.ann1.Glyma.15G107500.1,glyma.Wm82.gnm4.ann1.Glyma.13G205100.3,Glyma.07G260000,Glyma.17G014000,Glyma.15G107500,Glyma.13G205100
Legume.fam3.06760,glyma.Wm82.gnm4.ann1.Glyma.03G163800.1,glyma.Wm82.gnm4.ann1.Glyma.19G165100.1,glyma.Wm82.gnm4.ann1.Glyma.13G124000.1,glyma.Wm82.gnm4.ann1.Glyma.10G037400.1,Glyma.03G163800,Glyma.19G165100,Glyma.13G124000,Glyma.10G037400
Legume.fam3.06783,glyma.Wm82.gnm4.ann1.Glyma.16G146800.1,glyma.Wm82.gnm4.ann1.Glyma.02G065901.1,glyma.Wm82.gnm4.ann1.Glyma.19G101500.1,glyma.Wm82.gnm4.ann1.Glyma.16G049700.1,Glyma.16G146800,Glyma.02G065901,Glyma.19G101500,Glyma.16G049700
Legume.fam3.06829,glyma.Wm82.gnm4.ann1.Glyma.04G076500.1,glyma.Wm82.gnm4.ann1.Glyma.06G077700.1,glyma.Wm82.gnm4.ann1.Glyma.14G136900.1,glyma.Wm82.gnm4.ann1.Glyma.17G196700.1,Glyma.04G076500,Glyma.06G077700,Glyma.14G136900,Glyma.17G196700
Legume.fam3.06834,glyma.Wm82.gnm4.ann1.Glyma.06G060100.1,glyma.Wm82.gnm4.ann1.Glyma.04G059600.1,glyma.Wm82.gnm4.ann1.Glyma.17G221400.1,glyma.Wm82.gnm4.ann1.Glyma.14G104400.1,Glyma.06G060100,Glyma.04G059600,Glyma.17G221400,Glyma.14G104400
Legume.fam3.06866,glyma.Wm82.gnm4.ann1.Glyma.04G000300.4,glyma.Wm82.gnm4.ann1.Glyma.06G000200.1,glyma.Wm82.gnm4.ann1.Glyma.02G311700.1,glyma.Wm82.gnm4.ann1.Glyma.14G000900.3,Glyma.04G000300,Glyma.06G000200,Glyma.02G311700,Glyma.14G000900
Legume.fam3.06898,glyma.Wm82.gnm4.ann1.Glyma.02G282900.2,glyma.Wm82.gnm4.ann1.Glyma.14G031500.1,glyma.Wm82.gnm4.ann1.Glyma.18G113400.1,glyma.Wm82.gnm4.ann1.Glyma.08G305000.1,Glyma.02G282900,Glyma.14G031500,Glyma.18G113400,Glyma.08G305000
Legume.fam3.07023,glyma.Wm82.gnm4.ann1.Glyma.08G257500.1,glyma.Wm82.gnm4.ann1.Glyma.18G281800.1,glyma.Wm82.gnm4.ann1.Glyma.20G249900.1,glyma.Wm82.gnm4.ann1.Glyma.10G298700.1,Glyma.08G257500,Glyma.18G281800,Glyma.20G249900,Glyma.10G298700
Legume.fam3.07054,glyma.Wm82.gnm4.ann1.Glyma.12G224500.1,glyma.Wm82.gnm4.ann1.Glyma.13G276800.1,glyma.Wm82.gnm4.ann1.Glyma.06G242600.1,glyma.Wm82.gnm4.ann1.Glyma.12G155400.1,Glyma.12G224500,Glyma.13G276800,Glyma.06G242600,Glyma.12G155400
Legume.fam3.07099,glyma.Wm82.gnm4.ann1.Glyma.13G315700.1,glyma.Wm82.gnm4.ann1.Glyma.12G185900.1,glyma.Wm82.gnm4.ann1.Glyma.12G091000.1,glyma.Wm82.gnm4.ann1.Glyma.11G182200.1,Glyma.13G315700,Glyma.12G185900,Glyma.12G091000,Glyma.11G182200
Legume.fam3.07146,glyma.Wm82.gnm4.ann1.Glyma.11G236200.1,glyma.Wm82.gnm4.ann1.Glyma.18G021001.1,glyma.Wm82.gnm4.ann1.Glyma.05G182600.1,glyma.Wm82.gnm4.ann1.Glyma.08G140200.1,Glyma.11G236200,Glyma.18G021001,Glyma.05G182600,Glyma.08G140200
Legume.fam3.07154,glyma.Wm82.gnm4.ann1.Glyma.17G119400.9,glyma.Wm82.gnm4.ann1.Glyma.05G011300.1,glyma.Wm82.gnm4.ann1.Glyma.06G213300.1,glyma.Wm82.gnm4.ann1.Glyma.04G150900.6,Glyma.17G119400,Glyma.05G011300,Glyma.06G213300,Glyma.04G150900
Legume.fam3.07215,glyma.Wm82.gnm4.ann1.Glyma.01G184800.1,glyma.Wm82.gnm4.ann1.Glyma.11G057400.1,glyma.Wm82.gnm4.ann1.Glyma.17G176500.2,glyma.Wm82.gnm4.ann1.Glyma.05G083900.1,Glyma.01G184800,Glyma.11G057400,Glyma.17G176500,Glyma.05G083900
Legume.fam3.07220,glyma.Wm82.gnm4.ann1.Glyma.20G064600.21,glyma.Wm82.gnm4.ann1.Glyma.13G005300.5,glyma.Wm82.gnm4.ann1.Glyma.14G002700.2,glyma.Wm82.gnm4.ann1.Glyma.02G310000.1,Glyma.20G064600,Glyma.13G005300,Glyma.14G002700,Glyma.02G310000
Legume.fam3.07308,glyma.Wm82.gnm4.ann1.Glyma.10G046000.1,glyma.Wm82.gnm4.ann1.Glyma.13G134100.2,glyma.Wm82.gnm4.ann1.Glyma.03G174300.1,glyma.Wm82.gnm4.ann1.Glyma.19G175200.1,Glyma.10G046000,Glyma.13G134100,Glyma.03G174300,Glyma.19G175200
Legume.fam3.07363,glyma.Wm82.gnm4.ann1.Glyma.03G242600.3,glyma.Wm82.gnm4.ann1.Glyma.19G240100.1,glyma.Wm82.gnm4.ann1.Glyma.10G158500.1,glyma.Wm82.gnm4.ann1.Glyma.20G230100.1,Glyma.03G242600,Glyma.19G240100,Glyma.10G158500,Glyma.20G230100
Legume.fam3.07381,glyma.Wm82.gnm4.ann1.Glyma.14G217200.1,glyma.Wm82.gnm4.ann1.Glyma.17G255800.1,glyma.Wm82.gnm4.ann1.Glyma.04G026200.1,glyma.Wm82.gnm4.ann1.Glyma.06G026000.4,Glyma.14G217200,Glyma.17G255800,Glyma.04G026200,Glyma.06G026000
Legume.fam3.07454,glyma.Wm82.gnm4.ann1.Glyma.02G311000.1,glyma.Wm82.gnm4.ann1.Glyma.14G001600.1,glyma.Wm82.gnm4.ann1.Glyma.04G000600.5,glyma.Wm82.gnm4.ann1.Glyma.06G000400.2,Glyma.02G311000,Glyma.14G001600,Glyma.04G000600,Glyma.06G000400
Legume.fam3.07488,glyma.Wm82.gnm4.ann1.Glyma.02G226500.1,glyma.Wm82.gnm4.ann1.Glyma.14G193400.1,glyma.Wm82.gnm4.ann1.Glyma.11G178700.1,glyma.Wm82.gnm4.ann1.Glyma.18G063200.1,Glyma.02G226500,Glyma.14G193400,Glyma.11G178700,Glyma.18G063200
Legume.fam3.07489,glyma.Wm82.gnm4.ann1.Glyma.02G304400.1,glyma.Wm82.gnm4.ann1.Glyma.14G009400.1,glyma.Wm82.gnm4.ann1.Glyma.18G067600.1,glyma.Wm82.gnm4.ann1.Glyma.08G334700.1,Glyma.02G304400,Glyma.14G009400,Glyma.18G067600,Glyma.08G334700
Legume.fam3.07540,glyma.Wm82.gnm4.ann1.Glyma.19G146500.1,glyma.Wm82.gnm4.ann1.Glyma.03G143500.1,glyma.Wm82.gnm4.ann1.Glyma.02G177800.2,glyma.Wm82.gnm4.ann1.Glyma.09G113100.1,Glyma.19G146500,Glyma.03G143500,Glyma.02G177800,Glyma.09G113100
Legume.fam3.07573,glyma.Wm82.gnm4.ann1.Glyma.16G009400.1,glyma.Wm82.gnm4.ann1.Glyma.07G040800.1,glyma.Wm82.gnm4.ann1.Glyma.03G264200.1,glyma.Wm82.gnm4.ann1.Glyma.19G263200.1,Glyma.16G009400,Glyma.07G040800,Glyma.03G264200,Glyma.19G263200
Legume.fam3.07632,glyma.Wm82.gnm4.ann1.Glyma.18G205700.1,glyma.Wm82.gnm4.ann1.Glyma.07G155100.1,glyma.Wm82.gnm4.ann1.Glyma.01G124400.1,glyma.Wm82.gnm4.ann1.Glyma.03G050200.1,Glyma.18G205700,Glyma.07G155100,Glyma.01G124400,Glyma.03G050200
Legume.fam3.07694,glyma.Wm82.gnm4.ann1.Glyma.18G002200.1,glyma.Wm82.gnm4.ann1.Glyma.11G254900.1,glyma.Wm82.gnm4.ann1.Glyma.05G152300.1,glyma.Wm82.gnm4.ann1.Glyma.08G109100.1,Glyma.18G002200,Glyma.11G254900,Glyma.05G152300,Glyma.08G109100
Legume.fam3.07759,glyma.Wm82.gnm4.ann1.Glyma.13G340200.1,glyma.Wm82.gnm4.ann1.Glyma.15G034200.1,glyma.Wm82.gnm4.ann1.Glyma.11G133200.1,glyma.Wm82.gnm4.ann1.Glyma.12G057300.1,Glyma.13G340200,Glyma.15G034200,Glyma.11G133200,Glyma.12G057300
Legume.fam3.07800,glyma.Wm82.gnm4.ann1.Glyma.15G104900.1,glyma.Wm82.gnm4.ann1.Glyma.13G208200.1,glyma.Wm82.gnm4.ann1.Glyma.17G016500.1,glyma.Wm82.gnm4.ann1.Glyma.07G257500.1,Glyma.15G104900,Glyma.13G208200,Glyma.17G016500,Glyma.07G257500
Legume.fam3.07827,glyma.Wm82.gnm4.ann1.Glyma.09G193700.1,glyma.Wm82.gnm4.ann1.Glyma.01G146200.1,glyma.Wm82.gnm4.ann1.Glyma.05G228600.1,glyma.Wm82.gnm4.ann1.Glyma.08G035600.1,Glyma.09G193700,Glyma.01G146200,Glyma.05G228600,Glyma.08G035600
Legume.fam3.07846,glyma.Wm82.gnm4.ann1.Glyma.11G193700.2,glyma.Wm82.gnm4.ann1.Glyma.12G080000.1,glyma.Wm82.gnm4.ann1.Glyma.06G211400.2,glyma.Wm82.gnm4.ann1.Glyma.04G151500.1,Glyma.11G193700,Glyma.12G080000,Glyma.06G211400,Glyma.04G151500
Legume.fam3.07895,glyma.Wm82.gnm4.ann1.Glyma.10G165500.1,glyma.Wm82.gnm4.ann1.Glyma.20G227500.3,glyma.Wm82.gnm4.ann1.Glyma.03G249800.1,glyma.Wm82.gnm4.ann1.Glyma.19G247400.1,Glyma.10G165500,Glyma.20G227500,Glyma.03G249800,Glyma.19G247400
Legume.fam3.08008,glyma.Wm82.gnm4.ann1.Glyma.19G167700.1,glyma.Wm82.gnm4.ann1.Glyma.03G166600.1,glyma.Wm82.gnm4.ann1.Glyma.10G039800.1,glyma.Wm82.gnm4.ann1.Glyma.13G126300.1,Glyma.19G167700,Glyma.03G166600,Glyma.10G039800,Glyma.13G126300
Legume.fam3.08055,glyma.Wm82.gnm4.ann1.Glyma.02G014900.3,glyma.Wm82.gnm4.ann1.Glyma.10G015500.1,glyma.Wm82.gnm4.ann1.Glyma.19G214400.3,glyma.Wm82.gnm4.ann1.Glyma.03G217800.1,Glyma.02G014900,Glyma.10G015500,Glyma.19G214400,Glyma.03G217800
Legume.fam3.08289,glyma.Wm82.gnm4.ann1.Glyma.10G016100.1,glyma.Wm82.gnm4.ann1.Glyma.02G015600.1,glyma.Wm82.gnm4.ann1.Glyma.03G216800.1,glyma.Wm82.gnm4.ann1.Glyma.19G213400.1,Glyma.10G016100,Glyma.02G015600,Glyma.03G216800,Glyma.19G213400
Legume.fam3.08499,glyma.Wm82.gnm4.ann1.Glyma.12G073500.1,glyma.Wm82.gnm4.ann1.Glyma.11G149198.1,glyma.Wm82.gnm4.ann1.Glyma.15G044100.1,glyma.Wm82.gnm4.ann1.Glyma.13G329900.1,Glyma.12G073500,Glyma.11G149198,Glyma.15G044100,Glyma.13G329900
Legume.fam3.08662,glyma.Wm82.gnm4.ann1.Glyma.17G076300.1,glyma.Wm82.gnm4.ann1.Glyma.05G023400.1,glyma.Wm82.gnm4.ann1.Glyma.04G164800.2,glyma.Wm82.gnm4.ann1.Glyma.06G199700.1,Glyma.17G076300,Glyma.05G023400,Glyma.04G164800,Glyma.06G199700
Legume.fam3.08697,glyma.Wm82.gnm4.ann1.Glyma.09G242000.1,glyma.Wm82.gnm4.ann1.Glyma.18G253600.1,glyma.Wm82.gnm4.ann1.Glyma.19G116400.1,glyma.Wm82.gnm4.ann1.Glyma.16G036300.1,Glyma.09G242000,Glyma.18G253600,Glyma.19G116400,Glyma.16G036300
Legume.fam3.08703,glyma.Wm82.gnm4.ann1.Glyma.06G045200.4,glyma.Wm82.gnm4.ann1.Glyma.04G044700.3,glyma.Wm82.gnm4.ann1.Glyma.17G236600.1,glyma.Wm82.gnm4.ann1.Glyma.14G087700.2,Glyma.06G045200,Glyma.04G044700,Glyma.17G236600,Glyma.14G087700
Legume.fam3.08719,glyma.Wm82.gnm4.ann1.Glyma.06G059900.1,glyma.Wm82.gnm4.ann1.Glyma.04G059451.1,glyma.Wm82.gnm4.ann1.Glyma.14G104600.1,glyma.Wm82.gnm4.ann1.Glyma.17G221200.1,Glyma.06G059900,Glyma.04G059451,Glyma.14G104600,Glyma.17G221200
Legume.fam3.08910,glyma.Wm82.gnm4.ann1.Glyma.14G093800.1,glyma.Wm82.gnm4.ann1.Glyma.17G229800.1,glyma.Wm82.gnm4.ann1.Glyma.04G051000.1,glyma.Wm82.gnm4.ann1.Glyma.06G051900.1,Glyma.14G093800,Glyma.17G229800,Glyma.04G051000,Glyma.06G051900
Legume.fam3.08969,glyma.Wm82.gnm4.ann1.Glyma.13G026600.1,glyma.Wm82.gnm4.ann1.Glyma.20G056900.1,glyma.Wm82.gnm4.ann1.Glyma.14G047700.1,glyma.Wm82.gnm4.ann1.Glyma.02G269300.12,Glyma.13G026600,Glyma.20G056900,Glyma.14G047700,Glyma.02G269300
Legume.fam3.09042,glyma.Wm82.gnm4.ann1.Glyma.11G015367.1,glyma.Wm82.gnm4.ann1.Glyma.01G227500.1,glyma.Wm82.gnm4.ann1.Glyma.12G020900.1,glyma.Wm82.gnm4.ann1.Glyma.11G094500.1,Glyma.11G015367,Glyma.01G227500,Glyma.12G020900,Glyma.11G094500
Legume.fam3.09289,glyma.Wm82.gnm4.ann1.Glyma.05G155000.4,glyma.Wm82.gnm4.ann1.Glyma.08G112900.1,glyma.Wm82.gnm4.ann1.Glyma.15G125700.5,glyma.Wm82.gnm4.ann1.Glyma.09G019400.1,Glyma.05G155000,Glyma.08G112900,Glyma.15G125700,Glyma.09G019400
Legume.fam3.09598,glyma.Wm82.gnm4.ann1.Glyma.10G172900.1,glyma.Wm82.gnm4.ann1.Glyma.20G217400.3,glyma.Wm82.gnm4.ann1.Glyma.20G068300.1,glyma.Wm82.gnm4.ann1.Glyma.13G001500.5,Glyma.10G172900,Glyma.20G217400,Glyma.20G068300,Glyma.13G001500
Legume.fam3.09647,glyma.Wm82.gnm4.ann1.Glyma.08G027800.1,glyma.Wm82.gnm4.ann1.Glyma.05G221300.1,glyma.Wm82.gnm4.ann1.Glyma.01G002100.1,glyma.Wm82.gnm4.ann1.Glyma.07G130400.1,Glyma.08G027800,Glyma.05G221300,Glyma.01G002100,Glyma.07G130400
Legume.fam3.09706,glyma.Wm82.gnm4.ann1.Glyma.02G148000.1,glyma.Wm82.gnm4.ann1.Glyma.10G025800.1,glyma.Wm82.gnm4.ann1.Glyma.03G152600.1,glyma.Wm82.gnm4.ann1.Glyma.19G155100.1,Glyma.02G148000,Glyma.10G025800,Glyma.03G152600,Glyma.19G155100
Legume.fam3.09748,glyma.Wm82.gnm4.ann1.Glyma.16G062400.1,glyma.Wm82.gnm4.ann1.Glyma.19G084400.1,glyma.Wm82.gnm4.ann1.Glyma.19G076700.1,glyma.Wm82.gnm4.ann1.Glyma.05G073901.1,Glyma.16G062400,Glyma.19G084400,Glyma.19G076700,Glyma.05G073901
Legume.fam3.10077,glyma.Wm82.gnm4.ann1.Glyma.15G020050.1,glyma.Wm82.gnm4.ann1.Glyma.13G354200.2,glyma.Wm82.gnm4.ann1.Glyma.08G356700.1,glyma.Wm82.gnm4.ann1.Glyma.18G174600.1,Glyma.15G020050,Glyma.13G354200,Glyma.08G356700,Glyma.18G174600
Legume.fam3.10448,glyma.Wm82.gnm4.ann1.Glyma.13G298900.1,glyma.Wm82.gnm4.ann1.Glyma.12G202800.1,glyma.Wm82.gnm4.ann1.Glyma.12G110100.1,glyma.Wm82.gnm4.ann1.Glyma.06G295400.1,Glyma.13G298900,Glyma.12G202800,Glyma.12G110100,Glyma.06G295400
Legume.fam3.10503,glyma.Wm82.gnm4.ann1.Glyma.08G299600.1,glyma.Wm82.gnm4.ann1.Glyma.18G121000.1,glyma.Wm82.gnm4.ann1.Glyma.02G106200.1,glyma.Wm82.gnm4.ann1.Glyma.01G045900.1,Glyma.08G299600,Glyma.18G121000,Glyma.02G106200,Glyma.01G045900
Legume.fam3.10695,glyma.Wm82.gnm4.ann1.Glyma.05G224300.1,glyma.Wm82.gnm4.ann1.Glyma.08G031300.1,glyma.Wm82.gnm4.ann1.Glyma.07G126900.1,glyma.Wm82.gnm4.ann1.Glyma.01G004900.2,Glyma.05G224300,Glyma.08G031300,Glyma.07G126900,Glyma.01G004900
Legume.fam3.10918,glyma.Wm82.gnm4.ann1.Glyma.14G036500.1,glyma.Wm82.gnm4.ann1.Glyma.02G278000.1,glyma.Wm82.gnm4.ann1.Glyma.07G235300.1,glyma.Wm82.gnm4.ann1.Glyma.20G042900.1,Glyma.14G036500,Glyma.02G278000,Glyma.07G235300,Glyma.20G042900
Legume.fam3.11351,glyma.Wm82.gnm4.ann1.Glyma.17G130500.1,glyma.Wm82.gnm4.ann1.Glyma.05G048600.1,glyma.Wm82.gnm4.ann1.Glyma.06G169900.1,glyma.Wm82.gnm4.ann1.Glyma.04G195900.1,Glyma.17G130500,Glyma.05G048600,Glyma.06G169900,Glyma.04G195900
Legume.fam3.11465,glyma.Wm82.gnm4.ann1.Glyma.19G130251.1,glyma.Wm82.gnm4.ann1.Glyma.03G127700.1,glyma.Wm82.gnm4.ann1.Glyma.11G094600.1,glyma.Wm82.gnm4.ann1.Glyma.12G021000.1,Glyma.19G130251,Glyma.03G127700,Glyma.11G094600,Glyma.12G021000
Legume.fam3.11819,glyma.Wm82.gnm4.ann1.Glyma.19G209600.1,glyma.Wm82.gnm4.ann1.Glyma.03G212500.1,glyma.Wm82.gnm4.ann1.Glyma.10G019800.1,glyma.Wm82.gnm4.ann1.Glyma.02G154500.2,Glyma.19G209600,Glyma.03G212500,Glyma.10G019800,Glyma.02G154500
Legume.fam3.11924,glyma.Wm82.gnm4.ann1.Glyma.04G180100.7,glyma.Wm82.gnm4.ann1.Glyma.06G184600.2,glyma.Wm82.gnm4.ann1.Glyma.17G092200.3,glyma.Wm82.gnm4.ann1.Glyma.05G035100.1,Glyma.04G180100,Glyma.06G184600,Glyma.17G092200,Glyma.05G035100
Legume.fam3.12242,glyma.Wm82.gnm4.ann1.Glyma.09G273400.1,glyma.Wm82.gnm4.ann1.Glyma.18G215700.1,glyma.Wm82.gnm4.ann1.Glyma.16G220400.2,glyma.Wm82.gnm4.ann1.Glyma.03G002000.3,Glyma.09G273400,Glyma.18G215700,Glyma.16G220400,Glyma.03G002000
Legume.fam3.12743,glyma.Wm82.gnm4.ann1.Glyma.13G329800.1,glyma.Wm82.gnm4.ann1.Glyma.15G044200.1,glyma.Wm82.gnm4.ann1.Glyma.12G073400.1,glyma.Wm82.gnm4.ann1.Glyma.11G149407.1,Glyma.13G329800,Glyma.15G044200,Glyma.12G073400,Glyma.11G149407
Legume.fam3.13221,glyma.Wm82.gnm4.ann1.Glyma.19G262200.1,glyma.Wm82.gnm4.ann1.Glyma.03G263100.1,glyma.Wm82.gnm4.ann1.Glyma.07G046150.1,glyma.Wm82.gnm4.ann1.Glyma.16G014300.1,Glyma.19G262200,Glyma.03G263100,Glyma.07G046150,Glyma.16G014300
Legume.fam3.13569,glyma.Wm82.gnm4.ann1.Glyma.07G028500.1,glyma.Wm82.gnm4.ann1.Glyma.08G214300.1,glyma.Wm82.gnm4.ann1.Glyma.17G108500.3,glyma.Wm82.gnm4.ann1.Glyma.13G162800.1,Glyma.07G028500,Glyma.08G214300,Glyma.17G108500,Glyma.13G162800
Legume.fam3.13807,glyma.Wm82.gnm4.ann1.Glyma.11G021900.1,glyma.Wm82.gnm4.ann1.Glyma.01G221900.1,glyma.Wm82.gnm4.ann1.Glyma.05G210800.1,glyma.Wm82.gnm4.ann1.Glyma.08G017200.1,Glyma.11G021900,Glyma.01G221900,Glyma.05G210800,Glyma.08G017200
Legume.fam3.13938,glyma.Wm82.gnm4.ann1.Glyma.07G163400.1,glyma.Wm82.gnm4.ann1.Glyma.20G008400.1,glyma.Wm82.gnm4.ann1.Glyma.12G048100.1,glyma.Wm82.gnm4.ann1.Glyma.11G123400.1,Glyma.07G163400,Glyma.20G008400,Glyma.12G048100,Glyma.11G123400
Legume.fam3.14037,glyma.Wm82.gnm4.ann1.Glyma.04G050100.1,glyma.Wm82.gnm4.ann1.Glyma.06G050500.1,glyma.Wm82.gnm4.ann1.Glyma.17G231000.1,glyma.Wm82.gnm4.ann1.Glyma.14G092500.1,Glyma.04G050100,Glyma.06G050500,Glyma.17G231000,Glyma.14G092500
Legume.fam3.15054,glyma.Wm82.gnm4.ann1.Glyma.10G274651.1,glyma.Wm82.gnm4.ann1.Glyma.20G115200.3,glyma.Wm82.gnm4.ann1.Glyma.01G081050.1,glyma.Wm82.gnm4.ann1.Glyma.08G261450.1,Glyma.10G274651,Glyma.20G115200,Glyma.01G081050,Glyma.08G261450
Legume.fam3.15639,glyma.Wm82.gnm4.ann1.Glyma.01G091300.1,glyma.Wm82.gnm4.ann1.Glyma.02G130500.1,glyma.Wm82.gnm4.ann1.Glyma.20G184800.1,glyma.Wm82.gnm4.ann1.Glyma.10G205700.1,Glyma.01G091300,Glyma.02G130500,Glyma.20G184800,Glyma.10G205700
Legume.fam3.15878,glyma.Wm82.gnm4.ann1.Glyma.09G267400.1,glyma.Wm82.gnm4.ann1.Glyma.18G222500.1,glyma.Wm82.gnm4.ann1.Glyma.10G069400.1,glyma.Wm82.gnm4.ann1.Glyma.13G152406.1,Glyma.09G267400,Glyma.18G222500,Glyma.10G069400,Glyma.13G152406
Legume.fam3.15906,glyma.Wm82.gnm4.ann1.Glyma.03G238600.1,glyma.Wm82.gnm4.ann1.Glyma.19G236000.1,glyma.Wm82.gnm4.ann1.Glyma.10G154900.1,glyma.Wm82.gnm4.ann1.Glyma.20G233400.1,Glyma.03G238600,Glyma.19G236000,Glyma.10G154900,Glyma.20G233400
Legume.fam3.16034,glyma.Wm82.gnm4.ann1.Glyma.04G100200.1,glyma.Wm82.gnm4.ann1.Glyma.06G101900.1,glyma.Wm82.gnm4.ann1.Glyma.14G176500.1,glyma.Wm82.gnm4.ann1.Glyma.02G208300.1,Glyma.04G100200,Glyma.06G101900,Glyma.14G176500,Glyma.02G208300
Legume.fam3.16137,glyma.Wm82.gnm4.ann1.Glyma.04G115800.1,glyma.Wm82.gnm4.ann1.Glyma.06G320500.1,glyma.Wm82.gnm4.ann1.Glyma.08G073000.1,glyma.Wm82.gnm4.ann1.Glyma.05G118100.1,Glyma.04G115800,Glyma.06G320500,Glyma.08G073000,Glyma.05G118100
Legume.fam3.17960,glyma.Wm82.gnm4.ann1.Glyma.10G059500.1,glyma.Wm82.gnm4.ann1.Glyma.13G146200.1,glyma.Wm82.gnm4.ann1.Glyma.19G186000.1,glyma.Wm82.gnm4.ann1.Glyma.03G185800.1,Glyma.10G059500,Glyma.13G146200,Glyma.19G186000,Glyma.03G185800
Legume.fam3.18039,glyma.Wm82.gnm4.ann1.Glyma.11G034700.1,glyma.Wm82.gnm4.ann1.Glyma.01G207700.1,glyma.Wm82.gnm4.ann1.Glyma.05G061400.1,glyma.Wm82.gnm4.ann1.Glyma.17G143200.2,Glyma.11G034700,Glyma.01G207700,Glyma.05G061400,Glyma.17G143200
Legume.fam3.18224,glyma.Wm82.gnm4.ann1.Glyma.15G131300.1,glyma.Wm82.gnm4.ann1.Glyma.09G025200.1,glyma.Wm82.gnm4.ann1.Glyma.08G081700.1,glyma.Wm82.gnm4.ann1.Glyma.05G126900.2,Glyma.15G131300,Glyma.09G025200,Glyma.08G081700,Glyma.05G126900
Legume.fam3.19986,glyma.Wm82.gnm4.ann1.Glyma.01G202200.1,glyma.Wm82.gnm4.ann1.Glyma.11G040600.1,glyma.Wm82.gnm4.ann1.Glyma.07G076100.1,glyma.Wm82.gnm4.ann1.Glyma.03G015800.1,Glyma.01G202200,Glyma.11G040600,Glyma.07G076100,Glyma.03G015800
Legume.fam3.20092,glyma.Wm82.gnm4.ann1.Glyma.02G278600.1,glyma.Wm82.gnm4.ann1.Glyma.14G036000.1,glyma.Wm82.gnm4.ann1.Glyma.08G177502.1,glyma.Wm82.gnm4.ann1.Glyma.15G055500.1,Glyma.02G278600,Glyma.14G036000,Glyma.08G177502,Glyma.15G055500
