Dup,duplication_status
Glyma.01G001300,WGD
Glyma.01G001800,WGD
Glyma.01G001900,WGD
Glyma.01G002100,WGD
Glyma.01G002200,WGD
Glyma.01G002300,WGD
Glyma.01G002400,WGD
Glyma.01G002501,WGD
Glyma.01G002600,WGD
Glyma.01G002700,WGD
Glyma.01G002800,WGD
Glyma.01G002902,WGD
Glyma.01G003000,WGD
Glyma.01G003100,WGD
Glyma.01G003200,WGD
Glyma.01G003300,WGD
Glyma.01G003400,WGD
Glyma.01G003450,WGD
Glyma.01G003500,WGD
Glyma.01G003600,WGD
Glyma.01G003700,WGD
Glyma.01G003800,WGD
Glyma.01G003900,WGD
Glyma.01G004000,WGD
Glyma.01G004100,WGD
Glyma.01G004200,WGD
Glyma.01G004300,WGD
Glyma.01G004500,WGD
Glyma.01G004600,WGD
Glyma.01G004800,WGD
Glyma.01G004900,WGD
Glyma.01G005000,WGD
Glyma.01G005100,WGD
Glyma.01G005300,WGD
Glyma.01G005400,WGD
Glyma.01G005500,WGD
Glyma.01G005600,WGD
Glyma.01G005800,WGD
Glyma.01G005900,WGD
Glyma.01G006000,WGD
Glyma.01G006200,WGD
Glyma.01G006500,WGD
Glyma.01G006600,WGD
Glyma.01G006800,WGD
Glyma.01G007000,WGD
Glyma.01G007100,WGD
Glyma.01G007200,WGD
Glyma.01G007400,WGD
Glyma.01G007700,WGD
Glyma.01G007900,WGD
Glyma.01G008000,WGD
Glyma.01G008100,WGD
Glyma.01G008200,WGD
Glyma.01G008300,WGD
Glyma.01G008400,WGD
Glyma.01G008500,WGD
Glyma.01G008600,WGD
Glyma.01G008800,WGD
Glyma.01G008900,WGD
Glyma.01G009000,WGD
Glyma.01G009300,WGD
Glyma.01G009400,WGD
Glyma.01G009500,WGD
Glyma.01G009600,WGD
Glyma.01G009800,WGD
Glyma.01G009900,WGD
Glyma.01G010000,WGD
Glyma.01G010100,WGD
Glyma.01G010200,WGD
Glyma.01G010300,WGD
Glyma.01G010400,WGD
Glyma.01G010500,WGD
Glyma.01G010800,WGD
Glyma.01G010900,WGD
Glyma.01G011000,WGD
Glyma.01G011100,WGD
Glyma.01G011200,WGD
Glyma.01G011300,WGD
Glyma.01G011400,WGD
Glyma.01G011500,WGD
Glyma.01G012300,WGD
Glyma.01G012400,WGD
Glyma.01G012500,WGD
Glyma.01G013300,WGD
Glyma.01G013600,WGD
Glyma.01G013800,WGD
Glyma.01G013900,WGD
Glyma.01G014000,WGD
Glyma.01G014100,WGD
Glyma.01G014200,WGD
Glyma.01G014400,WGD
Glyma.01G014500,WGD
Glyma.01G014600,WGD
Glyma.01G014700,WGD
Glyma.01G014800,WGD
Glyma.01G015000,WGD
Glyma.01G015100,WGD
Glyma.01G015300,WGD
Glyma.01G015400,WGD
Glyma.01G015500,WGD
Glyma.01G015600,WGD
Glyma.01G015700,WGD
Glyma.01G015900,WGD
Glyma.01G016100,WGD
Glyma.01G016400,WGD
Glyma.01G016500,WGD
Glyma.01G016600,WGD
Glyma.01G016700,WGD
Glyma.01G016800,WGD
Glyma.01G016900,WGD
Glyma.01G017100,WGD
Glyma.01G017200,WGD
Glyma.01G017300,WGD
Glyma.01G017400,WGD
Glyma.01G017700,WGD
Glyma.01G017800,WGD
Glyma.01G018000,WGD
Glyma.01G018300,WGD
Glyma.01G018400,WGD
Glyma.01G018500,WGD
Glyma.01G018600,WGD
Glyma.01G018700,WGD
Glyma.01G018800,WGD
Glyma.01G018900,WGD
Glyma.01G019000,WGD
Glyma.01G019100,WGD
Glyma.01G019200,WGD
Glyma.01G019300,WGD
Glyma.01G019400,WGD
Glyma.01G019500,WGD
Glyma.01G019600,WGD
Glyma.01G019700,WGD
Glyma.01G019800,WGD
Glyma.01G019900,WGD
Glyma.01G020000,WGD
Glyma.01G020100,WGD
Glyma.01G020200,WGD
Glyma.01G020300,WGD
Glyma.01G020400,WGD
Glyma.01G020500,WGD
Glyma.01G020600,WGD
Glyma.01G020800,WGD
Glyma.01G020900,WGD
Glyma.01G021100,WGD
Glyma.01G021200,WGD
Glyma.01G021301,WGD
Glyma.01G021400,WGD
Glyma.01G021600,WGD
Glyma.01G022400,WGD
Glyma.01G022500,WGD
Glyma.01G022600,WGD
Glyma.01G022700,WGD
Glyma.01G022800,WGD
Glyma.01G022900,WGD
Glyma.01G023000,WGD
Glyma.01G023100,WGD
Glyma.01G023200,WGD
Glyma.01G023300,WGD
Glyma.01G023400,WGD
Glyma.01G023500,WGD
Glyma.01G023600,WGD
Glyma.01G023700,WGD
Glyma.01G023767,WGD
Glyma.01G023833,WGD
Glyma.01G023900,WGD
Glyma.01G024000,WGD
Glyma.01G024300,WGD
Glyma.01G024600,WGD
Glyma.01G024700,WGD
Glyma.01G024800,WGD
Glyma.01G024900,WGD
Glyma.01G025000,WGD
Glyma.01G025100,WGD
Glyma.01G025200,WGD
Glyma.01G025300,WGD
Glyma.01G025400,WGD
Glyma.01G025600,WGD
Glyma.01G025800,WGD
Glyma.01G025900,WGD
Glyma.01G026000,WGD
Glyma.01G026100,WGD
Glyma.01G026200,WGD
Glyma.01G026400,WGD
Glyma.01G026500,WGD
Glyma.01G026600,WGD
Glyma.01G026700,WGD
Glyma.01G026800,WGD
Glyma.01G027000,WGD
Glyma.01G027100,WGD
Glyma.01G027300,WGD
Glyma.01G027400,WGD
Glyma.01G027433,WGD
Glyma.01G027800,WGD
Glyma.01G027900,WGD
Glyma.01G027967,WGD
Glyma.01G028100,WGD
Glyma.01G028200,WGD
Glyma.01G028300,WGD
Glyma.01G028600,WGD
Glyma.01G028700,WGD
Glyma.01G028800,WGD
Glyma.01G028900,WGD
Glyma.01G029000,WGD
Glyma.01G029100,WGD
Glyma.01G029300,WGD
Glyma.01G029500,WGD
Glyma.01G029800,WGD
Glyma.01G029900,WGD
Glyma.01G030000,WGD
Glyma.01G030200,WGD
Glyma.01G030300,WGD
Glyma.01G030400,WGD
Glyma.01G030500,WGD
Glyma.01G030600,WGD
Glyma.01G030900,WGD
Glyma.01G031300,WGD
Glyma.01G031400,WGD
Glyma.01G031500,WGD
Glyma.01G031700,WGD
Glyma.01G031800,WGD
Glyma.01G031900,WGD
Glyma.01G032000,WGD
Glyma.01G032100,WGD
Glyma.01G032200,WGD
Glyma.01G032300,WGD
Glyma.01G032400,WGD
Glyma.01G032500,WGD
Glyma.01G032600,WGD
Glyma.01G033500,WGD
Glyma.01G033800,WGD
Glyma.01G034000,WGD
Glyma.01G034100,WGD
Glyma.01G034200,WGD
Glyma.01G034300,WGD
Glyma.01G034800,WGD
Glyma.01G035000,WGD
Glyma.01G035100,WGD
Glyma.01G035300,WGD
Glyma.01G035400,WGD
Glyma.01G035600,WGD
Glyma.01G035700,WGD
Glyma.01G036000,WGD
Glyma.01G036200,WGD
Glyma.01G036300,WGD
Glyma.01G036400,WGD
Glyma.01G036500,WGD
Glyma.01G036600,WGD
Glyma.01G036700,WGD
Glyma.01G036800,WGD
Glyma.01G036900,WGD
Glyma.01G037100,WGD
Glyma.01G037200,WGD
Glyma.01G037300,WGD
Glyma.01G037400,WGD
Glyma.01G037500,WGD
Glyma.01G037600,WGD
Glyma.01G037700,WGD
Glyma.01G037800,WGD
Glyma.01G037900,WGD
Glyma.01G038002,WGD
Glyma.01G038100,WGD
Glyma.01G038250,WGD
Glyma.01G038300,WGD
Glyma.01G038400,WGD
Glyma.01G038500,WGD
Glyma.01G038600,WGD
Glyma.01G038700,WGD
Glyma.01G038800,WGD
Glyma.01G038900,WGD
Glyma.01G039000,WGD
Glyma.01G039100,WGD
Glyma.01G039200,WGD
Glyma.01G039400,WGD
Glyma.01G039500,WGD
Glyma.01G039600,WGD
Glyma.01G039700,WGD
Glyma.01G039800,WGD
Glyma.01G039900,WGD
Glyma.01G040000,WGD
Glyma.01G040300,WGD
Glyma.01G040400,WGD
Glyma.01G040500,WGD
Glyma.01G040600,WGD
Glyma.01G040700,WGD
Glyma.01G041300,WGD
Glyma.01G041400,WGD
Glyma.01G041450,WGD
Glyma.01G041500,WGD
Glyma.01G041600,WGD
Glyma.01G041651,WGD
Glyma.01G041700,WGD
Glyma.01G042100,WGD
Glyma.01G042300,WGD
Glyma.01G042400,WGD
Glyma.01G042500,WGD
Glyma.01G042600,WGD
Glyma.01G042700,WGD
Glyma.01G042800,WGD
Glyma.01G043000,WGD
Glyma.01G043300,WGD
Glyma.01G043400,WGD
Glyma.01G043600,WGD
Glyma.01G043700,WGD
Glyma.01G043800,WGD
Glyma.01G044000,WGD
Glyma.01G044100,WGD
Glyma.01G044200,WGD
Glyma.01G044300,WGD
Glyma.01G044500,WGD
Glyma.01G044600,WGD
Glyma.01G044800,WGD
Glyma.01G044900,WGD
Glyma.01G045100,WGD
Glyma.01G045200,WGD
Glyma.01G045300,WGD
Glyma.01G045400,WGD
Glyma.01G045500,WGD
Glyma.01G045700,WGD
Glyma.01G045800,WGD
Glyma.01G045900,WGD
Glyma.01G046000,WGD
Glyma.01G046400,WGD
Glyma.01G046500,WGD
Glyma.01G046600,WGD
Glyma.01G046700,WGD
Glyma.01G046800,WGD
Glyma.01G046900,WGD
Glyma.01G047000,WGD
Glyma.01G047700,WGD
Glyma.01G047900,WGD
Glyma.01G048000,WGD
Glyma.01G048100,WGD
Glyma.01G048200,WGD
Glyma.01G048500,WGD
Glyma.01G048600,WGD
Glyma.01G048700,WGD
Glyma.01G048800,WGD
Glyma.01G049100,WGD
Glyma.01G049400,WGD
Glyma.01G049500,WGD
Glyma.01G049600,WGD
Glyma.01G049900,WGD
Glyma.01G050100,WGD
Glyma.01G050350,WGD
Glyma.01G050400,WGD
Glyma.01G050500,WGD
Glyma.01G050700,WGD
Glyma.01G051300,WGD
Glyma.01G051400,WGD
Glyma.01G051700,WGD
Glyma.01G052200,WGD
Glyma.01G052400,WGD
Glyma.01G052500,WGD
Glyma.01G052600,WGD
Glyma.01G052700,WGD
Glyma.01G052800,WGD
Glyma.01G052900,WGD
Glyma.01G053100,WGD
Glyma.01G053200,WGD
Glyma.01G053300,WGD
Glyma.01G053600,WGD
Glyma.01G053700,WGD
Glyma.01G053800,WGD
Glyma.01G054000,WGD
Glyma.01G054100,WGD
Glyma.01G054200,WGD
Glyma.01G054300,WGD
Glyma.01G054400,WGD
Glyma.01G054500,WGD
Glyma.01G054800,WGD
Glyma.01G054900,WGD
Glyma.01G055000,WGD
Glyma.01G055200,WGD
Glyma.01G055300,WGD
Glyma.01G055400,WGD
Glyma.01G055500,WGD
Glyma.01G055900,WGD
Glyma.01G056000,WGD
Glyma.01G056202,WGD
Glyma.01G056300,WGD
Glyma.01G056400,WGD
Glyma.01G056500,WGD
Glyma.01G056800,WGD
Glyma.01G056900,WGD
Glyma.01G057100,WGD
Glyma.01G057200,WGD
Glyma.01G057400,WGD
Glyma.01G057500,WGD
Glyma.01G057600,WGD
Glyma.01G058000,WGD
Glyma.01G058200,WGD
Glyma.01G058300,WGD
Glyma.01G058400,WGD
Glyma.01G058500,WGD
Glyma.01G059100,WGD
Glyma.01G059200,WGD
Glyma.01G060001,WGD
Glyma.01G060300,WGD
Glyma.01G060700,WGD
Glyma.01G060900,WGD
Glyma.01G061000,WGD
Glyma.01G061100,WGD
Glyma.01G061500,WGD
Glyma.01G061700,WGD
Glyma.01G061900,WGD
Glyma.01G062000,WGD
Glyma.01G062100,WGD
Glyma.01G062200,WGD
Glyma.01G062300,WGD
Glyma.01G062400,WGD
Glyma.01G062900,WGD
Glyma.01G063000,WGD
Glyma.01G063100,WGD
Glyma.01G063500,WGD
Glyma.01G063600,WGD
Glyma.01G063700,WGD
Glyma.01G063800,WGD
Glyma.01G064100,WGD
Glyma.01G064200,WGD
Glyma.01G064400,WGD
Glyma.01G064500,WGD
Glyma.01G064600,WGD
Glyma.01G064900,WGD
Glyma.01G065000,WGD
Glyma.01G065100,WGD
Glyma.01G065400,WGD
Glyma.01G065500,WGD
Glyma.01G066500,WGD
Glyma.01G066600,WGD
Glyma.01G067000,WGD
Glyma.01G067200,WGD
Glyma.01G067600,WGD
Glyma.01G067700,WGD
Glyma.01G067800,WGD
Glyma.01G067900,WGD
Glyma.01G068000,WGD
Glyma.01G068200,WGD
Glyma.01G068600,WGD
Glyma.01G068800,WGD
Glyma.01G069000,WGD
Glyma.01G069300,WGD
Glyma.01G069400,WGD
Glyma.01G069500,WGD
Glyma.01G069700,WGD
Glyma.01G070150,WGD
Glyma.01G070200,WGD
Glyma.01G070300,WGD
Glyma.01G070400,WGD
Glyma.01G071400,WGD
Glyma.01G073200,WGD
Glyma.01G075100,WGD
Glyma.01G075800,WGD
Glyma.01G076100,WGD
Glyma.01G076200,WGD
Glyma.01G076900,WGD
Glyma.01G077000,WGD
Glyma.01G078000,WGD
Glyma.01G078200,WGD
Glyma.01G078300,WGD
Glyma.01G078400,WGD
Glyma.01G078600,WGD
Glyma.01G079000,WGD
Glyma.01G079100,WGD
Glyma.01G079500,WGD
Glyma.01G079900,WGD
Glyma.01G080500,WGD
Glyma.01G080600,WGD
Glyma.01G081050,WGD
Glyma.01G081100,WGD
Glyma.01G081300,WGD
Glyma.01G081500,WGD
Glyma.01G081900,WGD
Glyma.01G082000,WGD
Glyma.01G082200,WGD
Glyma.01G082400,WGD
Glyma.01G082500,WGD
Glyma.01G082700,WGD
Glyma.01G083000,WGD
Glyma.01G083100,WGD
Glyma.01G083700,WGD
Glyma.01G083900,WGD
Glyma.01G084200,WGD
Glyma.01G084500,WGD
Glyma.01G084600,WGD
Glyma.01G084700,WGD
Glyma.01G084800,WGD
Glyma.01G086201,WGD
Glyma.01G086700,WGD
Glyma.01G086800,WGD
Glyma.01G086900,WGD
Glyma.01G087000,WGD
Glyma.01G087500,WGD
Glyma.01G087700,WGD
Glyma.01G087800,WGD
Glyma.01G087900,WGD
Glyma.01G088000,WGD
Glyma.01G088200,WGD
Glyma.01G088300,WGD
Glyma.01G089100,WGD
Glyma.01G089202,WGD
Glyma.01G089300,WGD
Glyma.01G089500,WGD
Glyma.01G089700,WGD
Glyma.01G089800,WGD
Glyma.01G089900,WGD
Glyma.01G090002,WGD
Glyma.01G090200,WGD
Glyma.01G090400,WGD
Glyma.01G090700,WGD
Glyma.01G091000,WGD
Glyma.01G091100,WGD
Glyma.01G091300,WGD
Glyma.01G091400,WGD
Glyma.01G091800,WGD
Glyma.01G092100,WGD
Glyma.01G092400,WGD
Glyma.01G092900,WGD
Glyma.01G093200,WGD
Glyma.01G093400,WGD
Glyma.01G093902,WGD
Glyma.01G095300,WGD
Glyma.01G095500,WGD
Glyma.01G095600,WGD
Glyma.01G096300,WGD
Glyma.01G096600,WGD
Glyma.01G096800,WGD
Glyma.01G097000,WGD
Glyma.01G097100,WGD
Glyma.01G097200,WGD
Glyma.01G097400,WGD
Glyma.01G097500,WGD
Glyma.01G097700,WGD
Glyma.01G097900,WGD
Glyma.01G098000,WGD
Glyma.01G098400,WGD
Glyma.01G098700,WGD
Glyma.01G099600,WGD
Glyma.01G099700,WGD
Glyma.01G099800,WGD
Glyma.01G100000,WGD
Glyma.01G100100,WGD
Glyma.01G100200,WGD
Glyma.01G100900,WGD
Glyma.01G101000,WGD
Glyma.01G101100,WGD
Glyma.01G101800,WGD
Glyma.01G102300,WGD
Glyma.01G102400,WGD
Glyma.01G102500,WGD
Glyma.01G102600,WGD
Glyma.01G103100,WGD
Glyma.01G103200,WGD
Glyma.01G103500,WGD
Glyma.01G104100,WGD
Glyma.01G104200,WGD
Glyma.01G104600,WGD
Glyma.01G104800,WGD
Glyma.01G105000,WGD
Glyma.01G105300,WGD
Glyma.01G105400,WGD
Glyma.01G105500,WGD
Glyma.01G105600,WGD
Glyma.01G105900,WGD
Glyma.01G106000,WGD
Glyma.01G106100,WGD
Glyma.01G106200,WGD
Glyma.01G106500,WGD
Glyma.01G106600,WGD
Glyma.01G106700,WGD
Glyma.01G106867,WGD
Glyma.01G107000,WGD
Glyma.01G107100,WGD
Glyma.01G108000,WGD
Glyma.01G108200,WGD
Glyma.01G108700,WGD
Glyma.01G108800,WGD
Glyma.01G109200,WGD
Glyma.01G109300,WGD
Glyma.01G109500,WGD
Glyma.01G109700,WGD
Glyma.01G109800,WGD
Glyma.01G110200,WGD
Glyma.01G110300,WGD
Glyma.01G110400,WGD
Glyma.01G110500,WGD
Glyma.01G110600,WGD
Glyma.01G110900,WGD
Glyma.01G111000,WGD
Glyma.01G111200,WGD
Glyma.01G111300,WGD
Glyma.01G111500,WGD
Glyma.01G111900,WGD
Glyma.01G112200,WGD
Glyma.01G112400,WGD
Glyma.01G112500,WGD
Glyma.01G112600,WGD
Glyma.01G112700,WGD
Glyma.01G112900,WGD
Glyma.01G113000,WGD
Glyma.01G113100,WGD
Glyma.01G113200,WGD
Glyma.01G113400,WGD
Glyma.01G114000,WGD
Glyma.01G114400,WGD
Glyma.01G114800,WGD
Glyma.01G114900,WGD
Glyma.01G115000,WGD
Glyma.01G115600,WGD
Glyma.01G115900,WGD
Glyma.01G116000,WGD
Glyma.01G116100,WGD
Glyma.01G116300,WGD
Glyma.01G117000,WGD
Glyma.01G117900,WGD
Glyma.01G118000,WGD
Glyma.01G118200,WGD
Glyma.01G119300,WGD
Glyma.01G119400,WGD
Glyma.01G119500,WGD
Glyma.01G119600,WGD
Glyma.01G119900,WGD
Glyma.01G120400,WGD
Glyma.01G120800,WGD
Glyma.01G121000,WGD
Glyma.01G121209,WGD
Glyma.01G121218,WGD
Glyma.01G121300,WGD
Glyma.01G121400,WGD
Glyma.01G121700,WGD
Glyma.01G122000,WGD
Glyma.01G122100,WGD
Glyma.01G122800,WGD
Glyma.01G123000,WGD
Glyma.01G123100,WGD
Glyma.01G123300,WGD
Glyma.01G123400,WGD
Glyma.01G123500,WGD
Glyma.01G123600,WGD
Glyma.01G123900,WGD
Glyma.01G124000,WGD
Glyma.01G124100,WGD
Glyma.01G124200,WGD
Glyma.01G124300,WGD
Glyma.01G124400,WGD
Glyma.01G124500,WGD
Glyma.01G124602,WGD
Glyma.01G124700,WGD
Glyma.01G124802,WGD
Glyma.01G124900,WGD
Glyma.01G125000,WGD
Glyma.01G125100,WGD
Glyma.01G125200,WGD
Glyma.01G125300,WGD
Glyma.01G125900,WGD
Glyma.01G126000,WGD
Glyma.01G126200,WGD
Glyma.01G126600,WGD
Glyma.01G126700,WGD
Glyma.01G127100,WGD
Glyma.01G127200,WGD
Glyma.01G127400,WGD
Glyma.01G127500,WGD
Glyma.01G127600,WGD
Glyma.01G127700,WGD
Glyma.01G127900,WGD
Glyma.01G128000,WGD
Glyma.01G128100,WGD
Glyma.01G128200,WGD
Glyma.01G128300,WGD
Glyma.01G128500,WGD
Glyma.01G128700,WGD
Glyma.01G129000,WGD
Glyma.01G129200,WGD
Glyma.01G129400,WGD
Glyma.01G129700,WGD
Glyma.01G130000,WGD
Glyma.01G130200,WGD
Glyma.01G130500,WGD
Glyma.01G131100,WGD
Glyma.01G131200,WGD
Glyma.01G131300,WGD
Glyma.01G131400,WGD
Glyma.01G131500,WGD
Glyma.01G131800,WGD
Glyma.01G131900,WGD
Glyma.01G132000,WGD
Glyma.01G132200,WGD
Glyma.01G132300,WGD
Glyma.01G132400,WGD
Glyma.01G132500,WGD
Glyma.01G132600,WGD
Glyma.01G132800,WGD
Glyma.01G132866,WGD
Glyma.01G133000,WGD
Glyma.01G133200,WGD
Glyma.01G133300,WGD
Glyma.01G133501,WGD
Glyma.01G133900,WGD
Glyma.01G134100,WGD
Glyma.01G134200,WGD
Glyma.01G134400,WGD
Glyma.01G135400,WGD
Glyma.01G135500,WGD
Glyma.01G135600,WGD
Glyma.01G135900,WGD
Glyma.01G136000,WGD
Glyma.01G136100,WGD
Glyma.01G136300,WGD
Glyma.01G136500,WGD
Glyma.01G136600,WGD
Glyma.01G137200,WGD
Glyma.01G137300,WGD
Glyma.01G137500,WGD
Glyma.01G137600,WGD
Glyma.01G137700,WGD
Glyma.01G138000,WGD
Glyma.01G138300,WGD
Glyma.01G138600,WGD
Glyma.01G138800,WGD
Glyma.01G139000,WGD
Glyma.01G139100,WGD
Glyma.01G139500,WGD
Glyma.01G139600,WGD
Glyma.01G139633,WGD
Glyma.01G139700,WGD
Glyma.01G139900,WGD
Glyma.01G140200,WGD
Glyma.01G140850,WGD
Glyma.01G141100,WGD
Glyma.01G141200,WGD
Glyma.01G141400,WGD
Glyma.01G141900,WGD
Glyma.01G142300,WGD
Glyma.01G142400,WGD
Glyma.01G142600,WGD
Glyma.01G142700,WGD
Glyma.01G142900,WGD
Glyma.01G143100,WGD
Glyma.01G143700,WGD
Glyma.01G143800,WGD
Glyma.01G143900,WGD
Glyma.01G144200,WGD
Glyma.01G144300,WGD
Glyma.01G144400,WGD
Glyma.01G144500,WGD
Glyma.01G144700,WGD
Glyma.01G144800,WGD
Glyma.01G144900,WGD
Glyma.01G145000,WGD
Glyma.01G145300,WGD
Glyma.01G145400,WGD
Glyma.01G145600,WGD
Glyma.01G145900,WGD
Glyma.01G146000,WGD
Glyma.01G146100,WGD
Glyma.01G146200,WGD
Glyma.01G146300,WGD
Glyma.01G146400,WGD
Glyma.01G146500,WGD
Glyma.01G146600,WGD
Glyma.01G146700,WGD
Glyma.01G147300,WGD
Glyma.01G147400,WGD
Glyma.01G147500,WGD
Glyma.01G147600,WGD
Glyma.01G147700,WGD
Glyma.01G147800,WGD
Glyma.01G148300,WGD
Glyma.01G148401,WGD
Glyma.01G148600,WGD
Glyma.01G148800,WGD
Glyma.01G148900,WGD
Glyma.01G149000,WGD
Glyma.01G149300,WGD
Glyma.01G149400,WGD
Glyma.01G149500,WGD
Glyma.01G149700,WGD
Glyma.01G149800,WGD
Glyma.01G149900,WGD
Glyma.01G150000,WGD
Glyma.01G150100,WGD
Glyma.01G150200,WGD
Glyma.01G150300,WGD
Glyma.01G150400,WGD
Glyma.01G150600,WGD
Glyma.01G150700,WGD
Glyma.01G150800,WGD
Glyma.01G151000,WGD
Glyma.01G151100,WGD
Glyma.01G151200,WGD
Glyma.01G151300,WGD
Glyma.01G151400,WGD
Glyma.01G151466,WGD
Glyma.01G151600,WGD
Glyma.01G151700,WGD
Glyma.01G151800,WGD
Glyma.01G151951,WGD
Glyma.01G152100,WGD
Glyma.01G152200,WGD
Glyma.01G152500,WGD
Glyma.01G152600,WGD
Glyma.01G152700,WGD
Glyma.01G152800,WGD
Glyma.01G152900,WGD
Glyma.01G153000,WGD
Glyma.01G153100,WGD
Glyma.01G153200,WGD
Glyma.01G153300,WGD
Glyma.01G153600,WGD
Glyma.01G153700,WGD
Glyma.01G154000,WGD
Glyma.01G154100,WGD
Glyma.01G154200,WGD
Glyma.01G154300,WGD
Glyma.01G154400,WGD
Glyma.01G154450,WGD
Glyma.01G154700,WGD
Glyma.01G155200,WGD
Glyma.01G155300,WGD
Glyma.01G155400,WGD
Glyma.01G155600,WGD
Glyma.01G155800,WGD
Glyma.01G155900,WGD
Glyma.01G156000,WGD
Glyma.01G156200,WGD
Glyma.01G156400,WGD
Glyma.01G156500,WGD
Glyma.01G156600,WGD
Glyma.01G156700,WGD
Glyma.01G157000,WGD
Glyma.01G157100,WGD
Glyma.01G157300,WGD
Glyma.01G157400,WGD
Glyma.01G157500,WGD
Glyma.01G157600,WGD
Glyma.01G157700,WGD
Glyma.01G157800,WGD
Glyma.01G157900,WGD
Glyma.01G158000,WGD
Glyma.01G158100,WGD
Glyma.01G158200,WGD
Glyma.01G158300,WGD
Glyma.01G158400,WGD
Glyma.01G158500,WGD
Glyma.01G158600,WGD
Glyma.01G158750,WGD
Glyma.01G158800,WGD
Glyma.01G158900,WGD
Glyma.01G159000,WGD
Glyma.01G159100,WGD
Glyma.01G159200,WGD
Glyma.01G159301,WGD
Glyma.01G159400,WGD
Glyma.01G159450,WGD
Glyma.01G159500,WGD
Glyma.01G159600,WGD
Glyma.01G159700,WGD
Glyma.01G159800,WGD
Glyma.01G159900,WGD
Glyma.01G160000,WGD
Glyma.01G160100,WGD
Glyma.01G160300,WGD
Glyma.01G160600,WGD
Glyma.01G160800,WGD
Glyma.01G160900,WGD
Glyma.01G161000,WGD
Glyma.01G161100,WGD
Glyma.01G161200,WGD
Glyma.01G161400,WGD
Glyma.01G161500,WGD
Glyma.01G161600,WGD
Glyma.01G161700,WGD
Glyma.01G161800,WGD
Glyma.01G161900,WGD
Glyma.01G162000,WGD
Glyma.01G162100,WGD
Glyma.01G162200,WGD
Glyma.01G162300,WGD
Glyma.01G162500,WGD
Glyma.01G162700,WGD
Glyma.01G162800,WGD
Glyma.01G162900,WGD
Glyma.01G163000,WGD
Glyma.01G163100,WGD
Glyma.01G163200,WGD
Glyma.01G163300,WGD
Glyma.01G163500,WGD
Glyma.01G163600,WGD
Glyma.01G163700,WGD
Glyma.01G163800,WGD
Glyma.01G163900,WGD
Glyma.01G164000,WGD
Glyma.01G164100,WGD
Glyma.01G164200,WGD
Glyma.01G164300,WGD
Glyma.01G164400,WGD
Glyma.01G164500,WGD
Glyma.01G164700,WGD
Glyma.01G164800,WGD
Glyma.01G164900,WGD
Glyma.01G165000,WGD
Glyma.01G165100,WGD
Glyma.01G165200,WGD
Glyma.01G165300,WGD
Glyma.01G165400,WGD
Glyma.01G165600,WGD
Glyma.01G165900,WGD
Glyma.01G166000,WGD
Glyma.01G166100,WGD
Glyma.01G166200,WGD
Glyma.01G166300,WGD
Glyma.01G166400,WGD
Glyma.01G166500,WGD
Glyma.01G166600,WGD
Glyma.01G166700,WGD
Glyma.01G166800,WGD
Glyma.01G166900,WGD
Glyma.01G167000,WGD
Glyma.01G167200,WGD
Glyma.01G167300,WGD
Glyma.01G167400,WGD
Glyma.01G167500,WGD
Glyma.01G167600,WGD
Glyma.01G167900,WGD
Glyma.01G168000,WGD
Glyma.01G168100,WGD
Glyma.01G168200,WGD
Glyma.01G168400,WGD
Glyma.01G168500,WGD
Glyma.01G168600,WGD
Glyma.01G168900,WGD
Glyma.01G169000,WGD
Glyma.01G169100,WGD
Glyma.01G169200,WGD
Glyma.01G169400,WGD
Glyma.01G169500,WGD
Glyma.01G169600,WGD
Glyma.01G169900,WGD
Glyma.01G170000,WGD
Glyma.01G170100,WGD
Glyma.01G170200,WGD
Glyma.01G170300,WGD
Glyma.01G170400,WGD
Glyma.01G170502,WGD
Glyma.01G170600,WGD
Glyma.01G170700,WGD
Glyma.01G170800,WGD
Glyma.01G170900,WGD
Glyma.01G171000,WGD
Glyma.01G171100,WGD
Glyma.01G171200,WGD
Glyma.01G171300,WGD
Glyma.01G171400,WGD
Glyma.01G171600,WGD
Glyma.01G171700,WGD
Glyma.01G171800,WGD
Glyma.01G171900,WGD
Glyma.01G172000,WGD
Glyma.01G172100,WGD
Glyma.01G172200,WGD
Glyma.01G172300,WGD
Glyma.01G172400,WGD
Glyma.01G172500,WGD
Glyma.01G172600,WGD
Glyma.01G172700,WGD
Glyma.01G172900,WGD
Glyma.01G173000,WGD
Glyma.01G173100,WGD
Glyma.01G173200,WGD
Glyma.01G173300,WGD
Glyma.01G173500,WGD
Glyma.01G173700,WGD
Glyma.01G173800,WGD
Glyma.01G173900,WGD
Glyma.01G174000,WGD
Glyma.01G174102,WGD
Glyma.01G174200,WGD
Glyma.01G174400,WGD
Glyma.01G174501,WGD
Glyma.01G174600,WGD
Glyma.01G174700,WGD
Glyma.01G174900,WGD
Glyma.01G175000,WGD
Glyma.01G175100,WGD
Glyma.01G175200,WGD
Glyma.01G175300,WGD
Glyma.01G175400,WGD
Glyma.01G175500,WGD
Glyma.01G175600,WGD
Glyma.01G175800,WGD
Glyma.01G175900,WGD
Glyma.01G176000,WGD
Glyma.01G176100,WGD
Glyma.01G176400,WGD
Glyma.01G176500,WGD
Glyma.01G176600,WGD
Glyma.01G176900,WGD
Glyma.01G177066,WGD
Glyma.01G177200,WGD
Glyma.01G177300,WGD
Glyma.01G177400,WGD
Glyma.01G177500,WGD
Glyma.01G177600,WGD
Glyma.01G177700,WGD
Glyma.01G177900,WGD
Glyma.01G178000,WGD
Glyma.01G178100,WGD
Glyma.01G178200,WGD
Glyma.01G178400,WGD
Glyma.01G178500,WGD
Glyma.01G178600,WGD
Glyma.01G178700,WGD
Glyma.01G178800,WGD
Glyma.01G178900,WGD
Glyma.01G179000,WGD
Glyma.01G179100,WGD
Glyma.01G179201,WGD
Glyma.01G179300,WGD
Glyma.01G179600,WGD
Glyma.01G179800,WGD
Glyma.01G179900,WGD
Glyma.01G180000,WGD
Glyma.01G180100,WGD
Glyma.01G180200,WGD
Glyma.01G180366,WGD
Glyma.01G180432,WGD
Glyma.01G180500,WGD
Glyma.01G180600,WGD
Glyma.01G180700,WGD
Glyma.01G180800,WGD
Glyma.01G181102,WGD
Glyma.01G181200,WGD
Glyma.01G181400,WGD
Glyma.01G181500,WGD
Glyma.01G181600,WGD
Glyma.01G181700,WGD
Glyma.01G181800,WGD
Glyma.01G182000,WGD
Glyma.01G182100,WGD
Glyma.01G182200,WGD
Glyma.01G182300,WGD
Glyma.01G182400,WGD
Glyma.01G182500,WGD
Glyma.01G182600,WGD
Glyma.01G182700,WGD
Glyma.01G183000,WGD
Glyma.01G183100,WGD
Glyma.01G183200,WGD
Glyma.01G183300,WGD
Glyma.01G183500,WGD
Glyma.01G183600,WGD
Glyma.01G183700,WGD
Glyma.01G183800,WGD
Glyma.01G183900,WGD
Glyma.01G184000,WGD
Glyma.01G184100,WGD
Glyma.01G184200,WGD
Glyma.01G184300,WGD
Glyma.01G184400,WGD
Glyma.01G184500,WGD
Glyma.01G184600,WGD
Glyma.01G184700,WGD
Glyma.01G184800,WGD
Glyma.01G184900,WGD
Glyma.01G185000,WGD
Glyma.01G185100,WGD
Glyma.01G185200,WGD
Glyma.01G185300,WGD
Glyma.01G185400,WGD
Glyma.01G185500,WGD
Glyma.01G185600,WGD
Glyma.01G185700,WGD
Glyma.01G185800,WGD
Glyma.01G185900,WGD
Glyma.01G186000,WGD
Glyma.01G186100,WGD
Glyma.01G186202,WGD
Glyma.01G186300,WGD
Glyma.01G186400,WGD
Glyma.01G186600,WGD
Glyma.01G186700,WGD
Glyma.01G186800,WGD
Glyma.01G186900,WGD
Glyma.01G187000,WGD
Glyma.01G187200,WGD
Glyma.01G187300,WGD
Glyma.01G187500,WGD
Glyma.01G187600,WGD
Glyma.01G187700,WGD
Glyma.01G187800,WGD
Glyma.01G187900,WGD
Glyma.01G188000,WGD
Glyma.01G188100,WGD
Glyma.01G188200,WGD
Glyma.01G188400,WGD
Glyma.01G188500,WGD
Glyma.01G188600,WGD
Glyma.01G188700,WGD
Glyma.01G188832,WGD
Glyma.01G188900,WGD
Glyma.01G189000,WGD
Glyma.01G189100,WGD
Glyma.01G189200,WGD
Glyma.01G189300,WGD
Glyma.01G189400,WGD
Glyma.01G189500,WGD
Glyma.01G189600,WGD
Glyma.01G189700,WGD
Glyma.01G189900,WGD
Glyma.01G190000,WGD
Glyma.01G190100,WGD
Glyma.01G190300,WGD
Glyma.01G190402,WGD
Glyma.01G190600,WGD
Glyma.01G190700,WGD
Glyma.01G190800,WGD
Glyma.01G190900,WGD
Glyma.01G191100,WGD
Glyma.01G191200,WGD
Glyma.01G191300,WGD
Glyma.01G191400,WGD
Glyma.01G191500,WGD
Glyma.01G191600,WGD
Glyma.01G191700,WGD
Glyma.01G191800,WGD
Glyma.01G191900,WGD
Glyma.01G192000,WGD
Glyma.01G192100,WGD
Glyma.01G192200,WGD
Glyma.01G192300,WGD
Glyma.01G192400,WGD
Glyma.01G192500,WGD
Glyma.01G192600,WGD
Glyma.01G192900,WGD
Glyma.01G193000,WGD
Glyma.01G193100,WGD
Glyma.01G193200,WGD
Glyma.01G193400,WGD
Glyma.01G193500,WGD
Glyma.01G193600,WGD
Glyma.01G193700,WGD
Glyma.01G193800,WGD
Glyma.01G193900,WGD
Glyma.01G193950,WGD
Glyma.01G194100,WGD
Glyma.01G194200,WGD
Glyma.01G194300,WGD
Glyma.01G194500,WGD
Glyma.01G194600,WGD
Glyma.01G194700,WGD
Glyma.01G194800,WGD
Glyma.01G194900,WGD
Glyma.01G195000,WGD
Glyma.01G195100,WGD
Glyma.01G195200,WGD
Glyma.01G195300,WGD
Glyma.01G195400,WGD
Glyma.01G195500,WGD
Glyma.01G195600,WGD
Glyma.01G195700,WGD
Glyma.01G195800,WGD
Glyma.01G195900,WGD
Glyma.01G196000,WGD
Glyma.01G196100,WGD
Glyma.01G196200,WGD
Glyma.01G196300,WGD
Glyma.01G196400,WGD
Glyma.01G196600,WGD
Glyma.01G196700,WGD
Glyma.01G196800,WGD
Glyma.01G196900,WGD
Glyma.01G197100,WGD
Glyma.01G197200,WGD
Glyma.01G197300,WGD
Glyma.01G197400,WGD
Glyma.01G197500,WGD
Glyma.01G197600,WGD
Glyma.01G197700,WGD
Glyma.01G197800,WGD
Glyma.01G197900,WGD
Glyma.01G198000,WGD
Glyma.01G198100,WGD
Glyma.01G198200,WGD
Glyma.01G198500,WGD
Glyma.01G198600,WGD
Glyma.01G198700,WGD
Glyma.01G198800,WGD
Glyma.01G198900,WGD
Glyma.01G199000,WGD
Glyma.01G199100,WGD
Glyma.01G199200,WGD
Glyma.01G199400,WGD
Glyma.01G199500,WGD
Glyma.01G199600,WGD
Glyma.01G199700,WGD
Glyma.01G199900,WGD
Glyma.01G200100,WGD
Glyma.01G200200,WGD
Glyma.01G200400,WGD
Glyma.01G200466,WGD
Glyma.01G200700,WGD
Glyma.01G200800,WGD
Glyma.01G200900,WGD
Glyma.01G201100,WGD
Glyma.01G201200,WGD
Glyma.01G202000,WGD
Glyma.01G202100,WGD
Glyma.01G202200,WGD
Glyma.01G202400,WGD
Glyma.01G202600,WGD
Glyma.01G202700,WGD
Glyma.01G203000,WGD
Glyma.01G203100,WGD
Glyma.01G203200,WGD
Glyma.01G203300,WGD
Glyma.01G203400,WGD
Glyma.01G203500,WGD
Glyma.01G203600,WGD
Glyma.01G203800,WGD
Glyma.01G204000,WGD
Glyma.01G204200,WGD
Glyma.01G204300,WGD
Glyma.01G204400,WGD
Glyma.01G204533,WGD
Glyma.01G204600,WGD
Glyma.01G204700,WGD
Glyma.01G204800,WGD
Glyma.01G204900,WGD
Glyma.01G205100,WGD
Glyma.01G205200,WGD
Glyma.01G205300,WGD
Glyma.01G205400,WGD
Glyma.01G205500,WGD
Glyma.01G205600,WGD
Glyma.01G205700,WGD
Glyma.01G205900,WGD
Glyma.01G206000,WGD
Glyma.01G206200,WGD
Glyma.01G206500,WGD
Glyma.01G206600,WGD
Glyma.01G206700,WGD
Glyma.01G206800,WGD
Glyma.01G207000,WGD
Glyma.01G207100,WGD
Glyma.01G207200,WGD
Glyma.01G207300,WGD
Glyma.01G207400,WGD
Glyma.01G207500,WGD
Glyma.01G207600,WGD
Glyma.01G207700,WGD
Glyma.01G207800,WGD
Glyma.01G207900,WGD
Glyma.01G208000,WGD
Glyma.01G208100,WGD
Glyma.01G208200,WGD
Glyma.01G208300,WGD
Glyma.01G208400,WGD
Glyma.01G208600,WGD
Glyma.01G208700,WGD
Glyma.01G208800,WGD
Glyma.01G208900,WGD
Glyma.01G209000,WGD
Glyma.01G209100,WGD
Glyma.01G209200,WGD
Glyma.01G209500,WGD
Glyma.01G209600,WGD
Glyma.01G209800,WGD
Glyma.01G209900,WGD
Glyma.01G210100,WGD
Glyma.01G210200,WGD
Glyma.01G210300,WGD
Glyma.01G210400,WGD
Glyma.01G210500,WGD
Glyma.01G210600,WGD
Glyma.01G210700,WGD
Glyma.01G210800,WGD
Glyma.01G211000,WGD
Glyma.01G211100,WGD
Glyma.01G211200,WGD
Glyma.01G211300,WGD
Glyma.01G211400,WGD
Glyma.01G211500,WGD
Glyma.01G211700,WGD
Glyma.01G211900,WGD
Glyma.01G212000,WGD
Glyma.01G212100,WGD
Glyma.01G212200,WGD
Glyma.01G212400,WGD
Glyma.01G212500,WGD
Glyma.01G212600,WGD
Glyma.01G212700,WGD
Glyma.01G212800,WGD
Glyma.01G213000,WGD
Glyma.01G213100,WGD
Glyma.01G213200,WGD
Glyma.01G213300,WGD
Glyma.01G213400,WGD
Glyma.01G213500,WGD
Glyma.01G213600,WGD
Glyma.01G213700,WGD
Glyma.01G213800,WGD
Glyma.01G213900,WGD
Glyma.01G214100,WGD
Glyma.01G214200,WGD
Glyma.01G214300,WGD
Glyma.01G214400,WGD
Glyma.01G214500,WGD
Glyma.01G214600,WGD
Glyma.01G214700,WGD
Glyma.01G214800,WGD
Glyma.01G215400,WGD
Glyma.01G215500,WGD
Glyma.01G215600,WGD
Glyma.01G215700,WGD
Glyma.01G215800,WGD
Glyma.01G216000,WGD
Glyma.01G216200,WGD
Glyma.01G216400,WGD
Glyma.01G216500,WGD
Glyma.01G216600,WGD
Glyma.01G216900,WGD
Glyma.01G216933,WGD
Glyma.01G217200,WGD
Glyma.01G217300,WGD
Glyma.01G217400,WGD
Glyma.01G217600,WGD
Glyma.01G217800,WGD
Glyma.01G217900,WGD
Glyma.01G218000,WGD
Glyma.01G218100,WGD
Glyma.01G218200,WGD
Glyma.01G218300,WGD
Glyma.01G218800,WGD
Glyma.01G218900,WGD
Glyma.01G219001,WGD
Glyma.01G219100,WGD
Glyma.01G219200,WGD
Glyma.01G219300,WGD
Glyma.01G219400,WGD
Glyma.01G219600,WGD
Glyma.01G219700,WGD
Glyma.01G219800,WGD
Glyma.01G219900,WGD
Glyma.01G220100,WGD
Glyma.01G220200,WGD
Glyma.01G220300,WGD
Glyma.01G220400,WGD
Glyma.01G220600,WGD
Glyma.01G220700,WGD
Glyma.01G220800,WGD
Glyma.01G220900,WGD
Glyma.01G221000,WGD
Glyma.01G221100,WGD
Glyma.01G221200,WGD
Glyma.01G221300,WGD
Glyma.01G221400,WGD
Glyma.01G221500,WGD
Glyma.01G221600,WGD
Glyma.01G221900,WGD
Glyma.01G222000,WGD
Glyma.01G222100,WGD
Glyma.01G222200,WGD
Glyma.01G222300,WGD
Glyma.01G222400,WGD
Glyma.01G222500,WGD
Glyma.01G222600,WGD
Glyma.01G222700,WGD
Glyma.01G222800,WGD
Glyma.01G223000,WGD
Glyma.01G223100,WGD
Glyma.01G223200,WGD
Glyma.01G223400,WGD
Glyma.01G223500,WGD
Glyma.01G223600,WGD
Glyma.01G223700,WGD
Glyma.01G223800,WGD
Glyma.01G223900,WGD
Glyma.01G224000,WGD
Glyma.01G224100,WGD
Glyma.01G224200,WGD
Glyma.01G224300,WGD
Glyma.01G224400,WGD
Glyma.01G224500,WGD
Glyma.01G224600,WGD
Glyma.01G224700,WGD
Glyma.01G224800,WGD
Glyma.01G224900,WGD
Glyma.01G225000,WGD
Glyma.01G225100,WGD
Glyma.01G225200,WGD
Glyma.01G225300,WGD
Glyma.01G225400,WGD
Glyma.01G225500,WGD
Glyma.01G225600,WGD
Glyma.01G225700,WGD
Glyma.01G225800,WGD
Glyma.01G225900,WGD
Glyma.01G226000,WGD
Glyma.01G226100,WGD
Glyma.01G226200,WGD
Glyma.01G226300,WGD
Glyma.01G226400,WGD
Glyma.01G226502,WGD
Glyma.01G226600,WGD
Glyma.01G226700,WGD
Glyma.01G226800,WGD
Glyma.01G226900,WGD
Glyma.01G227000,WGD
Glyma.01G227100,WGD
Glyma.01G227200,WGD
Glyma.01G227300,WGD
Glyma.01G227400,WGD
Glyma.01G227500,WGD
Glyma.01G227700,WGD
Glyma.01G227800,WGD
Glyma.01G227900,WGD
Glyma.01G228000,WGD
Glyma.01G228100,WGD
Glyma.01G228200,WGD
Glyma.01G228300,WGD
Glyma.01G228400,WGD
Glyma.01G228500,WGD
Glyma.01G228600,WGD
Glyma.01G228700,WGD
Glyma.01G228800,WGD
Glyma.01G228900,WGD
Glyma.01G229000,WGD
Glyma.01G229066,WGD
Glyma.01G229200,WGD
Glyma.01G229300,WGD
Glyma.01G229400,WGD
Glyma.01G229500,WGD
Glyma.01G229600,WGD
Glyma.01G229700,WGD
Glyma.01G229800,WGD
Glyma.01G229900,WGD
Glyma.01G230000,WGD
Glyma.01G230200,WGD
Glyma.01G230400,WGD
Glyma.01G230500,WGD
Glyma.01G230700,WGD
Glyma.01G230800,WGD
Glyma.01G230900,WGD
Glyma.01G231000,WGD
Glyma.01G231300,WGD
Glyma.01G231400,WGD
Glyma.01G231600,WGD
Glyma.01G231700,WGD
Glyma.01G231800,WGD
Glyma.01G232000,WGD
Glyma.01G232100,WGD
Glyma.01G232300,WGD
Glyma.01G232400,WGD
Glyma.01G232500,WGD
Glyma.01G232600,WGD
Glyma.01G232850,WGD
Glyma.01G233000,WGD
Glyma.01G233100,WGD
Glyma.01G233200,WGD
Glyma.01G233300,WGD
Glyma.01G233400,WGD
Glyma.01G233500,WGD
Glyma.01G233600,WGD
Glyma.01G233700,WGD
Glyma.01G233900,WGD
Glyma.01G234000,WGD
Glyma.01G234100,WGD
Glyma.01G234200,WGD
Glyma.01G234300,WGD
Glyma.01G234400,WGD
Glyma.01G234500,WGD
Glyma.01G234600,WGD
Glyma.01G234700,WGD
Glyma.01G234900,WGD
Glyma.01G235000,WGD
Glyma.01G235300,WGD
Glyma.01G235600,WGD
Glyma.01G235700,WGD
Glyma.01G235900,WGD
Glyma.01G236000,WGD
Glyma.01G236100,WGD
Glyma.01G236300,WGD
Glyma.01G236400,WGD
Glyma.01G236500,WGD
Glyma.01G236600,WGD
Glyma.01G236800,WGD
Glyma.01G237000,WGD
Glyma.01G237100,WGD
Glyma.01G237200,WGD
Glyma.01G237300,WGD
Glyma.01G237400,WGD
Glyma.01G237900,WGD
Glyma.01G238000,WGD
Glyma.01G238100,WGD
Glyma.01G238200,WGD
Glyma.01G238400,WGD
Glyma.01G238500,WGD
Glyma.01G238700,WGD
Glyma.01G238800,WGD
Glyma.01G238900,WGD
Glyma.01G239000,WGD
Glyma.01G239200,WGD
Glyma.01G239300,WGD
Glyma.01G239600,WGD
Glyma.01G239700,WGD
Glyma.01G239800,WGD
Glyma.01G239900,WGD
Glyma.01G240100,WGD
Glyma.01G240166,WGD
Glyma.01G240500,WGD
Glyma.01G240700,WGD
Glyma.01G240800,WGD
Glyma.01G240900,WGD
Glyma.01G241000,WGD
Glyma.01G241100,WGD
Glyma.01G241300,WGD
Glyma.01G241550,WGD
Glyma.01G241800,WGD
Glyma.01G242000,WGD
Glyma.01G242100,WGD
Glyma.01G242200,WGD
Glyma.01G242400,WGD
Glyma.01G242500,WGD
Glyma.01G242600,WGD
Glyma.01G242800,WGD
Glyma.01G243200,WGD
Glyma.01G243300,WGD
Glyma.01G243400,WGD
Glyma.01G244500,WGD
Glyma.01G244600,WGD
Glyma.01G245100,WGD
Glyma.01G245500,WGD
Glyma.02G001000,WGD
Glyma.02G001100,WGD
Glyma.02G001400,WGD
Glyma.02G001500,WGD
Glyma.02G001600,WGD
Glyma.02G001700,WGD
Glyma.02G002100,WGD
Glyma.02G002300,WGD
Glyma.02G002500,WGD
Glyma.02G002650,WGD
Glyma.02G002800,WGD
Glyma.02G002900,WGD
Glyma.02G003000,WGD
Glyma.02G003100,WGD
Glyma.02G003200,WGD
Glyma.02G003300,WGD
Glyma.02G003400,WGD
Glyma.02G003600,WGD
Glyma.02G003700,WGD
Glyma.02G003800,WGD
Glyma.02G003900,WGD
Glyma.02G004000,WGD
Glyma.02G004100,WGD
Glyma.02G004200,WGD
Glyma.02G004300,WGD
Glyma.02G004400,WGD
Glyma.02G004600,WGD
Glyma.02G004800,WGD
Glyma.02G005000,WGD
Glyma.02G005100,WGD
Glyma.02G005300,WGD
Glyma.02G005400,WGD
Glyma.02G005500,WGD
Glyma.02G005600,WGD
Glyma.02G005700,WGD
Glyma.02G005800,WGD
Glyma.02G006000,WGD
Glyma.02G006200,WGD
Glyma.02G006300,WGD
Glyma.02G006400,WGD
Glyma.02G006500,WGD
Glyma.02G006600,WGD
Glyma.02G006700,WGD
Glyma.02G006800,WGD
Glyma.02G007000,WGD
Glyma.02G007100,WGD
Glyma.02G007166,WGD
Glyma.02G007300,WGD
Glyma.02G007400,WGD
Glyma.02G007500,WGD
Glyma.02G007600,WGD
Glyma.02G007700,WGD
Glyma.02G007800,WGD
Glyma.02G008000,WGD
Glyma.02G008100,WGD
Glyma.02G008200,WGD
Glyma.02G008300,WGD
Glyma.02G008500,WGD
Glyma.02G008600,WGD
Glyma.02G008800,WGD
Glyma.02G008900,WGD
Glyma.02G009000,WGD
Glyma.02G009100,WGD
Glyma.02G009200,WGD
Glyma.02G009300,WGD
Glyma.02G009500,WGD
Glyma.02G009800,WGD
Glyma.02G010000,WGD
Glyma.02G010100,WGD
Glyma.02G010300,WGD
Glyma.02G010500,WGD
Glyma.02G010600,WGD
Glyma.02G010700,WGD
Glyma.02G010900,WGD
Glyma.02G011100,WGD
Glyma.02G011200,WGD
Glyma.02G011300,WGD
Glyma.02G011400,WGD
Glyma.02G011500,WGD
Glyma.02G011800,WGD
Glyma.02G011900,WGD
Glyma.02G012000,WGD
Glyma.02G012100,WGD
Glyma.02G012300,WGD
Glyma.02G012400,WGD
Glyma.02G012500,WGD
Glyma.02G012700,WGD
Glyma.02G012800,WGD
Glyma.02G012900,WGD
Glyma.02G013000,WGD
Glyma.02G013100,WGD
Glyma.02G013200,WGD
Glyma.02G013300,WGD
Glyma.02G013402,WGD
Glyma.02G013500,WGD
Glyma.02G013600,WGD
Glyma.02G013700,WGD
Glyma.02G013800,WGD
Glyma.02G013900,WGD
Glyma.02G014000,WGD
Glyma.02G014100,WGD
Glyma.02G014200,WGD
Glyma.02G014300,WGD
Glyma.02G014400,WGD
Glyma.02G014500,WGD
Glyma.02G014666,WGD
Glyma.02G014800,WGD
Glyma.02G014900,WGD
Glyma.02G015200,WGD
Glyma.02G015300,WGD
Glyma.02G015500,WGD
Glyma.02G015600,WGD
Glyma.02G015700,WGD
Glyma.02G015900,WGD
Glyma.02G016100,WGD
Glyma.02G016200,WGD
Glyma.02G016400,WGD
Glyma.02G016500,WGD
Glyma.02G016600,WGD
Glyma.02G016700,WGD
Glyma.02G016800,WGD
Glyma.02G016900,WGD
Glyma.02G017100,WGD
Glyma.02G017200,WGD
Glyma.02G017400,WGD
Glyma.02G017500,WGD
Glyma.02G017800,WGD
Glyma.02G017900,WGD
Glyma.02G018000,WGD
Glyma.02G018200,WGD
Glyma.02G018300,WGD
Glyma.02G018450,WGD
Glyma.02G018900,WGD
Glyma.02G019100,WGD
Glyma.02G019200,WGD
Glyma.02G019300,WGD
Glyma.02G019400,WGD
Glyma.02G019500,WGD
Glyma.02G019600,WGD
Glyma.02G019700,WGD
Glyma.02G019800,WGD
Glyma.02G019900,WGD
Glyma.02G020000,WGD
Glyma.02G020200,WGD
Glyma.02G020300,WGD
Glyma.02G020500,WGD
Glyma.02G020600,WGD
Glyma.02G020800,WGD
Glyma.02G020900,WGD
Glyma.02G021400,WGD
Glyma.02G021600,WGD
Glyma.02G021700,WGD
Glyma.02G021900,WGD
Glyma.02G022000,WGD
Glyma.02G022200,WGD
Glyma.02G022300,WGD
Glyma.02G022351,WGD
Glyma.02G022400,WGD
Glyma.02G022500,WGD
Glyma.02G022700,WGD
Glyma.02G022800,WGD
Glyma.02G023000,WGD
Glyma.02G023500,WGD
Glyma.02G023700,WGD
Glyma.02G023800,WGD
Glyma.02G024100,WGD
Glyma.02G024200,WGD
Glyma.02G024500,WGD
Glyma.02G024600,WGD
Glyma.02G024900,WGD
Glyma.02G025000,WGD
Glyma.02G025100,WGD
Glyma.02G025200,WGD
Glyma.02G025300,WGD
Glyma.02G025400,WGD
Glyma.02G025600,WGD
Glyma.02G025700,WGD
Glyma.02G025900,WGD
Glyma.02G026000,WGD
Glyma.02G026300,WGD
Glyma.02G026500,WGD
Glyma.02G026600,WGD
Glyma.02G026700,WGD
Glyma.02G026751,WGD
Glyma.02G026800,WGD
Glyma.02G026900,WGD
Glyma.02G027000,WGD
Glyma.02G027100,WGD
Glyma.02G027200,WGD
Glyma.02G027400,WGD
Glyma.02G027500,WGD
Glyma.02G027600,WGD
Glyma.02G027800,WGD
Glyma.02G028300,WGD
Glyma.02G028700,WGD
Glyma.02G029200,WGD
Glyma.02G029300,WGD
Glyma.02G029400,WGD
Glyma.02G029600,WGD
Glyma.02G029700,WGD
Glyma.02G029750,WGD
Glyma.02G029800,WGD
Glyma.02G029900,WGD
Glyma.02G030100,WGD
Glyma.02G030200,WGD
Glyma.02G030700,WGD
Glyma.02G030800,WGD
Glyma.02G030900,WGD
Glyma.02G031000,WGD
Glyma.02G031300,WGD
Glyma.02G031800,WGD
Glyma.02G031900,WGD
Glyma.02G032100,WGD
Glyma.02G032200,WGD
Glyma.02G032300,WGD
Glyma.02G032400,WGD
Glyma.02G032500,WGD
Glyma.02G032700,WGD
Glyma.02G032800,WGD
Glyma.02G033001,WGD
Glyma.02G033100,WGD
Glyma.02G033200,WGD
Glyma.02G033300,WGD
Glyma.02G033400,WGD
Glyma.02G033500,WGD
Glyma.02G033600,WGD
Glyma.02G033900,WGD
Glyma.02G034000,WGD
Glyma.02G034200,WGD
Glyma.02G034300,WGD
Glyma.02G034400,WGD
Glyma.02G034500,WGD
Glyma.02G034700,WGD
Glyma.02G034800,WGD
Glyma.02G035000,WGD
Glyma.02G035100,WGD
Glyma.02G035200,WGD
Glyma.02G035300,WGD
Glyma.02G035400,WGD
Glyma.02G035501,WGD
Glyma.02G035600,WGD
Glyma.02G035700,WGD
Glyma.02G035800,WGD
Glyma.02G036100,WGD
Glyma.02G036200,WGD
Glyma.02G036300,WGD
Glyma.02G036400,WGD
Glyma.02G036500,WGD
Glyma.02G036700,WGD
Glyma.02G036900,WGD
Glyma.02G037000,WGD
Glyma.02G037100,WGD
Glyma.02G037200,WGD
Glyma.02G037300,WGD
Glyma.02G037400,WGD
Glyma.02G037500,WGD
Glyma.02G037600,WGD
Glyma.02G037700,WGD
Glyma.02G037800,WGD
Glyma.02G038000,WGD
Glyma.02G038100,WGD
Glyma.02G038200,WGD
Glyma.02G038300,WGD
Glyma.02G038400,WGD
Glyma.02G038500,WGD
Glyma.02G038700,WGD
Glyma.02G038800,WGD
Glyma.02G038900,WGD
Glyma.02G039000,WGD
Glyma.02G039100,WGD
Glyma.02G039300,WGD
Glyma.02G039400,WGD
Glyma.02G039500,WGD
Glyma.02G039700,WGD
Glyma.02G040100,WGD
Glyma.02G040200,WGD
Glyma.02G040301,WGD
Glyma.02G040500,WGD
Glyma.02G040600,WGD
Glyma.02G040700,WGD
Glyma.02G040802,WGD
Glyma.02G040900,WGD
Glyma.02G041000,WGD
Glyma.02G041200,WGD
Glyma.02G041300,WGD
Glyma.02G041400,WGD
Glyma.02G041500,WGD
Glyma.02G041700,WGD
Glyma.02G041800,WGD
Glyma.02G041900,WGD
Glyma.02G042000,WGD
Glyma.02G042100,WGD
Glyma.02G042200,WGD
Glyma.02G042300,WGD
Glyma.02G042500,WGD
Glyma.02G042600,WGD
Glyma.02G042700,WGD
Glyma.02G043001,WGD
Glyma.02G043100,WGD
Glyma.02G043200,WGD
Glyma.02G043300,WGD
Glyma.02G043400,WGD
Glyma.02G043800,WGD
Glyma.02G044000,WGD
Glyma.02G044100,WGD
Glyma.02G044300,WGD
Glyma.02G044600,WGD
Glyma.02G044700,WGD
Glyma.02G044800,WGD
Glyma.02G044900,WGD
Glyma.02G045000,WGD
Glyma.02G045200,WGD
Glyma.02G045400,WGD
Glyma.02G045500,WGD
Glyma.02G045600,WGD
Glyma.02G045700,WGD
Glyma.02G045800,WGD
Glyma.02G045900,WGD
Glyma.02G046000,WGD
Glyma.02G046100,WGD
Glyma.02G046200,WGD
Glyma.02G046300,WGD
Glyma.02G046600,WGD
Glyma.02G046700,WGD
Glyma.02G046800,WGD
Glyma.02G046900,WGD
Glyma.02G047000,WGD
Glyma.02G047400,WGD
Glyma.02G047500,WGD
Glyma.02G047600,WGD
Glyma.02G047700,WGD
Glyma.02G047800,WGD
Glyma.02G047900,WGD
Glyma.02G048100,WGD
Glyma.02G048200,WGD
Glyma.02G048300,WGD
Glyma.02G048400,WGD
Glyma.02G048700,WGD
Glyma.02G048800,WGD
Glyma.02G048900,WGD
Glyma.02G049000,WGD
Glyma.02G049100,WGD
Glyma.02G049200,WGD
Glyma.02G049300,WGD
Glyma.02G049400,WGD
Glyma.02G049500,WGD
Glyma.02G049600,WGD
Glyma.02G049800,WGD
Glyma.02G050100,WGD
Glyma.02G050300,WGD
Glyma.02G050400,WGD
Glyma.02G050700,WGD
Glyma.02G051100,WGD
Glyma.02G051300,WGD
Glyma.02G051400,WGD
Glyma.02G051500,WGD
Glyma.02G051600,WGD
Glyma.02G051700,WGD
Glyma.02G051802,WGD
Glyma.02G051900,WGD
Glyma.02G052000,WGD
Glyma.02G052300,WGD
Glyma.02G052400,WGD
Glyma.02G052700,WGD
Glyma.02G052900,WGD
Glyma.02G053100,WGD
Glyma.02G053200,WGD
Glyma.02G053466,WGD
Glyma.02G053800,WGD
Glyma.02G053900,WGD
Glyma.02G054200,WGD
Glyma.02G054400,WGD
Glyma.02G054500,WGD
Glyma.02G054800,WGD
Glyma.02G054900,WGD
Glyma.02G055100,WGD
Glyma.02G055200,WGD
Glyma.02G055300,WGD
Glyma.02G055400,WGD
Glyma.02G055500,WGD
Glyma.02G055800,WGD
Glyma.02G056100,WGD
Glyma.02G056200,WGD
Glyma.02G056400,WGD
Glyma.02G056600,WGD
Glyma.02G056700,WGD
Glyma.02G056800,WGD
Glyma.02G056900,WGD
Glyma.02G057200,WGD
Glyma.02G057300,WGD
Glyma.02G057400,WGD
Glyma.02G057500,WGD
Glyma.02G057700,WGD
Glyma.02G057800,WGD
Glyma.02G057900,WGD
Glyma.02G058000,WGD
Glyma.02G058400,WGD
Glyma.02G058600,WGD
Glyma.02G058700,WGD
Glyma.02G058800,WGD
Glyma.02G058900,WGD
Glyma.02G058950,WGD
Glyma.02G059000,WGD
Glyma.02G059100,WGD
Glyma.02G059200,WGD
Glyma.02G059300,WGD
Glyma.02G059400,WGD
Glyma.02G059500,WGD
Glyma.02G059600,WGD
Glyma.02G059700,WGD
Glyma.02G059800,WGD
Glyma.02G059900,WGD
Glyma.02G060002,WGD
Glyma.02G060102,WGD
Glyma.02G060500,WGD
Glyma.02G060732,WGD
Glyma.02G060800,WGD
Glyma.02G060900,WGD
Glyma.02G061000,WGD
Glyma.02G061100,WGD
Glyma.02G061300,WGD
Glyma.02G061400,WGD
Glyma.02G061500,WGD
Glyma.02G061700,WGD
Glyma.02G062000,WGD
Glyma.02G062200,WGD
Glyma.02G062251,WGD
Glyma.02G062400,WGD
Glyma.02G062600,WGD
Glyma.02G062700,WGD
Glyma.02G062900,WGD
Glyma.02G063000,WGD
Glyma.02G063700,WGD
Glyma.02G063802,WGD
Glyma.02G064500,WGD
Glyma.02G064700,WGD
Glyma.02G064800,WGD
Glyma.02G064900,WGD
Glyma.02G065000,WGD
Glyma.02G065200,WGD
Glyma.02G065300,WGD
Glyma.02G065400,WGD
Glyma.02G065500,WGD
Glyma.02G065801,WGD
Glyma.02G065901,WGD
Glyma.02G066000,WGD
Glyma.02G066100,WGD
Glyma.02G066200,WGD
Glyma.02G066400,WGD
Glyma.02G066600,WGD
Glyma.02G066700,WGD
Glyma.02G066800,WGD
Glyma.02G067000,WGD
Glyma.02G067100,WGD
Glyma.02G067300,WGD
Glyma.02G067500,WGD
Glyma.02G067600,WGD
Glyma.02G067700,WGD
Glyma.02G068000,WGD
Glyma.02G068100,WGD
Glyma.02G068200,WGD
Glyma.02G068300,WGD
Glyma.02G068500,WGD
Glyma.02G068700,WGD
Glyma.02G068800,WGD
Glyma.02G068900,WGD
Glyma.02G069000,WGD
Glyma.02G069100,WGD
Glyma.02G069200,WGD
Glyma.02G069700,WGD
Glyma.02G069800,WGD
Glyma.02G069900,WGD
Glyma.02G070000,WGD
Glyma.02G070100,WGD
Glyma.02G070300,WGD
Glyma.02G070500,WGD
Glyma.02G070600,WGD
Glyma.02G070800,WGD
Glyma.02G070900,WGD
Glyma.02G071002,WGD
Glyma.02G071200,WGD
Glyma.02G071300,WGD
Glyma.02G071400,WGD
Glyma.02G071500,WGD
Glyma.02G071600,WGD
Glyma.02G071700,WGD
Glyma.02G071800,WGD
Glyma.02G071900,WGD
Glyma.02G072000,WGD
Glyma.02G072200,WGD
Glyma.02G072300,WGD
Glyma.02G072400,WGD
Glyma.02G072500,WGD
Glyma.02G072600,WGD
Glyma.02G072700,WGD
Glyma.02G072800,WGD
Glyma.02G072900,WGD
Glyma.02G073000,WGD
Glyma.02G073100,WGD
Glyma.02G073200,WGD
Glyma.02G073401,WGD
Glyma.02G073500,WGD
Glyma.02G073600,WGD
Glyma.02G073900,WGD
Glyma.02G074000,WGD
Glyma.02G074100,WGD
Glyma.02G074200,WGD
Glyma.02G074300,WGD
Glyma.02G074400,WGD
Glyma.02G074500,WGD
Glyma.02G074600,WGD
Glyma.02G074800,WGD
Glyma.02G075000,WGD
Glyma.02G075200,WGD
Glyma.02G075300,WGD
Glyma.02G075600,WGD
Glyma.02G075700,WGD
Glyma.02G075800,WGD
Glyma.02G075900,WGD
Glyma.02G076000,WGD
Glyma.02G076100,WGD
Glyma.02G076200,WGD
Glyma.02G076300,WGD
Glyma.02G076400,WGD
Glyma.02G076500,WGD
Glyma.02G076850,WGD
Glyma.02G076900,WGD
Glyma.02G077100,WGD
Glyma.02G077200,WGD
Glyma.02G077400,WGD
Glyma.02G077600,WGD
Glyma.02G077700,WGD
Glyma.02G078200,WGD
Glyma.02G078400,WGD
Glyma.02G078500,WGD
Glyma.02G078700,WGD
Glyma.02G078900,WGD
Glyma.02G079000,WGD
Glyma.02G079100,WGD
Glyma.02G079200,WGD
Glyma.02G079300,WGD
Glyma.02G079400,WGD
Glyma.02G079500,WGD
Glyma.02G079600,WGD
Glyma.02G079700,WGD
Glyma.02G079800,WGD
Glyma.02G079900,WGD
Glyma.02G080000,WGD
Glyma.02G080100,WGD
Glyma.02G080200,WGD
Glyma.02G080402,WGD
Glyma.02G080500,WGD
Glyma.02G080600,WGD
Glyma.02G080700,WGD
Glyma.02G080900,WGD
Glyma.02G081000,WGD
Glyma.02G081300,WGD
Glyma.02G081400,WGD
Glyma.02G081500,WGD
Glyma.02G081700,WGD
Glyma.02G081800,WGD
Glyma.02G081900,WGD
Glyma.02G082000,WGD
Glyma.02G082100,WGD
Glyma.02G082200,WGD
Glyma.02G082300,WGD
Glyma.02G082500,WGD
Glyma.02G082600,WGD
Glyma.02G082800,WGD
Glyma.02G083000,WGD
Glyma.02G083800,WGD
Glyma.02G083900,WGD
Glyma.02G084000,WGD
Glyma.02G084100,WGD
Glyma.02G084400,WGD
Glyma.02G084600,WGD
Glyma.02G084900,WGD
Glyma.02G085000,WGD
Glyma.02G085200,WGD
Glyma.02G085300,WGD
Glyma.02G085500,WGD
Glyma.02G085600,WGD
Glyma.02G085700,WGD
Glyma.02G085800,WGD
Glyma.02G085900,WGD
Glyma.02G086100,WGD
Glyma.02G086200,WGD
Glyma.02G086400,WGD
Glyma.02G086500,WGD
Glyma.02G086600,WGD
Glyma.02G086850,WGD
Glyma.02G087000,WGD
Glyma.02G087100,WGD
Glyma.02G088400,WGD
Glyma.02G088600,WGD
Glyma.02G088700,WGD
Glyma.02G088800,WGD
Glyma.02G088900,WGD
Glyma.02G089000,WGD
Glyma.02G089100,WGD
Glyma.02G089200,WGD
Glyma.02G089300,WGD
Glyma.02G089400,WGD
Glyma.02G089900,WGD
Glyma.02G090100,WGD
Glyma.02G090200,WGD
Glyma.02G090332,WGD
Glyma.02G090500,WGD
Glyma.02G090600,WGD
Glyma.02G090700,WGD
Glyma.02G090800,WGD
Glyma.02G090900,WGD
Glyma.02G091200,WGD
Glyma.02G091300,WGD
Glyma.02G091400,WGD
Glyma.02G091500,WGD
Glyma.02G091600,WGD
Glyma.02G091700,WGD
Glyma.02G091800,WGD
Glyma.02G091900,WGD
Glyma.02G092000,WGD
Glyma.02G092100,WGD
Glyma.02G092300,WGD
Glyma.02G092400,WGD
Glyma.02G092500,WGD
Glyma.02G092700,WGD
Glyma.02G092900,WGD
Glyma.02G093000,WGD
Glyma.02G093100,WGD
Glyma.02G093200,WGD
Glyma.02G093400,WGD
Glyma.02G093500,WGD
Glyma.02G093600,WGD
Glyma.02G093700,WGD
Glyma.02G093802,WGD
Glyma.02G093900,WGD
Glyma.02G094100,WGD
Glyma.02G094200,WGD
Glyma.02G094300,WGD
Glyma.02G094400,WGD
Glyma.02G094500,WGD
Glyma.02G094600,WGD
Glyma.02G094700,WGD
Glyma.02G094800,WGD
Glyma.02G094900,WGD
Glyma.02G095000,WGD
Glyma.02G095100,WGD
Glyma.02G095200,WGD
Glyma.02G095400,WGD
Glyma.02G095500,WGD
Glyma.02G095600,WGD
Glyma.02G095700,WGD
Glyma.02G095900,WGD
Glyma.02G096200,WGD
Glyma.02G096300,WGD
Glyma.02G096400,WGD
Glyma.02G096500,WGD
Glyma.02G096600,WGD
Glyma.02G096800,WGD
Glyma.02G097000,WGD
Glyma.02G097100,WGD
Glyma.02G097200,WGD
Glyma.02G097300,WGD
Glyma.02G097400,WGD
Glyma.02G097500,WGD
Glyma.02G097700,WGD
Glyma.02G097900,WGD
Glyma.02G098000,WGD
Glyma.02G098100,WGD
Glyma.02G098200,WGD
Glyma.02G098300,WGD
Glyma.02G098800,WGD
Glyma.02G099100,WGD
Glyma.02G099200,WGD
Glyma.02G099300,WGD
Glyma.02G099500,WGD
Glyma.02G099800,WGD
Glyma.02G099900,WGD
Glyma.02G100000,WGD
Glyma.02G100100,WGD
Glyma.02G100200,WGD
Glyma.02G100700,WGD
Glyma.02G100900,WGD
Glyma.02G101000,WGD
Glyma.02G101100,WGD
Glyma.02G101200,WGD
Glyma.02G101300,WGD
Glyma.02G101400,WGD
Glyma.02G101500,WGD
Glyma.02G101800,WGD
Glyma.02G101900,WGD
Glyma.02G102300,WGD
Glyma.02G102400,WGD
Glyma.02G102500,WGD
Glyma.02G102600,WGD
Glyma.02G102800,WGD
Glyma.02G102900,WGD
Glyma.02G103300,WGD
Glyma.02G103500,WGD
Glyma.02G103600,WGD
Glyma.02G103700,WGD
Glyma.02G103800,WGD
Glyma.02G103900,WGD
Glyma.02G104200,WGD
Glyma.02G105300,WGD
Glyma.02G105400,WGD
Glyma.02G105500,WGD
Glyma.02G105600,WGD
Glyma.02G105700,WGD
Glyma.02G105800,WGD
Glyma.02G105900,WGD
Glyma.02G106000,WGD
Glyma.02G106100,WGD
Glyma.02G106200,WGD
Glyma.02G106300,WGD
Glyma.02G106500,WGD
Glyma.02G106600,WGD
Glyma.02G106700,WGD
Glyma.02G106800,WGD
Glyma.02G106900,WGD
Glyma.02G107000,WGD
Glyma.02G107100,WGD
Glyma.02G107200,WGD
Glyma.02G107250,WGD
Glyma.02G107300,WGD
Glyma.02G107500,WGD
Glyma.02G107900,WGD
Glyma.02G108100,WGD
Glyma.02G108200,WGD
Glyma.02G108300,WGD
Glyma.02G108400,WGD
Glyma.02G108500,WGD
Glyma.02G108600,WGD
Glyma.02G108700,WGD
Glyma.02G108800,WGD
Glyma.02G108900,WGD
Glyma.02G109100,WGD
Glyma.02G109166,WGD
Glyma.02G109200,WGD
Glyma.02G109400,WGD
Glyma.02G109600,WGD
Glyma.02G109800,WGD
Glyma.02G109900,WGD
Glyma.02G110000,WGD
Glyma.02G110200,WGD
Glyma.02G110400,WGD
Glyma.02G110600,WGD
Glyma.02G110700,WGD
Glyma.02G110800,WGD
Glyma.02G111000,WGD
Glyma.02G111300,WGD
Glyma.02G111400,WGD
Glyma.02G111500,WGD
Glyma.02G111600,WGD
Glyma.02G111700,WGD
Glyma.02G111800,WGD
Glyma.02G111900,WGD
Glyma.02G112000,WGD
Glyma.02G112100,WGD
Glyma.02G112400,WGD
Glyma.02G112500,WGD
Glyma.02G112600,WGD
Glyma.02G112800,WGD
Glyma.02G112900,WGD
Glyma.02G113000,WGD
Glyma.02G113300,WGD
Glyma.02G113400,WGD
Glyma.02G113500,WGD
Glyma.02G113600,WGD
Glyma.02G113700,WGD
Glyma.02G113800,WGD
Glyma.02G113900,WGD
Glyma.02G114200,WGD
Glyma.02G114300,WGD
Glyma.02G114500,WGD
Glyma.02G114800,WGD
Glyma.02G115000,WGD
Glyma.02G115100,WGD
Glyma.02G115200,WGD
Glyma.02G115300,WGD
Glyma.02G115400,WGD
Glyma.02G115500,WGD
Glyma.02G115600,WGD
Glyma.02G115700,WGD
Glyma.02G115900,WGD
Glyma.02G116000,WGD
Glyma.02G116100,WGD
Glyma.02G116200,WGD
Glyma.02G116300,WGD
Glyma.02G116500,WGD
Glyma.02G116567,WGD
Glyma.02G117300,WGD
Glyma.02G118500,WGD
Glyma.02G119000,WGD
Glyma.02G119200,WGD
Glyma.02G119300,WGD
Glyma.02G119600,WGD
Glyma.02G119700,WGD
Glyma.02G120000,WGD
Glyma.02G120100,WGD
Glyma.02G120200,WGD
Glyma.02G120300,WGD
Glyma.02G120400,WGD
Glyma.02G120500,WGD
Glyma.02G120600,WGD
Glyma.02G120800,WGD
Glyma.02G120900,WGD
Glyma.02G121000,WGD
Glyma.02G121100,WGD
Glyma.02G121200,WGD
Glyma.02G121300,WGD
Glyma.02G121400,WGD
Glyma.02G121500,WGD
Glyma.02G121600,WGD
Glyma.02G122200,WGD
Glyma.02G122400,WGD
Glyma.02G122500,WGD
Glyma.02G122700,WGD
Glyma.02G122800,WGD
Glyma.02G122900,WGD
Glyma.02G123000,WGD
Glyma.02G123100,WGD
Glyma.02G123200,WGD
Glyma.02G123400,WGD
Glyma.02G123700,WGD
Glyma.02G124000,WGD
Glyma.02G124100,WGD
Glyma.02G124200,WGD
Glyma.02G124300,WGD
Glyma.02G124400,WGD
Glyma.02G124500,WGD
Glyma.02G124700,WGD
Glyma.02G125200,WGD
Glyma.02G125400,WGD
Glyma.02G125900,WGD
Glyma.02G126100,WGD
Glyma.02G126200,WGD
Glyma.02G126300,WGD
Glyma.02G126600,WGD
Glyma.02G127200,WGD
Glyma.02G127300,WGD
Glyma.02G127400,WGD
Glyma.02G127600,WGD
Glyma.02G127800,WGD
Glyma.02G128000,WGD
Glyma.02G128100,WGD
Glyma.02G128900,WGD
Glyma.02G129100,WGD
Glyma.02G129200,WGD
Glyma.02G129500,WGD
Glyma.02G129800,WGD
Glyma.02G130100,WGD
Glyma.02G130200,WGD
Glyma.02G130400,WGD
Glyma.02G130500,WGD
Glyma.02G130600,WGD
Glyma.02G130701,WGD
Glyma.02G131200,WGD
Glyma.02G131300,WGD
Glyma.02G131500,WGD
Glyma.02G131600,WGD
Glyma.02G131700,WGD
Glyma.02G131800,WGD
Glyma.02G131900,WGD
Glyma.02G132100,WGD
Glyma.02G132200,WGD
Glyma.02G132400,WGD
Glyma.02G132500,WGD
Glyma.02G132700,WGD
Glyma.02G132800,WGD
Glyma.02G132900,WGD
Glyma.02G133000,WGD
Glyma.02G133100,WGD
Glyma.02G133200,WGD
Glyma.02G133300,WGD
Glyma.02G133400,WGD
Glyma.02G133500,WGD
Glyma.02G133600,WGD
Glyma.02G133700,WGD
Glyma.02G133800,WGD
Glyma.02G134000,WGD
Glyma.02G134300,WGD
Glyma.02G134400,WGD
Glyma.02G134500,WGD
Glyma.02G134600,WGD
Glyma.02G134700,WGD
Glyma.02G134800,WGD
Glyma.02G135100,WGD
Glyma.02G135300,WGD
Glyma.02G135400,WGD
Glyma.02G135500,WGD
Glyma.02G135700,WGD
Glyma.02G135800,WGD
Glyma.02G135900,WGD
Glyma.02G136100,WGD
Glyma.02G136700,WGD
Glyma.02G136800,WGD
Glyma.02G136900,WGD
Glyma.02G137000,WGD
Glyma.02G137100,WGD
Glyma.02G137200,WGD
Glyma.02G137300,WGD
Glyma.02G137400,WGD
Glyma.02G137600,WGD
Glyma.02G137800,WGD
Glyma.02G137900,WGD
Glyma.02G138000,WGD
Glyma.02G138100,WGD
Glyma.02G138200,WGD
Glyma.02G138300,WGD
Glyma.02G138400,WGD
Glyma.02G138500,WGD
Glyma.02G138600,WGD
Glyma.02G138700,WGD
Glyma.02G138800,WGD
Glyma.02G138900,WGD
Glyma.02G139200,WGD
Glyma.02G139500,WGD
Glyma.02G139600,WGD
Glyma.02G139700,WGD
Glyma.02G139800,WGD
Glyma.02G139900,WGD
Glyma.02G140000,WGD
Glyma.02G140100,WGD
Glyma.02G140200,WGD
Glyma.02G140300,WGD
Glyma.02G140600,WGD
Glyma.02G141000,WGD
Glyma.02G141101,WGD
Glyma.02G141201,WGD
Glyma.02G141400,WGD
Glyma.02G141500,WGD
Glyma.02G141600,WGD
Glyma.02G141700,WGD
Glyma.02G141800,WGD
Glyma.02G141900,WGD
Glyma.02G142300,WGD
Glyma.02G142500,WGD
Glyma.02G142600,WGD
Glyma.02G142700,WGD
Glyma.02G142800,WGD
Glyma.02G142900,WGD
Glyma.02G143000,WGD
Glyma.02G143100,WGD
Glyma.02G143200,WGD
Glyma.02G143300,WGD
Glyma.02G143400,WGD
Glyma.02G143500,WGD
Glyma.02G143600,WGD
Glyma.02G143700,WGD
Glyma.02G143800,WGD
Glyma.02G144000,WGD
Glyma.02G144100,WGD
Glyma.02G144200,WGD
Glyma.02G144267,WGD
Glyma.02G144400,WGD
Glyma.02G144600,WGD
Glyma.02G144700,WGD
Glyma.02G144800,WGD
Glyma.02G144900,WGD
Glyma.02G145000,WGD
Glyma.02G145100,WGD
Glyma.02G145200,WGD
Glyma.02G145300,WGD
Glyma.02G145500,WGD
Glyma.02G145600,WGD
Glyma.02G145700,WGD
Glyma.02G146000,WGD
Glyma.02G146100,WGD
Glyma.02G146200,WGD
Glyma.02G146300,WGD
Glyma.02G146400,WGD
Glyma.02G146600,WGD
Glyma.02G146700,WGD
Glyma.02G146800,WGD
Glyma.02G146900,WGD
Glyma.02G147000,WGD
Glyma.02G147100,WGD
Glyma.02G147200,WGD
Glyma.02G147300,WGD
Glyma.02G147400,WGD
Glyma.02G147500,WGD
Glyma.02G147600,WGD
Glyma.02G147700,WGD
Glyma.02G147800,WGD
Glyma.02G147900,WGD
Glyma.02G148000,WGD
Glyma.02G148100,WGD
Glyma.02G148200,WGD
Glyma.02G148300,WGD
Glyma.02G148600,WGD
Glyma.02G148700,WGD
Glyma.02G148900,WGD
Glyma.02G149000,WGD
Glyma.02G149100,WGD
Glyma.02G149200,WGD
Glyma.02G149402,WGD
Glyma.02G149600,WGD
Glyma.02G149700,WGD
Glyma.02G149800,WGD
Glyma.02G149900,WGD
Glyma.02G150000,WGD
Glyma.02G150200,WGD
Glyma.02G150300,WGD
Glyma.02G150500,WGD
Glyma.02G150550,WGD
Glyma.02G150600,WGD
Glyma.02G150700,WGD
Glyma.02G150800,WGD
Glyma.02G150900,WGD
Glyma.02G151002,WGD
Glyma.02G151100,WGD
Glyma.02G151500,WGD
Glyma.02G151700,WGD
Glyma.02G151800,WGD
Glyma.02G151900,WGD
Glyma.02G152000,WGD
Glyma.02G152200,WGD
Glyma.02G152300,WGD
Glyma.02G152400,WGD
Glyma.02G152500,WGD
Glyma.02G152600,WGD
Glyma.02G152700,WGD
Glyma.02G152800,WGD
Glyma.02G152900,WGD
Glyma.02G153000,WGD
Glyma.02G153100,WGD
Glyma.02G153200,WGD
Glyma.02G153500,WGD
Glyma.02G153600,WGD
Glyma.02G153700,WGD
Glyma.02G153800,WGD
Glyma.02G153900,WGD
Glyma.02G154000,WGD
Glyma.02G154300,WGD
Glyma.02G154500,WGD
Glyma.02G154600,WGD
Glyma.02G154700,WGD
Glyma.02G155000,WGD
Glyma.02G155200,WGD
Glyma.02G155300,WGD
Glyma.02G155400,WGD
Glyma.02G155600,WGD
Glyma.02G156000,WGD
Glyma.02G156800,WGD
Glyma.02G159500,WGD
Glyma.02G160100,WGD
Glyma.02G160300,WGD
Glyma.02G160900,WGD
Glyma.02G161600,WGD
Glyma.02G161900,WGD
Glyma.02G162200,WGD
Glyma.02G162500,WGD
Glyma.02G163300,WGD
Glyma.02G165700,WGD
Glyma.02G166500,WGD
Glyma.02G166800,WGD
Glyma.02G167600,WGD
Glyma.02G167800,WGD
Glyma.02G167900,WGD
Glyma.02G168000,WGD
Glyma.02G168100,WGD
Glyma.02G168300,WGD
Glyma.02G168400,WGD
Glyma.02G168900,WGD
Glyma.02G169000,WGD
Glyma.02G169100,WGD
Glyma.02G169200,WGD
Glyma.02G169600,WGD
Glyma.02G169700,WGD
Glyma.02G169800,WGD
Glyma.02G170300,WGD
Glyma.02G170366,WGD
Glyma.02G170500,WGD
Glyma.02G170900,WGD
Glyma.02G171100,WGD
Glyma.02G171200,WGD
Glyma.02G171300,WGD
Glyma.02G171600,WGD
Glyma.02G171900,WGD
Glyma.02G172200,WGD
Glyma.02G172700,WGD
Glyma.02G172800,WGD
Glyma.02G172900,WGD
Glyma.02G173000,WGD
Glyma.02G173600,WGD
Glyma.02G173900,WGD
Glyma.02G174100,WGD
Glyma.02G174300,WGD
Glyma.02G174400,WGD
Glyma.02G174500,WGD
Glyma.02G174800,WGD
Glyma.02G175400,WGD
Glyma.02G175500,WGD
Glyma.02G175700,WGD
Glyma.02G176000,WGD
Glyma.02G176200,WGD
Glyma.02G176400,WGD
Glyma.02G176700,WGD
Glyma.02G176800,WGD
Glyma.02G176900,WGD
Glyma.02G177000,WGD
Glyma.02G177100,WGD
Glyma.02G177251,WGD
Glyma.02G177500,WGD
Glyma.02G177800,WGD
Glyma.02G178100,WGD
Glyma.02G178400,WGD
Glyma.02G178700,WGD
Glyma.02G178800,WGD
Glyma.02G179100,WGD
Glyma.02G179900,WGD
Glyma.02G180100,WGD
Glyma.02G180200,WGD
Glyma.02G180500,WGD
Glyma.02G181100,WGD
Glyma.02G181200,WGD
Glyma.02G181300,WGD
Glyma.02G181500,WGD
Glyma.02G181600,WGD
Glyma.02G181800,WGD
Glyma.02G182200,WGD
Glyma.02G182300,WGD
Glyma.02G182400,WGD
Glyma.02G182600,WGD
Glyma.02G182800,WGD
Glyma.02G182900,WGD
Glyma.02G183000,WGD
Glyma.02G183100,WGD
Glyma.02G184300,WGD
Glyma.02G184600,WGD
Glyma.02G184700,WGD
Glyma.02G185200,WGD
Glyma.02G185900,WGD
Glyma.02G186000,WGD
Glyma.02G186100,WGD
Glyma.02G186300,WGD
Glyma.02G186600,WGD
Glyma.02G186700,WGD
Glyma.02G186800,WGD
Glyma.02G187100,WGD
Glyma.02G188300,WGD
Glyma.02G188600,WGD
Glyma.02G190700,WGD
Glyma.02G191100,WGD
Glyma.02G191500,WGD
Glyma.02G191600,WGD
Glyma.02G192300,WGD
Glyma.02G192400,WGD
Glyma.02G192500,WGD
Glyma.02G192600,WGD
Glyma.02G192700,WGD
Glyma.02G193000,WGD
Glyma.02G193200,WGD
Glyma.02G193300,WGD
Glyma.02G193700,WGD
Glyma.02G193800,WGD
Glyma.02G193900,WGD
Glyma.02G194400,WGD
Glyma.02G194800,WGD
Glyma.02G195000,WGD
Glyma.02G195300,WGD
Glyma.02G195500,WGD
Glyma.02G195600,WGD
Glyma.02G195700,WGD
Glyma.02G195900,WGD
Glyma.02G196301,WGD
Glyma.02G196500,WGD
Glyma.02G196800,WGD
Glyma.02G196900,WGD
Glyma.02G197000,WGD
Glyma.02G197300,WGD
Glyma.02G197600,WGD
Glyma.02G197800,WGD
Glyma.02G197900,WGD
Glyma.02G198000,WGD
Glyma.02G198100,WGD
Glyma.02G198200,WGD
Glyma.02G198300,WGD
Glyma.02G198400,WGD
Glyma.02G198700,WGD
Glyma.02G198900,WGD
Glyma.02G199000,WGD
Glyma.02G199300,WGD
Glyma.02G199500,WGD
Glyma.02G199700,WGD
Glyma.02G200000,WGD
Glyma.02G200200,WGD
Glyma.02G200300,WGD
Glyma.02G200400,WGD
Glyma.02G200500,WGD
Glyma.02G200600,WGD
Glyma.02G200700,WGD
Glyma.02G200900,WGD
Glyma.02G201000,WGD
Glyma.02G201300,WGD
Glyma.02G201400,WGD
Glyma.02G201500,WGD
Glyma.02G201600,WGD
Glyma.02G202000,WGD
Glyma.02G202200,WGD
Glyma.02G202400,WGD
Glyma.02G202500,WGD
Glyma.02G202700,WGD
Glyma.02G202900,WGD
Glyma.02G203000,WGD
Glyma.02G203100,WGD
Glyma.02G203200,WGD
Glyma.02G203300,WGD
Glyma.02G203400,WGD
Glyma.02G203500,WGD
Glyma.02G203600,WGD
Glyma.02G203800,WGD
Glyma.02G203900,WGD
Glyma.02G204000,WGD
Glyma.02G204100,WGD
Glyma.02G204200,WGD
Glyma.02G204300,WGD
Glyma.02G204500,WGD
Glyma.02G204600,WGD
Glyma.02G204700,WGD
Glyma.02G204900,WGD
Glyma.02G205001,WGD
Glyma.02G205400,WGD
Glyma.02G205500,WGD
Glyma.02G205600,WGD
Glyma.02G205700,WGD
Glyma.02G205800,WGD
Glyma.02G205866,WGD
Glyma.02G206000,WGD
Glyma.02G206100,WGD
Glyma.02G206200,WGD
Glyma.02G206300,WGD
Glyma.02G206401,WGD
Glyma.02G206500,WGD
Glyma.02G206600,WGD
Glyma.02G206700,WGD
Glyma.02G206900,WGD
Glyma.02G207000,WGD
Glyma.02G207100,WGD
Glyma.02G207400,WGD
Glyma.02G207500,WGD
Glyma.02G207700,WGD
Glyma.02G207800,WGD
Glyma.02G207900,WGD
Glyma.02G208000,WGD
Glyma.02G208200,WGD
Glyma.02G208300,WGD
Glyma.02G208400,WGD
Glyma.02G208500,WGD
Glyma.02G208600,WGD
Glyma.02G208700,WGD
Glyma.02G208800,WGD
Glyma.02G208900,WGD
Glyma.02G209000,WGD
Glyma.02G209100,WGD
Glyma.02G209200,WGD
Glyma.02G209400,WGD
Glyma.02G209500,WGD
Glyma.02G209600,WGD
Glyma.02G210000,WGD
Glyma.02G210400,WGD
Glyma.02G210500,WGD
Glyma.02G210600,WGD
Glyma.02G210700,WGD
Glyma.02G210800,WGD
Glyma.02G211000,WGD
Glyma.02G211200,WGD
Glyma.02G211300,WGD
Glyma.02G211400,WGD
Glyma.02G211500,WGD
Glyma.02G211600,WGD
Glyma.02G211700,WGD
Glyma.02G211800,WGD
Glyma.02G211900,WGD
Glyma.02G212000,WGD
Glyma.02G212100,WGD
Glyma.02G212200,WGD
Glyma.02G212300,WGD
Glyma.02G212400,WGD
Glyma.02G212500,WGD
Glyma.02G212600,WGD
Glyma.02G212700,WGD
Glyma.02G213000,WGD
Glyma.02G213200,WGD
Glyma.02G213300,WGD
Glyma.02G213400,WGD
Glyma.02G213500,WGD
Glyma.02G213600,WGD
Glyma.02G213700,WGD
Glyma.02G213800,WGD
Glyma.02G213900,WGD
Glyma.02G214000,WGD
Glyma.02G214300,WGD
Glyma.02G214400,WGD
Glyma.02G214500,WGD
Glyma.02G214600,WGD
Glyma.02G214700,WGD
Glyma.02G214900,WGD
Glyma.02G215000,WGD
Glyma.02G215100,WGD
Glyma.02G215200,WGD
Glyma.02G215300,WGD
Glyma.02G215600,WGD
Glyma.02G215800,WGD
Glyma.02G215900,WGD
Glyma.02G216000,WGD
Glyma.02G216100,WGD
Glyma.02G216200,WGD
Glyma.02G216300,WGD
Glyma.02G216500,WGD
Glyma.02G216600,WGD
Glyma.02G217000,WGD
Glyma.02G217100,WGD
Glyma.02G217200,WGD
Glyma.02G217300,WGD
Glyma.02G217400,WGD
Glyma.02G217500,WGD
Glyma.02G217600,WGD
Glyma.02G217800,WGD
Glyma.02G217900,WGD
Glyma.02G218100,WGD
Glyma.02G218200,WGD
Glyma.02G218300,WGD
Glyma.02G218400,WGD
Glyma.02G218600,WGD
Glyma.02G219100,WGD
Glyma.02G219200,WGD
Glyma.02G219267,WGD
Glyma.02G219400,WGD
Glyma.02G219700,WGD
Glyma.02G219800,WGD
Glyma.02G220000,WGD
Glyma.02G220100,WGD
Glyma.02G220200,WGD
Glyma.02G220300,WGD
Glyma.02G220400,WGD
Glyma.02G220500,WGD
Glyma.02G220600,WGD
Glyma.02G220700,WGD
Glyma.02G220800,WGD
Glyma.02G220900,WGD
Glyma.02G221000,WGD
Glyma.02G221100,WGD
Glyma.02G221200,WGD
Glyma.02G221300,WGD
Glyma.02G221600,WGD
Glyma.02G221700,WGD
Glyma.02G221900,WGD
Glyma.02G222000,WGD
Glyma.02G222200,WGD
Glyma.02G222300,WGD
Glyma.02G222400,WGD
Glyma.02G222600,WGD
Glyma.02G222700,WGD
Glyma.02G222800,WGD
Glyma.02G222900,WGD
Glyma.02G223100,WGD
Glyma.02G223300,WGD
Glyma.02G223400,WGD
Glyma.02G223600,WGD
Glyma.02G223700,WGD
Glyma.02G223800,WGD
Glyma.02G223900,WGD
Glyma.02G224001,WGD
Glyma.02G224400,WGD
Glyma.02G224600,WGD
Glyma.02G224800,WGD
Glyma.02G224900,WGD
Glyma.02G225000,WGD
Glyma.02G225200,WGD
Glyma.02G225300,WGD
Glyma.02G225400,WGD
Glyma.02G225500,WGD
Glyma.02G225600,WGD
Glyma.02G225700,WGD
Glyma.02G225850,WGD
Glyma.02G226200,WGD
Glyma.02G226300,WGD
Glyma.02G226500,WGD
Glyma.02G226600,WGD
Glyma.02G226700,WGD
Glyma.02G226800,WGD
Glyma.02G226900,WGD
Glyma.02G227000,WGD
Glyma.02G227100,WGD
Glyma.02G227200,WGD
Glyma.02G227300,WGD
Glyma.02G227500,WGD
Glyma.02G227600,WGD
Glyma.02G227700,WGD
Glyma.02G227900,WGD
Glyma.02G228000,WGD
Glyma.02G228100,WGD
Glyma.02G228200,WGD
Glyma.02G228300,WGD
Glyma.02G228400,WGD
Glyma.02G228500,WGD
Glyma.02G228600,WGD
Glyma.02G228700,WGD
Glyma.02G228800,WGD
Glyma.02G229200,WGD
Glyma.02G229400,WGD
Glyma.02G229500,WGD
Glyma.02G229600,WGD
Glyma.02G229700,WGD
Glyma.02G229900,WGD
Glyma.02G230200,WGD
Glyma.02G230300,WGD
Glyma.02G230500,WGD
Glyma.02G230600,WGD
Glyma.02G230700,WGD
Glyma.02G230800,WGD
Glyma.02G230900,WGD
Glyma.02G231100,WGD
Glyma.02G231200,WGD
Glyma.02G231600,WGD
Glyma.02G231800,WGD
Glyma.02G232000,WGD
Glyma.02G232500,WGD
Glyma.02G232600,WGD
Glyma.02G232700,WGD
Glyma.02G232800,WGD
Glyma.02G232900,WGD
Glyma.02G233000,WGD
Glyma.02G233100,WGD
Glyma.02G233200,WGD
Glyma.02G233300,WGD
Glyma.02G233700,WGD
Glyma.02G233800,WGD
Glyma.02G233900,WGD
Glyma.02G234200,WGD
Glyma.02G234300,WGD
Glyma.02G234500,WGD
Glyma.02G234600,WGD
Glyma.02G234800,WGD
Glyma.02G234900,WGD
Glyma.02G235000,WGD
Glyma.02G235100,WGD
Glyma.02G235200,WGD
Glyma.02G235400,WGD
Glyma.02G235500,WGD
Glyma.02G235600,WGD
Glyma.02G235700,WGD
Glyma.02G235800,WGD
Glyma.02G235900,WGD
Glyma.02G236200,WGD
Glyma.02G236300,WGD
Glyma.02G236400,WGD
Glyma.02G236600,WGD
Glyma.02G236700,WGD
Glyma.02G236800,WGD
Glyma.02G236900,WGD
Glyma.02G237000,WGD
Glyma.02G237100,WGD
Glyma.02G237167,WGD
Glyma.02G237233,WGD
Glyma.02G237567,WGD
Glyma.02G237633,WGD
Glyma.02G237700,WGD
Glyma.02G237800,WGD
Glyma.02G237900,WGD
Glyma.02G238300,WGD
Glyma.02G238400,WGD
Glyma.02G238500,WGD
Glyma.02G238600,WGD
Glyma.02G238700,WGD
Glyma.02G238800,WGD
Glyma.02G239000,WGD
Glyma.02G239100,WGD
Glyma.02G239200,WGD
Glyma.02G239300,WGD
Glyma.02G239600,WGD
Glyma.02G239700,WGD
Glyma.02G239800,WGD
Glyma.02G239900,WGD
Glyma.02G240000,WGD
Glyma.02G240200,WGD
Glyma.02G240302,WGD
Glyma.02G240400,WGD
Glyma.02G240500,WGD
Glyma.02G240600,WGD
Glyma.02G240700,WGD
Glyma.02G240800,WGD
Glyma.02G240900,WGD
Glyma.02G241000,WGD
Glyma.02G241100,WGD
Glyma.02G241200,WGD
Glyma.02G241400,WGD
Glyma.02G241500,WGD
Glyma.02G241601,WGD
Glyma.02G241700,WGD
Glyma.02G241800,WGD
Glyma.02G241900,WGD
Glyma.02G242000,WGD
Glyma.02G242100,WGD
Glyma.02G242200,WGD
Glyma.02G242400,WGD
Glyma.02G242700,WGD
Glyma.02G242900,WGD
Glyma.02G243200,WGD
Glyma.02G243300,WGD
Glyma.02G243400,WGD
Glyma.02G243600,WGD
Glyma.02G243700,WGD
Glyma.02G243800,WGD
Glyma.02G244000,WGD
Glyma.02G244100,WGD
Glyma.02G244200,WGD
Glyma.02G244400,WGD
Glyma.02G244600,WGD
Glyma.02G244700,WGD
Glyma.02G245000,WGD
Glyma.02G245200,WGD
Glyma.02G245300,WGD
Glyma.02G245400,WGD
Glyma.02G245600,WGD
Glyma.02G245700,WGD
Glyma.02G245800,WGD
Glyma.02G245901,WGD
Glyma.02G246000,WGD
Glyma.02G246100,WGD
Glyma.02G246400,WGD
Glyma.02G246500,WGD
Glyma.02G246700,WGD
Glyma.02G246800,WGD
Glyma.02G246900,WGD
Glyma.02G247000,WGD
Glyma.02G247100,WGD
Glyma.02G247200,WGD
Glyma.02G247300,WGD
Glyma.02G247400,WGD
Glyma.02G247600,WGD
Glyma.02G247700,WGD
Glyma.02G247800,WGD
Glyma.02G247900,WGD
Glyma.02G248166,WGD
Glyma.02G248300,WGD
Glyma.02G248400,WGD
Glyma.02G248500,WGD
Glyma.02G248700,WGD
Glyma.02G248800,WGD
Glyma.02G248900,WGD
Glyma.02G249000,WGD
Glyma.02G249100,WGD
Glyma.02G249300,WGD
Glyma.02G249400,WGD
Glyma.02G249500,WGD
Glyma.02G249600,WGD
Glyma.02G249700,WGD
Glyma.02G249800,WGD
Glyma.02G250000,WGD
Glyma.02G250100,WGD
Glyma.02G250200,WGD
Glyma.02G250300,WGD
Glyma.02G250400,WGD
Glyma.02G250600,WGD
Glyma.02G250700,WGD
Glyma.02G250800,WGD
Glyma.02G250900,WGD
Glyma.02G251000,WGD
Glyma.02G251100,WGD
Glyma.02G251200,WGD
Glyma.02G251400,WGD
Glyma.02G251500,WGD
Glyma.02G251551,WGD
Glyma.02G251600,WGD
Glyma.02G251700,WGD
Glyma.02G251800,WGD
Glyma.02G251900,WGD
Glyma.02G252000,WGD
Glyma.02G252200,WGD
Glyma.02G252500,WGD
Glyma.02G252600,WGD
Glyma.02G252700,WGD
Glyma.02G252800,WGD
Glyma.02G252900,WGD
Glyma.02G253000,WGD
Glyma.02G253100,WGD
Glyma.02G253200,WGD
Glyma.02G253300,WGD
Glyma.02G253400,WGD
Glyma.02G253500,WGD
Glyma.02G253600,WGD
Glyma.02G253700,WGD
Glyma.02G253900,WGD
Glyma.02G254000,WGD
Glyma.02G254100,WGD
Glyma.02G254200,WGD
Glyma.02G254300,WGD
Glyma.02G254400,WGD
Glyma.02G254500,WGD
Glyma.02G254600,WGD
Glyma.02G254800,WGD
Glyma.02G254900,WGD
Glyma.02G255000,WGD
Glyma.02G255100,WGD
Glyma.02G255200,WGD
Glyma.02G255400,WGD
Glyma.02G255500,WGD
Glyma.02G255600,WGD
Glyma.02G255800,WGD
Glyma.02G256000,WGD
Glyma.02G256100,WGD
Glyma.02G256300,WGD
Glyma.02G256600,WGD
Glyma.02G256700,WGD
Glyma.02G256800,WGD
Glyma.02G256900,WGD
Glyma.02G257000,WGD
Glyma.02G257100,WGD
Glyma.02G257200,WGD
Glyma.02G257300,WGD
Glyma.02G257400,WGD
Glyma.02G257600,WGD
Glyma.02G257700,WGD
Glyma.02G257800,WGD
Glyma.02G257900,WGD
Glyma.02G258000,WGD
Glyma.02G258100,WGD
Glyma.02G258200,WGD
Glyma.02G258300,WGD
Glyma.02G258467,WGD
Glyma.02G258533,WGD
Glyma.02G258600,WGD
Glyma.02G258800,WGD
Glyma.02G259000,WGD
Glyma.02G259100,WGD
Glyma.02G259200,WGD
Glyma.02G259300,WGD
Glyma.02G259400,WGD
Glyma.02G259500,WGD
Glyma.02G259600,WGD
Glyma.02G259700,WGD
Glyma.02G259800,WGD
Glyma.02G260100,WGD
Glyma.02G260400,WGD
Glyma.02G260500,WGD
Glyma.02G260700,WGD
Glyma.02G260900,WGD
Glyma.02G261000,WGD
Glyma.02G261100,WGD
Glyma.02G261200,WGD
Glyma.02G261400,WGD
Glyma.02G261500,WGD
Glyma.02G261600,WGD
Glyma.02G261700,WGD
Glyma.02G261800,WGD
Glyma.02G261900,WGD
Glyma.02G262100,WGD
Glyma.02G262200,WGD
Glyma.02G262300,WGD
Glyma.02G262400,WGD
Glyma.02G262500,WGD
Glyma.02G263200,WGD
Glyma.02G263400,WGD
Glyma.02G263500,WGD
Glyma.02G263700,WGD
Glyma.02G263800,WGD
Glyma.02G263900,WGD
Glyma.02G264000,WGD
Glyma.02G264500,WGD
Glyma.02G264600,WGD
Glyma.02G264700,WGD
Glyma.02G264800,WGD
Glyma.02G264900,WGD
Glyma.02G265900,WGD
Glyma.02G266000,WGD
Glyma.02G266150,WGD
Glyma.02G266200,WGD
Glyma.02G266300,WGD
Glyma.02G266500,WGD
Glyma.02G266600,WGD
Glyma.02G266800,WGD
Glyma.02G266900,WGD
Glyma.02G267100,WGD
Glyma.02G267200,WGD
Glyma.02G267300,WGD
Glyma.02G267400,WGD
Glyma.02G267500,WGD
Glyma.02G267700,WGD
Glyma.02G267800,WGD
Glyma.02G267900,WGD
Glyma.02G268100,WGD
Glyma.02G268600,WGD
Glyma.02G268700,WGD
Glyma.02G268900,WGD
Glyma.02G269000,WGD
Glyma.02G269200,WGD
Glyma.02G269300,WGD
Glyma.02G269400,WGD
Glyma.02G269500,WGD
Glyma.02G269700,WGD
Glyma.02G269800,WGD
Glyma.02G269900,WGD
Glyma.02G270000,WGD
Glyma.02G270100,WGD
Glyma.02G270300,WGD
Glyma.02G270400,WGD
Glyma.02G270500,WGD
Glyma.02G270600,WGD
Glyma.02G270700,WGD
Glyma.02G271100,WGD
Glyma.02G271200,WGD
Glyma.02G271500,WGD
Glyma.02G271600,WGD
Glyma.02G271700,WGD
Glyma.02G271800,WGD
Glyma.02G271900,WGD
Glyma.02G272100,WGD
Glyma.02G272200,WGD
Glyma.02G272500,WGD
Glyma.02G272600,WGD
Glyma.02G272700,WGD
Glyma.02G272800,WGD
Glyma.02G273000,WGD
Glyma.02G273050,WGD
Glyma.02G273100,WGD
Glyma.02G273200,WGD
Glyma.02G273300,WGD
Glyma.02G273400,WGD
Glyma.02G273500,WGD
Glyma.02G273700,WGD
Glyma.02G274000,WGD
Glyma.02G274200,WGD
Glyma.02G274300,WGD
Glyma.02G274400,WGD
Glyma.02G274500,WGD
Glyma.02G274600,WGD
Glyma.02G274750,WGD
Glyma.02G274800,WGD
Glyma.02G274900,WGD
Glyma.02G275000,WGD
Glyma.02G275100,WGD
Glyma.02G275300,WGD
Glyma.02G275400,WGD
Glyma.02G275500,WGD
Glyma.02G275600,WGD
Glyma.02G275700,WGD
Glyma.02G275800,WGD
Glyma.02G275900,WGD
Glyma.02G275950,WGD
Glyma.02G276000,WGD
Glyma.02G276100,WGD
Glyma.02G276200,WGD
Glyma.02G276400,WGD
Glyma.02G276600,WGD
Glyma.02G276700,WGD
Glyma.02G276800,WGD
Glyma.02G277000,WGD
Glyma.02G277100,WGD
Glyma.02G277200,WGD
Glyma.02G277300,WGD
Glyma.02G277400,WGD
Glyma.02G277500,WGD
Glyma.02G277600,WGD
Glyma.02G277700,WGD
Glyma.02G277800,WGD
Glyma.02G277900,WGD
Glyma.02G278000,WGD
Glyma.02G278200,WGD
Glyma.02G278300,WGD
Glyma.02G278400,WGD
Glyma.02G278500,WGD
Glyma.02G278600,WGD
Glyma.02G278700,WGD
Glyma.02G278800,WGD
Glyma.02G278900,WGD
Glyma.02G279000,WGD
Glyma.02G279050,WGD
Glyma.02G279100,WGD
Glyma.02G279300,WGD
Glyma.02G279400,WGD
Glyma.02G279500,WGD
Glyma.02G279600,WGD
Glyma.02G279700,WGD
Glyma.02G279900,WGD
Glyma.02G280000,WGD
Glyma.02G280100,WGD
Glyma.02G280300,WGD
Glyma.02G280400,WGD
Glyma.02G280600,WGD
Glyma.02G280700,WGD
Glyma.02G280800,WGD
Glyma.02G281000,WGD
Glyma.02G281100,WGD
Glyma.02G281200,WGD
Glyma.02G281300,WGD
Glyma.02G281400,WGD
Glyma.02G281700,WGD
Glyma.02G281900,WGD
Glyma.02G282000,WGD
Glyma.02G282100,WGD
Glyma.02G282202,WGD
Glyma.02G282300,WGD
Glyma.02G282400,WGD
Glyma.02G282500,WGD
Glyma.02G282600,WGD
Glyma.02G282700,WGD
Glyma.02G282800,WGD
Glyma.02G282900,WGD
Glyma.02G283000,WGD
Glyma.02G283300,WGD
Glyma.02G283400,WGD
Glyma.02G283500,WGD
Glyma.02G283700,WGD
Glyma.02G283900,WGD
Glyma.02G284300,WGD
Glyma.02G284400,WGD
Glyma.02G284500,WGD
Glyma.02G284600,WGD
Glyma.02G284800,WGD
Glyma.02G284900,WGD
Glyma.02G285000,WGD
Glyma.02G285100,WGD
Glyma.02G285200,WGD
Glyma.02G285300,WGD
Glyma.02G285432,WGD
Glyma.02G285500,WGD
Glyma.02G285600,WGD
Glyma.02G285700,WGD
Glyma.02G285800,WGD
Glyma.02G285900,WGD
Glyma.02G286000,WGD
Glyma.02G286100,WGD
Glyma.02G286300,WGD
Glyma.02G286400,WGD
Glyma.02G286500,WGD
Glyma.02G286600,WGD
Glyma.02G286800,WGD
Glyma.02G286900,WGD
Glyma.02G287000,WGD
Glyma.02G287100,WGD
Glyma.02G287200,WGD
Glyma.02G287300,WGD
Glyma.02G287400,WGD
Glyma.02G287500,WGD
Glyma.02G287600,WGD
Glyma.02G287700,WGD
Glyma.02G287900,WGD
Glyma.02G288000,WGD
Glyma.02G288300,WGD
Glyma.02G288400,WGD
Glyma.02G288500,WGD
Glyma.02G288600,WGD
Glyma.02G288700,WGD
Glyma.02G288800,WGD
Glyma.02G288900,WGD
Glyma.02G289000,WGD
Glyma.02G289100,WGD
Glyma.02G289300,WGD
Glyma.02G289400,WGD
Glyma.02G289500,WGD
Glyma.02G289600,WGD
Glyma.02G289700,WGD
Glyma.02G289800,WGD
Glyma.02G289900,WGD
Glyma.02G290100,WGD
Glyma.02G290200,WGD
Glyma.02G290300,WGD
Glyma.02G290500,WGD
Glyma.02G290600,WGD
Glyma.02G290700,WGD
Glyma.02G290800,WGD
Glyma.02G290900,WGD
Glyma.02G291000,WGD
Glyma.02G291100,WGD
Glyma.02G291200,WGD
Glyma.02G291300,WGD
Glyma.02G291500,WGD
Glyma.02G291600,WGD
Glyma.02G291700,WGD
Glyma.02G291800,WGD
Glyma.02G291900,WGD
Glyma.02G292202,WGD
Glyma.02G292300,WGD
Glyma.02G292400,WGD
Glyma.02G292500,WGD
Glyma.02G292600,WGD
Glyma.02G292700,WGD
Glyma.02G292800,WGD
Glyma.02G293000,WGD
Glyma.02G293100,WGD
Glyma.02G293200,WGD
Glyma.02G293400,WGD
Glyma.02G293500,WGD
Glyma.02G293600,WGD
Glyma.02G293700,WGD
Glyma.02G293900,WGD
Glyma.02G294000,WGD
Glyma.02G294100,WGD
Glyma.02G294200,WGD
Glyma.02G294500,WGD
Glyma.02G294600,WGD
Glyma.02G294700,WGD
Glyma.02G294900,WGD
Glyma.02G295000,WGD
Glyma.02G295100,WGD
Glyma.02G295200,WGD
Glyma.02G295300,WGD
Glyma.02G295400,WGD
Glyma.02G295500,WGD
Glyma.02G295600,WGD
Glyma.02G295800,WGD
Glyma.02G295900,WGD
Glyma.02G296000,WGD
Glyma.02G296200,WGD
Glyma.02G296300,WGD
Glyma.02G296400,WGD
Glyma.02G296500,WGD
Glyma.02G296700,WGD
Glyma.02G296800,WGD
Glyma.02G296900,WGD
Glyma.02G297000,WGD
Glyma.02G297200,WGD
Glyma.02G297300,WGD
Glyma.02G297400,WGD
Glyma.02G297700,WGD
Glyma.02G297900,WGD
Glyma.02G298000,WGD
Glyma.02G298200,WGD
Glyma.02G298400,WGD
Glyma.02G298500,WGD
Glyma.02G298600,WGD
Glyma.02G298800,WGD
Glyma.02G299100,WGD
Glyma.02G299200,WGD
Glyma.02G299400,WGD
Glyma.02G299500,WGD
Glyma.02G299700,WGD
Glyma.02G299800,WGD
Glyma.02G299902,WGD
Glyma.02G300000,WGD
Glyma.02G300100,WGD
Glyma.02G300200,WGD
Glyma.02G300300,WGD
Glyma.02G300400,WGD
Glyma.02G300500,WGD
Glyma.02G300600,WGD
Glyma.02G301000,WGD
Glyma.02G301100,WGD
Glyma.02G301200,WGD
Glyma.02G301400,WGD
Glyma.02G301500,WGD
Glyma.02G301600,WGD
Glyma.02G301700,WGD
Glyma.02G301800,WGD
Glyma.02G301900,WGD
Glyma.02G302000,WGD
Glyma.02G302100,WGD
Glyma.02G302200,WGD
Glyma.02G302300,WGD
Glyma.02G302400,WGD
Glyma.02G302500,WGD
Glyma.02G302600,WGD
Glyma.02G302700,WGD
Glyma.02G302800,WGD
Glyma.02G302900,WGD
Glyma.02G303000,WGD
Glyma.02G303100,WGD
Glyma.02G303200,WGD
Glyma.02G303300,WGD
Glyma.02G303400,WGD
Glyma.02G303500,WGD
Glyma.02G303600,WGD
Glyma.02G303700,WGD
Glyma.02G303800,WGD
Glyma.02G304000,WGD
Glyma.02G304100,WGD
Glyma.02G304200,WGD
Glyma.02G304300,WGD
Glyma.02G304400,WGD
Glyma.02G304500,WGD
Glyma.02G304600,WGD
Glyma.02G304700,WGD
Glyma.02G304900,WGD
Glyma.02G305000,WGD
Glyma.02G305100,WGD
Glyma.02G305200,WGD
Glyma.02G305300,WGD
Glyma.02G305400,WGD
Glyma.02G305500,WGD
Glyma.02G305600,WGD
Glyma.02G305700,WGD
Glyma.02G305800,WGD
Glyma.02G305900,WGD
Glyma.02G306000,WGD
Glyma.02G306200,WGD
Glyma.02G306300,WGD
Glyma.02G306400,WGD
Glyma.02G306500,WGD
Glyma.02G306600,WGD
Glyma.02G306700,WGD
Glyma.02G306800,WGD
Glyma.02G306900,WGD
Glyma.02G307000,WGD
Glyma.02G307100,WGD
Glyma.02G307200,WGD
Glyma.02G307300,WGD
Glyma.02G307400,WGD
Glyma.02G307600,WGD
Glyma.02G307700,WGD
Glyma.02G307900,WGD
Glyma.02G308000,WGD
Glyma.02G308100,WGD
Glyma.02G308300,WGD
Glyma.02G308400,WGD
Glyma.02G308500,WGD
Glyma.02G308600,WGD
Glyma.02G308700,WGD
Glyma.02G308800,WGD
Glyma.02G308900,WGD
Glyma.02G309000,WGD
Glyma.02G309100,WGD
Glyma.02G309200,WGD
Glyma.02G309400,WGD
Glyma.02G309500,WGD
Glyma.02G309600,WGD
Glyma.02G309700,WGD
Glyma.02G309900,WGD
Glyma.02G310000,WGD
Glyma.02G310100,WGD
Glyma.02G310201,WGD
Glyma.02G310400,WGD
Glyma.02G310600,WGD
Glyma.02G310700,WGD
Glyma.02G310800,WGD
Glyma.02G310900,WGD
Glyma.02G311000,WGD
Glyma.02G311200,WGD
Glyma.02G311333,WGD
Glyma.02G311466,WGD
Glyma.02G311700,WGD
Glyma.02G311800,WGD
Glyma.02G311900,WGD
Glyma.02G312000,WGD
Glyma.02G312300,WGD
Glyma.03G000700,WGD
Glyma.03G000800,WGD
Glyma.03G000900,WGD
Glyma.03G001100,WGD
Glyma.03G001400,WGD
Glyma.03G001500,WGD
Glyma.03G001700,WGD
Glyma.03G001800,WGD
Glyma.03G002000,WGD
Glyma.03G002100,WGD
Glyma.03G002200,WGD
Glyma.03G002300,WGD
Glyma.03G002800,WGD
Glyma.03G003400,WGD
Glyma.03G003500,WGD
Glyma.03G003600,WGD
Glyma.03G003700,WGD
Glyma.03G003800,WGD
Glyma.03G003900,WGD
Glyma.03G004100,WGD
Glyma.03G004200,WGD
Glyma.03G004300,WGD
Glyma.03G004400,WGD
Glyma.03G004500,WGD
Glyma.03G004800,WGD
Glyma.03G004900,WGD
Glyma.03G005000,WGD
Glyma.03G005200,WGD
Glyma.03G005700,WGD
Glyma.03G005900,WGD
Glyma.03G006000,WGD
Glyma.03G006100,WGD
Glyma.03G006300,WGD
Glyma.03G006600,WGD
Glyma.03G006700,WGD
Glyma.03G006800,WGD
Glyma.03G006900,WGD
Glyma.03G007200,WGD
Glyma.03G007300,WGD
Glyma.03G007400,WGD
Glyma.03G007500,WGD
Glyma.03G007600,WGD
Glyma.03G007900,WGD
Glyma.03G008000,WGD
Glyma.03G008100,WGD
Glyma.03G008200,WGD
Glyma.03G008300,WGD
Glyma.03G008500,WGD
Glyma.03G008600,WGD
Glyma.03G008800,WGD
Glyma.03G008900,WGD
Glyma.03G009000,WGD
Glyma.03G009100,WGD
Glyma.03G009200,WGD
Glyma.03G009500,WGD
Glyma.03G009600,WGD
Glyma.03G009700,WGD
Glyma.03G009800,WGD
Glyma.03G009900,WGD
Glyma.03G010700,WGD
Glyma.03G010800,WGD
Glyma.03G010900,WGD
Glyma.03G011000,WGD
Glyma.03G011200,WGD
Glyma.03G012600,WGD
Glyma.03G012800,WGD
Glyma.03G013000,WGD
Glyma.03G013100,WGD
Glyma.03G013300,WGD
Glyma.03G013400,WGD
Glyma.03G013500,WGD
Glyma.03G013550,WGD
Glyma.03G013800,WGD
Glyma.03G013900,WGD
Glyma.03G014000,WGD
Glyma.03G014300,WGD
Glyma.03G014400,WGD
Glyma.03G014500,WGD
Glyma.03G014600,WGD
Glyma.03G014666,WGD
Glyma.03G014800,WGD
Glyma.03G014900,WGD
Glyma.03G015000,WGD
Glyma.03G015066,WGD
Glyma.03G015400,WGD
Glyma.03G015500,WGD
Glyma.03G015600,WGD
Glyma.03G015700,WGD
Glyma.03G015800,WGD
Glyma.03G015900,WGD
Glyma.03G016000,WGD
Glyma.03G016100,WGD
Glyma.03G016500,WGD
Glyma.03G016600,WGD
Glyma.03G016700,WGD
Glyma.03G016800,WGD
Glyma.03G017000,WGD
Glyma.03G017100,WGD
Glyma.03G017200,WGD
Glyma.03G017300,WGD
Glyma.03G017500,WGD
Glyma.03G017700,WGD
Glyma.03G017800,WGD
Glyma.03G018102,WGD
Glyma.03G018400,WGD
Glyma.03G018500,WGD
Glyma.03G018600,WGD
Glyma.03G018700,WGD
Glyma.03G018800,WGD
Glyma.03G018900,WGD
Glyma.03G019000,WGD
Glyma.03G019100,WGD
Glyma.03G019200,WGD
Glyma.03G019300,WGD
Glyma.03G019400,WGD
Glyma.03G019500,WGD
Glyma.03G019600,WGD
Glyma.03G019700,WGD
Glyma.03G019800,WGD
Glyma.03G019950,WGD
Glyma.03G020100,WGD
Glyma.03G020500,WGD
Glyma.03G020700,WGD
Glyma.03G020800,WGD
Glyma.03G020900,WGD
Glyma.03G021100,WGD
Glyma.03G021200,WGD
Glyma.03G021400,WGD
Glyma.03G021600,WGD
Glyma.03G021800,WGD
Glyma.03G021900,WGD
Glyma.03G022052,WGD
Glyma.03G022200,WGD
Glyma.03G022300,WGD
Glyma.03G022450,WGD
Glyma.03G022700,WGD
Glyma.03G022800,WGD
Glyma.03G022900,WGD
Glyma.03G023000,WGD
Glyma.03G023100,WGD
Glyma.03G023401,WGD
Glyma.03G023500,WGD
Glyma.03G023900,WGD
Glyma.03G024000,WGD
Glyma.03G024100,WGD
Glyma.03G024400,WGD
Glyma.03G025500,WGD
Glyma.03G025600,WGD
Glyma.03G025700,WGD
Glyma.03G025800,WGD
Glyma.03G026600,WGD
Glyma.03G026700,WGD
Glyma.03G027300,WGD
Glyma.03G027400,WGD
Glyma.03G027700,WGD
Glyma.03G027800,WGD
Glyma.03G027900,WGD
Glyma.03G028000,WGD
Glyma.03G028200,WGD
Glyma.03G028300,WGD
Glyma.03G028400,WGD
Glyma.03G028500,WGD
Glyma.03G028800,WGD
Glyma.03G029000,WGD
Glyma.03G029200,WGD
Glyma.03G029501,WGD
Glyma.03G029600,WGD
Glyma.03G029700,WGD
Glyma.03G029800,WGD
Glyma.03G030800,WGD
Glyma.03G030900,WGD
Glyma.03G031600,WGD
Glyma.03G031700,WGD
Glyma.03G031800,WGD
Glyma.03G031900,WGD
Glyma.03G032100,WGD
Glyma.03G032200,WGD
Glyma.03G032300,WGD
Glyma.03G032400,WGD
Glyma.03G032900,WGD
Glyma.03G033300,WGD
Glyma.03G033600,WGD
Glyma.03G033700,WGD
Glyma.03G033800,WGD
Glyma.03G033900,WGD
Glyma.03G034000,WGD
Glyma.03G034200,WGD
Glyma.03G034300,WGD
Glyma.03G035200,WGD
Glyma.03G035300,WGD
Glyma.03G035400,WGD
Glyma.03G035600,WGD
Glyma.03G035900,WGD
Glyma.03G036000,WGD
Glyma.03G036200,WGD
Glyma.03G036500,WGD
Glyma.03G036600,WGD
Glyma.03G036700,WGD
Glyma.03G036800,WGD
Glyma.03G036900,WGD
Glyma.03G037009,WGD
Glyma.03G037500,WGD
Glyma.03G037600,WGD
Glyma.03G037609,WGD
Glyma.03G038100,WGD
Glyma.03G039700,WGD
Glyma.03G040000,WGD
Glyma.03G040100,WGD
Glyma.03G040500,WGD
Glyma.03G040600,WGD
Glyma.03G040700,WGD
Glyma.03G040800,WGD
Glyma.03G040900,WGD
Glyma.03G041300,WGD
Glyma.03G041500,WGD
Glyma.03G041600,WGD
Glyma.03G041800,WGD
Glyma.03G042400,WGD
Glyma.03G042600,WGD
Glyma.03G042700,WGD
Glyma.03G042800,WGD
Glyma.03G043060,WGD
Glyma.03G043500,WGD
Glyma.03G044200,WGD
Glyma.03G044300,WGD
Glyma.03G044400,WGD
Glyma.03G044500,WGD
Glyma.03G044900,WGD
Glyma.03G045400,WGD
Glyma.03G048500,WGD
Glyma.03G049300,WGD
Glyma.03G049600,WGD
Glyma.03G049700,WGD
Glyma.03G049800,WGD
Glyma.03G050000,WGD
Glyma.03G050100,WGD
Glyma.03G050200,WGD
Glyma.03G050300,WGD
Glyma.03G050400,WGD
Glyma.03G050500,WGD
Glyma.03G050800,WGD
Glyma.03G051100,WGD
Glyma.03G051200,WGD
Glyma.03G051300,WGD
Glyma.03G051400,WGD
Glyma.03G051500,WGD
Glyma.03G051600,WGD
Glyma.03G052200,WGD
Glyma.03G052300,WGD
Glyma.03G054800,WGD
Glyma.03G054900,WGD
Glyma.03G055100,WGD
Glyma.03G055200,WGD
Glyma.03G055401,WGD
Glyma.03G055500,WGD
Glyma.03G055900,WGD
Glyma.03G056000,WGD
Glyma.03G056100,WGD
Glyma.03G056300,WGD
Glyma.03G056400,WGD
Glyma.03G056700,WGD
Glyma.03G056800,WGD
Glyma.03G056900,WGD
Glyma.03G057100,WGD
Glyma.03G057300,WGD
Glyma.03G057500,WGD
Glyma.03G057600,WGD
Glyma.03G057800,WGD
Glyma.03G058000,WGD
Glyma.03G058100,WGD
Glyma.03G058300,WGD
Glyma.03G059200,WGD
Glyma.03G059600,WGD
Glyma.03G060000,WGD
Glyma.03G060100,WGD
Glyma.03G060200,WGD
Glyma.03G060300,WGD
Glyma.03G061200,WGD
Glyma.03G062500,WGD
Glyma.03G062800,WGD
Glyma.03G063200,WGD
Glyma.03G063400,WGD
Glyma.03G063600,WGD
Glyma.03G065100,WGD
Glyma.03G065700,WGD
Glyma.03G065900,WGD
Glyma.03G066700,WGD
Glyma.03G066800,WGD
Glyma.03G067100,WGD
Glyma.03G067200,WGD
Glyma.03G067700,WGD
Glyma.03G067800,WGD
Glyma.03G068600,WGD
Glyma.03G068700,WGD
Glyma.03G068800,WGD
Glyma.03G068900,WGD
Glyma.03G069200,WGD
Glyma.03G069400,WGD
Glyma.03G069600,WGD
Glyma.03G069800,WGD
Glyma.03G070100,WGD
Glyma.03G070200,WGD
Glyma.03G070400,WGD
Glyma.03G070500,WGD
Glyma.03G070600,WGD
Glyma.03G070700,WGD
Glyma.03G070900,WGD
Glyma.03G071500,WGD
Glyma.03G071700,WGD
Glyma.03G072100,WGD
Glyma.03G073100,WGD
Glyma.03G073200,WGD
Glyma.03G073300,WGD
Glyma.03G073400,WGD
Glyma.03G073500,WGD
Glyma.03G073600,WGD
Glyma.03G073702,WGD
Glyma.03G073704,WGD
Glyma.03G073710,WGD
Glyma.03G073712,WGD
Glyma.03G073714,WGD
Glyma.03G073752,WGD
Glyma.03G073760,WGD
Glyma.03G073762,WGD
Glyma.03G073768,WGD
Glyma.03G073772,WGD
Glyma.03G073774,WGD
Glyma.03G073776,WGD
Glyma.03G074000,WGD
Glyma.03G074167,WGD
Glyma.03G074300,WGD
Glyma.03G074400,WGD
Glyma.03G074600,WGD
Glyma.03G074700,WGD
Glyma.03G074800,WGD
Glyma.03G074900,WGD
Glyma.03G075700,WGD
Glyma.03G076000,WGD
Glyma.03G076100,WGD
Glyma.03G076200,WGD
Glyma.03G076300,WGD
Glyma.03G076500,WGD
Glyma.03G076600,WGD
Glyma.03G076800,WGD
Glyma.03G076900,WGD
Glyma.03G077100,WGD
Glyma.03G077200,WGD
Glyma.03G077300,WGD
Glyma.03G077400,WGD
Glyma.03G077600,WGD
Glyma.03G077900,WGD
Glyma.03G078000,WGD
Glyma.03G078200,WGD
Glyma.03G078300,WGD
Glyma.03G078400,WGD
Glyma.03G078600,WGD
Glyma.03G078700,WGD
Glyma.03G079200,WGD
Glyma.03G079500,WGD
Glyma.03G081300,WGD
Glyma.03G081500,WGD
Glyma.03G081600,WGD
Glyma.03G081700,WGD
Glyma.03G084000,WGD
Glyma.03G084050,WGD
Glyma.03G084300,WGD
Glyma.03G084400,WGD
Glyma.03G085000,WGD
Glyma.03G085100,WGD
Glyma.03G085700,WGD
Glyma.03G085900,WGD
Glyma.03G085951,WGD
Glyma.03G086000,WGD
Glyma.03G086100,WGD
Glyma.03G086200,WGD
Glyma.03G086400,WGD
Glyma.03G086600,WGD
Glyma.03G086800,WGD
Glyma.03G087500,WGD
Glyma.03G088100,WGD
Glyma.03G088400,WGD
Glyma.03G088500,WGD
Glyma.03G088800,WGD
Glyma.03G088900,WGD
Glyma.03G089000,WGD
Glyma.03G089100,WGD
Glyma.03G089300,WGD
Glyma.03G089350,WGD
Glyma.03G089400,WGD
Glyma.03G089600,WGD
Glyma.03G089700,WGD
Glyma.03G089800,WGD
Glyma.03G090000,WGD
Glyma.03G090100,WGD
Glyma.03G091000,WGD
Glyma.03G091800,WGD
Glyma.03G092200,WGD
Glyma.03G092500,WGD
Glyma.03G092700,WGD
Glyma.03G092800,WGD
Glyma.03G093200,WGD
Glyma.03G093600,WGD
Glyma.03G094100,WGD
Glyma.03G094200,WGD
Glyma.03G094700,WGD
Glyma.03G094800,WGD
Glyma.03G096300,WGD
Glyma.03G096500,WGD
Glyma.03G097000,WGD
Glyma.03G097100,WGD
Glyma.03G097500,WGD
Glyma.03G097700,WGD
Glyma.03G098200,WGD
Glyma.03G098300,WGD
Glyma.03G098600,WGD
Glyma.03G099500,WGD
Glyma.03G099800,WGD
Glyma.03G099900,WGD
Glyma.03G100000,WGD
Glyma.03G100500,WGD
Glyma.03G100600,WGD
Glyma.03G100800,WGD
Glyma.03G101000,WGD
Glyma.03G101200,WGD
Glyma.03G102500,WGD
Glyma.03G102700,WGD
Glyma.03G102800,WGD
Glyma.03G103001,WGD
Glyma.03G103500,WGD
Glyma.03G103600,WGD
Glyma.03G103800,WGD
Glyma.03G103900,WGD
Glyma.03G104000,WGD
Glyma.03G104200,WGD
Glyma.03G104400,WGD
Glyma.03G104500,WGD
Glyma.03G105000,WGD
Glyma.03G105300,WGD
Glyma.03G105400,WGD
Glyma.03G105500,WGD
Glyma.03G105700,WGD
Glyma.03G106400,WGD
Glyma.03G106500,WGD
Glyma.03G106567,WGD
Glyma.03G106633,WGD
Glyma.03G106902,WGD
Glyma.03G107300,WGD
Glyma.03G107500,WGD
Glyma.03G107700,WGD
Glyma.03G107800,WGD
Glyma.03G108100,WGD
Glyma.03G108200,WGD
Glyma.03G108300,WGD
Glyma.03G109100,WGD
Glyma.03G109400,WGD
Glyma.03G109500,WGD
Glyma.03G109900,WGD
Glyma.03G110100,WGD
Glyma.03G110200,WGD
Glyma.03G110300,WGD
Glyma.03G110600,WGD
Glyma.03G111200,WGD
Glyma.03G111300,WGD
Glyma.03G111700,WGD
Glyma.03G112000,WGD
Glyma.03G112400,WGD
Glyma.03G112800,WGD
Glyma.03G113400,WGD
Glyma.03G113500,WGD
Glyma.03G113600,WGD
Glyma.03G113700,WGD
Glyma.03G113800,WGD
Glyma.03G113900,WGD
Glyma.03G114100,WGD
Glyma.03G114200,WGD
Glyma.03G114300,WGD
Glyma.03G114500,WGD
Glyma.03G114600,WGD
Glyma.03G114700,WGD
Glyma.03G114900,WGD
Glyma.03G115300,WGD
Glyma.03G115400,WGD
Glyma.03G116100,WGD
Glyma.03G116600,WGD
Glyma.03G116700,WGD
Glyma.03G116900,WGD
Glyma.03G117400,WGD
Glyma.03G117500,WGD
Glyma.03G117600,WGD
Glyma.03G117700,WGD
Glyma.03G117800,WGD
Glyma.03G117900,WGD
Glyma.03G118100,WGD
Glyma.03G118200,WGD
Glyma.03G118500,WGD
Glyma.03G118700,WGD
Glyma.03G118800,WGD
Glyma.03G118900,WGD
Glyma.03G119000,WGD
Glyma.03G119200,WGD
Glyma.03G119300,WGD
Glyma.03G119400,WGD
Glyma.03G119500,WGD
Glyma.03G119700,WGD
Glyma.03G119900,WGD
Glyma.03G120000,WGD
Glyma.03G120200,WGD
Glyma.03G120300,WGD
Glyma.03G120400,WGD
Glyma.03G120500,WGD
Glyma.03G120700,WGD
Glyma.03G120800,WGD
Glyma.03G121000,WGD
Glyma.03G121100,WGD
Glyma.03G121200,WGD
Glyma.03G122000,WGD
Glyma.03G122100,WGD
Glyma.03G122200,WGD
Glyma.03G122400,WGD
Glyma.03G122500,WGD
Glyma.03G123100,WGD
Glyma.03G123200,WGD
Glyma.03G123300,WGD
Glyma.03G123400,WGD
Glyma.03G123500,WGD
Glyma.03G123600,WGD
Glyma.03G124100,WGD
Glyma.03G124400,WGD
Glyma.03G124700,WGD
Glyma.03G125000,WGD
Glyma.03G125200,WGD
Glyma.03G125400,WGD
Glyma.03G125800,WGD
Glyma.03G125900,WGD
Glyma.03G126000,WGD
Glyma.03G126100,WGD
Glyma.03G126200,WGD
Glyma.03G126300,WGD
Glyma.03G126400,WGD
Glyma.03G126600,WGD
Glyma.03G127000,WGD
Glyma.03G127100,WGD
Glyma.03G127300,WGD
Glyma.03G127500,WGD
Glyma.03G127600,WGD
Glyma.03G127700,WGD
Glyma.03G127800,WGD
Glyma.03G127900,WGD
Glyma.03G128000,WGD
Glyma.03G128100,WGD
Glyma.03G128300,WGD
Glyma.03G128400,WGD
Glyma.03G128700,WGD
Glyma.03G128800,WGD
Glyma.03G128900,WGD
Glyma.03G129100,WGD
Glyma.03G129400,WGD
Glyma.03G129500,WGD
Glyma.03G129600,WGD
Glyma.03G129700,WGD
Glyma.03G129900,WGD
Glyma.03G130000,WGD
Glyma.03G130100,WGD
Glyma.03G130400,WGD
Glyma.03G130700,WGD
Glyma.03G130800,WGD
Glyma.03G130900,WGD
Glyma.03G131000,WGD
Glyma.03G131100,WGD
Glyma.03G131200,WGD
Glyma.03G131500,WGD
Glyma.03G131600,WGD
Glyma.03G131700,WGD
Glyma.03G131800,WGD
Glyma.03G131900,WGD
Glyma.03G132000,WGD
Glyma.03G132200,WGD
Glyma.03G132300,WGD
Glyma.03G132800,WGD
Glyma.03G133200,WGD
Glyma.03G133300,WGD
Glyma.03G133400,WGD
Glyma.03G133500,WGD
Glyma.03G133600,WGD
Glyma.03G133700,WGD
Glyma.03G133800,WGD
Glyma.03G133900,WGD
Glyma.03G134100,WGD
Glyma.03G134200,WGD
Glyma.03G134300,WGD
Glyma.03G134500,WGD
Glyma.03G134600,WGD
Glyma.03G134700,WGD
Glyma.03G134800,WGD
Glyma.03G134900,WGD
Glyma.03G135000,WGD
Glyma.03G135200,WGD
Glyma.03G135800,WGD
Glyma.03G136100,WGD
Glyma.03G136200,WGD
Glyma.03G136300,WGD
Glyma.03G136500,WGD
Glyma.03G136600,WGD
Glyma.03G136800,WGD
Glyma.03G136900,WGD
Glyma.03G137000,WGD
Glyma.03G137100,WGD
Glyma.03G137200,WGD
Glyma.03G137300,WGD
Glyma.03G137400,WGD
Glyma.03G137500,WGD
Glyma.03G137700,WGD
Glyma.03G137900,WGD
Glyma.03G138000,WGD
Glyma.03G138100,WGD
Glyma.03G138200,WGD
Glyma.03G138300,WGD
Glyma.03G138400,WGD
Glyma.03G138600,WGD
Glyma.03G138900,WGD
Glyma.03G139000,WGD
Glyma.03G139100,WGD
Glyma.03G139200,WGD
Glyma.03G139300,WGD
Glyma.03G139700,WGD
Glyma.03G139800,WGD
Glyma.03G139900,WGD
Glyma.03G140000,WGD
Glyma.03G140100,WGD
Glyma.03G140500,WGD
Glyma.03G140700,WGD
Glyma.03G140900,WGD
Glyma.03G141200,WGD
Glyma.03G141500,WGD
Glyma.03G141600,WGD
Glyma.03G141700,WGD
Glyma.03G141800,WGD
Glyma.03G141900,WGD
Glyma.03G141950,WGD
Glyma.03G142000,WGD
Glyma.03G142200,WGD
Glyma.03G142400,WGD
Glyma.03G142500,WGD
Glyma.03G142600,WGD
Glyma.03G142800,WGD
Glyma.03G142900,WGD
Glyma.03G143000,WGD
Glyma.03G143100,WGD
Glyma.03G143200,WGD
Glyma.03G143400,WGD
Glyma.03G143500,WGD
Glyma.03G143600,WGD
Glyma.03G143700,WGD
Glyma.03G143800,WGD
Glyma.03G143900,WGD
Glyma.03G144200,WGD
Glyma.03G144400,WGD
Glyma.03G144500,WGD
Glyma.03G144600,WGD
Glyma.03G144700,WGD
Glyma.03G144800,WGD
Glyma.03G144900,WGD
Glyma.03G145000,WGD
Glyma.03G145200,WGD
Glyma.03G145300,WGD
Glyma.03G145400,WGD
Glyma.03G145500,WGD
Glyma.03G145600,WGD
Glyma.03G145700,WGD
Glyma.03G145800,WGD
Glyma.03G145900,WGD
Glyma.03G146000,WGD
Glyma.03G146100,WGD
Glyma.03G146200,WGD
Glyma.03G146300,WGD
Glyma.03G146400,WGD
Glyma.03G146500,WGD
Glyma.03G146600,WGD
Glyma.03G146700,WGD
Glyma.03G146850,WGD
Glyma.03G146900,WGD
Glyma.03G147000,WGD
Glyma.03G147100,WGD
Glyma.03G147200,WGD
Glyma.03G147600,WGD
Glyma.03G147800,WGD
Glyma.03G148000,WGD
Glyma.03G148100,WGD
Glyma.03G148200,WGD
Glyma.03G148300,WGD
Glyma.03G148400,WGD
Glyma.03G148500,WGD
Glyma.03G148600,WGD
Glyma.03G148700,WGD
Glyma.03G148800,WGD
Glyma.03G149000,WGD
Glyma.03G149200,WGD
Glyma.03G149500,WGD
Glyma.03G149600,WGD
Glyma.03G149702,WGD
Glyma.03G149800,WGD
Glyma.03G149900,WGD
Glyma.03G150100,WGD
Glyma.03G150400,WGD
Glyma.03G150600,WGD
Glyma.03G150700,WGD
Glyma.03G150800,WGD
Glyma.03G151100,WGD
Glyma.03G151200,WGD
Glyma.03G151300,WGD
Glyma.03G151400,WGD
Glyma.03G151500,WGD
Glyma.03G151700,WGD
Glyma.03G151800,WGD
Glyma.03G152000,WGD
Glyma.03G152200,WGD
Glyma.03G152300,WGD
Glyma.03G152400,WGD
Glyma.03G152600,WGD
Glyma.03G152700,WGD
Glyma.03G152800,WGD
Glyma.03G153000,WGD
Glyma.03G153100,WGD
Glyma.03G153200,WGD
Glyma.03G153300,WGD
Glyma.03G153400,WGD
Glyma.03G153500,WGD
Glyma.03G153600,WGD
Glyma.03G153800,WGD
Glyma.03G153902,WGD
Glyma.03G154000,WGD
Glyma.03G154200,WGD
Glyma.03G154400,WGD
Glyma.03G154600,WGD
Glyma.03G154700,WGD
Glyma.03G154800,WGD
Glyma.03G155000,WGD
Glyma.03G155100,WGD
Glyma.03G155300,WGD
Glyma.03G155400,WGD
Glyma.03G155600,WGD
Glyma.03G155700,WGD
Glyma.03G155800,WGD
Glyma.03G155900,WGD
Glyma.03G156000,WGD
Glyma.03G156100,WGD
Glyma.03G156200,WGD
Glyma.03G156301,WGD
Glyma.03G156400,WGD
Glyma.03G156500,WGD
Glyma.03G156600,WGD
Glyma.03G156700,WGD
Glyma.03G156800,WGD
Glyma.03G157000,WGD
Glyma.03G157100,WGD
Glyma.03G157200,WGD
Glyma.03G157300,WGD
Glyma.03G157432,WGD
Glyma.03G157700,WGD
Glyma.03G157900,WGD
Glyma.03G158000,WGD
Glyma.03G158100,WGD
Glyma.03G158200,WGD
Glyma.03G158300,WGD
Glyma.03G158400,WGD
Glyma.03G158500,WGD
Glyma.03G158600,WGD
Glyma.03G158700,WGD
Glyma.03G158766,WGD
Glyma.03G158900,WGD
Glyma.03G159000,WGD
Glyma.03G159100,WGD
Glyma.03G159200,WGD
Glyma.03G159400,WGD
Glyma.03G159500,WGD
Glyma.03G159600,WGD
Glyma.03G159700,WGD
Glyma.03G159900,WGD
Glyma.03G160000,WGD
Glyma.03G160100,WGD
Glyma.03G160400,WGD
Glyma.03G160466,WGD
Glyma.03G160600,WGD
Glyma.03G160700,WGD
Glyma.03G160900,WGD
Glyma.03G161000,WGD
Glyma.03G161300,WGD
Glyma.03G161400,WGD
Glyma.03G161500,WGD
Glyma.03G161600,WGD
Glyma.03G161800,WGD
Glyma.03G161900,WGD
Glyma.03G162000,WGD
Glyma.03G162100,WGD
Glyma.03G162200,WGD
Glyma.03G162300,WGD
Glyma.03G162400,WGD
Glyma.03G162600,WGD
Glyma.03G162800,WGD
Glyma.03G162900,WGD
Glyma.03G163000,WGD
Glyma.03G163100,WGD
Glyma.03G163200,WGD
Glyma.03G163400,WGD
Glyma.03G163467,WGD
Glyma.03G163600,WGD
Glyma.03G163800,WGD
Glyma.03G163900,WGD
Glyma.03G164000,WGD
Glyma.03G164100,WGD
Glyma.03G164200,WGD
Glyma.03G164300,WGD
Glyma.03G164400,WGD
Glyma.03G164500,WGD
Glyma.03G164600,WGD
Glyma.03G164700,WGD
Glyma.03G164800,WGD
Glyma.03G164900,WGD
Glyma.03G165000,WGD
Glyma.03G165200,WGD
Glyma.03G165300,WGD
Glyma.03G165400,WGD
Glyma.03G165500,WGD
Glyma.03G165600,WGD
Glyma.03G165900,WGD
Glyma.03G166000,WGD
Glyma.03G166350,WGD
Glyma.03G166400,WGD
Glyma.03G166500,WGD
Glyma.03G166600,WGD
Glyma.03G166800,WGD
Glyma.03G166900,WGD
Glyma.03G167000,WGD
Glyma.03G167100,WGD
Glyma.03G167200,WGD
Glyma.03G167300,WGD
Glyma.03G167400,WGD
Glyma.03G167500,WGD
Glyma.03G167600,WGD
Glyma.03G167650,WGD
Glyma.03G167700,WGD
Glyma.03G167800,WGD
Glyma.03G168000,WGD
Glyma.03G168300,WGD
Glyma.03G168500,WGD
Glyma.03G168600,WGD
Glyma.03G168700,WGD
Glyma.03G168800,WGD
Glyma.03G168900,WGD
Glyma.03G169000,WGD
Glyma.03G169100,WGD
Glyma.03G169200,WGD
Glyma.03G169300,WGD
Glyma.03G169500,WGD
Glyma.03G169600,WGD
Glyma.03G169700,WGD
Glyma.03G169801,WGD
Glyma.03G169900,WGD
Glyma.03G170000,WGD
Glyma.03G170100,WGD
Glyma.03G170300,WGD
Glyma.03G170400,WGD
Glyma.03G170600,WGD
Glyma.03G170800,WGD
Glyma.03G171000,WGD
Glyma.03G171100,WGD
Glyma.03G171500,WGD
Glyma.03G171800,WGD
Glyma.03G171900,WGD
Glyma.03G172000,WGD
Glyma.03G172100,WGD
Glyma.03G172200,WGD
Glyma.03G172300,WGD
Glyma.03G172400,WGD
Glyma.03G172500,WGD
Glyma.03G172600,WGD
Glyma.03G172700,WGD
Glyma.03G172900,WGD
Glyma.03G173000,WGD
Glyma.03G173100,WGD
Glyma.03G173200,WGD
Glyma.03G173400,WGD
Glyma.03G173500,WGD
Glyma.03G173700,WGD
Glyma.03G173800,WGD
Glyma.03G173900,WGD
Glyma.03G174100,WGD
Glyma.03G174300,WGD
Glyma.03G174400,WGD
Glyma.03G174500,WGD
Glyma.03G174700,WGD
Glyma.03G174900,WGD
Glyma.03G175000,WGD
Glyma.03G175100,WGD
Glyma.03G175200,WGD
Glyma.03G175300,WGD
Glyma.03G175400,WGD
Glyma.03G175700,WGD
Glyma.03G175800,WGD
Glyma.03G175900,WGD
Glyma.03G176000,WGD
Glyma.03G176100,WGD
Glyma.03G176200,WGD
Glyma.03G176300,WGD
Glyma.03G176400,WGD
Glyma.03G176500,WGD
Glyma.03G176600,WGD
Glyma.03G176800,WGD
Glyma.03G176900,WGD
Glyma.03G177000,WGD
Glyma.03G177100,WGD
Glyma.03G177200,WGD
Glyma.03G177300,WGD
Glyma.03G177400,WGD
Glyma.03G177500,WGD
Glyma.03G177600,WGD
Glyma.03G177700,WGD
Glyma.03G177900,WGD
Glyma.03G178000,WGD
Glyma.03G178100,WGD
Glyma.03G178200,WGD
Glyma.03G178300,WGD
Glyma.03G178400,WGD
Glyma.03G178500,WGD
Glyma.03G178700,WGD
Glyma.03G178800,WGD
Glyma.03G178900,WGD
Glyma.03G179000,WGD
Glyma.03G179100,WGD
Glyma.03G179200,WGD
Glyma.03G179300,WGD
Glyma.03G179400,WGD
Glyma.03G179500,WGD
Glyma.03G179600,WGD
Glyma.03G179700,WGD
Glyma.03G179800,WGD
Glyma.03G179900,WGD
Glyma.03G180000,WGD
Glyma.03G180100,WGD
Glyma.03G180200,WGD
Glyma.03G180300,WGD
Glyma.03G180400,WGD
Glyma.03G180500,WGD
Glyma.03G180600,WGD
Glyma.03G180700,WGD
Glyma.03G180900,WGD
Glyma.03G181000,WGD
Glyma.03G181100,WGD
Glyma.03G181200,WGD
Glyma.03G181300,WGD
Glyma.03G181400,WGD
Glyma.03G181500,WGD
Glyma.03G181600,WGD
Glyma.03G181900,WGD
Glyma.03G182000,WGD
Glyma.03G182100,WGD
Glyma.03G182200,WGD
Glyma.03G182400,WGD
Glyma.03G182500,WGD
Glyma.03G182600,WGD
Glyma.03G182700,WGD
Glyma.03G182800,WGD
Glyma.03G182900,WGD
Glyma.03G183000,WGD
Glyma.03G183200,WGD
Glyma.03G183300,WGD
Glyma.03G183500,WGD
Glyma.03G183600,WGD
Glyma.03G183900,WGD
Glyma.03G184000,WGD
Glyma.03G184100,WGD
Glyma.03G184200,WGD
Glyma.03G184500,WGD
Glyma.03G184600,WGD
Glyma.03G184800,WGD
Glyma.03G184900,WGD
Glyma.03G185100,WGD
Glyma.03G185200,WGD
Glyma.03G185300,WGD
Glyma.03G185400,WGD
Glyma.03G185500,WGD
Glyma.03G185800,WGD
Glyma.03G185900,WGD
Glyma.03G186000,WGD
Glyma.03G186100,WGD
Glyma.03G186200,WGD
Glyma.03G186300,WGD
Glyma.03G186400,WGD
Glyma.03G186500,WGD
Glyma.03G186700,WGD
Glyma.03G186800,WGD
Glyma.03G186900,WGD
Glyma.03G187000,WGD
Glyma.03G187400,WGD
Glyma.03G187700,WGD
Glyma.03G187900,WGD
Glyma.03G188000,WGD
Glyma.03G188100,WGD
Glyma.03G188300,WGD
Glyma.03G188400,WGD
Glyma.03G188500,WGD
Glyma.03G188600,WGD
Glyma.03G188700,WGD
Glyma.03G188800,WGD
Glyma.03G188900,WGD
Glyma.03G189000,WGD
Glyma.03G189100,WGD
Glyma.03G189200,WGD
Glyma.03G189300,WGD
Glyma.03G189400,WGD
Glyma.03G189500,WGD
Glyma.03G189600,WGD
Glyma.03G189700,WGD
Glyma.03G189800,WGD
Glyma.03G190000,WGD
Glyma.03G190100,WGD
Glyma.03G190200,WGD
Glyma.03G190300,WGD
Glyma.03G190500,WGD
Glyma.03G190600,WGD
Glyma.03G190700,WGD
Glyma.03G190800,WGD
Glyma.03G191000,WGD
Glyma.03G191100,WGD
Glyma.03G191200,WGD
Glyma.03G191300,WGD
Glyma.03G191400,WGD
Glyma.03G191500,WGD
Glyma.03G191700,WGD
Glyma.03G191800,WGD
Glyma.03G192000,WGD
Glyma.03G192100,WGD
Glyma.03G192200,WGD
Glyma.03G192300,WGD
Glyma.03G192600,WGD
Glyma.03G192900,WGD
Glyma.03G193000,WGD
Glyma.03G193100,WGD
Glyma.03G193200,WGD
Glyma.03G193300,WGD
Glyma.03G193400,WGD
Glyma.03G193500,WGD
Glyma.03G193600,WGD
Glyma.03G193700,WGD
Glyma.03G193800,WGD
Glyma.03G194000,WGD
Glyma.03G194100,WGD
Glyma.03G194300,WGD
Glyma.03G194400,WGD
Glyma.03G194700,WGD
Glyma.03G194800,WGD
Glyma.03G195000,WGD
Glyma.03G195200,WGD
Glyma.03G195300,WGD
Glyma.03G195700,WGD
Glyma.03G195800,WGD
Glyma.03G195900,WGD
Glyma.03G196100,WGD
Glyma.03G196300,WGD
Glyma.03G196400,WGD
Glyma.03G196500,WGD
Glyma.03G196600,WGD
Glyma.03G196700,WGD
Glyma.03G196900,WGD
Glyma.03G197000,WGD
Glyma.03G197200,WGD
Glyma.03G197300,WGD
Glyma.03G197400,WGD
Glyma.03G197700,WGD
Glyma.03G197800,WGD
Glyma.03G197900,WGD
Glyma.03G198000,WGD
Glyma.03G198100,WGD
Glyma.03G198200,WGD
Glyma.03G198300,WGD
Glyma.03G198400,WGD
Glyma.03G198600,WGD
Glyma.03G198700,WGD
Glyma.03G198800,WGD
Glyma.03G199000,WGD
Glyma.03G199100,WGD
Glyma.03G199500,WGD
Glyma.03G199600,WGD
Glyma.03G199700,WGD
Glyma.03G199800,WGD
Glyma.03G199900,WGD
Glyma.03G200000,WGD
Glyma.03G200100,WGD
Glyma.03G200200,WGD
Glyma.03G200300,WGD
Glyma.03G200400,WGD
Glyma.03G200500,WGD
Glyma.03G200600,WGD
Glyma.03G200700,WGD
Glyma.03G200800,WGD
Glyma.03G200900,WGD
Glyma.03G201000,WGD
Glyma.03G201302,WGD
Glyma.03G201600,WGD
Glyma.03G201700,WGD
Glyma.03G202000,WGD
Glyma.03G202200,WGD
Glyma.03G202300,WGD
Glyma.03G202400,WGD
Glyma.03G202600,WGD
Glyma.03G202700,WGD
Glyma.03G202800,WGD
Glyma.03G202900,WGD
Glyma.03G203000,WGD
Glyma.03G203300,WGD
Glyma.03G203400,WGD
Glyma.03G203500,WGD
Glyma.03G203600,WGD
Glyma.03G203700,WGD
Glyma.03G203800,WGD
Glyma.03G203900,WGD
Glyma.03G204000,WGD
Glyma.03G204100,WGD
Glyma.03G204200,WGD
Glyma.03G204300,WGD
Glyma.03G204400,WGD
Glyma.03G204500,WGD
Glyma.03G204600,WGD
Glyma.03G204800,WGD
Glyma.03G204900,WGD
Glyma.03G205000,WGD
Glyma.03G205100,WGD
Glyma.03G205202,WGD
Glyma.03G205300,WGD
Glyma.03G205400,WGD
Glyma.03G205600,WGD
Glyma.03G205700,WGD
Glyma.03G205900,WGD
Glyma.03G206000,WGD
Glyma.03G206100,WGD
Glyma.03G206200,WGD
Glyma.03G206500,WGD
Glyma.03G206600,WGD
Glyma.03G206900,WGD
Glyma.03G207000,WGD
Glyma.03G207100,WGD
Glyma.03G207200,WGD
Glyma.03G207300,WGD
Glyma.03G207400,WGD
Glyma.03G207500,WGD
Glyma.03G207900,WGD
Glyma.03G208100,WGD
Glyma.03G208300,WGD
Glyma.03G208400,WGD
Glyma.03G208500,WGD
Glyma.03G208600,WGD
Glyma.03G208800,WGD
Glyma.03G208900,WGD
Glyma.03G209100,WGD
Glyma.03G209400,WGD
Glyma.03G209500,WGD
Glyma.03G209700,WGD
Glyma.03G209800,WGD
Glyma.03G210000,WGD
Glyma.03G210100,WGD
Glyma.03G210200,WGD
Glyma.03G210300,WGD
Glyma.03G210400,WGD
Glyma.03G210500,WGD
Glyma.03G210600,WGD
Glyma.03G210700,WGD
Glyma.03G210800,WGD
Glyma.03G210900,WGD
Glyma.03G211000,WGD
Glyma.03G211067,WGD
Glyma.03G211200,WGD
Glyma.03G211400,WGD
Glyma.03G211500,WGD
Glyma.03G211700,WGD
Glyma.03G211800,WGD
Glyma.03G212000,WGD
Glyma.03G212100,WGD
Glyma.03G212300,WGD
Glyma.03G212400,WGD
Glyma.03G212500,WGD
Glyma.03G212700,WGD
Glyma.03G212900,WGD
Glyma.03G213000,WGD
Glyma.03G213200,WGD
Glyma.03G213400,WGD
Glyma.03G213500,WGD
Glyma.03G213600,WGD
Glyma.03G213700,WGD
Glyma.03G213802,WGD
Glyma.03G214100,WGD
Glyma.03G214150,WGD
Glyma.03G214300,WGD
Glyma.03G214400,WGD
Glyma.03G214500,WGD
Glyma.03G214700,WGD
Glyma.03G214800,WGD
Glyma.03G214900,WGD
Glyma.03G215000,WGD
Glyma.03G215100,WGD
Glyma.03G215300,WGD
Glyma.03G215400,WGD
Glyma.03G215500,WGD
Glyma.03G215600,WGD
Glyma.03G215700,WGD
Glyma.03G215800,WGD
Glyma.03G215900,WGD
Glyma.03G216100,WGD
Glyma.03G216300,WGD
Glyma.03G216400,WGD
Glyma.03G216500,WGD
Glyma.03G216600,WGD
Glyma.03G216700,WGD
Glyma.03G216800,WGD
Glyma.03G216900,WGD
Glyma.03G217000,WGD
Glyma.03G217100,WGD
Glyma.03G217200,WGD
Glyma.03G217300,WGD
Glyma.03G217400,WGD
Glyma.03G217500,WGD
Glyma.03G217600,WGD
Glyma.03G217700,WGD
Glyma.03G217800,WGD
Glyma.03G217900,WGD
Glyma.03G218000,WGD
Glyma.03G218100,WGD
Glyma.03G218200,WGD
Glyma.03G218300,WGD
Glyma.03G218400,WGD
Glyma.03G218500,WGD
Glyma.03G218600,WGD
Glyma.03G218700,WGD
Glyma.03G218800,WGD
Glyma.03G218900,WGD
Glyma.03G219000,WGD
Glyma.03G219033,WGD
Glyma.03G219200,WGD
Glyma.03G219300,WGD
Glyma.03G219400,WGD
Glyma.03G219500,WGD
Glyma.03G219600,WGD
Glyma.03G219700,WGD
Glyma.03G219800,WGD
Glyma.03G219900,WGD
Glyma.03G220000,WGD
Glyma.03G220100,WGD
Glyma.03G220202,WGD
Glyma.03G220300,WGD
Glyma.03G220400,WGD
Glyma.03G220500,WGD
Glyma.03G220600,WGD
Glyma.03G220700,WGD
Glyma.03G220800,WGD
Glyma.03G220900,WGD
Glyma.03G221000,WGD
Glyma.03G221100,WGD
Glyma.03G221200,WGD
Glyma.03G221350,WGD
Glyma.03G221500,WGD
Glyma.03G221600,WGD
Glyma.03G221700,WGD
Glyma.03G221900,WGD
Glyma.03G222000,WGD
Glyma.03G222100,WGD
Glyma.03G222200,WGD
Glyma.03G222300,WGD
Glyma.03G222400,WGD
Glyma.03G222500,WGD
Glyma.03G222600,WGD
Glyma.03G222800,WGD
Glyma.03G222900,WGD
Glyma.03G223000,WGD
Glyma.03G223100,WGD
Glyma.03G223200,WGD
Glyma.03G223300,WGD
Glyma.03G223400,WGD
Glyma.03G223500,WGD
Glyma.03G223600,WGD
Glyma.03G223800,WGD
Glyma.03G223900,WGD
Glyma.03G224100,WGD
Glyma.03G224200,WGD
Glyma.03G224400,WGD
Glyma.03G224500,WGD
Glyma.03G224600,WGD
Glyma.03G224700,WGD
Glyma.03G224800,WGD
Glyma.03G225000,WGD
Glyma.03G225200,WGD
Glyma.03G225300,WGD
Glyma.03G225400,WGD
Glyma.03G225500,WGD
Glyma.03G225602,WGD
Glyma.03G225800,WGD
Glyma.03G225900,WGD
Glyma.03G226000,WGD
Glyma.03G226100,WGD
Glyma.03G226200,WGD
Glyma.03G226300,WGD
Glyma.03G226400,WGD
Glyma.03G226500,WGD
Glyma.03G226600,WGD
Glyma.03G226700,WGD
Glyma.03G226900,WGD
Glyma.03G227000,WGD
Glyma.03G227100,WGD
Glyma.03G227200,WGD
Glyma.03G227267,WGD
Glyma.03G227400,WGD
Glyma.03G227500,WGD
Glyma.03G227600,WGD
Glyma.03G227700,WGD
Glyma.03G227750,WGD
Glyma.03G228000,WGD
Glyma.03G228100,WGD
Glyma.03G228200,WGD
Glyma.03G228300,WGD
Glyma.03G228500,WGD
Glyma.03G228600,WGD
Glyma.03G228700,WGD
Glyma.03G228800,WGD
Glyma.03G228900,WGD
Glyma.03G229000,WGD
Glyma.03G229100,WGD
Glyma.03G229200,WGD
Glyma.03G229300,WGD
Glyma.03G229400,WGD
Glyma.03G229500,WGD
Glyma.03G229600,WGD
Glyma.03G229700,WGD
Glyma.03G229800,WGD
Glyma.03G230000,WGD
Glyma.03G230100,WGD
Glyma.03G230200,WGD
Glyma.03G230400,WGD
Glyma.03G230600,WGD
Glyma.03G230650,WGD
Glyma.03G230800,WGD
Glyma.03G230900,WGD
Glyma.03G231000,WGD
Glyma.03G231100,WGD
Glyma.03G231200,WGD
Glyma.03G231300,WGD
Glyma.03G231500,WGD
Glyma.03G231700,WGD
Glyma.03G231800,WGD
Glyma.03G231900,WGD
Glyma.03G232000,WGD
Glyma.03G232100,WGD
Glyma.03G232200,WGD
Glyma.03G232300,WGD
Glyma.03G232400,WGD
Glyma.03G232700,WGD
Glyma.03G232800,WGD
Glyma.03G232900,WGD
Glyma.03G233000,WGD
Glyma.03G233100,WGD
Glyma.03G233300,WGD
Glyma.03G233400,WGD
Glyma.03G233500,WGD
Glyma.03G233700,WGD
Glyma.03G233800,WGD
Glyma.03G234000,WGD
Glyma.03G234100,WGD
Glyma.03G234300,WGD
Glyma.03G234400,WGD
Glyma.03G234600,WGD
Glyma.03G234700,WGD
Glyma.03G234800,WGD
Glyma.03G234900,WGD
Glyma.03G235000,WGD
Glyma.03G235100,WGD
Glyma.03G235250,WGD
Glyma.03G235400,WGD
Glyma.03G235500,WGD
Glyma.03G235600,WGD
Glyma.03G235700,WGD
Glyma.03G235800,WGD
Glyma.03G236100,WGD
Glyma.03G236300,WGD
Glyma.03G236400,WGD
Glyma.03G236500,WGD
Glyma.03G236600,WGD
Glyma.03G236800,WGD
Glyma.03G236900,WGD
Glyma.03G237000,WGD
Glyma.03G237100,WGD
Glyma.03G237300,WGD
Glyma.03G237400,WGD
Glyma.03G237500,WGD
Glyma.03G237600,WGD
Glyma.03G237700,WGD
Glyma.03G237800,WGD
Glyma.03G238100,WGD
Glyma.03G238300,WGD
Glyma.03G238400,WGD
Glyma.03G238600,WGD
Glyma.03G238700,WGD
Glyma.03G238800,WGD
Glyma.03G239000,WGD
Glyma.03G239400,WGD
Glyma.03G239600,WGD
Glyma.03G239700,WGD
Glyma.03G239800,WGD
Glyma.03G239900,WGD
Glyma.03G240000,WGD
Glyma.03G240100,WGD
Glyma.03G240200,WGD
Glyma.03G240300,WGD
Glyma.03G240500,WGD
Glyma.03G240600,WGD
Glyma.03G240651,WGD
Glyma.03G240700,WGD
Glyma.03G240900,WGD
Glyma.03G241000,WGD
Glyma.03G241400,WGD
Glyma.03G241600,WGD
Glyma.03G241700,WGD
Glyma.03G241800,WGD
Glyma.03G241900,WGD
Glyma.03G242000,WGD
Glyma.03G242100,WGD
Glyma.03G242300,WGD
Glyma.03G242400,WGD
Glyma.03G242500,WGD
Glyma.03G242600,WGD
Glyma.03G242700,WGD
Glyma.03G242800,WGD
Glyma.03G242900,WGD
Glyma.03G243000,WGD
Glyma.03G243100,WGD
Glyma.03G243400,WGD
Glyma.03G243500,WGD
Glyma.03G243600,WGD
Glyma.03G243700,WGD
Glyma.03G243800,WGD
Glyma.03G244000,WGD
Glyma.03G244200,WGD
Glyma.03G244300,WGD
Glyma.03G244400,WGD
Glyma.03G244700,WGD
Glyma.03G244800,WGD
Glyma.03G245000,WGD
Glyma.03G245200,WGD
Glyma.03G245300,WGD
Glyma.03G245400,WGD
Glyma.03G245500,WGD
Glyma.03G245600,WGD
Glyma.03G245700,WGD
Glyma.03G245800,WGD
Glyma.03G245900,WGD
Glyma.03G246000,WGD
Glyma.03G246100,WGD
Glyma.03G246200,WGD
Glyma.03G246300,WGD
Glyma.03G246500,WGD
Glyma.03G246600,WGD
Glyma.03G246700,WGD
Glyma.03G246800,WGD
Glyma.03G246900,WGD
Glyma.03G247000,WGD
Glyma.03G247100,WGD
Glyma.03G247200,WGD
Glyma.03G247300,WGD
Glyma.03G247400,WGD
Glyma.03G247500,WGD
Glyma.03G247600,WGD
Glyma.03G247700,WGD
Glyma.03G247800,WGD
Glyma.03G247900,WGD
Glyma.03G248000,WGD
Glyma.03G248100,WGD
Glyma.03G248200,WGD
Glyma.03G248800,WGD
Glyma.03G248900,WGD
Glyma.03G249000,WGD
Glyma.03G249100,WGD
Glyma.03G249200,WGD
Glyma.03G249300,WGD
Glyma.03G249500,WGD
Glyma.03G249600,WGD
Glyma.03G249700,WGD
Glyma.03G249800,WGD
Glyma.03G249900,WGD
Glyma.03G250000,WGD
Glyma.03G250100,WGD
Glyma.03G250200,WGD
Glyma.03G250300,WGD
Glyma.03G250400,WGD
Glyma.03G250600,WGD
Glyma.03G250700,WGD
Glyma.03G250800,WGD
Glyma.03G250900,WGD
Glyma.03G251100,WGD
Glyma.03G251300,WGD
Glyma.03G251400,WGD
Glyma.03G251500,WGD
Glyma.03G251600,WGD
Glyma.03G251700,WGD
Glyma.03G251800,WGD
Glyma.03G252000,WGD
Glyma.03G252100,WGD
Glyma.03G252200,WGD
Glyma.03G252300,WGD
Glyma.03G252500,WGD
Glyma.03G252600,WGD
Glyma.03G252800,WGD
Glyma.03G253000,WGD
Glyma.03G253100,WGD
Glyma.03G253300,WGD
Glyma.03G253400,WGD
Glyma.03G253500,WGD
Glyma.03G253600,WGD
Glyma.03G253700,WGD
Glyma.03G253800,WGD
Glyma.03G253900,WGD
Glyma.03G254100,WGD
Glyma.03G254400,WGD
Glyma.03G254500,WGD
Glyma.03G254600,WGD
Glyma.03G254800,WGD
Glyma.03G254900,WGD
Glyma.03G255000,WGD
Glyma.03G255100,WGD
Glyma.03G255200,WGD
Glyma.03G255300,WGD
Glyma.03G255400,WGD
Glyma.03G255500,WGD
Glyma.03G255600,WGD
Glyma.03G255800,WGD
Glyma.03G255900,WGD
Glyma.03G256000,WGD
Glyma.03G256100,WGD
Glyma.03G256200,WGD
Glyma.03G256300,WGD
Glyma.03G256400,WGD
Glyma.03G256500,WGD
Glyma.03G256600,WGD
Glyma.03G256700,WGD
Glyma.03G256900,WGD
Glyma.03G257000,WGD
Glyma.03G257300,WGD
Glyma.03G257500,WGD
Glyma.03G257600,WGD
Glyma.03G257700,WGD
Glyma.03G257800,WGD
Glyma.03G257900,WGD
Glyma.03G258000,WGD
Glyma.03G258100,WGD
Glyma.03G258200,WGD
Glyma.03G258300,WGD
Glyma.03G258400,WGD
Glyma.03G258600,WGD
Glyma.03G258700,WGD
Glyma.03G258800,WGD
Glyma.03G258900,WGD
Glyma.03G259000,WGD
Glyma.03G259100,WGD
Glyma.03G259200,WGD
Glyma.03G259300,WGD
Glyma.03G259400,WGD
Glyma.03G259500,WGD
Glyma.03G259600,WGD
Glyma.03G259700,WGD
Glyma.03G259800,WGD
Glyma.03G260100,WGD
Glyma.03G260200,WGD
Glyma.03G260400,WGD
Glyma.03G260500,WGD
Glyma.03G260600,WGD
Glyma.03G260700,WGD
Glyma.03G261000,WGD
Glyma.03G261100,WGD
Glyma.03G261300,WGD
Glyma.03G261400,WGD
Glyma.03G261500,WGD
Glyma.03G261600,WGD
Glyma.03G261800,WGD
Glyma.03G261900,WGD
Glyma.03G262000,WGD
Glyma.03G262100,WGD
Glyma.03G262200,WGD
Glyma.03G262300,WGD
Glyma.03G262400,WGD
Glyma.03G262500,WGD
Glyma.03G262700,WGD
Glyma.03G262800,WGD
Glyma.03G262900,WGD
Glyma.03G263000,WGD
Glyma.03G263100,WGD
Glyma.03G263200,WGD
Glyma.03G263400,WGD
Glyma.03G263500,WGD
Glyma.03G263600,WGD
Glyma.03G263700,WGD
Glyma.03G263900,WGD
Glyma.03G264000,WGD
Glyma.03G264100,WGD
Glyma.03G264200,WGD
Glyma.03G264300,WGD
Glyma.03G264400,WGD
Glyma.03G264600,WGD
Glyma.04G000200,WGD
Glyma.04G000300,WGD
Glyma.04G000400,WGD
Glyma.04G000600,WGD
Glyma.04G000700,WGD
Glyma.04G001100,WGD
Glyma.04G001200,WGD
Glyma.04G001400,WGD
Glyma.04G001500,WGD
Glyma.04G001600,WGD
Glyma.04G001700,WGD
Glyma.04G001800,WGD
Glyma.04G001900,WGD
Glyma.04G002000,WGD
Glyma.04G002100,WGD
Glyma.04G002300,WGD
Glyma.04G002400,WGD
Glyma.04G002500,WGD
Glyma.04G002600,WGD
Glyma.04G002700,WGD
Glyma.04G002800,WGD
Glyma.04G002900,WGD
Glyma.04G003000,WGD
Glyma.04G003100,WGD
Glyma.04G003200,WGD
Glyma.04G003500,WGD
Glyma.04G003600,WGD
Glyma.04G003700,WGD
Glyma.04G003900,WGD
Glyma.04G004000,WGD
Glyma.04G004100,WGD
Glyma.04G004200,WGD
Glyma.04G004250,WGD
Glyma.04G004300,WGD
Glyma.04G004400,WGD
Glyma.04G004500,WGD
Glyma.04G004600,WGD
Glyma.04G004800,WGD
Glyma.04G004900,WGD
Glyma.04G005000,WGD
Glyma.04G005100,WGD
Glyma.04G005200,WGD
Glyma.04G005300,WGD
Glyma.04G005451,WGD
Glyma.04G005500,WGD
Glyma.04G005600,WGD
Glyma.04G005700,WGD
Glyma.04G005800,WGD
Glyma.04G005900,WGD
Glyma.04G006100,WGD
Glyma.04G006200,WGD
Glyma.04G006300,WGD
Glyma.04G006400,WGD
Glyma.04G006600,WGD
Glyma.04G006800,WGD
Glyma.04G007100,WGD
Glyma.04G007300,WGD
Glyma.04G007500,WGD
Glyma.04G007700,WGD
Glyma.04G007800,WGD
Glyma.04G007900,WGD
Glyma.04G008100,WGD
Glyma.04G008200,WGD
Glyma.04G008300,WGD
Glyma.04G008400,WGD
Glyma.04G008500,WGD
Glyma.04G008567,WGD
Glyma.04G008700,WGD
Glyma.04G008900,WGD
Glyma.04G009000,WGD
Glyma.04G009100,WGD
Glyma.04G009200,WGD
Glyma.04G009300,WGD
Glyma.04G009400,WGD
Glyma.04G009500,WGD
Glyma.04G009600,WGD
Glyma.04G009700,WGD
Glyma.04G009800,WGD
Glyma.04G010000,WGD
Glyma.04G010300,WGD
Glyma.04G010400,WGD
Glyma.04G010500,WGD
Glyma.04G010600,WGD
Glyma.04G010800,WGD
Glyma.04G010900,WGD
Glyma.04G011000,WGD
Glyma.04G011100,WGD
Glyma.04G011200,WGD
Glyma.04G011300,WGD
Glyma.04G011400,WGD
Glyma.04G011500,WGD
Glyma.04G011800,WGD
Glyma.04G011900,WGD
Glyma.04G011966,WGD
Glyma.04G012100,WGD
Glyma.04G012300,WGD
Glyma.04G012500,WGD
Glyma.04G012600,WGD
Glyma.04G012800,WGD
Glyma.04G012900,WGD
Glyma.04G013000,WGD
Glyma.04G013100,WGD
Glyma.04G013200,WGD
Glyma.04G013400,WGD
Glyma.04G013500,WGD
Glyma.04G013600,WGD
Glyma.04G013700,WGD
Glyma.04G013800,WGD
Glyma.04G013900,WGD
Glyma.04G014000,WGD
Glyma.04G014100,WGD
Glyma.04G014200,WGD
Glyma.04G014300,WGD
Glyma.04G014400,WGD
Glyma.04G014500,WGD
Glyma.04G014600,WGD
Glyma.04G014700,WGD
Glyma.04G014900,WGD
Glyma.04G015000,WGD
Glyma.04G015100,WGD
Glyma.04G015200,WGD
Glyma.04G015300,WGD
Glyma.04G015500,WGD
Glyma.04G015600,WGD
Glyma.04G015700,WGD
Glyma.04G015800,WGD
Glyma.04G015900,WGD
Glyma.04G016000,WGD
Glyma.04G016100,WGD
Glyma.04G016200,WGD
Glyma.04G016300,WGD
Glyma.04G016500,WGD
Glyma.04G016600,WGD
Glyma.04G016700,WGD
Glyma.04G016800,WGD
Glyma.04G016900,WGD
Glyma.04G017000,WGD
Glyma.04G017200,WGD
Glyma.04G017300,WGD
Glyma.04G017400,WGD
Glyma.04G017500,WGD
Glyma.04G017700,WGD
Glyma.04G017800,WGD
Glyma.04G017900,WGD
Glyma.04G018100,WGD
Glyma.04G018200,WGD
Glyma.04G018300,WGD
Glyma.04G018400,WGD
Glyma.04G018500,WGD
Glyma.04G018600,WGD
Glyma.04G018700,WGD
Glyma.04G018800,WGD
Glyma.04G018900,WGD
Glyma.04G019000,WGD
Glyma.04G019100,WGD
Glyma.04G019200,WGD
Glyma.04G019300,WGD
Glyma.04G019400,WGD
Glyma.04G019500,WGD
Glyma.04G019600,WGD
Glyma.04G019700,WGD
Glyma.04G020200,WGD
Glyma.04G020300,WGD
Glyma.04G020400,WGD
Glyma.04G020500,WGD
Glyma.04G020600,WGD
Glyma.04G020700,WGD
Glyma.04G020800,WGD
Glyma.04G020900,WGD
Glyma.04G021000,WGD
Glyma.04G021200,WGD
Glyma.04G021500,WGD
Glyma.04G021600,WGD
Glyma.04G021700,WGD
Glyma.04G021800,WGD
Glyma.04G021900,WGD
Glyma.04G022100,WGD
Glyma.04G022166,WGD
Glyma.04G022800,WGD
Glyma.04G022900,WGD
Glyma.04G023000,WGD
Glyma.04G023067,WGD
Glyma.04G023300,WGD
Glyma.04G023500,WGD
Glyma.04G023600,WGD
Glyma.04G023700,WGD
Glyma.04G023800,WGD
Glyma.04G023900,WGD
Glyma.04G024000,WGD
Glyma.04G024100,WGD
Glyma.04G024300,WGD
Glyma.04G024400,WGD
Glyma.04G024500,WGD
Glyma.04G024600,WGD
Glyma.04G024700,WGD
Glyma.04G024800,WGD
Glyma.04G024900,WGD
Glyma.04G025000,WGD
Glyma.04G025100,WGD
Glyma.04G025400,WGD
Glyma.04G025500,WGD
Glyma.04G025700,WGD
Glyma.04G025800,WGD
Glyma.04G025900,WGD
Glyma.04G026000,WGD
Glyma.04G026100,WGD
Glyma.04G026200,WGD
Glyma.04G026300,WGD
Glyma.04G026400,WGD
Glyma.04G026500,WGD
Glyma.04G026700,WGD
Glyma.04G026800,WGD
Glyma.04G027000,WGD
Glyma.04G027100,WGD
Glyma.04G027200,WGD
Glyma.04G027300,WGD
Glyma.04G027400,WGD
Glyma.04G027466,WGD
Glyma.04G027600,WGD
Glyma.04G027700,WGD
Glyma.04G027800,WGD
Glyma.04G028100,WGD
Glyma.04G028200,WGD
Glyma.04G028400,WGD
Glyma.04G028500,WGD
Glyma.04G028600,WGD
Glyma.04G028900,WGD
Glyma.04G029000,WGD
Glyma.04G029100,WGD
Glyma.04G029200,WGD
Glyma.04G029267,WGD
Glyma.04G029333,WGD
Glyma.04G029400,WGD
Glyma.04G029500,WGD
Glyma.04G029600,WGD
Glyma.04G029700,WGD
Glyma.04G029800,WGD
Glyma.04G029900,WGD
Glyma.04G030000,WGD
Glyma.04G030300,WGD
Glyma.04G030400,WGD
Glyma.04G030500,WGD
Glyma.04G030600,WGD
Glyma.04G030700,WGD
Glyma.04G030900,WGD
Glyma.04G031000,WGD
Glyma.04G031100,WGD
Glyma.04G031200,WGD
Glyma.04G031300,WGD
Glyma.04G031500,WGD
Glyma.04G031600,WGD
Glyma.04G031800,WGD
Glyma.04G031900,WGD
Glyma.04G032000,WGD
Glyma.04G032100,WGD
Glyma.04G032500,WGD
Glyma.04G032600,WGD
Glyma.04G032700,WGD
Glyma.04G032800,WGD
Glyma.04G032951,WGD
Glyma.04G033000,WGD
Glyma.04G033100,WGD
Glyma.04G033200,WGD
Glyma.04G033300,WGD
Glyma.04G033500,WGD
Glyma.04G033600,WGD
Glyma.04G033700,WGD
Glyma.04G033800,WGD
Glyma.04G033900,WGD
Glyma.04G034101,WGD
Glyma.04G034200,WGD
Glyma.04G034300,WGD
Glyma.04G034400,WGD
Glyma.04G034500,WGD
Glyma.04G034600,WGD
Glyma.04G034700,WGD
Glyma.04G034900,WGD
Glyma.04G035000,WGD
Glyma.04G035100,WGD
Glyma.04G035200,WGD
Glyma.04G035500,WGD
Glyma.04G035600,WGD
Glyma.04G035700,WGD
Glyma.04G035800,WGD
Glyma.04G035900,WGD
Glyma.04G036000,WGD
Glyma.04G036100,WGD
Glyma.04G036200,WGD
Glyma.04G036300,WGD
Glyma.04G036340,WGD
Glyma.04G036500,WGD
Glyma.04G036600,WGD
Glyma.04G036700,WGD
Glyma.04G036800,WGD
Glyma.04G036900,WGD
Glyma.04G037000,WGD
Glyma.04G037100,WGD
Glyma.04G037150,WGD
Glyma.04G037200,WGD
Glyma.04G037300,WGD
Glyma.04G037400,WGD
Glyma.04G037500,WGD
Glyma.04G037600,WGD
Glyma.04G037700,WGD
Glyma.04G037800,WGD
Glyma.04G038000,WGD
Glyma.04G038100,WGD
Glyma.04G038200,WGD
Glyma.04G038300,WGD
Glyma.04G038400,WGD
Glyma.04G038500,WGD
Glyma.04G038600,WGD
Glyma.04G038702,WGD
Glyma.04G038800,WGD
Glyma.04G038900,WGD
Glyma.04G038966,WGD
Glyma.04G039100,WGD
Glyma.04G039200,WGD
Glyma.04G039300,WGD
Glyma.04G039400,WGD
Glyma.04G039500,WGD
Glyma.04G039600,WGD
Glyma.04G039701,WGD
Glyma.04G040000,WGD
Glyma.04G040600,WGD
Glyma.04G040700,WGD
Glyma.04G040900,WGD
Glyma.04G041200,WGD
Glyma.04G041300,WGD
Glyma.04G041400,WGD
Glyma.04G041500,WGD
Glyma.04G041700,WGD
Glyma.04G041900,WGD
Glyma.04G042000,WGD
Glyma.04G042100,WGD
Glyma.04G042200,WGD
Glyma.04G042300,WGD
Glyma.04G042500,WGD
Glyma.04G042700,WGD
Glyma.04G042900,WGD
Glyma.04G043100,WGD
Glyma.04G043200,WGD
Glyma.04G043300,WGD
Glyma.04G043350,WGD
Glyma.04G043500,WGD
Glyma.04G043900,WGD
Glyma.04G044000,WGD
Glyma.04G044100,WGD
Glyma.04G044200,WGD
Glyma.04G044300,WGD
Glyma.04G044400,WGD
Glyma.04G044500,WGD
Glyma.04G044600,WGD
Glyma.04G044700,WGD
Glyma.04G044800,WGD
Glyma.04G044900,WGD
Glyma.04G045000,WGD
Glyma.04G045100,WGD
Glyma.04G045200,WGD
Glyma.04G045300,WGD
Glyma.04G045400,WGD
Glyma.04G045500,WGD
Glyma.04G045600,WGD
Glyma.04G045700,WGD
Glyma.04G045800,WGD
Glyma.04G045900,WGD
Glyma.04G046000,WGD
Glyma.04G046100,WGD
Glyma.04G046200,WGD
Glyma.04G046400,WGD
Glyma.04G046500,WGD
Glyma.04G046600,WGD
Glyma.04G046800,WGD
Glyma.04G047002,WGD
Glyma.04G047100,WGD
Glyma.04G047200,WGD
Glyma.04G047300,WGD
Glyma.04G047400,WGD
Glyma.04G047500,WGD
Glyma.04G047800,WGD
Glyma.04G047900,WGD
Glyma.04G048000,WGD
Glyma.04G048100,WGD
Glyma.04G048200,WGD
Glyma.04G048400,WGD
Glyma.04G048600,WGD
Glyma.04G048800,WGD
Glyma.04G048900,WGD
Glyma.04G049200,WGD
Glyma.04G049300,WGD
Glyma.04G049500,WGD
Glyma.04G049700,WGD
Glyma.04G050000,WGD
Glyma.04G050100,WGD
Glyma.04G050400,WGD
Glyma.04G050500,WGD
Glyma.04G050600,WGD
Glyma.04G050700,WGD
Glyma.04G050800,WGD
Glyma.04G050851,WGD
Glyma.04G050900,WGD
Glyma.04G051000,WGD
Glyma.04G051200,WGD
Glyma.04G051300,WGD
Glyma.04G051400,WGD
Glyma.04G051500,WGD
Glyma.04G051600,WGD
Glyma.04G051700,WGD
Glyma.04G051800,WGD
Glyma.04G051900,WGD
Glyma.04G052000,WGD
Glyma.04G052100,WGD
Glyma.04G052200,WGD
Glyma.04G052300,WGD
Glyma.04G052400,WGD
Glyma.04G052600,WGD
Glyma.04G052700,WGD
Glyma.04G052800,WGD
Glyma.04G052900,WGD
Glyma.04G053300,WGD
Glyma.04G053800,WGD
Glyma.04G053900,WGD
Glyma.04G054000,WGD
Glyma.04G054100,WGD
Glyma.04G054200,WGD
Glyma.04G054300,WGD
Glyma.04G054400,WGD
Glyma.04G054600,WGD
Glyma.04G054800,WGD
Glyma.04G055100,WGD
Glyma.04G055200,WGD
Glyma.04G055300,WGD
Glyma.04G055400,WGD
Glyma.04G055500,WGD
Glyma.04G055600,WGD
Glyma.04G055700,WGD
Glyma.04G055801,WGD
Glyma.04G055900,WGD
Glyma.04G056000,WGD
Glyma.04G056067,WGD
Glyma.04G056200,WGD
Glyma.04G056400,WGD
Glyma.04G056500,WGD
Glyma.04G056600,WGD
Glyma.04G056800,WGD
Glyma.04G056900,WGD
Glyma.04G057000,WGD
Glyma.04G057100,WGD
Glyma.04G057200,WGD
Glyma.04G057300,WGD
Glyma.04G057400,WGD
Glyma.04G057500,WGD
Glyma.04G057700,WGD
Glyma.04G057800,WGD
Glyma.04G057900,WGD
Glyma.04G058200,WGD
Glyma.04G058300,WGD
Glyma.04G058400,WGD
Glyma.04G058500,WGD
Glyma.04G058800,WGD
Glyma.04G058900,WGD
Glyma.04G059000,WGD
Glyma.04G059100,WGD
Glyma.04G059451,WGD
Glyma.04G059500,WGD
Glyma.04G059600,WGD
Glyma.04G059800,WGD
Glyma.04G059900,WGD
Glyma.04G060000,WGD
Glyma.04G060100,WGD
Glyma.04G060200,WGD
Glyma.04G060300,WGD
Glyma.04G060400,WGD
Glyma.04G060600,WGD
Glyma.04G060700,WGD
Glyma.04G060800,WGD
Glyma.04G060900,WGD
Glyma.04G061000,WGD
Glyma.04G061100,WGD
Glyma.04G061200,WGD
Glyma.04G061300,WGD
Glyma.04G061400,WGD
Glyma.04G061500,WGD
Glyma.04G061600,WGD
Glyma.04G061700,WGD
Glyma.04G061800,WGD
Glyma.04G061900,WGD
Glyma.04G062000,WGD
Glyma.04G062200,WGD
Glyma.04G062300,WGD
Glyma.04G062400,WGD
Glyma.04G062500,WGD
Glyma.04G062600,WGD
Glyma.04G062700,WGD
Glyma.04G062800,WGD
Glyma.04G062900,WGD
Glyma.04G063100,WGD
Glyma.04G063200,WGD
Glyma.04G063400,WGD
Glyma.04G063500,WGD
Glyma.04G063600,WGD
Glyma.04G063700,WGD
Glyma.04G063800,WGD
Glyma.04G063900,WGD
Glyma.04G064100,WGD
Glyma.04G064200,WGD
Glyma.04G064500,WGD
Glyma.04G064600,WGD
Glyma.04G064800,WGD
Glyma.04G064900,WGD
Glyma.04G065000,WGD
Glyma.04G065100,WGD
Glyma.04G065200,WGD
Glyma.04G065300,WGD
Glyma.04G065400,WGD
Glyma.04G065450,WGD
Glyma.04G065500,WGD
Glyma.04G065600,WGD
Glyma.04G065700,WGD
Glyma.04G065800,WGD
Glyma.04G065900,WGD
Glyma.04G066000,WGD
Glyma.04G066100,WGD
Glyma.04G066200,WGD
Glyma.04G066300,WGD
Glyma.04G066400,WGD
Glyma.04G066500,WGD
Glyma.04G066600,WGD
Glyma.04G066700,WGD
Glyma.04G066751,WGD
Glyma.04G066800,WGD
Glyma.04G066900,WGD
Glyma.04G067000,WGD
Glyma.04G067100,WGD
Glyma.04G067200,WGD
Glyma.04G067300,WGD
Glyma.04G067400,WGD
Glyma.04G067500,WGD
Glyma.04G067600,WGD
Glyma.04G067700,WGD
Glyma.04G067800,WGD
Glyma.04G067900,WGD
Glyma.04G068000,WGD
Glyma.04G068100,WGD
Glyma.04G068400,WGD
Glyma.04G068500,WGD
Glyma.04G068700,WGD
Glyma.04G068800,WGD
Glyma.04G069100,WGD
Glyma.04G069400,WGD
Glyma.04G069500,WGD
Glyma.04G069600,WGD
Glyma.04G069700,WGD
Glyma.04G069800,WGD
Glyma.04G069900,WGD
Glyma.04G070000,WGD
Glyma.04G070100,WGD
Glyma.04G070200,WGD
Glyma.04G070400,WGD
Glyma.04G070500,WGD
Glyma.04G070700,WGD
Glyma.04G071000,WGD
Glyma.04G071400,WGD
Glyma.04G071600,WGD
Glyma.04G071700,WGD
Glyma.04G071800,WGD
Glyma.04G071900,WGD
Glyma.04G072000,WGD
Glyma.04G072200,WGD
Glyma.04G072300,WGD
Glyma.04G072400,WGD
Glyma.04G072600,WGD
Glyma.04G072700,WGD
Glyma.04G073000,WGD
Glyma.04G073100,WGD
Glyma.04G073150,WGD
Glyma.04G073200,WGD
Glyma.04G073400,WGD
Glyma.04G073626,WGD
Glyma.04G073800,WGD
Glyma.04G073900,WGD
Glyma.04G074000,WGD
Glyma.04G074100,WGD
Glyma.04G074200,WGD
Glyma.04G074300,WGD
Glyma.04G074400,WGD
Glyma.04G074600,WGD
Glyma.04G074800,WGD
Glyma.04G074900,WGD
Glyma.04G075000,WGD
Glyma.04G075100,WGD
Glyma.04G075200,WGD
Glyma.04G075300,WGD
Glyma.04G075400,WGD
Glyma.04G075500,WGD
Glyma.04G075600,WGD
Glyma.04G075700,WGD
Glyma.04G075800,WGD
Glyma.04G075900,WGD
Glyma.04G076000,WGD
Glyma.04G076200,WGD
Glyma.04G076432,WGD
Glyma.04G076500,WGD
Glyma.04G076600,WGD
Glyma.04G076700,WGD
Glyma.04G076800,WGD
Glyma.04G076900,WGD
Glyma.04G077000,WGD
Glyma.04G077100,WGD
Glyma.04G077300,WGD
Glyma.04G077400,WGD
Glyma.04G077500,WGD
Glyma.04G077600,WGD
Glyma.04G077700,WGD
Glyma.04G078000,WGD
Glyma.04G078100,WGD
Glyma.04G078200,WGD
Glyma.04G078300,WGD
Glyma.04G078400,WGD
Glyma.04G078500,WGD
Glyma.04G078600,WGD
Glyma.04G078700,WGD
Glyma.04G078800,WGD
Glyma.04G078900,WGD
Glyma.04G079200,WGD
Glyma.04G079300,WGD
Glyma.04G079400,WGD
Glyma.04G079500,WGD
Glyma.04G079600,WGD
Glyma.04G079700,WGD
Glyma.04G079800,WGD
Glyma.04G079900,WGD
Glyma.04G080000,WGD
Glyma.04G080100,WGD
Glyma.04G080200,WGD
Glyma.04G080300,WGD
Glyma.04G080400,WGD
Glyma.04G080500,WGD
Glyma.04G080600,WGD
Glyma.04G080700,WGD
Glyma.04G080800,WGD
Glyma.04G080900,WGD
Glyma.04G081001,WGD
Glyma.04G081100,WGD
Glyma.04G081200,WGD
Glyma.04G081400,WGD
Glyma.04G081501,WGD
Glyma.04G081700,WGD
Glyma.04G081800,WGD
Glyma.04G081900,WGD
Glyma.04G082000,WGD
Glyma.04G082100,WGD
Glyma.04G082200,WGD
Glyma.04G082300,WGD
Glyma.04G082700,WGD
Glyma.04G082900,WGD
Glyma.04G083000,WGD
Glyma.04G083100,WGD
Glyma.04G083200,WGD
Glyma.04G083500,WGD
Glyma.04G083800,WGD
Glyma.04G083900,WGD
Glyma.04G084000,WGD
Glyma.04G084100,WGD
Glyma.04G084200,WGD
Glyma.04G084300,WGD
Glyma.04G084400,WGD
Glyma.04G084500,WGD
Glyma.04G084600,WGD
Glyma.04G084800,WGD
Glyma.04G084900,WGD
Glyma.04G085000,WGD
Glyma.04G085200,WGD
Glyma.04G085300,WGD
Glyma.04G085400,WGD
Glyma.04G085500,WGD
Glyma.04G085700,WGD
Glyma.04G085800,WGD
Glyma.04G085900,WGD
Glyma.04G086200,WGD
Glyma.04G086300,WGD
Glyma.04G086500,WGD
Glyma.04G086600,WGD
Glyma.04G086700,WGD
Glyma.04G086800,WGD
Glyma.04G086900,WGD
Glyma.04G087100,WGD
Glyma.04G087200,WGD
Glyma.04G087300,WGD
Glyma.04G087400,WGD
Glyma.04G087500,WGD
Glyma.04G087600,WGD
Glyma.04G087700,WGD
Glyma.04G087800,WGD
Glyma.04G088000,WGD
Glyma.04G088100,WGD
Glyma.04G088200,WGD
Glyma.04G088300,WGD
Glyma.04G088400,WGD
Glyma.04G088500,WGD
Glyma.04G088700,WGD
Glyma.04G088800,WGD
Glyma.04G088900,WGD
Glyma.04G089000,WGD
Glyma.04G089200,WGD
Glyma.04G089300,WGD
Glyma.04G089400,WGD
Glyma.04G089600,WGD
Glyma.04G089700,WGD
Glyma.04G089800,WGD
Glyma.04G089851,WGD
Glyma.04G089900,WGD
Glyma.04G090000,WGD
Glyma.04G090100,WGD
Glyma.04G090300,WGD
Glyma.04G090400,WGD
Glyma.04G090500,WGD
Glyma.04G090800,WGD
Glyma.04G091066,WGD
Glyma.04G091200,WGD
Glyma.04G091500,WGD
Glyma.04G091600,WGD
Glyma.04G091700,WGD
Glyma.04G091800,WGD
Glyma.04G091900,WGD
Glyma.04G092000,WGD
Glyma.04G092100,WGD
Glyma.04G092200,WGD
Glyma.04G092300,WGD
Glyma.04G092400,WGD
Glyma.04G092600,WGD
Glyma.04G092700,WGD
Glyma.04G092800,WGD
Glyma.04G092900,WGD
Glyma.04G093000,WGD
Glyma.04G093100,WGD
Glyma.04G093200,WGD
Glyma.04G093300,WGD
Glyma.04G093400,WGD
Glyma.04G093500,WGD
Glyma.04G093600,WGD
Glyma.04G093800,WGD
Glyma.04G094000,WGD
Glyma.04G094100,WGD
Glyma.04G094232,WGD
Glyma.04G094400,WGD
Glyma.04G094500,WGD
Glyma.04G094800,WGD
Glyma.04G095100,WGD
Glyma.04G095200,WGD
Glyma.04G095300,WGD
Glyma.04G095500,WGD
Glyma.04G095700,WGD
Glyma.04G095800,WGD
Glyma.04G095900,WGD
Glyma.04G096000,WGD
Glyma.04G096100,WGD
Glyma.04G096200,WGD
Glyma.04G096300,WGD
Glyma.04G096500,WGD
Glyma.04G096600,WGD
Glyma.04G096700,WGD
Glyma.04G096800,WGD
Glyma.04G096900,WGD
Glyma.04G097000,WGD
Glyma.04G097100,WGD
Glyma.04G097400,WGD
Glyma.04G097500,WGD
Glyma.04G098000,WGD
Glyma.04G098100,WGD
Glyma.04G098400,WGD
Glyma.04G098500,WGD
Glyma.04G098600,WGD
Glyma.04G098800,WGD
Glyma.04G098900,WGD
Glyma.04G099000,WGD
Glyma.04G099100,WGD
Glyma.04G099200,WGD
Glyma.04G099300,WGD
Glyma.04G099400,WGD
Glyma.04G099600,WGD
Glyma.04G099900,WGD
Glyma.04G100002,WGD
Glyma.04G100100,WGD
Glyma.04G100200,WGD
Glyma.04G100300,WGD
Glyma.04G100400,WGD
Glyma.04G100600,WGD
Glyma.04G100700,WGD
Glyma.04G100900,WGD
Glyma.04G101000,WGD
Glyma.04G101100,WGD
Glyma.04G101200,WGD
Glyma.04G101400,WGD
Glyma.04G101500,WGD
Glyma.04G101900,WGD
Glyma.04G102100,WGD
Glyma.04G102200,WGD
Glyma.04G102300,WGD
Glyma.04G102400,WGD
Glyma.04G102600,WGD
Glyma.04G102800,WGD
Glyma.04G102900,WGD
Glyma.04G103000,WGD
Glyma.04G103100,WGD
Glyma.04G103300,WGD
Glyma.04G103400,WGD
Glyma.04G103500,WGD
Glyma.04G103600,WGD
Glyma.04G103700,WGD
Glyma.04G103900,WGD
Glyma.04G104100,WGD
Glyma.04G104200,WGD
Glyma.04G104300,WGD
Glyma.04G104500,WGD
Glyma.04G104600,WGD
Glyma.04G104800,WGD
Glyma.04G104900,WGD
Glyma.04G105000,WGD
Glyma.04G105200,WGD
Glyma.04G106400,WGD
Glyma.04G106500,WGD
Glyma.04G107000,WGD
Glyma.04G107100,WGD
Glyma.04G107200,WGD
Glyma.04G107300,WGD
Glyma.04G110200,WGD
Glyma.04G110300,WGD
Glyma.04G110500,WGD
Glyma.04G110650,WGD
Glyma.04G110900,WGD
Glyma.04G111000,WGD
Glyma.04G111200,WGD
Glyma.04G111300,WGD
Glyma.04G111400,WGD
Glyma.04G111600,WGD
Glyma.04G111700,WGD
Glyma.04G111900,WGD
Glyma.04G112300,WGD
Glyma.04G112402,WGD
Glyma.04G112800,WGD
Glyma.04G112900,WGD
Glyma.04G113000,WGD
Glyma.04G113300,WGD
Glyma.04G113700,WGD
Glyma.04G114100,WGD
Glyma.04G114300,WGD
Glyma.04G114800,WGD
Glyma.04G115300,WGD
Glyma.04G115500,WGD
Glyma.04G115700,WGD
Glyma.04G115800,WGD
Glyma.04G115900,WGD
Glyma.04G116500,WGD
Glyma.04G116700,WGD
Glyma.04G117900,WGD
Glyma.04G118700,WGD
Glyma.04G118900,WGD
Glyma.04G119100,WGD
Glyma.04G119500,WGD
Glyma.04G119600,WGD
Glyma.04G119700,WGD
Glyma.04G119900,WGD
Glyma.04G120000,WGD
Glyma.04G120400,WGD
Glyma.04G120600,WGD
Glyma.04G121000,WGD
Glyma.04G121100,WGD
Glyma.04G121300,WGD
Glyma.04G122700,WGD
Glyma.04G122900,WGD
Glyma.04G123100,WGD
Glyma.04G123300,WGD
Glyma.04G123500,WGD
Glyma.04G123600,WGD
Glyma.04G124200,WGD
Glyma.04G124300,WGD
Glyma.04G124500,WGD
Glyma.04G124800,WGD
Glyma.04G124900,WGD
Glyma.04G125500,WGD
Glyma.04G125600,WGD
Glyma.04G125700,WGD
Glyma.04G125800,WGD
Glyma.04G126000,WGD
Glyma.04G126100,WGD
Glyma.04G126400,WGD
Glyma.04G126500,WGD
Glyma.04G126600,WGD
Glyma.04G127100,WGD
Glyma.04G127400,WGD
Glyma.04G127500,WGD
Glyma.04G127600,WGD
Glyma.04G127900,WGD
Glyma.04G128100,WGD
Glyma.04G128350,WGD
Glyma.04G128400,WGD
Glyma.04G128500,WGD
Glyma.04G128700,WGD
Glyma.04G128800,WGD
Glyma.04G129000,WGD
Glyma.04G129200,WGD
Glyma.04G129700,WGD
Glyma.04G130100,WGD
Glyma.04G130300,WGD
Glyma.04G130500,WGD
Glyma.04G130900,WGD
Glyma.04G131100,WGD
Glyma.04G131800,WGD
Glyma.04G132000,WGD
Glyma.04G132200,WGD
Glyma.04G132300,WGD
Glyma.04G132400,WGD
Glyma.04G132500,WGD
Glyma.04G132700,WGD
Glyma.04G132900,WGD
Glyma.04G133100,WGD
Glyma.04G133400,WGD
Glyma.04G133900,WGD
Glyma.04G134200,WGD
Glyma.04G134700,WGD
Glyma.04G135000,WGD
Glyma.04G135200,WGD
Glyma.04G135300,WGD
Glyma.04G135400,WGD
Glyma.04G135700,WGD
Glyma.04G136000,WGD
Glyma.04G136200,WGD
Glyma.04G136700,WGD
Glyma.04G137000,WGD
Glyma.04G137600,WGD
Glyma.04G138300,WGD
Glyma.04G138600,WGD
Glyma.04G138900,WGD
Glyma.04G139100,WGD
Glyma.04G139200,WGD
Glyma.04G139400,WGD
Glyma.04G139800,WGD
Glyma.04G140066,WGD
Glyma.04G140900,WGD
Glyma.04G141000,WGD
Glyma.04G141600,WGD
Glyma.04G141900,WGD
Glyma.04G142000,WGD
Glyma.04G142100,WGD
Glyma.04G143200,WGD
Glyma.04G143300,WGD
Glyma.04G144300,WGD
Glyma.04G144500,WGD
Glyma.04G144600,WGD
Glyma.04G144800,WGD
Glyma.04G144900,WGD
Glyma.04G145000,WGD
Glyma.04G145100,WGD
Glyma.04G145200,WGD
Glyma.04G145400,WGD
Glyma.04G145600,WGD
Glyma.04G145700,WGD
Glyma.04G146000,WGD
Glyma.04G146800,WGD
Glyma.04G146900,WGD
Glyma.04G147000,WGD
Glyma.04G147200,WGD
Glyma.04G147500,WGD
Glyma.04G147600,WGD
Glyma.04G147800,WGD
Glyma.04G148000,WGD
Glyma.04G148100,WGD
Glyma.04G148200,WGD
Glyma.04G148300,WGD
Glyma.04G148400,WGD
Glyma.04G148800,WGD
Glyma.04G148900,WGD
Glyma.04G149200,WGD
Glyma.04G149300,WGD
Glyma.04G149800,WGD
Glyma.04G150400,WGD
Glyma.04G150500,WGD
Glyma.04G150900,WGD
Glyma.04G151000,WGD
Glyma.04G151200,WGD
Glyma.04G151500,WGD
Glyma.04G151600,WGD
Glyma.04G151700,WGD
Glyma.04G152100,WGD
Glyma.04G152200,WGD
Glyma.04G152400,WGD
Glyma.04G154100,WGD
Glyma.04G154900,WGD
Glyma.04G155000,WGD
Glyma.04G155300,WGD
Glyma.04G155400,WGD
Glyma.04G155600,WGD
Glyma.04G156100,WGD
Glyma.04G156200,WGD
Glyma.04G156300,WGD
Glyma.04G156702,WGD
Glyma.04G156900,WGD
Glyma.04G157000,WGD
Glyma.04G157900,WGD
Glyma.04G158100,WGD
Glyma.04G158200,WGD
Glyma.04G158400,WGD
Glyma.04G158600,WGD
Glyma.04G158800,WGD
Glyma.04G158900,WGD
Glyma.04G159100,WGD
Glyma.04G159200,WGD
Glyma.04G159300,WGD
Glyma.04G159600,WGD
Glyma.04G159700,WGD
Glyma.04G160000,WGD
Glyma.04G160100,WGD
Glyma.04G160301,WGD
Glyma.04G160700,WGD
Glyma.04G160800,WGD
Glyma.04G160900,WGD
Glyma.04G161000,WGD
Glyma.04G161400,WGD
Glyma.04G161600,WGD
Glyma.04G162100,WGD
Glyma.04G162200,WGD
Glyma.04G162400,WGD
Glyma.04G162600,WGD
Glyma.04G162700,WGD
Glyma.04G162800,WGD
Glyma.04G163100,WGD
Glyma.04G163200,WGD
Glyma.04G163400,WGD
Glyma.04G163600,WGD
Glyma.04G164100,WGD
Glyma.04G164200,WGD
Glyma.04G164300,WGD
Glyma.04G164400,WGD
Glyma.04G164500,WGD
Glyma.04G164700,WGD
Glyma.04G164800,WGD
Glyma.04G165000,WGD
Glyma.04G165100,WGD
Glyma.04G165400,WGD
Glyma.04G165600,WGD
Glyma.04G165700,WGD
Glyma.04G165800,WGD
Glyma.04G165900,WGD
Glyma.04G166100,WGD
Glyma.04G166200,WGD
Glyma.04G166300,WGD
Glyma.04G166600,WGD
Glyma.04G166700,WGD
Glyma.04G166900,WGD
Glyma.04G167200,WGD
Glyma.04G167300,WGD
Glyma.04G167400,WGD
Glyma.04G167500,WGD
Glyma.04G167800,WGD
Glyma.04G167900,WGD
Glyma.04G168300,WGD
Glyma.04G168400,WGD
Glyma.04G168500,WGD
Glyma.04G169000,WGD
Glyma.04G169200,WGD
Glyma.04G169300,WGD
Glyma.04G169400,WGD
Glyma.04G169500,WGD
Glyma.04G169600,WGD
Glyma.04G169900,WGD
Glyma.04G170100,WGD
Glyma.04G170300,WGD
Glyma.04G170400,WGD
Glyma.04G170500,WGD
Glyma.04G170600,WGD
Glyma.04G170700,WGD
Glyma.04G171200,WGD
Glyma.04G171300,WGD
Glyma.04G171400,WGD
Glyma.04G171600,WGD
Glyma.04G171700,WGD
Glyma.04G171800,WGD
Glyma.04G172300,WGD
Glyma.04G172500,WGD
Glyma.04G172800,WGD
Glyma.04G172900,WGD
Glyma.04G173000,WGD
Glyma.04G173100,WGD
Glyma.04G173200,WGD
Glyma.04G173500,WGD
Glyma.04G173900,WGD
Glyma.04G174200,WGD
Glyma.04G174300,WGD
Glyma.04G174400,WGD
Glyma.04G174467,WGD
Glyma.04G174600,WGD
Glyma.04G174700,WGD
Glyma.04G174800,WGD
Glyma.04G175100,WGD
Glyma.04G175300,WGD
Glyma.04G175400,WGD
Glyma.04G175900,WGD
Glyma.04G176200,WGD
Glyma.04G176300,WGD
Glyma.04G176400,WGD
Glyma.04G176500,WGD
Glyma.04G176600,WGD
Glyma.04G176700,WGD
Glyma.04G176800,WGD
Glyma.04G176900,WGD
Glyma.04G177000,WGD
Glyma.04G177100,WGD
Glyma.04G177200,WGD
Glyma.04G177300,WGD
Glyma.04G177600,WGD
Glyma.04G177700,WGD
Glyma.04G177800,WGD
Glyma.04G177900,WGD
Glyma.04G178100,WGD
Glyma.04G178300,WGD
Glyma.04G178400,WGD
Glyma.04G178500,WGD
Glyma.04G178800,WGD
Glyma.04G178900,WGD
Glyma.04G179100,WGD
Glyma.04G179300,WGD
Glyma.04G179400,WGD
Glyma.04G179500,WGD
Glyma.04G179700,WGD
Glyma.04G179800,WGD
Glyma.04G179900,WGD
Glyma.04G180000,WGD
Glyma.04G180100,WGD
Glyma.04G180200,WGD
Glyma.04G180500,WGD
Glyma.04G180800,WGD
Glyma.04G180900,WGD
Glyma.04G181000,WGD
Glyma.04G181066,WGD
Glyma.04G181200,WGD
Glyma.04G181300,WGD
Glyma.04G181500,WGD
Glyma.04G181900,WGD
Glyma.04G182000,WGD
Glyma.04G182100,WGD
Glyma.04G182300,WGD
Glyma.04G182700,WGD
Glyma.04G183300,WGD
Glyma.04G183700,WGD
Glyma.04G184000,WGD
Glyma.04G184200,WGD
Glyma.04G184300,WGD
Glyma.04G184400,WGD
Glyma.04G184500,WGD
Glyma.04G184600,WGD
Glyma.04G185100,WGD
Glyma.04G185300,WGD
Glyma.04G185500,WGD
Glyma.04G185600,WGD
Glyma.04G185700,WGD
Glyma.04G185800,WGD
Glyma.04G185900,WGD
Glyma.04G186000,WGD
Glyma.04G186200,WGD
Glyma.04G186300,WGD
Glyma.04G186400,WGD
Glyma.04G186500,WGD
Glyma.04G186700,WGD
Glyma.04G186800,WGD
Glyma.04G186900,WGD
Glyma.04G187000,WGD
Glyma.04G187300,WGD
Glyma.04G187366,WGD
Glyma.04G187500,WGD
Glyma.04G187600,WGD
Glyma.04G187700,WGD
Glyma.04G187800,WGD
Glyma.04G187900,WGD
Glyma.04G188000,WGD
Glyma.04G188200,WGD
Glyma.04G188400,WGD
Glyma.04G188600,WGD
Glyma.04G188700,WGD
Glyma.04G188800,WGD
Glyma.04G188900,WGD
Glyma.04G189100,WGD
Glyma.04G189300,WGD
Glyma.04G189600,WGD
Glyma.04G189700,WGD
Glyma.04G189900,WGD
Glyma.04G190000,WGD
Glyma.04G190100,WGD
Glyma.04G190200,WGD
Glyma.04G190300,WGD
Glyma.04G190400,WGD
Glyma.04G190500,WGD
Glyma.04G190700,WGD
Glyma.04G190900,WGD
Glyma.04G191100,WGD
Glyma.04G191200,WGD
Glyma.04G191400,WGD
Glyma.04G191500,WGD
Glyma.04G191600,WGD
Glyma.04G191700,WGD
Glyma.04G191800,WGD
Glyma.04G191900,WGD
Glyma.04G192100,WGD
Glyma.04G192300,WGD
Glyma.04G192500,WGD
Glyma.04G192600,WGD
Glyma.04G192800,WGD
Glyma.04G192900,WGD
Glyma.04G193000,WGD
Glyma.04G193300,WGD
Glyma.04G193400,WGD
Glyma.04G193600,WGD
Glyma.04G193700,WGD
Glyma.04G193800,WGD
Glyma.04G193900,WGD
Glyma.04G194000,WGD
Glyma.04G194100,WGD
Glyma.04G194200,WGD
Glyma.04G194400,WGD
Glyma.04G194500,WGD
Glyma.04G194600,WGD
Glyma.04G194700,WGD
Glyma.04G194900,WGD
Glyma.04G195100,WGD
Glyma.04G195200,WGD
Glyma.04G195300,WGD
Glyma.04G195400,WGD
Glyma.04G195500,WGD
Glyma.04G195567,WGD
Glyma.04G195700,WGD
Glyma.04G195900,WGD
Glyma.04G196000,WGD
Glyma.04G196100,WGD
Glyma.04G196200,WGD
Glyma.04G196300,WGD
Glyma.04G196400,WGD
Glyma.04G196500,WGD
Glyma.04G196600,WGD
Glyma.04G196700,WGD
Glyma.04G196800,WGD
Glyma.04G196900,WGD
Glyma.04G197100,WGD
Glyma.04G197300,WGD
Glyma.04G197400,WGD
Glyma.04G197600,WGD
Glyma.04G197700,WGD
Glyma.04G197900,WGD
Glyma.04G198000,WGD
Glyma.04G198100,WGD
Glyma.04G198200,WGD
Glyma.04G198400,WGD
Glyma.04G198500,WGD
Glyma.04G198600,WGD
Glyma.04G198700,WGD
Glyma.04G198900,WGD
Glyma.04G199200,WGD
Glyma.04G199300,WGD
Glyma.04G199400,WGD
Glyma.04G199500,WGD
Glyma.04G199700,WGD
Glyma.04G199900,WGD
Glyma.04G200000,WGD
Glyma.04G200100,WGD
Glyma.04G200200,WGD
Glyma.04G200300,WGD
Glyma.04G200400,WGD
Glyma.04G200500,WGD
Glyma.04G200600,WGD
Glyma.04G200700,WGD
Glyma.04G200800,WGD
Glyma.04G200900,WGD
Glyma.04G201000,WGD
Glyma.04G201200,WGD
Glyma.04G201300,WGD
Glyma.04G201500,WGD
Glyma.04G201700,WGD
Glyma.04G202002,WGD
Glyma.04G202100,WGD
Glyma.04G202200,WGD
Glyma.04G202300,WGD
Glyma.04G202400,WGD
Glyma.04G202500,WGD
Glyma.04G202600,WGD
Glyma.04G202700,WGD
Glyma.04G202800,WGD
Glyma.04G202900,WGD
Glyma.04G203000,WGD
Glyma.04G203100,WGD
Glyma.04G203200,WGD
Glyma.04G203300,WGD
Glyma.04G203400,WGD
Glyma.04G203500,WGD
Glyma.04G203600,WGD
Glyma.04G203650,WGD
Glyma.04G203800,WGD
Glyma.04G204100,WGD
Glyma.04G204400,WGD
Glyma.04G204500,WGD
Glyma.04G204600,WGD
Glyma.04G204700,WGD
Glyma.04G204800,WGD
Glyma.04G205000,WGD
Glyma.04G205100,WGD
Glyma.04G205200,WGD
Glyma.04G205300,WGD
Glyma.04G205400,WGD
Glyma.04G205502,WGD
Glyma.04G205600,WGD
Glyma.04G205800,WGD
Glyma.04G206000,WGD
Glyma.04G206100,WGD
Glyma.04G206300,WGD
Glyma.04G206400,WGD
Glyma.04G206500,WGD
Glyma.04G206551,WGD
Glyma.04G206600,WGD
Glyma.04G206700,WGD
Glyma.04G206800,WGD
Glyma.04G206900,WGD
Glyma.04G207200,WGD
Glyma.04G207300,WGD
Glyma.04G207600,WGD
Glyma.04G207700,WGD
Glyma.04G207800,WGD
Glyma.04G207900,WGD
Glyma.04G208000,WGD
Glyma.04G208100,WGD
Glyma.04G208200,WGD
Glyma.04G208300,WGD
Glyma.04G208450,WGD
Glyma.04G208700,WGD
Glyma.04G209000,WGD
Glyma.04G209100,WGD
Glyma.04G209400,WGD
Glyma.04G209600,WGD
Glyma.04G209700,WGD
Glyma.04G209800,WGD
Glyma.04G209900,WGD
Glyma.04G210000,WGD
Glyma.04G210100,WGD
Glyma.04G210200,WGD
Glyma.04G210500,WGD
Glyma.04G210600,WGD
Glyma.04G210700,WGD
Glyma.04G210900,WGD
Glyma.04G211000,WGD
Glyma.04G211100,WGD
Glyma.04G211200,WGD
Glyma.04G211300,WGD
Glyma.04G211600,WGD
Glyma.04G211800,WGD
Glyma.04G212000,WGD
Glyma.04G212100,WGD
Glyma.04G212200,WGD
Glyma.04G212300,WGD
Glyma.04G212400,WGD
Glyma.04G212502,WGD
Glyma.04G212600,WGD
Glyma.04G212800,WGD
Glyma.04G212900,WGD
Glyma.04G213000,WGD
Glyma.04G213100,WGD
Glyma.04G213200,WGD
Glyma.04G213300,WGD
Glyma.04G213400,WGD
Glyma.04G213600,WGD
Glyma.04G213700,WGD
Glyma.04G213800,WGD
Glyma.04G213900,WGD
Glyma.04G214000,WGD
Glyma.04G214100,WGD
Glyma.04G214200,WGD
Glyma.04G214400,WGD
Glyma.04G214500,WGD
Glyma.04G214600,WGD
Glyma.04G214700,WGD
Glyma.04G214900,WGD
Glyma.04G215100,WGD
Glyma.04G215200,WGD
Glyma.04G215300,WGD
Glyma.04G215400,WGD
Glyma.04G215500,WGD
Glyma.04G215600,WGD
Glyma.04G215800,WGD
Glyma.04G215900,WGD
Glyma.04G216000,WGD
Glyma.04G216100,WGD
Glyma.04G216700,WGD
Glyma.04G216900,WGD
Glyma.04G217000,WGD
Glyma.04G217100,WGD
Glyma.04G217200,WGD
Glyma.04G217300,WGD
Glyma.04G217400,WGD
Glyma.04G217500,WGD
Glyma.04G217600,WGD
Glyma.04G217800,WGD
Glyma.04G217900,WGD
Glyma.04G218000,WGD
Glyma.04G218200,WGD
Glyma.04G218300,WGD
Glyma.04G218400,WGD
Glyma.04G218500,WGD
Glyma.04G218700,WGD
Glyma.04G218800,WGD
Glyma.04G218900,WGD
Glyma.04G219000,WGD
Glyma.04G219100,WGD
Glyma.04G219200,WGD
Glyma.04G219400,WGD
Glyma.04G219500,WGD
Glyma.04G219632,WGD
Glyma.04G219700,WGD
Glyma.04G219900,WGD
Glyma.04G220000,WGD
Glyma.04G220100,WGD
Glyma.04G220200,WGD
Glyma.04G220300,WGD
Glyma.04G220400,WGD
Glyma.04G220500,WGD
Glyma.04G220600,WGD
Glyma.04G220700,WGD
Glyma.04G220800,WGD
Glyma.04G220900,WGD
Glyma.04G221000,WGD
Glyma.04G221100,WGD
Glyma.04G221300,WGD
Glyma.04G221400,WGD
Glyma.04G221450,WGD
Glyma.04G221500,WGD
Glyma.04G221600,WGD
Glyma.04G221700,WGD
Glyma.04G221800,WGD
Glyma.04G221900,WGD
Glyma.04G222000,WGD
Glyma.04G222100,WGD
Glyma.04G222200,WGD
Glyma.04G222300,WGD
Glyma.04G222400,WGD
Glyma.04G222500,WGD
Glyma.04G222600,WGD
Glyma.04G222800,WGD
Glyma.04G222900,WGD
Glyma.04G223000,WGD
Glyma.04G223100,WGD
Glyma.04G223200,WGD
Glyma.04G223300,WGD
Glyma.04G223400,WGD
Glyma.04G223500,WGD
Glyma.04G223600,WGD
Glyma.04G223700,WGD
Glyma.04G223800,WGD
Glyma.04G223900,WGD
Glyma.04G224000,WGD
Glyma.04G224100,WGD
Glyma.04G224200,WGD
Glyma.04G224300,WGD
Glyma.04G224400,WGD
Glyma.04G224500,WGD
Glyma.04G224600,WGD
Glyma.04G224800,WGD
Glyma.04G224900,WGD
Glyma.04G225000,WGD
Glyma.04G225100,WGD
Glyma.04G225400,WGD
Glyma.04G225500,WGD
Glyma.04G225600,WGD
Glyma.04G225700,WGD
Glyma.04G225800,WGD
Glyma.04G225900,WGD
Glyma.04G226100,WGD
Glyma.04G226300,WGD
Glyma.04G226400,WGD
Glyma.04G226500,WGD
Glyma.04G226700,WGD
Glyma.04G226800,WGD
Glyma.04G227000,WGD
Glyma.04G227100,WGD
Glyma.04G227200,WGD
Glyma.04G227300,WGD
Glyma.04G227500,WGD
Glyma.04G227700,WGD
Glyma.04G227900,WGD
Glyma.04G228000,WGD
Glyma.04G228100,WGD
Glyma.04G228200,WGD
Glyma.04G228300,WGD
Glyma.04G228400,WGD
Glyma.04G228600,WGD
Glyma.04G228700,WGD
Glyma.04G228750,WGD
Glyma.04G228800,WGD
Glyma.04G229200,WGD
Glyma.04G229300,WGD
Glyma.04G229400,WGD
Glyma.04G229600,WGD
Glyma.04G229700,WGD
Glyma.04G229800,WGD
Glyma.04G230100,WGD
Glyma.04G230500,WGD
Glyma.04G230600,WGD
Glyma.04G230700,WGD
Glyma.04G230800,WGD
Glyma.04G231000,WGD
Glyma.04G231100,WGD
Glyma.04G231300,WGD
Glyma.04G231400,WGD
Glyma.04G231451,WGD
Glyma.04G231600,WGD
Glyma.04G231700,WGD
Glyma.04G231800,WGD
Glyma.04G231900,WGD
Glyma.04G232000,WGD
Glyma.04G232100,WGD
Glyma.04G232200,WGD
Glyma.04G232300,WGD
Glyma.04G232400,WGD
Glyma.04G232500,WGD
Glyma.04G232600,WGD
Glyma.04G232700,WGD
Glyma.04G232900,WGD
Glyma.04G233000,WGD
Glyma.04G233100,WGD
Glyma.04G233200,WGD
Glyma.04G233300,WGD
Glyma.04G233400,WGD
Glyma.04G233500,WGD
Glyma.04G233600,WGD
Glyma.04G233700,WGD
Glyma.04G233800,WGD
Glyma.04G233900,WGD
Glyma.04G234000,WGD
Glyma.04G234100,WGD
Glyma.04G234200,WGD
Glyma.04G234300,WGD
Glyma.04G234400,WGD
Glyma.04G234500,WGD
Glyma.04G234600,WGD
Glyma.04G234700,WGD
Glyma.04G234800,WGD
Glyma.04G235100,WGD
Glyma.04G235200,WGD
Glyma.04G235400,WGD
Glyma.04G235500,WGD
Glyma.04G235600,WGD
Glyma.04G235700,WGD
Glyma.04G235800,WGD
Glyma.04G235900,WGD
Glyma.04G236000,WGD
Glyma.04G236100,WGD
Glyma.04G236200,WGD
Glyma.04G236300,WGD
Glyma.04G236400,WGD
Glyma.04G236500,WGD
Glyma.04G236600,WGD
Glyma.04G236700,WGD
Glyma.04G236800,WGD
Glyma.04G236900,WGD
Glyma.04G237000,WGD
Glyma.04G237100,WGD
Glyma.04G237200,WGD
Glyma.04G237300,WGD
Glyma.04G237400,WGD
Glyma.04G237500,WGD
Glyma.04G237600,WGD
Glyma.04G237900,WGD
Glyma.04G238000,WGD
Glyma.04G238050,WGD
Glyma.04G238100,WGD
Glyma.04G238200,WGD
Glyma.04G238300,WGD
Glyma.04G238400,WGD
Glyma.04G238500,WGD
Glyma.04G238600,WGD
Glyma.04G238700,WGD
Glyma.04G238800,WGD
Glyma.04G238900,WGD
Glyma.04G239000,WGD
Glyma.04G239200,WGD
Glyma.04G239300,WGD
Glyma.04G239400,WGD
Glyma.04G239500,WGD
Glyma.04G239600,WGD
Glyma.04G239700,WGD
Glyma.04G239800,WGD
Glyma.04G239900,WGD
Glyma.04G239950,WGD
Glyma.04G240000,WGD
Glyma.04G240300,WGD
Glyma.04G240400,WGD
Glyma.04G240500,WGD
Glyma.04G240600,WGD
Glyma.04G240700,WGD
Glyma.04G240800,WGD
Glyma.04G240900,WGD
Glyma.04G241000,WGD
Glyma.04G241400,WGD
Glyma.04G241600,WGD
Glyma.04G241700,WGD
Glyma.04G241800,WGD
Glyma.04G241900,WGD
Glyma.04G242000,WGD
Glyma.04G242100,WGD
Glyma.04G242200,WGD
Glyma.04G242300,WGD
Glyma.04G242400,WGD
Glyma.04G242500,WGD
Glyma.04G242700,WGD
Glyma.04G242800,WGD
Glyma.04G242900,WGD
Glyma.04G243000,WGD
Glyma.04G243100,WGD
Glyma.04G243200,WGD
Glyma.04G243300,WGD
Glyma.04G243500,WGD
Glyma.04G243600,WGD
Glyma.04G243800,WGD
Glyma.04G243900,WGD
Glyma.04G244000,WGD
Glyma.04G244050,WGD
Glyma.04G244100,WGD
Glyma.04G244200,WGD
Glyma.04G244300,WGD
Glyma.04G244400,WGD
Glyma.04G244900,WGD
Glyma.04G245000,WGD
Glyma.04G245100,WGD
Glyma.04G245200,WGD
Glyma.04G245300,WGD
Glyma.04G245400,WGD
Glyma.04G245500,WGD
Glyma.04G245700,WGD
Glyma.04G245800,WGD
Glyma.04G245900,WGD
Glyma.04G246100,WGD
Glyma.04G246200,WGD
Glyma.04G246400,WGD
Glyma.04G246600,WGD
Glyma.04G246800,WGD
Glyma.04G246900,WGD
Glyma.04G247000,WGD
Glyma.04G247200,WGD
Glyma.04G247300,WGD
Glyma.04G247400,WGD
Glyma.04G247500,WGD
Glyma.04G247600,WGD
Glyma.04G247700,WGD
Glyma.04G247800,WGD
Glyma.04G247900,WGD
Glyma.04G248100,WGD
Glyma.04G248300,WGD
Glyma.04G248500,WGD
Glyma.04G248700,WGD
Glyma.04G248900,WGD
Glyma.04G249000,WGD
Glyma.04G249100,WGD
Glyma.04G249200,WGD
Glyma.04G249300,WGD
Glyma.04G249400,WGD
Glyma.04G249500,WGD
Glyma.04G249600,WGD
Glyma.04G249700,WGD
Glyma.04G249900,WGD
Glyma.04G250000,WGD
Glyma.04G250100,WGD
Glyma.04G250200,WGD
Glyma.04G250300,WGD
Glyma.04G250400,WGD
Glyma.04G250500,WGD
Glyma.04G250600,WGD
Glyma.04G250700,WGD
Glyma.04G250900,WGD
Glyma.04G251000,WGD
Glyma.04G251200,WGD
Glyma.04G251300,WGD
Glyma.04G251400,WGD
Glyma.04G251502,WGD
Glyma.04G251700,WGD
Glyma.04G251800,WGD
Glyma.04G251900,WGD
Glyma.04G252050,WGD
Glyma.04G252100,WGD
Glyma.04G252300,WGD
Glyma.04G252400,WGD
Glyma.04G252500,WGD
Glyma.04G252600,WGD
Glyma.04G252700,WGD
Glyma.04G252800,WGD
Glyma.04G252900,WGD
Glyma.04G253000,WGD
Glyma.04G253100,WGD
Glyma.04G253300,WGD
Glyma.04G253400,WGD
Glyma.04G253500,WGD
Glyma.04G253600,WGD
Glyma.04G253700,WGD
Glyma.04G253800,WGD
Glyma.04G253900,WGD
Glyma.04G254000,WGD
Glyma.04G254100,WGD
Glyma.04G254200,WGD
Glyma.04G254300,WGD
Glyma.04G254402,WGD
Glyma.04G254500,WGD
Glyma.04G254600,WGD
Glyma.04G254700,WGD
Glyma.04G254800,WGD
Glyma.04G256100,WGD
Glyma.04G256400,WGD
Glyma.04G256500,WGD
Glyma.04G256600,WGD
Glyma.04G256700,WGD
Glyma.04G256800,WGD
Glyma.04G256900,WGD
Glyma.04G257000,WGD
Glyma.04G257100,WGD
Glyma.05G000300,WGD
Glyma.05G000600,WGD
Glyma.05G000700,WGD
Glyma.05G000800,WGD
Glyma.05G000900,WGD
Glyma.05G001100,WGD
Glyma.05G001200,WGD
Glyma.05G001300,WGD
Glyma.05G001500,WGD
Glyma.05G001600,WGD
Glyma.05G001700,WGD
Glyma.05G001900,WGD
Glyma.05G002000,WGD
Glyma.05G002100,WGD
Glyma.05G002200,WGD
Glyma.05G002250,WGD
Glyma.05G002400,WGD
Glyma.05G002500,WGD
Glyma.05G002600,WGD
Glyma.05G002700,WGD
Glyma.05G002800,WGD
Glyma.05G003000,WGD
Glyma.05G003300,WGD
Glyma.05G003400,WGD
Glyma.05G003900,WGD
Glyma.05G004300,WGD
Glyma.05G004400,WGD
Glyma.05G004500,WGD
Glyma.05G004600,WGD
Glyma.05G004700,WGD
Glyma.05G004800,WGD
Glyma.05G004900,WGD
Glyma.05G005000,WGD
Glyma.05G005100,WGD
Glyma.05G005200,WGD
Glyma.05G005400,WGD
Glyma.05G005500,WGD
Glyma.05G005600,WGD
Glyma.05G005800,WGD
Glyma.05G005900,WGD
Glyma.05G006100,WGD
Glyma.05G006200,WGD
Glyma.05G006300,WGD
Glyma.05G006400,WGD
Glyma.05G006600,WGD
Glyma.05G006700,WGD
Glyma.05G006800,WGD
Glyma.05G007000,WGD
Glyma.05G007100,WGD
Glyma.05G007200,WGD
Glyma.05G007402,WGD
Glyma.05G007700,WGD
Glyma.05G007800,WGD
Glyma.05G008000,WGD
Glyma.05G008100,WGD
Glyma.05G008200,WGD
Glyma.05G008302,WGD
Glyma.05G008400,WGD
Glyma.05G008600,WGD
Glyma.05G008800,WGD
Glyma.05G008900,WGD
Glyma.05G009200,WGD
Glyma.05G009400,WGD
Glyma.05G009500,WGD
Glyma.05G009700,WGD
Glyma.05G009902,WGD
Glyma.05G010000,WGD
Glyma.05G010200,WGD
Glyma.05G010300,WGD
Glyma.05G010500,WGD
Glyma.05G010600,WGD
Glyma.05G010700,WGD
Glyma.05G010800,WGD
Glyma.05G010900,WGD
Glyma.05G011100,WGD
Glyma.05G011200,WGD
Glyma.05G011300,WGD
Glyma.05G011400,WGD
Glyma.05G011500,WGD
Glyma.05G011600,WGD
Glyma.05G011700,WGD
Glyma.05G011800,WGD
Glyma.05G011900,WGD
Glyma.05G012000,WGD
Glyma.05G012200,WGD
Glyma.05G012300,WGD
Glyma.05G012400,WGD
Glyma.05G012500,WGD
Glyma.05G012600,WGD
Glyma.05G012700,WGD
Glyma.05G012850,WGD
Glyma.05G013000,WGD
Glyma.05G013100,WGD
Glyma.05G013200,WGD
Glyma.05G013300,WGD
Glyma.05G013400,WGD
Glyma.05G013500,WGD
Glyma.05G013600,WGD
Glyma.05G013700,WGD
Glyma.05G013800,WGD
Glyma.05G013900,WGD
Glyma.05G014000,WGD
Glyma.05G014100,WGD
Glyma.05G014300,WGD
Glyma.05G014400,WGD
Glyma.05G014600,WGD
Glyma.05G014700,WGD
Glyma.05G014800,WGD
Glyma.05G014900,WGD
Glyma.05G015000,WGD
Glyma.05G015100,WGD
Glyma.05G015200,WGD
Glyma.05G015400,WGD
Glyma.05G015500,WGD
Glyma.05G015600,WGD
Glyma.05G015900,WGD
Glyma.05G016000,WGD
Glyma.05G016100,WGD
Glyma.05G016200,WGD
Glyma.05G016300,WGD
Glyma.05G016400,WGD
Glyma.05G016500,WGD
Glyma.05G016700,WGD
Glyma.05G016900,WGD
Glyma.05G017000,WGD
Glyma.05G017100,WGD
Glyma.05G017200,WGD
Glyma.05G017301,WGD
Glyma.05G017500,WGD
Glyma.05G017600,WGD
Glyma.05G017800,WGD
Glyma.05G017900,WGD
Glyma.05G018000,WGD
Glyma.05G018100,WGD
Glyma.05G018200,WGD
Glyma.05G018400,WGD
Glyma.05G018500,WGD
Glyma.05G018800,WGD
Glyma.05G018900,WGD
Glyma.05G019000,WGD
Glyma.05G019101,WGD
Glyma.05G019200,WGD
Glyma.05G019400,WGD
Glyma.05G019500,WGD
Glyma.05G019600,WGD
Glyma.05G019700,WGD
Glyma.05G019800,WGD
Glyma.05G019900,WGD
Glyma.05G020100,WGD
Glyma.05G020200,WGD
Glyma.05G020400,WGD
Glyma.05G020500,WGD
Glyma.05G020600,WGD
Glyma.05G020700,WGD
Glyma.05G020800,WGD
Glyma.05G020900,WGD
Glyma.05G021000,WGD
Glyma.05G021100,WGD
Glyma.05G021200,WGD
Glyma.05G021300,WGD
Glyma.05G021400,WGD
Glyma.05G021500,WGD
Glyma.05G021700,WGD
Glyma.05G021800,WGD
Glyma.05G022200,WGD
Glyma.05G022300,WGD
Glyma.05G022400,WGD
Glyma.05G022500,WGD
Glyma.05G022600,WGD
Glyma.05G022700,WGD
Glyma.05G022800,WGD
Glyma.05G023000,WGD
Glyma.05G023100,WGD
Glyma.05G023200,WGD
Glyma.05G023300,WGD
Glyma.05G023400,WGD
Glyma.05G023500,WGD
Glyma.05G023601,WGD
Glyma.05G023900,WGD
Glyma.05G024000,WGD
Glyma.05G024300,WGD
Glyma.05G024400,WGD
Glyma.05G024500,WGD
Glyma.05G024600,WGD
Glyma.05G024700,WGD
Glyma.05G024800,WGD
Glyma.05G024902,WGD
Glyma.05G025000,WGD
Glyma.05G025100,WGD
Glyma.05G025200,WGD
Glyma.05G025300,WGD
Glyma.05G025400,WGD
Glyma.05G025500,WGD
Glyma.05G025600,WGD
Glyma.05G025700,WGD
Glyma.05G025900,WGD
Glyma.05G026000,WGD
Glyma.05G026100,WGD
Glyma.05G026200,WGD
Glyma.05G026300,WGD
Glyma.05G026400,WGD
Glyma.05G026500,WGD
Glyma.05G026600,WGD
Glyma.05G026700,WGD
Glyma.05G026801,WGD
Glyma.05G026900,WGD
Glyma.05G027000,WGD
Glyma.05G027100,WGD
Glyma.05G027300,WGD
Glyma.05G027400,WGD
Glyma.05G027600,WGD
Glyma.05G027700,WGD
Glyma.05G028000,WGD
Glyma.05G028200,WGD
Glyma.05G028300,WGD
Glyma.05G028400,WGD
Glyma.05G028500,WGD
Glyma.05G028600,WGD
Glyma.05G028700,WGD
Glyma.05G028800,WGD
Glyma.05G029000,WGD
Glyma.05G029100,WGD
Glyma.05G029300,WGD
Glyma.05G029400,WGD
Glyma.05G029500,WGD
Glyma.05G029700,WGD
Glyma.05G029800,WGD
Glyma.05G029900,WGD
Glyma.05G030000,WGD
Glyma.05G030100,WGD
Glyma.05G030300,WGD
Glyma.05G030400,WGD
Glyma.05G030700,WGD
Glyma.05G030800,WGD
Glyma.05G030900,WGD
Glyma.05G031000,WGD
Glyma.05G031200,WGD
Glyma.05G031300,WGD
Glyma.05G031400,WGD
Glyma.05G031600,WGD
Glyma.05G031700,WGD
Glyma.05G031800,WGD
Glyma.05G031900,WGD
Glyma.05G032000,WGD
Glyma.05G032100,WGD
Glyma.05G032200,WGD
Glyma.05G032300,WGD
Glyma.05G032400,WGD
Glyma.05G032600,WGD
Glyma.05G032700,WGD
Glyma.05G033000,WGD
Glyma.05G033200,WGD
Glyma.05G033301,WGD
Glyma.05G033400,WGD
Glyma.05G033500,WGD
Glyma.05G033600,WGD
Glyma.05G033700,WGD
Glyma.05G033800,WGD
Glyma.05G034500,WGD
Glyma.05G034600,WGD
Glyma.05G034700,WGD
Glyma.05G034800,WGD
Glyma.05G034900,WGD
Glyma.05G035000,WGD
Glyma.05G035100,WGD
Glyma.05G035200,WGD
Glyma.05G035300,WGD
Glyma.05G035366,WGD
Glyma.05G035700,WGD
Glyma.05G035800,WGD
Glyma.05G035900,WGD
Glyma.05G036000,WGD
Glyma.05G036100,WGD
Glyma.05G036200,WGD
Glyma.05G036300,WGD
Glyma.05G036500,WGD
Glyma.05G036600,WGD
Glyma.05G036800,WGD
Glyma.05G037000,WGD
Glyma.05G037100,WGD
Glyma.05G037200,WGD
Glyma.05G037300,WGD
Glyma.05G037400,WGD
Glyma.05G037500,WGD
Glyma.05G037600,WGD
Glyma.05G037700,WGD
Glyma.05G037800,WGD
Glyma.05G037900,WGD
Glyma.05G038000,WGD
Glyma.05G038100,WGD
Glyma.05G038300,WGD
Glyma.05G038400,WGD
Glyma.05G038500,WGD
Glyma.05G038600,WGD
Glyma.05G038700,WGD
Glyma.05G038800,WGD
Glyma.05G038900,WGD
Glyma.05G039100,WGD
Glyma.05G039200,WGD
Glyma.05G039400,WGD
Glyma.05G039500,WGD
Glyma.05G039550,WGD
Glyma.05G039800,WGD
Glyma.05G039900,WGD
Glyma.05G040000,WGD
Glyma.05G040100,WGD
Glyma.05G040200,WGD
Glyma.05G040300,WGD
Glyma.05G040400,WGD
Glyma.05G040500,WGD
Glyma.05G040600,WGD
Glyma.05G040700,WGD
Glyma.05G040800,WGD
Glyma.05G040900,WGD
Glyma.05G041000,WGD
Glyma.05G041100,WGD
Glyma.05G041202,WGD
Glyma.05G041300,WGD
Glyma.05G041400,WGD
Glyma.05G041500,WGD
Glyma.05G041600,WGD
Glyma.05G041700,WGD
Glyma.05G041800,WGD
Glyma.05G041900,WGD
Glyma.05G042000,WGD
Glyma.05G042100,WGD
Glyma.05G042200,WGD
Glyma.05G042300,WGD
Glyma.05G042400,WGD
Glyma.05G042500,WGD
Glyma.05G042700,WGD
Glyma.05G042800,WGD
Glyma.05G043000,WGD
Glyma.05G043200,WGD
Glyma.05G043300,WGD
Glyma.05G043400,WGD
Glyma.05G043500,WGD
Glyma.05G043600,WGD
Glyma.05G043700,WGD
Glyma.05G043800,WGD
Glyma.05G043900,WGD
Glyma.05G044000,WGD
Glyma.05G044100,WGD
Glyma.05G044200,WGD
Glyma.05G044300,WGD
Glyma.05G044400,WGD
Glyma.05G044600,WGD
Glyma.05G045000,WGD
Glyma.05G045100,WGD
Glyma.05G045200,WGD
Glyma.05G045300,WGD
Glyma.05G045400,WGD
Glyma.05G045500,WGD
Glyma.05G045600,WGD
Glyma.05G045700,WGD
Glyma.05G045800,WGD
Glyma.05G045851,WGD
Glyma.05G046000,WGD
Glyma.05G046100,WGD
Glyma.05G046400,WGD
Glyma.05G046700,WGD
Glyma.05G047000,WGD
Glyma.05G047300,WGD
Glyma.05G047400,WGD
Glyma.05G047500,WGD
Glyma.05G047600,WGD
Glyma.05G047700,WGD
Glyma.05G047800,WGD
Glyma.05G047900,WGD
Glyma.05G048000,WGD
Glyma.05G048200,WGD
Glyma.05G048500,WGD
Glyma.05G048600,WGD
Glyma.05G048700,WGD
Glyma.05G048800,WGD
Glyma.05G048900,WGD
Glyma.05G049000,WGD
Glyma.05G049100,WGD
Glyma.05G049200,WGD
Glyma.05G049300,WGD
Glyma.05G049400,WGD
Glyma.05G049500,WGD
Glyma.05G049600,WGD
Glyma.05G049700,WGD
Glyma.05G049800,WGD
Glyma.05G049900,WGD
Glyma.05G050000,WGD
Glyma.05G050100,WGD
Glyma.05G050200,WGD
Glyma.05G050400,WGD
Glyma.05G050500,WGD
Glyma.05G050600,WGD
Glyma.05G050700,WGD
Glyma.05G051100,WGD
Glyma.05G051200,WGD
Glyma.05G051300,WGD
Glyma.05G051400,WGD
Glyma.05G051600,WGD
Glyma.05G051700,WGD
Glyma.05G051900,WGD
Glyma.05G052100,WGD
Glyma.05G052200,WGD
Glyma.05G052700,WGD
Glyma.05G052800,WGD
Glyma.05G052900,WGD
Glyma.05G053000,WGD
Glyma.05G053100,WGD
Glyma.05G053200,WGD
Glyma.05G053300,WGD
Glyma.05G053400,WGD
Glyma.05G053500,WGD
Glyma.05G053600,WGD
Glyma.05G053800,WGD
Glyma.05G053900,WGD
Glyma.05G054000,WGD
Glyma.05G054100,WGD
Glyma.05G054200,WGD
Glyma.05G054300,WGD
Glyma.05G054400,WGD
Glyma.05G054500,WGD
Glyma.05G054600,WGD
Glyma.05G054700,WGD
Glyma.05G055100,WGD
Glyma.05G055200,WGD
Glyma.05G055500,WGD
Glyma.05G055600,WGD
Glyma.05G055700,WGD
Glyma.05G055900,WGD
Glyma.05G056000,WGD
Glyma.05G056100,WGD
Glyma.05G056300,WGD
Glyma.05G056400,WGD
Glyma.05G056500,WGD
Glyma.05G056600,WGD
Glyma.05G056700,WGD
Glyma.05G056800,WGD
Glyma.05G056900,WGD
Glyma.05G057000,WGD
Glyma.05G057100,WGD
Glyma.05G057300,WGD
Glyma.05G057600,WGD
Glyma.05G057700,WGD
Glyma.05G058000,WGD
Glyma.05G058100,WGD
Glyma.05G058300,WGD
Glyma.05G058400,WGD
Glyma.05G058600,WGD
Glyma.05G058700,WGD
Glyma.05G058900,WGD
Glyma.05G059000,WGD
Glyma.05G059100,WGD
Glyma.05G059200,WGD
Glyma.05G059300,WGD
Glyma.05G059400,WGD
Glyma.05G059500,WGD
Glyma.05G059800,WGD
Glyma.05G059900,WGD
Glyma.05G060100,WGD
Glyma.05G060200,WGD
Glyma.05G060300,WGD
Glyma.05G060400,WGD
Glyma.05G060500,WGD
Glyma.05G060600,WGD
Glyma.05G061300,WGD
Glyma.05G061400,WGD
Glyma.05G061500,WGD
Glyma.05G061700,WGD
Glyma.05G061900,WGD
Glyma.05G062000,WGD
Glyma.05G062100,WGD
Glyma.05G062200,WGD
Glyma.05G062300,WGD
Glyma.05G062400,WGD
Glyma.05G062500,WGD
Glyma.05G062700,WGD
Glyma.05G062801,WGD
Glyma.05G062900,WGD
Glyma.05G063000,WGD
Glyma.05G063100,WGD
Glyma.05G063500,WGD
Glyma.05G063600,WGD
Glyma.05G063800,WGD
Glyma.05G063900,WGD
Glyma.05G064200,WGD
Glyma.05G064300,WGD
Glyma.05G064500,WGD
Glyma.05G064600,WGD
Glyma.05G064700,WGD
Glyma.05G064800,WGD
Glyma.05G065100,WGD
Glyma.05G065200,WGD
Glyma.05G065300,WGD
Glyma.05G065700,WGD
Glyma.05G065900,WGD
Glyma.05G066100,WGD
Glyma.05G066200,WGD
Glyma.05G066300,WGD
Glyma.05G066500,WGD
Glyma.05G066600,WGD
Glyma.05G066700,WGD
Glyma.05G066800,WGD
Glyma.05G066900,WGD
Glyma.05G067100,WGD
Glyma.05G067200,WGD
Glyma.05G067400,WGD
Glyma.05G067700,WGD
Glyma.05G067800,WGD
Glyma.05G067900,WGD
Glyma.05G068000,WGD
Glyma.05G068200,WGD
Glyma.05G068400,WGD
Glyma.05G068500,WGD
Glyma.05G068600,WGD
Glyma.05G068700,WGD
Glyma.05G068800,WGD
Glyma.05G068900,WGD
Glyma.05G069100,WGD
Glyma.05G069150,WGD
Glyma.05G069400,WGD
Glyma.05G070000,WGD
Glyma.05G070200,WGD
Glyma.05G070266,WGD
Glyma.05G070400,WGD
Glyma.05G070500,WGD
Glyma.05G070600,WGD
Glyma.05G070700,WGD
Glyma.05G072200,WGD
Glyma.05G072300,WGD
Glyma.05G072600,WGD
Glyma.05G073100,WGD
Glyma.05G073200,WGD
Glyma.05G073300,WGD
Glyma.05G073400,WGD
Glyma.05G073500,WGD
Glyma.05G073700,WGD
Glyma.05G073800,WGD
Glyma.05G073901,WGD
Glyma.05G074200,WGD
Glyma.05G074400,WGD
Glyma.05G074800,WGD
Glyma.05G075000,WGD
Glyma.05G075100,WGD
Glyma.05G075400,WGD
Glyma.05G075600,WGD
Glyma.05G075800,WGD
Glyma.05G075900,WGD
Glyma.05G076300,WGD
Glyma.05G076400,WGD
Glyma.05G076700,WGD
Glyma.05G076900,WGD
Glyma.05G077100,WGD
Glyma.05G077200,WGD
Glyma.05G077700,WGD
Glyma.05G077800,WGD
Glyma.05G077900,WGD
Glyma.05G078000,WGD
Glyma.05G078300,WGD
Glyma.05G079000,WGD
Glyma.05G079100,WGD
Glyma.05G079400,WGD
Glyma.05G079800,WGD
Glyma.05G080200,WGD
Glyma.05G080800,WGD
Glyma.05G080900,WGD
Glyma.05G081300,WGD
Glyma.05G081400,WGD
Glyma.05G081600,WGD
Glyma.05G081700,WGD
Glyma.05G081900,WGD
Glyma.05G082200,WGD
Glyma.05G082400,WGD
Glyma.05G082500,WGD
Glyma.05G082700,WGD
Glyma.05G083000,WGD
Glyma.05G083700,WGD
Glyma.05G083800,WGD
Glyma.05G083900,WGD
Glyma.05G084000,WGD
Glyma.05G084100,WGD
Glyma.05G084200,WGD
Glyma.05G084300,WGD
Glyma.05G085000,WGD
Glyma.05G085200,WGD
Glyma.05G085700,WGD
Glyma.05G088000,WGD
Glyma.05G088800,WGD
Glyma.05G088850,WGD
Glyma.05G089000,WGD
Glyma.05G089050,WGD
Glyma.05G089300,WGD
Glyma.05G089900,WGD
Glyma.05G090100,WGD
Glyma.05G090400,WGD
Glyma.05G090500,WGD
Glyma.05G090600,WGD
Glyma.05G090900,WGD
Glyma.05G091100,WGD
Glyma.05G091200,WGD
Glyma.05G091800,WGD
Glyma.05G092400,WGD
Glyma.05G092800,WGD
Glyma.05G093000,WGD
Glyma.05G093201,WGD
Glyma.05G094000,WGD
Glyma.05G094300,WGD
Glyma.05G094400,WGD
Glyma.05G094900,WGD
Glyma.05G095500,WGD
Glyma.05G095666,WGD
Glyma.05G095800,WGD
Glyma.05G095900,WGD
Glyma.05G096000,WGD
Glyma.05G096300,WGD
Glyma.05G096500,WGD
Glyma.05G096602,WGD
Glyma.05G096800,WGD
Glyma.05G096900,WGD
Glyma.05G097100,WGD
Glyma.05G097300,WGD
Glyma.05G097400,WGD
Glyma.05G097800,WGD
Glyma.05G098200,WGD
Glyma.05G098700,WGD
Glyma.05G098800,WGD
Glyma.05G099000,WGD
Glyma.05G099500,WGD
Glyma.05G099700,WGD
Glyma.05G099900,WGD
Glyma.05G100400,WGD
Glyma.05G100500,WGD
Glyma.05G100900,WGD
Glyma.05G101300,WGD
Glyma.05G101700,WGD
Glyma.05G101800,WGD
Glyma.05G101900,WGD
Glyma.05G102000,WGD
Glyma.05G102100,WGD
Glyma.05G102300,WGD
Glyma.05G102400,WGD
Glyma.05G102800,WGD
Glyma.05G103000,WGD
Glyma.05G103100,WGD
Glyma.05G103200,WGD
Glyma.05G103300,WGD
Glyma.05G103400,WGD
Glyma.05G103500,WGD
Glyma.05G103600,WGD
Glyma.05G103900,WGD
Glyma.05G104000,WGD
Glyma.05G104100,WGD
Glyma.05G104200,WGD
Glyma.05G104300,WGD
Glyma.05G104400,WGD
Glyma.05G104800,WGD
Glyma.05G104900,WGD
Glyma.05G105100,WGD
Glyma.05G105200,WGD
Glyma.05G105300,WGD
Glyma.05G105400,WGD
Glyma.05G105500,WGD
Glyma.05G105600,WGD
Glyma.05G105700,WGD
Glyma.05G105800,WGD
Glyma.05G105867,WGD
Glyma.05G106000,WGD
Glyma.05G106100,WGD
Glyma.05G106700,WGD
Glyma.05G106800,WGD
Glyma.05G106900,WGD
Glyma.05G107000,WGD
Glyma.05G107300,WGD
Glyma.05G107500,WGD
Glyma.05G107600,WGD
Glyma.05G107700,WGD
Glyma.05G107800,WGD
Glyma.05G108200,WGD
Glyma.05G108400,WGD
Glyma.05G108600,WGD
Glyma.05G108800,WGD
Glyma.05G108900,WGD
Glyma.05G109200,WGD
Glyma.05G109300,WGD
Glyma.05G109366,WGD
Glyma.05G109500,WGD
Glyma.05G109600,WGD
Glyma.05G109800,WGD
Glyma.05G109900,WGD
Glyma.05G110000,WGD
Glyma.05G110100,WGD
Glyma.05G110200,WGD
Glyma.05G110400,WGD
Glyma.05G110500,WGD
Glyma.05G110600,WGD
Glyma.05G110700,WGD
Glyma.05G110900,WGD
Glyma.05G111001,WGD
Glyma.05G111200,WGD
Glyma.05G111400,WGD
Glyma.05G111500,WGD
Glyma.05G111700,WGD
Glyma.05G111800,WGD
Glyma.05G111900,WGD
Glyma.05G112000,WGD
Glyma.05G112100,WGD
Glyma.05G112200,WGD
Glyma.05G112400,WGD
Glyma.05G112600,WGD
Glyma.05G112700,WGD
Glyma.05G112900,WGD
Glyma.05G113000,WGD
Glyma.05G113300,WGD
Glyma.05G113400,WGD
Glyma.05G113600,WGD
Glyma.05G113700,WGD
Glyma.05G114000,WGD
Glyma.05G114350,WGD
Glyma.05G114500,WGD
Glyma.05G114700,WGD
Glyma.05G114800,WGD
Glyma.05G114900,WGD
Glyma.05G115000,WGD
Glyma.05G115100,WGD
Glyma.05G115200,WGD
Glyma.05G115500,WGD
Glyma.05G115700,WGD
Glyma.05G116300,WGD
Glyma.05G116700,WGD
Glyma.05G116800,WGD
Glyma.05G116900,WGD
Glyma.05G117000,WGD
Glyma.05G117167,WGD
Glyma.05G117300,WGD
Glyma.05G117500,WGD
Glyma.05G117600,WGD
Glyma.05G117801,WGD
Glyma.05G117900,WGD
Glyma.05G118100,WGD
Glyma.05G118200,WGD
Glyma.05G118300,WGD
Glyma.05G118400,WGD
Glyma.05G118500,WGD
Glyma.05G118600,WGD
Glyma.05G118700,WGD
Glyma.05G118800,WGD
Glyma.05G118900,WGD
Glyma.05G119000,WGD
Glyma.05G119100,WGD
Glyma.05G119200,WGD
Glyma.05G119300,WGD
Glyma.05G119400,WGD
Glyma.05G119500,WGD
Glyma.05G119900,WGD
Glyma.05G120100,WGD
Glyma.05G120200,WGD
Glyma.05G120400,WGD
Glyma.05G120500,WGD
Glyma.05G120600,WGD
Glyma.05G120800,WGD
Glyma.05G121000,WGD
Glyma.05G121100,WGD
Glyma.05G121300,WGD
Glyma.05G121700,WGD
Glyma.05G121800,WGD
Glyma.05G122100,WGD
Glyma.05G122200,WGD
Glyma.05G122300,WGD
Glyma.05G122400,WGD
Glyma.05G122467,WGD
Glyma.05G122600,WGD
Glyma.05G122700,WGD
Glyma.05G122800,WGD
Glyma.05G122900,WGD
Glyma.05G123200,WGD
Glyma.05G123300,WGD
Glyma.05G123400,WGD
Glyma.05G123500,WGD
Glyma.05G123600,WGD
Glyma.05G123700,WGD
Glyma.05G124100,WGD
Glyma.05G124200,WGD
Glyma.05G124300,WGD
Glyma.05G124500,WGD
Glyma.05G124800,WGD
Glyma.05G125200,WGD
Glyma.05G125500,WGD
Glyma.05G125600,WGD
Glyma.05G125800,WGD
Glyma.05G126000,WGD
Glyma.05G126100,WGD
Glyma.05G126200,WGD
Glyma.05G126500,WGD
Glyma.05G126600,WGD
Glyma.05G126700,WGD
Glyma.05G126800,WGD
Glyma.05G126900,WGD
Glyma.05G127200,WGD
Glyma.05G127300,WGD
Glyma.05G127400,WGD
Glyma.05G127500,WGD
Glyma.05G127600,WGD
Glyma.05G127700,WGD
Glyma.05G127800,WGD
Glyma.05G127900,WGD
Glyma.05G128000,WGD
Glyma.05G128200,WGD
Glyma.05G128900,WGD
Glyma.05G129100,WGD
Glyma.05G129200,WGD
Glyma.05G129300,WGD
Glyma.05G129400,WGD
Glyma.05G129500,WGD
Glyma.05G129600,WGD
Glyma.05G129700,WGD
Glyma.05G129800,WGD
Glyma.05G129900,WGD
Glyma.05G130100,WGD
Glyma.05G130200,WGD
Glyma.05G130400,WGD
Glyma.05G130500,WGD
Glyma.05G130600,WGD
Glyma.05G130700,WGD
Glyma.05G130900,WGD
Glyma.05G131100,WGD
Glyma.05G131200,WGD
Glyma.05G131400,WGD
Glyma.05G131500,WGD
Glyma.05G131701,WGD
Glyma.05G131800,WGD
Glyma.05G131866,WGD
Glyma.05G132000,WGD
Glyma.05G132100,WGD
Glyma.05G132200,WGD
Glyma.05G132300,WGD
Glyma.05G132500,WGD
Glyma.05G132600,WGD
Glyma.05G132800,WGD
Glyma.05G132900,WGD
Glyma.05G133000,WGD
Glyma.05G133100,WGD
Glyma.05G133200,WGD
Glyma.05G133302,WGD
Glyma.05G133400,WGD
Glyma.05G133466,WGD
Glyma.05G133600,WGD
Glyma.05G133700,WGD
Glyma.05G133800,WGD
Glyma.05G133850,WGD
Glyma.05G133900,WGD
Glyma.05G134000,WGD
Glyma.05G134100,WGD
Glyma.05G134300,WGD
Glyma.05G134400,WGD
Glyma.05G134500,WGD
Glyma.05G134700,WGD
Glyma.05G134800,WGD
Glyma.05G134900,WGD
Glyma.05G135000,WGD
Glyma.05G135100,WGD
Glyma.05G135200,WGD
Glyma.05G135400,WGD
Glyma.05G135601,WGD
Glyma.05G135700,WGD
Glyma.05G135800,WGD
Glyma.05G135900,WGD
Glyma.05G136100,WGD
Glyma.05G136200,WGD
Glyma.05G136500,WGD
Glyma.05G136600,WGD
Glyma.05G136800,WGD
Glyma.05G136900,WGD
Glyma.05G137000,WGD
Glyma.05G137100,WGD
Glyma.05G137200,WGD
Glyma.05G137300,WGD
Glyma.05G137400,WGD
Glyma.05G137500,WGD
Glyma.05G137900,WGD
Glyma.05G138000,WGD
Glyma.05G138100,WGD
Glyma.05G138267,WGD
Glyma.05G138500,WGD
Glyma.05G138600,WGD
Glyma.05G138700,WGD
Glyma.05G138800,WGD
Glyma.05G138900,WGD
Glyma.05G139000,WGD
Glyma.05G139150,WGD
Glyma.05G139200,WGD
Glyma.05G139300,WGD
Glyma.05G139400,WGD
Glyma.05G139500,WGD
Glyma.05G139600,WGD
Glyma.05G139700,WGD
Glyma.05G139800,WGD
Glyma.05G139900,WGD
Glyma.05G140000,WGD
Glyma.05G140200,WGD
Glyma.05G140300,WGD
Glyma.05G140400,WGD
Glyma.05G140600,WGD
Glyma.05G140700,WGD
Glyma.05G140800,WGD
Glyma.05G140900,WGD
Glyma.05G141000,WGD
Glyma.05G141200,WGD
Glyma.05G141300,WGD
Glyma.05G141600,WGD
Glyma.05G141700,WGD
Glyma.05G141800,WGD
Glyma.05G141900,WGD
Glyma.05G142000,WGD
Glyma.05G142101,WGD
Glyma.05G142300,WGD
Glyma.05G142400,WGD
Glyma.05G142600,WGD
Glyma.05G142800,WGD
Glyma.05G142900,WGD
Glyma.05G143000,WGD
Glyma.05G143100,WGD
Glyma.05G143200,WGD
Glyma.05G143300,WGD
Glyma.05G143400,WGD
Glyma.05G143500,WGD
Glyma.05G143800,WGD
Glyma.05G143900,WGD
Glyma.05G144000,WGD
Glyma.05G144200,WGD
Glyma.05G144300,WGD
Glyma.05G144400,WGD
Glyma.05G144500,WGD
Glyma.05G144602,WGD
Glyma.05G144700,WGD
Glyma.05G144800,WGD
Glyma.05G144902,WGD
Glyma.05G145000,WGD
Glyma.05G145200,WGD
Glyma.05G145300,WGD
Glyma.05G145400,WGD
Glyma.05G145500,WGD
Glyma.05G145600,WGD
Glyma.05G145700,WGD
Glyma.05G145800,WGD
Glyma.05G145900,WGD
Glyma.05G146000,WGD
Glyma.05G146300,WGD
Glyma.05G146400,WGD
Glyma.05G146600,WGD
Glyma.05G146700,WGD
Glyma.05G146800,WGD
Glyma.05G146900,WGD
Glyma.05G147000,WGD
Glyma.05G147100,WGD
Glyma.05G147200,WGD
Glyma.05G147302,WGD
Glyma.05G147400,WGD
Glyma.05G147600,WGD
Glyma.05G147700,WGD
Glyma.05G147800,WGD
Glyma.05G147900,WGD
Glyma.05G148100,WGD
Glyma.05G148200,WGD
Glyma.05G148300,WGD
Glyma.05G148400,WGD
Glyma.05G148500,WGD
Glyma.05G148600,WGD
Glyma.05G148700,WGD
Glyma.05G148800,WGD
Glyma.05G148900,WGD
Glyma.05G149000,WGD
Glyma.05G149100,WGD
Glyma.05G149200,WGD
Glyma.05G149300,WGD
Glyma.05G149500,WGD
Glyma.05G149600,WGD
Glyma.05G149700,WGD
Glyma.05G149800,WGD
Glyma.05G149900,WGD
Glyma.05G149951,WGD
Glyma.05G150000,WGD
Glyma.05G150100,WGD
Glyma.05G150200,WGD
Glyma.05G150300,WGD
Glyma.05G150400,WGD
Glyma.05G150500,WGD
Glyma.05G150600,WGD
Glyma.05G150800,WGD
Glyma.05G151100,WGD
Glyma.05G151200,WGD
Glyma.05G151300,WGD
Glyma.05G151400,WGD
Glyma.05G151500,WGD
Glyma.05G151800,WGD
Glyma.05G151900,WGD
Glyma.05G152000,WGD
Glyma.05G152100,WGD
Glyma.05G152200,WGD
Glyma.05G152300,WGD
Glyma.05G152400,WGD
Glyma.05G152500,WGD
Glyma.05G152600,WGD
Glyma.05G152700,WGD
Glyma.05G152800,WGD
Glyma.05G152900,WGD
Glyma.05G153000,WGD
Glyma.05G153200,WGD
Glyma.05G153400,WGD
Glyma.05G153700,WGD
Glyma.05G153800,WGD
Glyma.05G153900,WGD
Glyma.05G154000,WGD
Glyma.05G154100,WGD
Glyma.05G154200,WGD
Glyma.05G154300,WGD
Glyma.05G154600,WGD
Glyma.05G154700,WGD
Glyma.05G154900,WGD
Glyma.05G155000,WGD
Glyma.05G155100,WGD
Glyma.05G155200,WGD
Glyma.05G155300,WGD
Glyma.05G155400,WGD
Glyma.05G155500,WGD
Glyma.05G155700,WGD
Glyma.05G155800,WGD
Glyma.05G155900,WGD
Glyma.05G156000,WGD
Glyma.05G156100,WGD
Glyma.05G156200,WGD
Glyma.05G156300,WGD
Glyma.05G156400,WGD
Glyma.05G156500,WGD
Glyma.05G156600,WGD
Glyma.05G156800,WGD
Glyma.05G156900,WGD
Glyma.05G157200,WGD
Glyma.05G157600,WGD
Glyma.05G157700,WGD
Glyma.05G157800,WGD
Glyma.05G158000,WGD
Glyma.05G158100,WGD
Glyma.05G158200,WGD
Glyma.05G158300,WGD
Glyma.05G158500,WGD
Glyma.05G158566,WGD
Glyma.05G158700,WGD
Glyma.05G158800,WGD
Glyma.05G158900,WGD
Glyma.05G159000,WGD
Glyma.05G159100,WGD
Glyma.05G159200,WGD
Glyma.05G159400,WGD
Glyma.05G159600,WGD
Glyma.05G159700,WGD
Glyma.05G159966,WGD
Glyma.05G160032,WGD
Glyma.05G160100,WGD
Glyma.05G160200,WGD
Glyma.05G160301,WGD
Glyma.05G160500,WGD
Glyma.05G160700,WGD
Glyma.05G160800,WGD
Glyma.05G160900,WGD
Glyma.05G161000,WGD
Glyma.05G161100,WGD
Glyma.05G161200,WGD
Glyma.05G161300,WGD
Glyma.05G161700,WGD
Glyma.05G161900,WGD
Glyma.05G162000,WGD
Glyma.05G162100,WGD
Glyma.05G162200,WGD
Glyma.05G162300,WGD
Glyma.05G162400,WGD
Glyma.05G162500,WGD
Glyma.05G162700,WGD
Glyma.05G162800,WGD
Glyma.05G162900,WGD
Glyma.05G163000,WGD
Glyma.05G163200,WGD
Glyma.05G163300,WGD
Glyma.05G163400,WGD
Glyma.05G163600,WGD
Glyma.05G163700,WGD
Glyma.05G163800,WGD
Glyma.05G163900,WGD
Glyma.05G164100,WGD
Glyma.05G164200,WGD
Glyma.05G164300,WGD
Glyma.05G164400,WGD
Glyma.05G164500,WGD
Glyma.05G164550,WGD
Glyma.05G164600,WGD
Glyma.05G165100,WGD
Glyma.05G165200,WGD
Glyma.05G165300,WGD
Glyma.05G165400,WGD
Glyma.05G165451,WGD
Glyma.05G165500,WGD
Glyma.05G165600,WGD
Glyma.05G165700,WGD
Glyma.05G165800,WGD
Glyma.05G165900,WGD
Glyma.05G166000,WGD
Glyma.05G166100,WGD
Glyma.05G166300,WGD
Glyma.05G166400,WGD
Glyma.05G166500,WGD
Glyma.05G166600,WGD
Glyma.05G166700,WGD
Glyma.05G166800,WGD
Glyma.05G166900,WGD
Glyma.05G167100,WGD
Glyma.05G167200,WGD
Glyma.05G167300,WGD
Glyma.05G167600,WGD
Glyma.05G167700,WGD
Glyma.05G167800,WGD
Glyma.05G167900,WGD
Glyma.05G168000,WGD
Glyma.05G168100,WGD
Glyma.05G168200,WGD
Glyma.05G168300,WGD
Glyma.05G168400,WGD
Glyma.05G168500,WGD
Glyma.05G168600,WGD
Glyma.05G168802,WGD
Glyma.05G168900,WGD
Glyma.05G169100,WGD
Glyma.05G169400,WGD
Glyma.05G169500,WGD
Glyma.05G169600,WGD
Glyma.05G169700,WGD
Glyma.05G169900,WGD
Glyma.05G170000,WGD
Glyma.05G170100,WGD
Glyma.05G170200,WGD
Glyma.05G170300,WGD
Glyma.05G170400,WGD
Glyma.05G170500,WGD
Glyma.05G170600,WGD
Glyma.05G171033,WGD
Glyma.05G172200,WGD
Glyma.05G172300,WGD
Glyma.05G172400,WGD
Glyma.05G173100,WGD
Glyma.05G173232,WGD
Glyma.05G173300,WGD
Glyma.05G173500,WGD
Glyma.05G173600,WGD
Glyma.05G173700,WGD
Glyma.05G174000,WGD
Glyma.05G174100,WGD
Glyma.05G174200,WGD
Glyma.05G174400,WGD
Glyma.05G174600,WGD
Glyma.05G174700,WGD
Glyma.05G174800,WGD
Glyma.05G174900,WGD
Glyma.05G175000,WGD
Glyma.05G175100,WGD
Glyma.05G175200,WGD
Glyma.05G175300,WGD
Glyma.05G175400,WGD
Glyma.05G175500,WGD
Glyma.05G175600,WGD
Glyma.05G175800,WGD
Glyma.05G175851,WGD
Glyma.05G175900,WGD
Glyma.05G176033,WGD
Glyma.05G176100,WGD
Glyma.05G176167,WGD
Glyma.05G176233,WGD
Glyma.05G176300,WGD
Glyma.05G176400,WGD
Glyma.05G176600,WGD
Glyma.05G176700,WGD
Glyma.05G176900,WGD
Glyma.05G177000,WGD
Glyma.05G177100,WGD
Glyma.05G177400,WGD
Glyma.05G177500,WGD
Glyma.05G177700,WGD
Glyma.05G177800,WGD
Glyma.05G178000,WGD
Glyma.05G178100,WGD
Glyma.05G178200,WGD
Glyma.05G178300,WGD
Glyma.05G178500,WGD
Glyma.05G178600,WGD
Glyma.05G178700,WGD
Glyma.05G178800,WGD
Glyma.05G178900,WGD
Glyma.05G179000,WGD
Glyma.05G179100,WGD
Glyma.05G179200,WGD
Glyma.05G179300,WGD
Glyma.05G179402,WGD
Glyma.05G179500,WGD
Glyma.05G179700,WGD
Glyma.05G179800,WGD
Glyma.05G179900,WGD
Glyma.05G180000,WGD
Glyma.05G180200,WGD
Glyma.05G180300,WGD
Glyma.05G180400,WGD
Glyma.05G180500,WGD
Glyma.05G180600,WGD
Glyma.05G180700,WGD
Glyma.05G180800,WGD
Glyma.05G180900,WGD
Glyma.05G181000,WGD
Glyma.05G181300,WGD
Glyma.05G181401,WGD
Glyma.05G181500,WGD
Glyma.05G181600,WGD
Glyma.05G181700,WGD
Glyma.05G181800,WGD
Glyma.05G181900,WGD
Glyma.05G182000,WGD
Glyma.05G182100,WGD
Glyma.05G182200,WGD
Glyma.05G182500,WGD
Glyma.05G182600,WGD
Glyma.05G182700,WGD
Glyma.05G182800,WGD
Glyma.05G182900,WGD
Glyma.05G183100,WGD
Glyma.05G183200,WGD
Glyma.05G183300,WGD
Glyma.05G183400,WGD
Glyma.05G183500,WGD
Glyma.05G183600,WGD
Glyma.05G183700,WGD
Glyma.05G183900,WGD
Glyma.05G184000,WGD
Glyma.05G184200,WGD
Glyma.05G184400,WGD
Glyma.05G184500,WGD
Glyma.05G184600,WGD
Glyma.05G184700,WGD
Glyma.05G184800,WGD
Glyma.05G184900,WGD
Glyma.05G185000,WGD
Glyma.05G185100,WGD
Glyma.05G185200,WGD
Glyma.05G185300,WGD
Glyma.05G185400,WGD
Glyma.05G185500,WGD
Glyma.05G185600,WGD
Glyma.05G185700,WGD
Glyma.05G185900,WGD
Glyma.05G186000,WGD
Glyma.05G186100,WGD
Glyma.05G186200,WGD
Glyma.05G186300,WGD
Glyma.05G186500,WGD
Glyma.05G186600,WGD
Glyma.05G186700,WGD
Glyma.05G186900,WGD
Glyma.05G187000,WGD
Glyma.05G187200,WGD
Glyma.05G187300,WGD
Glyma.05G187400,WGD
Glyma.05G187500,WGD
Glyma.05G187700,WGD
Glyma.05G187800,WGD
Glyma.05G187900,WGD
Glyma.05G188000,WGD
Glyma.05G188200,WGD
Glyma.05G188300,WGD
Glyma.05G188500,WGD
Glyma.05G188800,WGD
Glyma.05G188900,WGD
Glyma.05G189000,WGD
Glyma.05G189100,WGD
Glyma.05G189400,WGD
Glyma.05G189500,WGD
Glyma.05G189600,WGD
Glyma.05G189800,WGD
Glyma.05G189900,WGD
Glyma.05G190000,WGD
Glyma.05G190100,WGD
Glyma.05G190200,WGD
Glyma.05G190300,WGD
Glyma.05G190600,WGD
Glyma.05G190700,WGD
Glyma.05G190800,WGD
Glyma.05G191000,WGD
Glyma.05G191200,WGD
Glyma.05G191267,WGD
Glyma.05G191400,WGD
Glyma.05G191500,WGD
Glyma.05G191600,WGD
Glyma.05G191700,WGD
Glyma.05G191800,WGD
Glyma.05G192100,WGD
Glyma.05G192200,WGD
Glyma.05G192400,WGD
Glyma.05G192500,WGD
Glyma.05G192700,WGD
Glyma.05G192800,WGD
Glyma.05G192900,WGD
Glyma.05G193000,WGD
Glyma.05G193200,WGD
Glyma.05G193300,WGD
Glyma.05G193500,WGD
Glyma.05G193600,WGD
Glyma.05G193900,WGD
Glyma.05G194000,WGD
Glyma.05G194101,WGD
Glyma.05G194400,WGD
Glyma.05G194500,WGD
Glyma.05G194600,WGD
Glyma.05G194800,WGD
Glyma.05G195000,WGD
Glyma.05G195100,WGD
Glyma.05G195300,WGD
Glyma.05G195400,WGD
Glyma.05G195500,WGD
Glyma.05G195600,WGD
Glyma.05G195700,WGD
Glyma.05G195800,WGD
Glyma.05G195900,WGD
Glyma.05G196000,WGD
Glyma.05G196100,WGD
Glyma.05G196300,WGD
Glyma.05G196400,WGD
Glyma.05G196600,WGD
Glyma.05G196700,WGD
Glyma.05G196800,WGD
Glyma.05G197100,WGD
Glyma.05G197200,WGD
Glyma.05G197300,WGD
Glyma.05G197400,WGD
Glyma.05G197500,WGD
Glyma.05G197600,WGD
Glyma.05G197700,WGD
Glyma.05G197900,WGD
Glyma.05G198000,WGD
Glyma.05G198050,WGD
Glyma.05G198100,WGD
Glyma.05G198300,WGD
Glyma.05G198400,WGD
Glyma.05G198500,WGD
Glyma.05G198600,WGD
Glyma.05G198700,WGD
Glyma.05G198900,WGD
Glyma.05G199000,WGD
Glyma.05G199100,WGD
Glyma.05G199200,WGD
Glyma.05G199400,WGD
Glyma.05G199500,WGD
Glyma.05G199600,WGD
Glyma.05G199700,WGD
Glyma.05G199800,WGD
Glyma.05G199900,WGD
Glyma.05G200000,WGD
Glyma.05G200300,WGD
Glyma.05G200400,WGD
Glyma.05G200500,WGD
Glyma.05G200600,WGD
Glyma.05G200700,WGD
Glyma.05G200800,WGD
Glyma.05G200900,WGD
Glyma.05G201000,WGD
Glyma.05G201100,WGD
Glyma.05G201200,WGD
Glyma.05G201300,WGD
Glyma.05G201400,WGD
Glyma.05G201500,WGD
Glyma.05G201700,WGD
Glyma.05G201800,WGD
Glyma.05G201900,WGD
Glyma.05G202000,WGD
Glyma.05G202200,WGD
Glyma.05G202300,WGD
Glyma.05G202400,WGD
Glyma.05G202500,WGD
Glyma.05G202600,WGD
Glyma.05G202700,WGD
Glyma.05G202800,WGD
Glyma.05G202900,WGD
Glyma.05G203000,WGD
Glyma.05G203100,WGD
Glyma.05G203300,WGD
Glyma.05G203700,WGD
Glyma.05G204000,WGD
Glyma.05G204100,WGD
Glyma.05G204300,WGD
Glyma.05G204500,WGD
Glyma.05G204600,WGD
Glyma.05G204700,WGD
Glyma.05G204900,WGD
Glyma.05G205100,WGD
Glyma.05G205200,WGD
Glyma.05G205300,WGD
Glyma.05G205400,WGD
Glyma.05G205467,WGD
Glyma.05G205600,WGD
Glyma.05G205651,WGD
Glyma.05G205800,WGD
Glyma.05G205900,WGD
Glyma.05G206100,WGD
Glyma.05G206200,WGD
Glyma.05G206300,WGD
Glyma.05G206400,WGD
Glyma.05G206500,WGD
Glyma.05G206600,WGD
Glyma.05G206700,WGD
Glyma.05G206900,WGD
Glyma.05G207100,WGD
Glyma.05G207300,WGD
Glyma.05G207400,WGD
Glyma.05G207500,WGD
Glyma.05G207600,WGD
Glyma.05G207700,WGD
Glyma.05G207800,WGD
Glyma.05G207900,WGD
Glyma.05G208000,WGD
Glyma.05G208100,WGD
Glyma.05G208300,WGD
Glyma.05G208400,WGD
Glyma.05G208500,WGD
Glyma.05G208600,WGD
Glyma.05G208700,WGD
Glyma.05G208800,WGD
Glyma.05G208900,WGD
Glyma.05G209000,WGD
Glyma.05G209100,WGD
Glyma.05G209200,WGD
Glyma.05G209250,WGD
Glyma.05G209400,WGD
Glyma.05G209500,WGD
Glyma.05G209600,WGD
Glyma.05G209700,WGD
Glyma.05G209800,WGD
Glyma.05G209900,WGD
Glyma.05G210000,WGD
Glyma.05G210100,WGD
Glyma.05G210300,WGD
Glyma.05G210400,WGD
Glyma.05G210800,WGD
Glyma.05G210900,WGD
Glyma.05G211000,WGD
Glyma.05G211100,WGD
Glyma.05G211200,WGD
Glyma.05G211400,WGD
Glyma.05G211502,WGD
Glyma.05G211600,WGD
Glyma.05G211700,WGD
Glyma.05G211800,WGD
Glyma.05G211900,WGD
Glyma.05G212000,WGD
Glyma.05G212100,WGD
Glyma.05G212200,WGD
Glyma.05G212300,WGD
Glyma.05G212500,WGD
Glyma.05G212600,WGD
Glyma.05G212700,WGD
Glyma.05G212800,WGD
Glyma.05G212900,WGD
Glyma.05G213000,WGD
Glyma.05G213100,WGD
Glyma.05G213200,WGD
Glyma.05G213300,WGD
Glyma.05G213400,WGD
Glyma.05G213500,WGD
Glyma.05G213600,WGD
Glyma.05G213800,WGD
Glyma.05G213900,WGD
Glyma.05G214000,WGD
Glyma.05G214300,WGD
Glyma.05G214400,WGD
Glyma.05G214700,WGD
Glyma.05G214851,WGD
Glyma.05G214900,WGD
Glyma.05G215000,WGD
Glyma.05G215100,WGD
Glyma.05G215300,WGD
Glyma.05G215500,WGD
Glyma.05G215600,WGD
Glyma.05G215700,WGD
Glyma.05G215900,WGD
Glyma.05G216100,WGD
Glyma.05G216200,WGD
Glyma.05G216300,WGD
Glyma.05G216400,WGD
Glyma.05G216600,WGD
Glyma.05G216700,WGD
Glyma.05G216800,WGD
Glyma.05G216900,WGD
Glyma.05G217000,WGD
Glyma.05G217051,WGD
Glyma.05G217100,WGD
Glyma.05G217300,WGD
Glyma.05G217400,WGD
Glyma.05G217500,WGD
Glyma.05G217600,WGD
Glyma.05G217700,WGD
Glyma.05G217800,WGD
Glyma.05G217900,WGD
Glyma.05G218000,WGD
Glyma.05G218100,WGD
Glyma.05G218300,WGD
Glyma.05G218500,WGD
Glyma.05G218600,WGD
Glyma.05G218700,WGD
Glyma.05G218800,WGD
Glyma.05G218900,WGD
Glyma.05G219000,WGD
Glyma.05G219100,WGD
Glyma.05G219200,WGD
Glyma.05G219300,WGD
Glyma.05G219400,WGD
Glyma.05G219500,WGD
Glyma.05G219700,WGD
Glyma.05G219900,WGD
Glyma.05G220000,WGD
Glyma.05G220100,WGD
Glyma.05G220200,WGD
Glyma.05G220300,WGD
Glyma.05G220500,WGD
Glyma.05G220600,WGD
Glyma.05G220700,WGD
Glyma.05G220800,WGD
Glyma.05G220900,WGD
Glyma.05G221000,WGD
Glyma.05G221100,WGD
Glyma.05G221200,WGD
Glyma.05G221300,WGD
Glyma.05G221400,WGD
Glyma.05G221500,WGD
Glyma.05G221600,WGD
Glyma.05G221700,WGD
Glyma.05G221800,WGD
Glyma.05G221900,WGD
Glyma.05G222000,WGD
Glyma.05G222200,WGD
Glyma.05G222300,WGD
Glyma.05G222400,WGD
Glyma.05G222500,WGD
Glyma.05G222600,WGD
Glyma.05G222700,WGD
Glyma.05G222800,WGD
Glyma.05G222900,WGD
Glyma.05G223000,WGD
Glyma.05G223100,WGD
Glyma.05G223200,WGD
Glyma.05G223400,WGD
Glyma.05G223500,WGD
Glyma.05G223602,WGD
Glyma.05G223700,WGD
Glyma.05G223800,WGD
Glyma.05G223900,WGD
Glyma.05G224000,WGD
Glyma.05G224200,WGD
Glyma.05G224300,WGD
Glyma.05G224400,WGD
Glyma.05G224500,WGD
Glyma.05G224700,WGD
Glyma.05G224800,WGD
Glyma.05G224900,WGD
Glyma.05G225000,WGD
Glyma.05G225100,WGD
Glyma.05G225200,WGD
Glyma.05G225300,WGD
Glyma.05G225400,WGD
Glyma.05G225500,WGD
Glyma.05G225600,WGD
Glyma.05G225700,WGD
Glyma.05G225800,WGD
Glyma.05G225900,WGD
Glyma.05G226000,WGD
Glyma.05G226100,WGD
Glyma.05G226400,WGD
Glyma.05G226600,WGD
Glyma.05G226700,WGD
Glyma.05G226800,WGD
Glyma.05G226900,WGD
Glyma.05G227100,WGD
Glyma.05G227200,WGD
Glyma.05G227400,WGD
Glyma.05G227600,WGD
Glyma.05G227700,WGD
Glyma.05G227800,WGD
Glyma.05G228000,WGD
Glyma.05G228100,WGD
Glyma.05G228200,WGD
Glyma.05G228300,WGD
Glyma.05G228400,WGD
Glyma.05G228500,WGD
Glyma.05G228600,WGD
Glyma.05G228700,WGD
Glyma.05G228800,WGD
Glyma.05G228850,WGD
Glyma.05G229100,WGD
Glyma.05G229300,WGD
Glyma.05G229400,WGD
Glyma.05G229500,WGD
Glyma.05G229600,WGD
Glyma.05G229700,WGD
Glyma.05G229800,WGD
Glyma.05G229900,WGD
Glyma.05G230000,WGD
Glyma.05G230102,WGD
Glyma.05G230200,WGD
Glyma.05G230300,WGD
Glyma.05G230400,WGD
Glyma.05G230600,WGD
Glyma.05G230700,WGD
Glyma.05G230900,WGD
Glyma.05G231000,WGD
Glyma.05G231100,WGD
Glyma.05G231200,WGD
Glyma.05G231300,WGD
Glyma.05G231400,WGD
Glyma.05G231500,WGD
Glyma.05G231600,WGD
Glyma.05G231700,WGD
Glyma.05G231800,WGD
Glyma.05G232000,WGD
Glyma.05G232100,WGD
Glyma.05G232200,WGD
Glyma.05G232300,WGD
Glyma.05G232400,WGD
Glyma.05G232500,WGD
Glyma.05G232600,WGD
Glyma.05G232700,WGD
Glyma.05G232800,WGD
Glyma.05G232900,WGD
Glyma.05G233000,WGD
Glyma.05G233100,WGD
Glyma.05G233200,WGD
Glyma.05G233300,WGD
Glyma.05G233500,WGD
Glyma.05G233700,WGD
Glyma.05G233900,WGD
Glyma.05G234000,WGD
Glyma.05G234100,WGD
Glyma.05G234200,WGD
Glyma.05G234300,WGD
Glyma.05G234500,WGD
Glyma.05G234600,WGD
Glyma.05G234700,WGD
Glyma.05G234800,WGD
Glyma.05G234900,WGD
Glyma.05G235000,WGD
Glyma.05G235200,WGD
Glyma.05G235300,WGD
Glyma.05G235400,WGD
Glyma.05G235500,WGD
Glyma.05G235700,WGD
Glyma.05G235800,WGD
Glyma.05G235900,WGD
Glyma.05G236000,WGD
Glyma.05G236167,WGD
Glyma.05G236400,WGD
Glyma.05G236500,WGD
Glyma.05G236600,WGD
Glyma.05G236700,WGD
Glyma.05G236800,WGD
Glyma.05G237000,WGD
Glyma.05G237100,WGD
Glyma.05G237200,WGD
Glyma.05G237300,WGD
Glyma.05G237400,WGD
Glyma.05G237500,WGD
Glyma.05G237600,WGD
Glyma.05G237700,WGD
Glyma.05G237800,WGD
Glyma.05G238000,WGD
Glyma.05G238100,WGD
Glyma.05G238200,WGD
Glyma.05G238300,WGD
Glyma.05G238400,WGD
Glyma.05G238500,WGD
Glyma.05G238600,WGD
Glyma.05G238700,WGD
Glyma.05G238800,WGD
Glyma.05G238900,WGD
Glyma.05G239000,WGD
Glyma.05G239100,WGD
Glyma.05G239200,WGD
Glyma.05G239300,WGD
Glyma.05G239400,WGD
Glyma.05G239500,WGD
Glyma.05G239800,WGD
Glyma.05G239900,WGD
Glyma.05G240000,WGD
Glyma.05G240100,WGD
Glyma.05G240200,WGD
Glyma.05G240500,WGD
Glyma.05G240600,WGD
Glyma.05G240700,WGD
Glyma.05G240900,WGD
Glyma.05G241000,WGD
Glyma.05G241100,WGD
Glyma.05G241200,WGD
Glyma.05G241400,WGD
Glyma.05G241500,WGD
Glyma.05G241600,WGD
Glyma.05G241700,WGD
Glyma.05G241800,WGD
Glyma.05G241900,WGD
Glyma.05G242000,WGD
Glyma.05G242300,WGD
Glyma.05G242502,WGD
Glyma.05G242600,WGD
Glyma.05G242700,WGD
Glyma.05G242800,WGD
Glyma.05G242900,WGD
Glyma.05G243000,WGD
Glyma.05G243200,WGD
Glyma.05G243300,WGD
Glyma.05G243400,WGD
Glyma.05G243500,WGD
Glyma.05G243600,WGD
Glyma.05G243700,WGD
Glyma.05G243800,WGD
Glyma.05G243900,WGD
Glyma.05G244200,WGD
Glyma.05G244600,WGD
Glyma.05G244700,WGD
Glyma.05G244800,WGD
Glyma.05G245000,WGD
Glyma.05G245100,WGD
Glyma.05G245200,WGD
Glyma.05G245300,WGD
Glyma.05G245500,WGD
Glyma.05G245600,WGD
Glyma.05G245800,WGD
Glyma.05G245900,WGD
Glyma.05G246000,WGD
Glyma.05G246100,WGD
Glyma.05G246200,WGD
Glyma.05G246300,WGD
Glyma.05G246400,WGD
Glyma.05G246500,WGD
Glyma.05G246600,WGD
Glyma.05G246700,WGD
Glyma.05G246800,WGD
Glyma.05G246900,WGD
Glyma.05G247000,WGD
Glyma.05G247100,WGD
Glyma.05G247202,WGD
Glyma.05G247300,WGD
Glyma.05G247400,WGD
Glyma.05G247466,WGD
Glyma.05G247700,WGD
Glyma.05G247800,WGD
Glyma.05G248000,WGD
Glyma.05G248100,WGD
Glyma.05G248200,WGD
Glyma.05G248300,WGD
Glyma.05G248500,WGD
Glyma.05G248600,WGD
Glyma.05G248700,WGD
Glyma.05G248800,WGD
Glyma.05G248900,WGD
Glyma.06G000100,WGD
Glyma.06G000200,WGD
Glyma.06G000300,WGD
Glyma.06G000400,WGD
Glyma.06G000500,WGD
Glyma.06G000600,WGD
Glyma.06G000700,WGD
Glyma.06G000800,WGD
Glyma.06G001032,WGD
Glyma.06G001100,WGD
Glyma.06G001200,WGD
Glyma.06G001300,WGD
Glyma.06G001400,WGD
Glyma.06G001600,WGD
Glyma.06G001700,WGD
Glyma.06G001800,WGD
Glyma.06G002000,WGD
Glyma.06G002300,WGD
Glyma.06G002600,WGD
Glyma.06G002700,WGD
Glyma.06G002800,WGD
Glyma.06G002900,WGD
Glyma.06G003000,WGD
Glyma.06G003100,WGD
Glyma.06G003200,WGD
Glyma.06G003400,WGD
Glyma.06G003500,WGD
Glyma.06G003600,WGD
Glyma.06G003700,WGD
Glyma.06G003800,WGD
Glyma.06G003900,WGD
Glyma.06G004000,WGD
Glyma.06G004200,WGD
Glyma.06G004300,WGD
Glyma.06G004400,WGD
Glyma.06G004500,WGD
Glyma.06G004700,WGD
Glyma.06G004800,WGD
Glyma.06G004900,WGD
Glyma.06G005000,WGD
Glyma.06G005100,WGD
Glyma.06G005200,WGD
Glyma.06G005300,WGD
Glyma.06G005400,WGD
Glyma.06G005500,WGD
Glyma.06G005600,WGD
Glyma.06G005800,WGD
Glyma.06G005900,WGD
Glyma.06G006000,WGD
Glyma.06G006100,WGD
Glyma.06G006400,WGD
Glyma.06G006700,WGD
Glyma.06G007100,WGD
Glyma.06G007500,WGD
Glyma.06G007602,WGD
Glyma.06G007700,WGD
Glyma.06G007900,WGD
Glyma.06G008000,WGD
Glyma.06G008200,WGD
Glyma.06G008300,WGD
Glyma.06G008400,WGD
Glyma.06G008500,WGD
Glyma.06G008800,WGD
Glyma.06G008900,WGD
Glyma.06G009000,WGD
Glyma.06G009100,WGD
Glyma.06G009200,WGD
Glyma.06G009350,WGD
Glyma.06G009400,WGD
Glyma.06G009500,WGD
Glyma.06G009600,WGD
Glyma.06G009700,WGD
Glyma.06G009800,WGD
Glyma.06G009900,WGD
Glyma.06G010200,WGD
Glyma.06G010300,WGD
Glyma.06G010400,WGD
Glyma.06G010500,WGD
Glyma.06G010600,WGD
Glyma.06G010700,WGD
Glyma.06G010900,WGD
Glyma.06G011000,WGD
Glyma.06G011100,WGD
Glyma.06G011400,WGD
Glyma.06G011502,WGD
Glyma.06G011600,WGD
Glyma.06G011700,WGD
Glyma.06G011800,WGD
Glyma.06G011900,WGD
Glyma.06G012100,WGD
Glyma.06G012200,WGD
Glyma.06G012500,WGD
Glyma.06G012700,WGD
Glyma.06G012800,WGD
Glyma.06G012900,WGD
Glyma.06G013000,WGD
Glyma.06G013100,WGD
Glyma.06G013300,WGD
Glyma.06G013400,WGD
Glyma.06G013500,WGD
Glyma.06G013600,WGD
Glyma.06G013700,WGD
Glyma.06G013800,WGD
Glyma.06G013900,WGD
Glyma.06G014200,WGD
Glyma.06G014300,WGD
Glyma.06G014400,WGD
Glyma.06G014500,WGD
Glyma.06G014600,WGD
Glyma.06G014700,WGD
Glyma.06G014900,WGD
Glyma.06G015000,WGD
Glyma.06G015100,WGD
Glyma.06G015200,WGD
Glyma.06G015400,WGD
Glyma.06G015500,WGD
Glyma.06G015600,WGD
Glyma.06G015700,WGD
Glyma.06G015800,WGD
Glyma.06G015900,WGD
Glyma.06G016000,WGD
Glyma.06G016100,WGD
Glyma.06G016200,WGD
Glyma.06G016400,WGD
Glyma.06G016500,WGD
Glyma.06G016700,WGD
Glyma.06G016800,WGD
Glyma.06G016900,WGD
Glyma.06G017100,WGD
Glyma.06G017300,WGD
Glyma.06G017500,WGD
Glyma.06G017600,WGD
Glyma.06G017700,WGD
Glyma.06G017800,WGD
Glyma.06G017900,WGD
Glyma.06G018002,WGD
Glyma.06G018100,WGD
Glyma.06G018200,WGD
Glyma.06G018400,WGD
Glyma.06G018500,WGD
Glyma.06G018600,WGD
Glyma.06G018700,WGD
Glyma.06G018800,WGD
Glyma.06G018900,WGD
Glyma.06G019000,WGD
Glyma.06G019100,WGD
Glyma.06G019200,WGD
Glyma.06G019300,WGD
Glyma.06G019400,WGD
Glyma.06G019500,WGD
Glyma.06G019600,WGD
Glyma.06G019700,WGD
Glyma.06G019800,WGD
Glyma.06G019900,WGD
Glyma.06G020300,WGD
Glyma.06G020400,WGD
Glyma.06G020500,WGD
Glyma.06G020600,WGD
Glyma.06G020700,WGD
Glyma.06G020800,WGD
Glyma.06G021000,WGD
Glyma.06G021100,WGD
Glyma.06G021200,WGD
Glyma.06G021400,WGD
Glyma.06G021600,WGD
Glyma.06G021700,WGD
Glyma.06G021900,WGD
Glyma.06G022000,WGD
Glyma.06G022100,WGD
Glyma.06G022300,WGD
Glyma.06G022500,WGD
Glyma.06G022700,WGD
Glyma.06G022800,WGD
Glyma.06G022900,WGD
Glyma.06G023000,WGD
Glyma.06G023300,WGD
Glyma.06G023400,WGD
Glyma.06G023600,WGD
Glyma.06G023700,WGD
Glyma.06G023900,WGD
Glyma.06G024000,WGD
Glyma.06G024100,WGD
Glyma.06G024200,WGD
Glyma.06G024300,WGD
Glyma.06G024400,WGD
Glyma.06G024500,WGD
Glyma.06G024600,WGD
Glyma.06G024700,WGD
Glyma.06G024800,WGD
Glyma.06G024900,WGD
Glyma.06G025000,WGD
Glyma.06G025100,WGD
Glyma.06G025200,WGD
Glyma.06G025300,WGD
Glyma.06G025400,WGD
Glyma.06G025500,WGD
Glyma.06G025600,WGD
Glyma.06G025700,WGD
Glyma.06G025800,WGD
Glyma.06G025900,WGD
Glyma.06G026000,WGD
Glyma.06G026100,WGD
Glyma.06G026200,WGD
Glyma.06G026500,WGD
Glyma.06G026600,WGD
Glyma.06G026700,WGD
Glyma.06G026800,WGD
Glyma.06G027000,WGD
Glyma.06G027100,WGD
Glyma.06G027200,WGD
Glyma.06G027400,WGD
Glyma.06G027500,WGD
Glyma.06G027600,WGD
Glyma.06G027700,WGD
Glyma.06G027900,WGD
Glyma.06G028000,WGD
Glyma.06G028300,WGD
Glyma.06G028400,WGD
Glyma.06G028500,WGD
Glyma.06G028600,WGD
Glyma.06G028700,WGD
Glyma.06G028900,WGD
Glyma.06G029000,WGD
Glyma.06G029100,WGD
Glyma.06G029200,WGD
Glyma.06G029300,WGD
Glyma.06G029400,WGD
Glyma.06G029500,WGD
Glyma.06G029600,WGD
Glyma.06G029700,WGD
Glyma.06G029800,WGD
Glyma.06G029900,WGD
Glyma.06G030000,WGD
Glyma.06G030100,WGD
Glyma.06G030400,WGD
Glyma.06G030500,WGD
Glyma.06G030600,WGD
Glyma.06G030700,WGD
Glyma.06G030800,WGD
Glyma.06G030900,WGD
Glyma.06G031000,WGD
Glyma.06G031201,WGD
Glyma.06G031300,WGD
Glyma.06G031400,WGD
Glyma.06G031600,WGD
Glyma.06G031700,WGD
Glyma.06G031800,WGD
Glyma.06G031900,WGD
Glyma.06G032000,WGD
Glyma.06G032100,WGD
Glyma.06G032200,WGD
Glyma.06G032400,WGD
Glyma.06G032451,WGD
Glyma.06G032600,WGD
Glyma.06G032900,WGD
Glyma.06G033000,WGD
Glyma.06G033100,WGD
Glyma.06G033200,WGD
Glyma.06G033300,WGD
Glyma.06G033700,WGD
Glyma.06G033800,WGD
Glyma.06G033900,WGD
Glyma.06G034000,WGD
Glyma.06G034100,WGD
Glyma.06G034300,WGD
Glyma.06G034400,WGD
Glyma.06G034500,WGD
Glyma.06G034600,WGD
Glyma.06G034900,WGD
Glyma.06G035000,WGD
Glyma.06G035100,WGD
Glyma.06G035200,WGD
Glyma.06G035300,WGD
Glyma.06G035700,WGD
Glyma.06G035800,WGD
Glyma.06G035900,WGD
Glyma.06G036100,WGD
Glyma.06G036200,WGD
Glyma.06G036300,WGD
Glyma.06G036400,WGD
Glyma.06G036500,WGD
Glyma.06G036600,WGD
Glyma.06G036700,WGD
Glyma.06G036800,WGD
Glyma.06G036900,WGD
Glyma.06G037100,WGD
Glyma.06G037300,WGD
Glyma.06G037600,WGD
Glyma.06G037700,WGD
Glyma.06G037801,WGD
Glyma.06G037900,WGD
Glyma.06G038000,WGD
Glyma.06G038400,WGD
Glyma.06G038500,WGD
Glyma.06G038600,WGD
Glyma.06G038900,WGD
Glyma.06G039000,WGD
Glyma.06G039100,WGD
Glyma.06G039200,WGD
Glyma.06G039300,WGD
Glyma.06G039500,WGD
Glyma.06G039600,WGD
Glyma.06G039700,WGD
Glyma.06G039800,WGD
Glyma.06G039900,WGD
Glyma.06G040000,WGD
Glyma.06G040100,WGD
Glyma.06G040300,WGD
Glyma.06G040400,WGD
Glyma.06G040600,WGD
Glyma.06G040700,WGD
Glyma.06G040800,WGD
Glyma.06G040900,WGD
Glyma.06G041000,WGD
Glyma.06G041300,WGD
Glyma.06G041500,WGD
Glyma.06G041700,WGD
Glyma.06G041800,WGD
Glyma.06G042100,WGD
Glyma.06G042300,WGD
Glyma.06G042400,WGD
Glyma.06G042500,WGD
Glyma.06G042600,WGD
Glyma.06G042700,WGD
Glyma.06G042900,WGD
Glyma.06G043000,WGD
Glyma.06G043100,WGD
Glyma.06G043200,WGD
Glyma.06G043300,WGD
Glyma.06G043400,WGD
Glyma.06G043466,WGD
Glyma.06G043600,WGD
Glyma.06G043700,WGD
Glyma.06G043800,WGD
Glyma.06G043900,WGD
Glyma.06G044100,WGD
Glyma.06G044200,WGD
Glyma.06G044400,WGD
Glyma.06G044600,WGD
Glyma.06G044700,WGD
Glyma.06G044800,WGD
Glyma.06G044900,WGD
Glyma.06G045000,WGD
Glyma.06G045100,WGD
Glyma.06G045200,WGD
Glyma.06G045300,WGD
Glyma.06G045400,WGD
Glyma.06G045500,WGD
Glyma.06G045600,WGD
Glyma.06G045700,WGD
Glyma.06G045800,WGD
Glyma.06G046000,WGD
Glyma.06G046200,WGD
Glyma.06G046300,WGD
Glyma.06G046400,WGD
Glyma.06G046600,WGD
Glyma.06G046700,WGD
Glyma.06G046800,WGD
Glyma.06G046900,WGD
Glyma.06G047000,WGD
Glyma.06G047100,WGD
Glyma.06G047200,WGD
Glyma.06G047300,WGD
Glyma.06G047600,WGD
Glyma.06G047700,WGD
Glyma.06G047800,WGD
Glyma.06G047900,WGD
Glyma.06G048100,WGD
Glyma.06G048200,WGD
Glyma.06G048300,WGD
Glyma.06G048400,WGD
Glyma.06G048500,WGD
Glyma.06G048700,WGD
Glyma.06G048800,WGD
Glyma.06G049000,WGD
Glyma.06G049200,WGD
Glyma.06G049300,WGD
Glyma.06G049400,WGD
Glyma.06G049500,WGD
Glyma.06G049600,WGD
Glyma.06G049700,WGD
Glyma.06G049900,WGD
Glyma.06G050000,WGD
Glyma.06G050100,WGD
Glyma.06G050200,WGD
Glyma.06G050400,WGD
Glyma.06G050500,WGD
Glyma.06G050600,WGD
Glyma.06G050700,WGD
Glyma.06G050800,WGD
Glyma.06G050900,WGD
Glyma.06G051100,WGD
Glyma.06G051200,WGD
Glyma.06G051400,WGD
Glyma.06G051500,WGD
Glyma.06G051600,WGD
Glyma.06G051700,WGD
Glyma.06G051800,WGD
Glyma.06G051900,WGD
Glyma.06G052100,WGD
Glyma.06G052200,WGD
Glyma.06G052300,WGD
Glyma.06G052400,WGD
Glyma.06G052500,WGD
Glyma.06G052600,WGD
Glyma.06G052700,WGD
Glyma.06G052800,WGD
Glyma.06G052900,WGD
Glyma.06G053000,WGD
Glyma.06G053100,WGD
Glyma.06G053200,WGD
Glyma.06G053300,WGD
Glyma.06G053800,WGD
Glyma.06G054000,WGD
Glyma.06G054200,WGD
Glyma.06G054300,WGD
Glyma.06G054400,WGD
Glyma.06G054500,WGD
Glyma.06G054600,WGD
Glyma.06G054700,WGD
Glyma.06G054800,WGD
Glyma.06G054900,WGD
Glyma.06G055200,WGD
Glyma.06G055300,WGD
Glyma.06G055400,WGD
Glyma.06G055500,WGD
Glyma.06G055600,WGD
Glyma.06G055700,WGD
Glyma.06G055800,WGD
Glyma.06G055900,WGD
Glyma.06G056000,WGD
Glyma.06G056100,WGD
Glyma.06G056200,WGD
Glyma.06G056300,WGD
Glyma.06G056400,WGD
Glyma.06G056500,WGD
Glyma.06G056600,WGD
Glyma.06G057000,WGD
Glyma.06G057100,WGD
Glyma.06G057300,WGD
Glyma.06G057400,WGD
Glyma.06G057500,WGD
Glyma.06G057700,WGD
Glyma.06G057900,WGD
Glyma.06G058000,WGD
Glyma.06G058100,WGD
Glyma.06G058400,WGD
Glyma.06G058500,WGD
Glyma.06G058600,WGD
Glyma.06G058900,WGD
Glyma.06G059000,WGD
Glyma.06G059300,WGD
Glyma.06G059500,WGD
Glyma.06G059600,WGD
Glyma.06G059700,WGD
Glyma.06G059800,WGD
Glyma.06G059900,WGD
Glyma.06G060000,WGD
Glyma.06G060100,WGD
Glyma.06G060200,WGD
Glyma.06G060300,WGD
Glyma.06G060400,WGD
Glyma.06G060551,WGD
Glyma.06G060700,WGD
Glyma.06G060800,WGD
Glyma.06G061200,WGD
Glyma.06G061300,WGD
Glyma.06G061400,WGD
Glyma.06G061500,WGD
Glyma.06G061600,WGD
Glyma.06G061700,WGD
Glyma.06G061800,WGD
Glyma.06G061900,WGD
Glyma.06G062000,WGD
Glyma.06G062100,WGD
Glyma.06G062300,WGD
Glyma.06G062600,WGD
Glyma.06G062800,WGD
Glyma.06G062900,WGD
Glyma.06G063000,WGD
Glyma.06G063202,WGD
Glyma.06G063300,WGD
Glyma.06G063400,WGD
Glyma.06G063500,WGD
Glyma.06G063700,WGD
Glyma.06G063800,WGD
Glyma.06G063900,WGD
Glyma.06G064000,WGD
Glyma.06G064400,WGD
Glyma.06G064500,WGD
Glyma.06G064600,WGD
Glyma.06G064700,WGD
Glyma.06G064800,WGD
Glyma.06G064900,WGD
Glyma.06G065000,WGD
Glyma.06G065100,WGD
Glyma.06G065200,WGD
Glyma.06G065400,WGD
Glyma.06G065800,WGD
Glyma.06G065900,WGD
Glyma.06G066000,WGD
Glyma.06G066100,WGD
Glyma.06G066200,WGD
Glyma.06G066300,WGD
Glyma.06G066400,WGD
Glyma.06G066500,WGD
Glyma.06G066550,WGD
Glyma.06G066600,WGD
Glyma.06G066700,WGD
Glyma.06G066900,WGD
Glyma.06G067000,WGD
Glyma.06G067100,WGD
Glyma.06G067200,WGD
Glyma.06G067300,WGD
Glyma.06G067400,WGD
Glyma.06G067500,WGD
Glyma.06G067600,WGD
Glyma.06G067700,WGD
Glyma.06G067800,WGD
Glyma.06G067900,WGD
Glyma.06G068000,WGD
Glyma.06G068100,WGD
Glyma.06G068200,WGD
Glyma.06G068300,WGD
Glyma.06G068400,WGD
Glyma.06G068500,WGD
Glyma.06G068600,WGD
Glyma.06G068800,WGD
Glyma.06G068900,WGD
Glyma.06G069000,WGD
Glyma.06G069100,WGD
Glyma.06G069200,WGD
Glyma.06G069300,WGD
Glyma.06G069500,WGD
Glyma.06G069600,WGD
Glyma.06G069700,WGD
Glyma.06G069800,WGD
Glyma.06G069900,WGD
Glyma.06G070100,WGD
Glyma.06G070300,WGD
Glyma.06G070400,WGD
Glyma.06G070500,WGD
Glyma.06G070900,WGD
Glyma.06G071100,WGD
Glyma.06G071200,WGD
Glyma.06G071300,WGD
Glyma.06G071400,WGD
Glyma.06G071500,WGD
Glyma.06G071600,WGD
Glyma.06G071800,WGD
Glyma.06G071900,WGD
Glyma.06G072000,WGD
Glyma.06G072100,WGD
Glyma.06G072200,WGD
Glyma.06G072300,WGD
Glyma.06G072400,WGD
Glyma.06G072450,WGD
Glyma.06G072500,WGD
Glyma.06G072600,WGD
Glyma.06G072700,WGD
Glyma.06G072900,WGD
Glyma.06G073000,WGD
Glyma.06G073100,WGD
Glyma.06G073200,WGD
Glyma.06G073300,WGD
Glyma.06G073500,WGD
Glyma.06G073600,WGD
Glyma.06G073700,WGD
Glyma.06G073800,WGD
Glyma.06G073900,WGD
Glyma.06G074100,WGD
Glyma.06G074140,WGD
Glyma.06G074300,WGD
Glyma.06G074400,WGD
Glyma.06G074500,WGD
Glyma.06G074700,WGD
Glyma.06G074900,WGD
Glyma.06G075000,WGD
Glyma.06G075100,WGD
Glyma.06G075200,WGD
Glyma.06G075300,WGD
Glyma.06G075500,WGD
Glyma.06G075600,WGD
Glyma.06G075700,WGD
Glyma.06G075800,WGD
Glyma.06G075900,WGD
Glyma.06G076000,WGD
Glyma.06G076100,WGD
Glyma.06G076400,WGD
Glyma.06G076500,WGD
Glyma.06G076600,WGD
Glyma.06G076700,WGD
Glyma.06G076800,WGD
Glyma.06G076900,WGD
Glyma.06G077000,WGD
Glyma.06G077100,WGD
Glyma.06G077200,WGD
Glyma.06G077400,WGD
Glyma.06G077600,WGD
Glyma.06G077700,WGD
Glyma.06G077800,WGD
Glyma.06G077900,WGD
Glyma.06G078000,WGD
Glyma.06G078100,WGD
Glyma.06G078200,WGD
Glyma.06G078300,WGD
Glyma.06G078400,WGD
Glyma.06G078500,WGD
Glyma.06G078600,WGD
Glyma.06G078700,WGD
Glyma.06G078900,WGD
Glyma.06G079200,WGD
Glyma.06G079500,WGD
Glyma.06G079600,WGD
Glyma.06G079800,WGD
Glyma.06G079900,WGD
Glyma.06G080100,WGD
Glyma.06G080200,WGD
Glyma.06G080300,WGD
Glyma.06G080502,WGD
Glyma.06G080600,WGD
Glyma.06G080800,WGD
Glyma.06G080900,WGD
Glyma.06G081000,WGD
Glyma.06G081050,WGD
Glyma.06G081100,WGD
Glyma.06G081300,WGD
Glyma.06G081400,WGD
Glyma.06G081500,WGD
Glyma.06G081600,WGD
Glyma.06G081800,WGD
Glyma.06G081900,WGD
Glyma.06G082000,WGD
Glyma.06G082100,WGD
Glyma.06G082200,WGD
Glyma.06G082300,WGD
Glyma.06G082400,WGD
Glyma.06G082500,WGD
Glyma.06G082600,WGD
Glyma.06G082700,WGD
Glyma.06G082800,WGD
Glyma.06G082900,WGD
Glyma.06G083000,WGD
Glyma.06G083200,WGD
Glyma.06G083400,WGD
Glyma.06G083500,WGD
Glyma.06G083600,WGD
Glyma.06G083700,WGD
Glyma.06G083800,WGD
Glyma.06G083900,WGD
Glyma.06G084100,WGD
Glyma.06G084300,WGD
Glyma.06G084400,WGD
Glyma.06G084500,WGD
Glyma.06G084600,WGD
Glyma.06G084800,WGD
Glyma.06G085000,WGD
Glyma.06G085200,WGD
Glyma.06G085600,WGD
Glyma.06G085700,WGD
Glyma.06G085800,WGD
Glyma.06G085900,WGD
Glyma.06G086000,WGD
Glyma.06G086100,WGD
Glyma.06G086200,WGD
Glyma.06G086300,WGD
Glyma.06G086400,WGD
Glyma.06G086600,WGD
Glyma.06G086800,WGD
Glyma.06G086900,WGD
Glyma.06G087100,WGD
Glyma.06G087200,WGD
Glyma.06G087300,WGD
Glyma.06G087400,WGD
Glyma.06G087500,WGD
Glyma.06G087700,WGD
Glyma.06G087800,WGD
Glyma.06G088000,WGD
Glyma.06G088100,WGD
Glyma.06G088200,WGD
Glyma.06G088400,WGD
Glyma.06G088500,WGD
Glyma.06G088600,WGD
Glyma.06G088700,WGD
Glyma.06G088900,WGD
Glyma.06G089000,WGD
Glyma.06G089100,WGD
Glyma.06G089200,WGD
Glyma.06G089300,WGD
Glyma.06G089400,WGD
Glyma.06G089600,WGD
Glyma.06G089800,WGD
Glyma.06G090100,WGD
Glyma.06G090200,WGD
Glyma.06G090300,WGD
Glyma.06G090401,WGD
Glyma.06G090500,WGD
Glyma.06G090700,WGD
Glyma.06G090800,WGD
Glyma.06G090967,WGD
Glyma.06G091100,WGD
Glyma.06G091200,WGD
Glyma.06G091300,WGD
Glyma.06G091400,WGD
Glyma.06G091500,WGD
Glyma.06G091600,WGD
Glyma.06G091651,WGD
Glyma.06G091700,WGD
Glyma.06G091900,WGD
Glyma.06G092000,WGD
Glyma.06G092100,WGD
Glyma.06G092200,WGD
Glyma.06G092300,WGD
Glyma.06G092500,WGD
Glyma.06G092700,WGD
Glyma.06G092800,WGD
Glyma.06G092900,WGD
Glyma.06G093300,WGD
Glyma.06G093400,WGD
Glyma.06G093500,WGD
Glyma.06G093600,WGD
Glyma.06G093700,WGD
Glyma.06G093800,WGD
Glyma.06G093900,WGD
Glyma.06G094000,WGD
Glyma.06G094100,WGD
Glyma.06G094300,WGD
Glyma.06G094400,WGD
Glyma.06G094500,WGD
Glyma.06G094600,WGD
Glyma.06G094700,WGD
Glyma.06G094800,WGD
Glyma.06G094900,WGD
Glyma.06G095000,WGD
Glyma.06G095200,WGD
Glyma.06G095300,WGD
Glyma.06G095400,WGD
Glyma.06G095451,WGD
Glyma.06G095600,WGD
Glyma.06G095900,WGD
Glyma.06G096000,WGD
Glyma.06G096200,WGD
Glyma.06G096300,WGD
Glyma.06G096500,WGD
Glyma.06G096800,WGD
Glyma.06G096900,WGD
Glyma.06G097000,WGD
Glyma.06G097100,WGD
Glyma.06G097200,WGD
Glyma.06G097300,WGD
Glyma.06G097400,WGD
Glyma.06G097500,WGD
Glyma.06G097600,WGD
Glyma.06G097700,WGD
Glyma.06G097800,WGD
Glyma.06G097900,WGD
Glyma.06G098000,WGD
Glyma.06G098200,WGD
Glyma.06G098300,WGD
Glyma.06G098500,WGD
Glyma.06G098600,WGD
Glyma.06G098700,WGD
Glyma.06G098800,WGD
Glyma.06G098900,WGD
Glyma.06G099100,WGD
Glyma.06G099400,WGD
Glyma.06G099700,WGD
Glyma.06G099800,WGD
Glyma.06G100000,WGD
Glyma.06G100100,WGD
Glyma.06G100200,WGD
Glyma.06G100300,WGD
Glyma.06G100500,WGD
Glyma.06G100600,WGD
Glyma.06G100700,WGD
Glyma.06G100800,WGD
Glyma.06G100900,WGD
Glyma.06G101200,WGD
Glyma.06G101300,WGD
Glyma.06G101400,WGD
Glyma.06G101500,WGD
Glyma.06G101600,WGD
Glyma.06G101700,WGD
Glyma.06G101800,WGD
Glyma.06G101900,WGD
Glyma.06G102000,WGD
Glyma.06G102100,WGD
Glyma.06G102300,WGD
Glyma.06G102400,WGD
Glyma.06G102500,WGD
Glyma.06G102600,WGD
Glyma.06G102700,WGD
Glyma.06G102800,WGD
Glyma.06G102900,WGD
Glyma.06G103100,WGD
Glyma.06G103200,WGD
Glyma.06G103300,WGD
Glyma.06G103400,WGD
Glyma.06G103500,WGD
Glyma.06G103600,WGD
Glyma.06G103700,WGD
Glyma.06G103900,WGD
Glyma.06G104100,WGD
Glyma.06G104200,WGD
Glyma.06G104301,WGD
Glyma.06G104400,WGD
Glyma.06G104600,WGD
Glyma.06G104700,WGD
Glyma.06G104800,WGD
Glyma.06G104900,WGD
Glyma.06G105000,WGD
Glyma.06G105100,WGD
Glyma.06G105200,WGD
Glyma.06G105300,WGD
Glyma.06G105500,WGD
Glyma.06G105600,WGD
Glyma.06G105700,WGD
Glyma.06G105800,WGD
Glyma.06G105900,WGD
Glyma.06G106000,WGD
Glyma.06G106100,WGD
Glyma.06G106200,WGD
Glyma.06G106500,WGD
Glyma.06G106700,WGD
Glyma.06G106800,WGD
Glyma.06G106900,WGD
Glyma.06G107000,WGD
Glyma.06G107100,WGD
Glyma.06G107300,WGD
Glyma.06G107400,WGD
Glyma.06G107500,WGD
Glyma.06G107600,WGD
Glyma.06G107700,WGD
Glyma.06G107800,WGD
Glyma.06G108051,WGD
Glyma.06G108100,WGD
Glyma.06G108200,WGD
Glyma.06G108400,WGD
Glyma.06G108500,WGD
Glyma.06G108600,WGD
Glyma.06G108800,WGD
Glyma.06G108900,WGD
Glyma.06G109000,WGD
Glyma.06G109200,WGD
Glyma.06G109300,WGD
Glyma.06G109400,WGD
Glyma.06G109500,WGD
Glyma.06G109600,WGD
Glyma.06G109667,WGD
Glyma.06G109800,WGD
Glyma.06G109900,WGD
Glyma.06G110000,WGD
Glyma.06G110100,WGD
Glyma.06G110200,WGD
Glyma.06G110400,WGD
Glyma.06G110500,WGD
Glyma.06G110600,WGD
Glyma.06G110800,WGD
Glyma.06G110851,WGD
Glyma.06G111100,WGD
Glyma.06G111200,WGD
Glyma.06G111300,WGD
Glyma.06G111400,WGD
Glyma.06G111500,WGD
Glyma.06G111600,WGD
Glyma.06G111702,WGD
Glyma.06G111900,WGD
Glyma.06G112200,WGD
Glyma.06G112300,WGD
Glyma.06G112400,WGD
Glyma.06G112500,WGD
Glyma.06G112600,WGD
Glyma.06G112700,WGD
Glyma.06G112800,WGD
Glyma.06G112900,WGD
Glyma.06G113000,WGD
Glyma.06G113100,WGD
Glyma.06G113200,WGD
Glyma.06G113300,WGD
Glyma.06G113400,WGD
Glyma.06G113500,WGD
Glyma.06G113600,WGD
Glyma.06G113802,WGD
Glyma.06G113900,WGD
Glyma.06G114000,WGD
Glyma.06G114100,WGD
Glyma.06G114200,WGD
Glyma.06G114300,WGD
Glyma.06G114400,WGD
Glyma.06G114600,WGD
Glyma.06G114700,WGD
Glyma.06G114900,WGD
Glyma.06G115000,WGD
Glyma.06G115100,WGD
Glyma.06G115200,WGD
Glyma.06G115300,WGD
Glyma.06G115400,WGD
Glyma.06G115600,WGD
Glyma.06G115700,WGD
Glyma.06G115900,WGD
Glyma.06G116000,WGD
Glyma.06G116100,WGD
Glyma.06G116400,WGD
Glyma.06G116500,WGD
Glyma.06G116700,WGD
Glyma.06G117200,WGD
Glyma.06G117300,WGD
Glyma.06G117400,WGD
Glyma.06G117600,WGD
Glyma.06G117700,WGD
Glyma.06G117800,WGD
Glyma.06G117900,WGD
Glyma.06G118000,WGD
Glyma.06G118100,WGD
Glyma.06G118200,WGD
Glyma.06G118300,WGD
Glyma.06G118900,WGD
Glyma.06G119000,WGD
Glyma.06G119102,WGD
Glyma.06G119200,WGD
Glyma.06G119300,WGD
Glyma.06G119400,WGD
Glyma.06G119500,WGD
Glyma.06G119700,WGD
Glyma.06G119800,WGD
Glyma.06G119900,WGD
Glyma.06G120100,WGD
Glyma.06G120200,WGD
Glyma.06G120300,WGD
Glyma.06G120400,WGD
Glyma.06G120500,WGD
Glyma.06G120600,WGD
Glyma.06G120700,WGD
Glyma.06G121000,WGD
Glyma.06G121100,WGD
Glyma.06G121200,WGD
Glyma.06G121300,WGD
Glyma.06G121400,WGD
Glyma.06G121500,WGD
Glyma.06G121600,WGD
Glyma.06G121700,WGD
Glyma.06G122000,WGD
Glyma.06G122200,WGD
Glyma.06G122400,WGD
Glyma.06G122500,WGD
Glyma.06G122600,WGD
Glyma.06G122700,WGD
Glyma.06G122800,WGD
Glyma.06G122900,WGD
Glyma.06G123000,WGD
Glyma.06G123100,WGD
Glyma.06G123500,WGD
Glyma.06G123900,WGD
Glyma.06G124000,WGD
Glyma.06G124100,WGD
Glyma.06G124200,WGD
Glyma.06G124250,WGD
Glyma.06G124300,WGD
Glyma.06G124400,WGD
Glyma.06G124500,WGD
Glyma.06G124600,WGD
Glyma.06G124700,WGD
Glyma.06G124800,WGD
Glyma.06G124900,WGD
Glyma.06G125100,WGD
Glyma.06G125200,WGD
Glyma.06G125300,WGD
Glyma.06G125500,WGD
Glyma.06G125600,WGD
Glyma.06G125700,WGD
Glyma.06G125800,WGD
Glyma.06G125900,WGD
Glyma.06G125951,WGD
Glyma.06G126000,WGD
Glyma.06G126100,WGD
Glyma.06G126300,WGD
Glyma.06G126400,WGD
Glyma.06G126500,WGD
Glyma.06G126600,WGD
Glyma.06G126700,WGD
Glyma.06G127000,WGD
Glyma.06G127100,WGD
Glyma.06G127200,WGD
Glyma.06G127300,WGD
Glyma.06G127400,WGD
Glyma.06G127500,WGD
Glyma.06G127600,WGD
Glyma.06G127700,WGD
Glyma.06G127800,WGD
Glyma.06G127900,WGD
Glyma.06G128000,WGD
Glyma.06G128500,WGD
Glyma.06G128600,WGD
Glyma.06G128700,WGD
Glyma.06G128900,WGD
Glyma.06G129000,WGD
Glyma.06G129100,WGD
Glyma.06G129200,WGD
Glyma.06G129300,WGD
Glyma.06G129400,WGD
Glyma.06G129500,WGD
Glyma.06G129650,WGD
Glyma.06G129800,WGD
Glyma.06G129900,WGD
Glyma.06G130100,WGD
Glyma.06G130200,WGD
Glyma.06G130267,WGD
Glyma.06G130400,WGD
Glyma.06G130700,WGD
Glyma.06G130800,WGD
Glyma.06G130900,WGD
Glyma.06G131000,WGD
Glyma.06G131100,WGD
Glyma.06G131200,WGD
Glyma.06G131300,WGD
Glyma.06G131400,WGD
Glyma.06G131500,WGD
Glyma.06G131600,WGD
Glyma.06G131700,WGD
Glyma.06G131800,WGD
Glyma.06G132000,WGD
Glyma.06G132100,WGD
Glyma.06G132300,WGD
Glyma.06G132400,WGD
Glyma.06G132500,WGD
Glyma.06G132600,WGD
Glyma.06G132651,WGD
Glyma.06G132700,WGD
Glyma.06G132800,WGD
Glyma.06G132900,WGD
Glyma.06G133000,WGD
Glyma.06G133300,WGD
Glyma.06G133400,WGD
Glyma.06G133500,WGD
Glyma.06G133700,WGD
Glyma.06G133800,WGD
Glyma.06G133900,WGD
Glyma.06G134000,WGD
Glyma.06G134200,WGD
Glyma.06G134300,WGD
Glyma.06G134500,WGD
Glyma.06G134600,WGD
Glyma.06G134700,WGD
Glyma.06G134767,WGD
Glyma.06G134900,WGD
Glyma.06G135000,WGD
Glyma.06G135100,WGD
Glyma.06G135200,WGD
Glyma.06G135500,WGD
Glyma.06G135600,WGD
Glyma.06G135900,WGD
Glyma.06G136100,WGD
Glyma.06G136200,WGD
Glyma.06G136400,WGD
Glyma.06G136500,WGD
Glyma.06G136600,WGD
Glyma.06G136700,WGD
Glyma.06G136800,WGD
Glyma.06G136900,WGD
Glyma.06G137000,WGD
Glyma.06G137100,WGD
Glyma.06G137300,WGD
Glyma.06G137600,WGD
Glyma.06G137700,WGD
Glyma.06G137900,WGD
Glyma.06G138000,WGD
Glyma.06G138100,WGD
Glyma.06G138200,WGD
Glyma.06G138300,WGD
Glyma.06G138400,WGD
Glyma.06G138500,WGD
Glyma.06G138800,WGD
Glyma.06G138900,WGD
Glyma.06G139000,WGD
Glyma.06G139100,WGD
Glyma.06G139200,WGD
Glyma.06G139300,WGD
Glyma.06G139400,WGD
Glyma.06G139600,WGD
Glyma.06G139800,WGD
Glyma.06G139900,WGD
Glyma.06G140000,WGD
Glyma.06G140100,WGD
Glyma.06G140200,WGD
Glyma.06G140300,WGD
Glyma.06G140400,WGD
Glyma.06G140600,WGD
Glyma.06G140800,WGD
Glyma.06G140900,WGD
Glyma.06G141000,WGD
Glyma.06G141100,WGD
Glyma.06G141200,WGD
Glyma.06G141300,WGD
Glyma.06G141400,WGD
Glyma.06G141600,WGD
Glyma.06G141700,WGD
Glyma.06G141900,WGD
Glyma.06G142000,WGD
Glyma.06G142100,WGD
Glyma.06G142200,WGD
Glyma.06G142300,WGD
Glyma.06G142400,WGD
Glyma.06G142500,WGD
Glyma.06G142700,WGD
Glyma.06G142900,WGD
Glyma.06G143000,WGD
Glyma.06G143100,WGD
Glyma.06G143200,WGD
Glyma.06G143300,WGD
Glyma.06G143400,WGD
Glyma.06G143500,WGD
Glyma.06G143600,WGD
Glyma.06G143700,WGD
Glyma.06G143800,WGD
Glyma.06G143900,WGD
Glyma.06G144000,WGD
Glyma.06G144400,WGD
Glyma.06G144500,WGD
Glyma.06G144600,WGD
Glyma.06G144800,WGD
Glyma.06G145000,WGD
Glyma.06G145100,WGD
Glyma.06G145200,WGD
Glyma.06G145300,WGD
Glyma.06G145400,WGD
Glyma.06G145500,WGD
Glyma.06G145600,WGD
Glyma.06G145700,WGD
Glyma.06G145900,WGD
Glyma.06G146000,WGD
Glyma.06G146100,WGD
Glyma.06G146200,WGD
Glyma.06G146400,WGD
Glyma.06G146500,WGD
Glyma.06G146566,WGD
Glyma.06G146700,WGD
Glyma.06G146800,WGD
Glyma.06G146900,WGD
Glyma.06G147000,WGD
Glyma.06G147100,WGD
Glyma.06G147300,WGD
Glyma.06G147400,WGD
Glyma.06G147500,WGD
Glyma.06G147600,WGD
Glyma.06G147800,WGD
Glyma.06G147900,WGD
Glyma.06G148000,WGD
Glyma.06G148100,WGD
Glyma.06G148200,WGD
Glyma.06G148300,WGD
Glyma.06G148400,WGD
Glyma.06G148500,WGD
Glyma.06G148600,WGD
Glyma.06G148700,WGD
Glyma.06G148800,WGD
Glyma.06G149040,WGD
Glyma.06G149080,WGD
Glyma.06G149200,WGD
Glyma.06G149402,WGD
Glyma.06G149900,WGD
Glyma.06G150000,WGD
Glyma.06G150100,WGD
Glyma.06G150300,WGD
Glyma.06G150400,WGD
Glyma.06G150701,WGD
Glyma.06G150801,WGD
Glyma.06G150900,WGD
Glyma.06G151000,WGD
Glyma.06G151100,WGD
Glyma.06G151200,WGD
Glyma.06G151300,WGD
Glyma.06G151400,WGD
Glyma.06G151500,WGD
Glyma.06G151700,WGD
Glyma.06G151900,WGD
Glyma.06G152000,WGD
Glyma.06G152200,WGD
Glyma.06G152300,WGD
Glyma.06G152400,WGD
Glyma.06G152500,WGD
Glyma.06G152600,WGD
Glyma.06G152700,WGD
Glyma.06G152800,WGD
Glyma.06G152900,WGD
Glyma.06G153000,WGD
Glyma.06G153101,WGD
Glyma.06G153200,WGD
Glyma.06G153500,WGD
Glyma.06G153600,WGD
Glyma.06G153700,WGD
Glyma.06G153800,WGD
Glyma.06G154000,WGD
Glyma.06G154100,WGD
Glyma.06G154166,WGD
Glyma.06G154300,WGD
Glyma.06G154400,WGD
Glyma.06G154500,WGD
Glyma.06G154600,WGD
Glyma.06G154800,WGD
Glyma.06G155000,WGD
Glyma.06G155132,WGD
Glyma.06G155200,WGD
Glyma.06G155300,WGD
Glyma.06G155400,WGD
Glyma.06G155500,WGD
Glyma.06G155700,WGD
Glyma.06G155800,WGD
Glyma.06G155900,WGD
Glyma.06G156000,WGD
Glyma.06G156100,WGD
Glyma.06G156200,WGD
Glyma.06G156300,WGD
Glyma.06G156400,WGD
Glyma.06G156500,WGD
Glyma.06G156600,WGD
Glyma.06G156902,WGD
Glyma.06G157000,WGD
Glyma.06G157200,WGD
Glyma.06G157300,WGD
Glyma.06G157400,WGD
Glyma.06G157500,WGD
Glyma.06G157600,WGD
Glyma.06G157800,WGD
Glyma.06G157950,WGD
Glyma.06G158000,WGD
Glyma.06G158100,WGD
Glyma.06G158200,WGD
Glyma.06G158300,WGD
Glyma.06G158400,WGD
Glyma.06G158532,WGD
Glyma.06G158700,WGD
Glyma.06G158800,WGD
Glyma.06G158900,WGD
Glyma.06G159000,WGD
Glyma.06G159100,WGD
Glyma.06G159200,WGD
Glyma.06G159400,WGD
Glyma.06G159500,WGD
Glyma.06G159600,WGD
Glyma.06G159700,WGD
Glyma.06G159800,WGD
Glyma.06G159900,WGD
Glyma.06G160000,WGD
Glyma.06G160100,WGD
Glyma.06G160200,WGD
Glyma.06G160300,WGD
Glyma.06G160500,WGD
Glyma.06G160600,WGD
Glyma.06G160800,WGD
Glyma.06G160900,WGD
Glyma.06G161000,WGD
Glyma.06G161100,WGD
Glyma.06G161200,WGD
Glyma.06G161300,WGD
Glyma.06G161400,WGD
Glyma.06G161600,WGD
Glyma.06G161700,WGD
Glyma.06G161900,WGD
Glyma.06G162100,WGD
Glyma.06G162200,WGD
Glyma.06G162300,WGD
Glyma.06G162400,WGD
Glyma.06G162500,WGD
Glyma.06G162600,WGD
Glyma.06G162700,WGD
Glyma.06G162800,WGD
Glyma.06G162900,WGD
Glyma.06G163000,WGD
Glyma.06G163100,WGD
Glyma.06G163300,WGD
Glyma.06G163500,WGD
Glyma.06G163600,WGD
Glyma.06G163700,WGD
Glyma.06G163800,WGD
Glyma.06G163900,WGD
Glyma.06G164300,WGD
Glyma.06G164400,WGD
Glyma.06G164500,WGD
Glyma.06G164667,WGD
Glyma.06G164800,WGD
Glyma.06G164900,WGD
Glyma.06G165000,WGD
Glyma.06G165200,WGD
Glyma.06G165302,WGD
Glyma.06G165400,WGD
Glyma.06G165500,WGD
Glyma.06G165602,WGD
Glyma.06G165700,WGD
Glyma.06G165800,WGD
Glyma.06G166000,WGD
Glyma.06G166100,WGD
Glyma.06G166200,WGD
Glyma.06G166300,WGD
Glyma.06G166500,WGD
Glyma.06G166600,WGD
Glyma.06G166700,WGD
Glyma.06G166800,WGD
Glyma.06G166900,WGD
Glyma.06G167000,WGD
Glyma.06G167300,WGD
Glyma.06G167500,WGD
Glyma.06G167600,WGD
Glyma.06G167700,WGD
Glyma.06G167800,WGD
Glyma.06G167900,WGD
Glyma.06G168000,WGD
Glyma.06G168300,WGD
Glyma.06G168400,WGD
Glyma.06G168600,WGD
Glyma.06G168700,WGD
Glyma.06G169000,WGD
Glyma.06G169100,WGD
Glyma.06G169200,WGD
Glyma.06G169300,WGD
Glyma.06G169400,WGD
Glyma.06G169500,WGD
Glyma.06G169600,WGD
Glyma.06G169700,WGD
Glyma.06G169800,WGD
Glyma.06G169900,WGD
Glyma.06G170100,WGD
Glyma.06G170300,WGD
Glyma.06G170500,WGD
Glyma.06G170600,WGD
Glyma.06G170700,WGD
Glyma.06G170800,WGD
Glyma.06G170900,WGD
Glyma.06G171000,WGD
Glyma.06G171150,WGD
Glyma.06G171200,WGD
Glyma.06G171400,WGD
Glyma.06G171500,WGD
Glyma.06G171700,WGD
Glyma.06G171800,WGD
Glyma.06G171900,WGD
Glyma.06G172000,WGD
Glyma.06G172100,WGD
Glyma.06G172200,WGD
Glyma.06G172300,WGD
Glyma.06G172400,WGD
Glyma.06G172500,WGD
Glyma.06G172551,WGD
Glyma.06G172900,WGD
Glyma.06G173000,WGD
Glyma.06G173067,WGD
Glyma.06G173200,WGD
Glyma.06G173300,WGD
Glyma.06G173500,WGD
Glyma.06G173700,WGD
Glyma.06G173800,WGD
Glyma.06G174100,WGD
Glyma.06G174200,WGD
Glyma.06G174300,WGD
Glyma.06G174400,WGD
Glyma.06G174600,WGD
Glyma.06G174700,WGD
Glyma.06G174800,WGD
Glyma.06G174900,WGD
Glyma.06G175100,WGD
Glyma.06G175200,WGD
Glyma.06G175300,WGD
Glyma.06G175400,WGD
Glyma.06G175466,WGD
Glyma.06G175700,WGD
Glyma.06G175900,WGD
Glyma.06G176000,WGD
Glyma.06G176100,WGD
Glyma.06G176300,WGD
Glyma.06G176400,WGD
Glyma.06G176600,WGD
Glyma.06G176700,WGD
Glyma.06G176800,WGD
Glyma.06G176900,WGD
Glyma.06G177000,WGD
Glyma.06G177400,WGD
Glyma.06G177700,WGD
Glyma.06G177800,WGD
Glyma.06G177900,WGD
Glyma.06G178000,WGD
Glyma.06G178200,WGD
Glyma.06G178300,WGD
Glyma.06G178400,WGD
Glyma.06G178500,WGD
Glyma.06G178600,WGD
Glyma.06G178700,WGD
Glyma.06G178900,WGD
Glyma.06G179000,WGD
Glyma.06G179100,WGD
Glyma.06G179200,WGD
Glyma.06G179301,WGD
Glyma.06G179400,WGD
Glyma.06G179800,WGD
Glyma.06G179933,WGD
Glyma.06G180000,WGD
Glyma.06G180100,WGD
Glyma.06G180300,WGD
Glyma.06G180400,WGD
Glyma.06G180500,WGD
Glyma.06G180600,WGD
Glyma.06G181100,WGD
Glyma.06G181400,WGD
Glyma.06G181500,WGD
Glyma.06G181600,WGD
Glyma.06G181800,WGD
Glyma.06G181900,WGD
Glyma.06G182000,WGD
Glyma.06G182100,WGD
Glyma.06G182200,WGD
Glyma.06G182500,WGD
Glyma.06G182600,WGD
Glyma.06G182700,WGD
Glyma.06G182800,WGD
Glyma.06G182900,WGD
Glyma.06G183000,WGD
Glyma.06G183100,WGD
Glyma.06G183300,WGD
Glyma.06G183400,WGD
Glyma.06G183500,WGD
Glyma.06G183600,WGD
Glyma.06G183700,WGD
Glyma.06G183800,WGD
Glyma.06G183900,WGD
Glyma.06G184000,WGD
Glyma.06G184100,WGD
Glyma.06G184200,WGD
Glyma.06G184300,WGD
Glyma.06G184500,WGD
Glyma.06G184600,WGD
Glyma.06G184800,WGD
Glyma.06G184900,WGD
Glyma.06G185000,WGD
Glyma.06G185100,WGD
Glyma.06G185200,WGD
Glyma.06G185300,WGD
Glyma.06G185400,WGD
Glyma.06G185600,WGD
Glyma.06G185800,WGD
Glyma.06G185900,WGD
Glyma.06G186200,WGD
Glyma.06G186300,WGD
Glyma.06G186400,WGD
Glyma.06G186800,WGD
Glyma.06G186900,WGD
Glyma.06G187000,WGD
Glyma.06G187100,WGD
Glyma.06G187200,WGD
Glyma.06G187500,WGD
Glyma.06G187600,WGD
Glyma.06G187800,WGD
Glyma.06G187900,WGD
Glyma.06G188000,WGD
Glyma.06G188100,WGD
Glyma.06G188300,WGD
Glyma.06G188400,WGD
Glyma.06G188500,WGD
Glyma.06G188600,WGD
Glyma.06G188900,WGD
Glyma.06G189000,WGD
Glyma.06G189100,WGD
Glyma.06G189400,WGD
Glyma.06G189500,WGD
Glyma.06G189600,WGD
Glyma.06G189700,WGD
Glyma.06G189900,WGD
Glyma.06G190000,WGD
Glyma.06G190100,WGD
Glyma.06G190200,WGD
Glyma.06G190300,WGD
Glyma.06G190400,WGD
Glyma.06G190500,WGD
Glyma.06G190600,WGD
Glyma.06G190800,WGD
Glyma.06G190900,WGD
Glyma.06G191000,WGD
Glyma.06G191200,WGD
Glyma.06G191300,WGD
Glyma.06G191400,WGD
Glyma.06G191500,WGD
Glyma.06G191800,WGD
Glyma.06G191900,WGD
Glyma.06G192100,WGD
Glyma.06G192200,WGD
Glyma.06G192300,WGD
Glyma.06G192500,WGD
Glyma.06G192600,WGD
Glyma.06G192700,WGD
Glyma.06G192800,WGD
Glyma.06G193000,WGD
Glyma.06G193133,WGD
Glyma.06G193200,WGD
Glyma.06G193302,WGD
Glyma.06G193600,WGD
Glyma.06G193800,WGD
Glyma.06G193900,WGD
Glyma.06G194000,WGD
Glyma.06G194100,WGD
Glyma.06G194200,WGD
Glyma.06G194300,WGD
Glyma.06G194500,WGD
Glyma.06G194600,WGD
Glyma.06G194800,WGD
Glyma.06G194900,WGD
Glyma.06G195000,WGD
Glyma.06G195100,WGD
Glyma.06G195200,WGD
Glyma.06G195300,WGD
Glyma.06G195500,WGD
Glyma.06G195600,WGD
Glyma.06G195800,WGD
Glyma.06G195900,WGD
Glyma.06G196000,WGD
Glyma.06G196200,WGD
Glyma.06G196300,WGD
Glyma.06G196400,WGD
Glyma.06G196600,WGD
Glyma.06G196700,WGD
Glyma.06G196800,WGD
Glyma.06G196900,WGD
Glyma.06G197600,WGD
Glyma.06G197800,WGD
Glyma.06G198000,WGD
Glyma.06G198100,WGD
Glyma.06G199700,WGD
Glyma.06G199900,WGD
Glyma.06G200000,WGD
Glyma.06G200100,WGD
Glyma.06G201200,WGD
Glyma.06G201500,WGD
Glyma.06G201600,WGD
Glyma.06G202000,WGD
Glyma.06G202100,WGD
Glyma.06G202200,WGD
Glyma.06G202300,WGD
Glyma.06G202600,WGD
Glyma.06G202900,WGD
Glyma.06G203200,WGD
Glyma.06G203300,WGD
Glyma.06G203700,WGD
Glyma.06G203900,WGD
Glyma.06G204000,WGD
Glyma.06G204100,WGD
Glyma.06G204200,WGD
Glyma.06G204300,WGD
Glyma.06G204400,WGD
Glyma.06G204500,WGD
Glyma.06G204600,WGD
Glyma.06G204800,WGD
Glyma.06G205000,WGD
Glyma.06G205400,WGD
Glyma.06G205500,WGD
Glyma.06G205600,WGD
Glyma.06G205800,WGD
Glyma.06G205900,WGD
Glyma.06G206200,WGD
Glyma.06G206400,WGD
Glyma.06G206600,WGD
Glyma.06G206800,WGD
Glyma.06G206900,WGD
Glyma.06G207100,WGD
Glyma.06G207300,WGD
Glyma.06G207600,WGD
Glyma.06G207800,WGD
Glyma.06G208000,WGD
Glyma.06G208200,WGD
Glyma.06G208401,WGD
Glyma.06G208800,WGD
Glyma.06G208900,WGD
Glyma.06G209000,WGD
Glyma.06G209100,WGD
Glyma.06G209400,WGD
Glyma.06G209600,WGD
Glyma.06G209700,WGD
Glyma.06G209900,WGD
Glyma.06G210200,WGD
Glyma.06G210400,WGD
Glyma.06G210600,WGD
Glyma.06G210800,WGD
Glyma.06G210900,WGD
Glyma.06G211200,WGD
Glyma.06G211300,WGD
Glyma.06G211400,WGD
Glyma.06G211600,WGD
Glyma.06G213000,WGD
Glyma.06G213100,WGD
Glyma.06G213300,WGD
Glyma.06G213400,WGD
Glyma.06G214800,WGD
Glyma.06G214900,WGD
Glyma.06G215200,WGD
Glyma.06G215600,WGD
Glyma.06G216400,WGD
Glyma.06G216500,WGD
Glyma.06G216600,WGD
Glyma.06G216700,WGD
Glyma.06G216800,WGD
Glyma.06G217000,WGD
Glyma.06G217400,WGD
Glyma.06G217600,WGD
Glyma.06G218100,WGD
Glyma.06G218900,WGD
Glyma.06G219600,WGD
Glyma.06G219800,WGD
Glyma.06G220500,WGD
Glyma.06G221400,WGD
Glyma.06G221600,WGD
Glyma.06G223400,WGD
Glyma.06G223500,WGD
Glyma.06G223600,WGD
Glyma.06G225000,WGD
Glyma.06G225100,WGD
Glyma.06G225200,WGD
Glyma.06G225700,WGD
Glyma.06G225800,WGD
Glyma.06G226700,WGD
Glyma.06G227200,WGD
Glyma.06G227500,WGD
Glyma.06G228800,WGD
Glyma.06G228900,WGD
Glyma.06G229100,WGD
Glyma.06G229400,WGD
Glyma.06G229700,WGD
Glyma.06G229900,WGD
Glyma.06G230300,WGD
Glyma.06G230400,WGD
Glyma.06G230600,WGD
Glyma.06G230800,WGD
Glyma.06G231000,WGD
Glyma.06G231500,WGD
Glyma.06G231750,WGD
Glyma.06G232300,WGD
Glyma.06G232400,WGD
Glyma.06G232600,WGD
Glyma.06G233300,WGD
Glyma.06G233600,WGD
Glyma.06G234050,WGD
Glyma.06G234300,WGD
Glyma.06G234700,WGD
Glyma.06G235100,WGD
Glyma.06G235200,WGD
Glyma.06G235500,WGD
Glyma.06G236000,WGD
Glyma.06G236100,WGD
Glyma.06G236200,WGD
Glyma.06G236400,WGD
Glyma.06G237900,WGD
Glyma.06G238000,WGD
Glyma.06G238100,WGD
Glyma.06G238200,WGD
Glyma.06G238300,WGD
Glyma.06G238400,WGD
Glyma.06G238700,WGD
Glyma.06G239500,WGD
Glyma.06G240100,WGD
Glyma.06G240300,WGD
Glyma.06G240500,WGD
Glyma.06G240700,WGD
Glyma.06G242100,WGD
Glyma.06G242600,WGD
Glyma.06G242700,WGD
Glyma.06G242800,WGD
Glyma.06G242900,WGD
Glyma.06G243300,WGD
Glyma.06G244800,WGD
Glyma.06G244900,WGD
Glyma.06G245100,WGD
Glyma.06G245200,WGD
Glyma.06G246300,WGD
Glyma.06G246400,WGD
Glyma.06G246600,WGD
Glyma.06G246700,WGD
Glyma.06G246800,WGD
Glyma.06G247100,WGD
Glyma.06G247200,WGD
Glyma.06G247702,WGD
Glyma.06G248400,WGD
Glyma.06G248500,WGD
Glyma.06G248700,WGD
Glyma.06G248800,WGD
Glyma.06G248900,WGD
Glyma.06G249100,WGD
Glyma.06G249202,WGD
Glyma.06G249300,WGD
Glyma.06G249400,WGD
Glyma.06G249500,WGD
Glyma.06G249600,WGD
Glyma.06G249700,WGD
Glyma.06G253602,WGD
Glyma.06G253700,WGD
Glyma.06G253800,WGD
Glyma.06G253900,WGD
Glyma.06G254000,WGD
Glyma.06G254100,WGD
Glyma.06G254200,WGD
Glyma.06G254500,WGD
Glyma.06G254600,WGD
Glyma.06G254900,WGD
Glyma.06G255000,WGD
Glyma.06G255200,WGD
Glyma.06G255400,WGD
Glyma.06G255700,WGD
Glyma.06G255900,WGD
Glyma.06G256400,WGD
Glyma.06G256500,WGD
Glyma.06G256600,WGD
Glyma.06G256700,WGD
Glyma.06G257000,WGD
Glyma.06G258000,WGD
Glyma.06G258200,WGD
Glyma.06G258400,WGD
Glyma.06G259200,WGD
Glyma.06G260000,WGD
Glyma.06G260400,WGD
Glyma.06G260700,WGD
Glyma.06G260800,WGD
Glyma.06G260900,WGD
Glyma.06G261800,WGD
Glyma.06G261900,WGD
Glyma.06G262800,WGD
Glyma.06G262900,WGD
Glyma.06G263200,WGD
Glyma.06G263300,WGD
Glyma.06G263400,WGD
Glyma.06G263500,WGD
Glyma.06G264650,WGD
Glyma.06G265500,WGD
Glyma.06G265600,WGD
Glyma.06G265700,WGD
Glyma.06G265800,WGD
Glyma.06G266000,WGD
Glyma.06G266500,WGD
Glyma.06G266700,WGD
Glyma.06G266800,WGD
Glyma.06G266900,WGD
Glyma.06G267000,WGD
Glyma.06G268800,WGD
Glyma.06G269200,WGD
Glyma.06G269300,WGD
Glyma.06G269400,WGD
Glyma.06G269500,WGD
Glyma.06G269700,WGD
Glyma.06G269900,WGD
Glyma.06G270000,WGD
Glyma.06G270200,WGD
Glyma.06G270500,WGD
Glyma.06G270600,WGD
Glyma.06G270700,WGD
Glyma.06G271200,WGD
Glyma.06G271500,WGD
Glyma.06G271600,WGD
Glyma.06G272200,WGD
Glyma.06G272400,WGD
Glyma.06G272600,WGD
Glyma.06G274100,WGD
Glyma.06G275300,WGD
Glyma.06G275400,WGD
Glyma.06G275500,WGD
Glyma.06G275600,WGD
Glyma.06G275800,WGD
Glyma.06G275900,WGD
Glyma.06G276000,WGD
Glyma.06G276100,WGD
Glyma.06G276200,WGD
Glyma.06G276400,WGD
Glyma.06G276800,WGD
Glyma.06G276900,WGD
Glyma.06G277000,WGD
Glyma.06G277300,WGD
Glyma.06G277400,WGD
Glyma.06G277500,WGD
Glyma.06G277700,WGD
Glyma.06G277900,WGD
Glyma.06G278000,WGD
Glyma.06G278200,WGD
Glyma.06G278300,WGD
Glyma.06G278400,WGD
Glyma.06G278500,WGD
Glyma.06G278600,WGD
Glyma.06G278700,WGD
Glyma.06G278800,WGD
Glyma.06G278900,WGD
Glyma.06G279300,WGD
Glyma.06G279400,WGD
Glyma.06G279500,WGD
Glyma.06G279600,WGD
Glyma.06G279900,WGD
Glyma.06G280400,WGD
Glyma.06G280800,WGD
Glyma.06G281100,WGD
Glyma.06G281200,WGD
Glyma.06G281500,WGD
Glyma.06G281600,WGD
Glyma.06G281700,WGD
Glyma.06G281800,WGD
Glyma.06G281900,WGD
Glyma.06G282200,WGD
Glyma.06G282400,WGD
Glyma.06G282500,WGD
Glyma.06G282600,WGD
Glyma.06G282700,WGD
Glyma.06G282900,WGD
Glyma.06G283000,WGD
Glyma.06G283100,WGD
Glyma.06G283200,WGD
Glyma.06G283300,WGD
Glyma.06G283400,WGD
Glyma.06G283800,WGD
Glyma.06G284000,WGD
Glyma.06G284100,WGD
Glyma.06G284300,WGD
Glyma.06G284400,WGD
Glyma.06G284500,WGD
Glyma.06G284600,WGD
Glyma.06G284700,WGD
Glyma.06G284801,WGD
Glyma.06G284900,WGD
Glyma.06G285000,WGD
Glyma.06G285100,WGD
Glyma.06G285200,WGD
Glyma.06G285300,WGD
Glyma.06G285400,WGD
Glyma.06G285700,WGD
Glyma.06G285800,WGD
Glyma.06G285900,WGD
Glyma.06G286100,WGD
Glyma.06G286200,WGD
Glyma.06G286800,WGD
Glyma.06G287000,WGD
Glyma.06G287100,WGD
Glyma.06G287200,WGD
Glyma.06G288500,WGD
Glyma.06G288600,WGD
Glyma.06G288800,WGD
Glyma.06G288900,WGD
Glyma.06G289000,WGD
Glyma.06G289200,WGD
Glyma.06G289300,WGD
Glyma.06G289400,WGD
Glyma.06G289500,WGD
Glyma.06G289600,WGD
Glyma.06G289700,WGD
Glyma.06G289900,WGD
Glyma.06G290000,WGD
Glyma.06G290100,WGD
Glyma.06G290300,WGD
Glyma.06G290400,WGD
Glyma.06G290500,WGD
Glyma.06G290600,WGD
Glyma.06G290700,WGD
Glyma.06G290800,WGD
Glyma.06G291000,WGD
Glyma.06G291400,WGD
Glyma.06G291600,WGD
Glyma.06G291900,WGD
Glyma.06G292100,WGD
Glyma.06G292200,WGD
Glyma.06G292300,WGD
Glyma.06G292400,WGD
Glyma.06G292500,WGD
Glyma.06G292800,WGD
Glyma.06G292900,WGD
Glyma.06G293200,WGD
Glyma.06G293300,WGD
Glyma.06G293350,WGD
Glyma.06G293400,WGD
Glyma.06G293450,WGD
Glyma.06G293500,WGD
Glyma.06G293600,WGD
Glyma.06G293700,WGD
Glyma.06G293900,WGD
Glyma.06G294500,WGD
Glyma.06G294600,WGD
Glyma.06G294850,WGD
Glyma.06G295000,WGD
Glyma.06G295200,WGD
Glyma.06G295300,WGD
Glyma.06G295400,WGD
Glyma.06G295700,WGD
Glyma.06G296000,WGD
Glyma.06G296102,WGD
Glyma.06G296200,WGD
Glyma.06G296300,WGD
Glyma.06G296400,WGD
Glyma.06G296800,WGD
Glyma.06G296900,WGD
Glyma.06G297000,WGD
Glyma.06G297100,WGD
Glyma.06G297300,WGD
Glyma.06G297400,WGD
Glyma.06G297500,WGD
Glyma.06G297900,WGD
Glyma.06G298000,WGD
Glyma.06G298100,WGD
Glyma.06G298300,WGD
Glyma.06G298400,WGD
Glyma.06G298500,WGD
Glyma.06G298700,WGD
Glyma.06G298900,WGD
Glyma.06G299100,WGD
Glyma.06G299200,WGD
Glyma.06G299300,WGD
Glyma.06G299400,WGD
Glyma.06G299600,WGD
Glyma.06G299700,WGD
Glyma.06G299900,WGD
Glyma.06G300100,WGD
Glyma.06G300200,WGD
Glyma.06G300500,WGD
Glyma.06G300600,WGD
Glyma.06G300700,WGD
Glyma.06G300800,WGD
Glyma.06G300900,WGD
Glyma.06G301000,WGD
Glyma.06G301200,WGD
Glyma.06G301300,WGD
Glyma.06G301500,WGD
Glyma.06G301550,WGD
Glyma.06G301700,WGD
Glyma.06G301800,WGD
Glyma.06G301900,WGD
Glyma.06G302100,WGD
Glyma.06G302200,WGD
Glyma.06G303100,WGD
Glyma.06G303200,WGD
Glyma.06G303300,WGD
Glyma.06G303502,WGD
Glyma.06G303600,WGD
Glyma.06G303700,WGD
Glyma.06G303800,WGD
Glyma.06G304001,WGD
Glyma.06G304900,WGD
Glyma.06G305000,WGD
Glyma.06G305200,WGD
Glyma.06G305300,WGD
Glyma.06G305400,WGD
Glyma.06G305600,WGD
Glyma.06G305700,WGD
Glyma.06G305800,WGD
Glyma.06G305900,WGD
Glyma.06G306000,WGD
Glyma.06G306300,WGD
Glyma.06G306500,WGD
Glyma.06G306700,WGD
Glyma.06G306750,WGD
Glyma.06G307000,WGD
Glyma.06G307100,WGD
Glyma.06G307200,WGD
Glyma.06G307300,WGD
Glyma.06G307500,WGD
Glyma.06G307600,WGD
Glyma.06G307700,WGD
Glyma.06G307800,WGD
Glyma.06G307900,WGD
Glyma.06G308000,WGD
Glyma.06G308100,WGD
Glyma.06G308200,WGD
Glyma.06G308300,WGD
Glyma.06G308400,WGD
Glyma.06G308600,WGD
Glyma.06G308700,WGD
Glyma.06G308800,WGD
Glyma.06G308900,WGD
Glyma.06G309000,WGD
Glyma.06G309100,WGD
Glyma.06G309200,WGD
Glyma.06G309300,WGD
Glyma.06G310100,WGD
Glyma.06G310300,WGD
Glyma.06G310400,WGD
Glyma.06G310500,WGD
Glyma.06G310600,WGD
Glyma.06G310700,WGD
Glyma.06G311400,WGD
Glyma.06G311500,WGD
Glyma.06G311600,WGD
Glyma.06G311800,WGD
Glyma.06G312000,WGD
Glyma.06G312200,WGD
Glyma.06G312300,WGD
Glyma.06G312400,WGD
Glyma.06G312500,WGD
Glyma.06G312600,WGD
Glyma.06G312800,WGD
Glyma.06G312900,WGD
Glyma.06G313000,WGD
Glyma.06G313400,WGD
Glyma.06G313500,WGD
Glyma.06G313600,WGD
Glyma.06G313800,WGD
Glyma.06G314100,WGD
Glyma.06G314200,WGD
Glyma.06G314300,WGD
Glyma.06G314400,WGD
Glyma.06G314700,WGD
Glyma.06G314900,WGD
Glyma.06G315000,WGD
Glyma.06G315100,WGD
Glyma.06G315700,WGD
Glyma.06G316200,WGD
Glyma.06G316400,WGD
Glyma.06G316600,WGD
Glyma.06G316900,WGD
Glyma.06G317000,WGD
Glyma.06G317500,WGD
Glyma.06G317600,WGD
Glyma.06G317700,WGD
Glyma.06G317800,WGD
Glyma.06G317900,WGD
Glyma.06G318000,WGD
Glyma.06G318100,WGD
Glyma.06G318200,WGD
Glyma.06G318400,WGD
Glyma.06G318800,WGD
Glyma.06G318900,WGD
Glyma.06G319050,WGD
Glyma.06G319200,WGD
Glyma.06G319300,WGD
Glyma.06G319900,WGD
Glyma.06G320100,WGD
Glyma.06G320200,WGD
Glyma.06G320400,WGD
Glyma.06G320500,WGD
Glyma.06G320600,WGD
Glyma.06G320700,WGD
Glyma.06G320800,WGD
Glyma.06G320900,WGD
Glyma.06G321000,WGD
Glyma.06G321200,WGD
Glyma.06G321400,WGD
Glyma.06G321500,WGD
Glyma.06G321700,WGD
Glyma.06G321800,WGD
Glyma.06G321900,WGD
Glyma.06G322000,WGD
Glyma.06G322200,WGD
Glyma.06G322300,WGD
Glyma.06G322600,WGD
Glyma.06G322700,WGD
Glyma.06G322800,WGD
Glyma.06G323100,WGD
Glyma.06G323400,WGD
Glyma.06G323500,WGD
Glyma.06G323600,WGD
Glyma.06G323700,WGD
Glyma.06G323800,WGD
Glyma.06G323900,WGD
Glyma.06G324400,WGD
Glyma.06G324500,WGD
Glyma.06G324600,WGD
Glyma.06G324700,WGD
Glyma.06G324800,WGD
Glyma.06G324900,WGD
Glyma.06G325100,WGD
Glyma.06G325200,WGD
Glyma.06G325300,WGD
Glyma.07G000400,WGD
Glyma.07G000500,WGD
Glyma.07G000800,WGD
Glyma.07G000900,WGD
Glyma.07G001000,WGD
Glyma.07G001132,WGD
Glyma.07G001300,WGD
Glyma.07G001500,WGD
Glyma.07G001600,WGD
Glyma.07G001700,WGD
Glyma.07G001800,WGD
Glyma.07G002000,WGD
Glyma.07G002100,WGD
Glyma.07G002200,WGD
Glyma.07G002300,WGD
Glyma.07G002500,WGD
Glyma.07G002600,WGD
Glyma.07G002700,WGD
Glyma.07G002800,WGD
Glyma.07G002900,WGD
Glyma.07G003000,WGD
Glyma.07G003200,WGD
Glyma.07G003400,WGD
Glyma.07G003500,WGD
Glyma.07G003600,WGD
Glyma.07G003700,WGD
Glyma.07G003800,WGD
Glyma.07G003900,WGD
Glyma.07G004000,WGD
Glyma.07G004100,WGD
Glyma.07G004200,WGD
Glyma.07G004300,WGD
Glyma.07G004800,WGD
Glyma.07G004900,WGD
Glyma.07G005100,WGD
Glyma.07G005200,WGD
Glyma.07G005300,WGD
Glyma.07G005500,WGD
Glyma.07G005600,WGD
Glyma.07G005901,WGD
Glyma.07G006000,WGD
Glyma.07G006100,WGD
Glyma.07G006200,WGD
Glyma.07G006300,WGD
Glyma.07G006400,WGD
Glyma.07G006500,WGD
Glyma.07G006600,WGD
Glyma.07G006750,WGD
Glyma.07G006900,WGD
Glyma.07G007102,WGD
Glyma.07G007200,WGD
Glyma.07G007300,WGD
Glyma.07G007400,WGD
Glyma.07G007500,WGD
Glyma.07G007600,WGD
Glyma.07G007700,WGD
Glyma.07G007800,WGD
Glyma.07G008100,WGD
Glyma.07G008200,WGD
Glyma.07G008300,WGD
Glyma.07G008400,WGD
Glyma.07G008500,WGD
Glyma.07G008600,WGD
Glyma.07G008700,WGD
Glyma.07G008800,WGD
Glyma.07G008900,WGD
Glyma.07G009000,WGD
Glyma.07G009100,WGD
Glyma.07G009200,WGD
Glyma.07G009300,WGD
Glyma.07G009500,WGD
Glyma.07G009600,WGD
Glyma.07G009700,WGD
Glyma.07G009800,WGD
Glyma.07G009900,WGD
Glyma.07G010200,WGD
Glyma.07G010300,WGD
Glyma.07G010400,WGD
Glyma.07G010500,WGD
Glyma.07G010600,WGD
Glyma.07G010700,WGD
Glyma.07G010800,WGD
Glyma.07G010900,WGD
Glyma.07G011000,WGD
Glyma.07G011100,WGD
Glyma.07G011200,WGD
Glyma.07G011300,WGD
Glyma.07G011400,WGD
Glyma.07G011700,WGD
Glyma.07G011800,WGD
Glyma.07G012000,WGD
Glyma.07G012100,WGD
Glyma.07G012300,WGD
Glyma.07G012400,WGD
Glyma.07G012500,WGD
Glyma.07G012600,WGD
Glyma.07G012700,WGD
Glyma.07G012800,WGD
Glyma.07G012900,WGD
Glyma.07G013000,WGD
Glyma.07G013300,WGD
Glyma.07G013400,WGD
Glyma.07G013500,WGD
Glyma.07G013600,WGD
Glyma.07G013700,WGD
Glyma.07G013800,WGD
Glyma.07G013900,WGD
Glyma.07G014100,WGD
Glyma.07G014300,WGD
Glyma.07G014400,WGD
Glyma.07G014500,WGD
Glyma.07G014700,WGD
Glyma.07G014800,WGD
Glyma.07G015000,WGD
Glyma.07G015102,WGD
Glyma.07G015200,WGD
Glyma.07G015300,WGD
Glyma.07G015400,WGD
Glyma.07G015500,WGD
Glyma.07G015600,WGD
Glyma.07G015732,WGD
Glyma.07G015800,WGD
Glyma.07G015900,WGD
Glyma.07G016000,WGD
Glyma.07G016100,WGD
Glyma.07G016300,WGD
Glyma.07G016400,WGD
Glyma.07G016500,WGD
Glyma.07G016800,WGD
Glyma.07G016900,WGD
Glyma.07G017300,WGD
Glyma.07G017400,WGD
Glyma.07G017500,WGD
Glyma.07G017600,WGD
Glyma.07G017700,WGD
Glyma.07G018000,WGD
Glyma.07G018100,WGD
Glyma.07G018200,WGD
Glyma.07G018300,WGD
Glyma.07G018400,WGD
Glyma.07G018500,WGD
Glyma.07G018600,WGD
Glyma.07G018700,WGD
Glyma.07G018800,WGD
Glyma.07G018900,WGD
Glyma.07G019000,WGD
Glyma.07G019100,WGD
Glyma.07G019200,WGD
Glyma.07G019300,WGD
Glyma.07G019400,WGD
Glyma.07G019500,WGD
Glyma.07G019700,WGD
Glyma.07G019800,WGD
Glyma.07G019900,WGD
Glyma.07G020000,WGD
Glyma.07G020100,WGD
Glyma.07G020200,WGD
Glyma.07G020300,WGD
Glyma.07G020400,WGD
Glyma.07G020500,WGD
Glyma.07G020600,WGD
Glyma.07G020700,WGD
Glyma.07G020800,WGD
Glyma.07G020900,WGD
Glyma.07G021000,WGD
Glyma.07G021200,WGD
Glyma.07G021300,WGD
Glyma.07G021400,WGD
Glyma.07G021500,WGD
Glyma.07G021600,WGD
Glyma.07G021700,WGD
Glyma.07G021800,WGD
Glyma.07G021900,WGD
Glyma.07G022200,WGD
Glyma.07G022300,WGD
Glyma.07G022500,WGD
Glyma.07G022602,WGD
Glyma.07G022700,WGD
Glyma.07G022800,WGD
Glyma.07G022900,WGD
Glyma.07G023000,WGD
Glyma.07G023100,WGD
Glyma.07G023300,WGD
Glyma.07G023400,WGD
Glyma.07G023500,WGD
Glyma.07G023600,WGD
Glyma.07G023700,WGD
Glyma.07G023800,WGD
Glyma.07G023900,WGD
Glyma.07G024000,WGD
Glyma.07G024100,WGD
Glyma.07G024400,WGD
Glyma.07G025100,WGD
Glyma.07G025300,WGD
Glyma.07G025400,WGD
Glyma.07G025532,WGD
Glyma.07G025600,WGD
Glyma.07G025700,WGD
Glyma.07G025800,WGD
Glyma.07G025900,WGD
Glyma.07G026100,WGD
Glyma.07G026300,WGD
Glyma.07G026500,WGD
Glyma.07G027000,WGD
Glyma.07G027100,WGD
Glyma.07G027200,WGD
Glyma.07G027300,WGD
Glyma.07G027400,WGD
Glyma.07G027500,WGD
Glyma.07G027751,WGD
Glyma.07G027800,WGD
Glyma.07G027900,WGD
Glyma.07G028000,WGD
Glyma.07G028300,WGD
Glyma.07G028400,WGD
Glyma.07G028500,WGD
Glyma.07G028600,WGD
Glyma.07G028700,WGD
Glyma.07G028800,WGD
Glyma.07G028900,WGD
Glyma.07G029000,WGD
Glyma.07G029100,WGD
Glyma.07G029200,WGD
Glyma.07G029300,WGD
Glyma.07G029400,WGD
Glyma.07G029500,WGD
Glyma.07G029600,WGD
Glyma.07G029800,WGD
Glyma.07G029900,WGD
Glyma.07G030000,WGD
Glyma.07G030100,WGD
Glyma.07G030300,WGD
Glyma.07G030400,WGD
Glyma.07G030500,WGD
Glyma.07G030600,WGD
Glyma.07G030700,WGD
Glyma.07G030800,WGD
Glyma.07G030900,WGD
Glyma.07G031000,WGD
Glyma.07G031100,WGD
Glyma.07G031200,WGD
Glyma.07G031300,WGD
Glyma.07G031400,WGD
Glyma.07G031500,WGD
Glyma.07G031600,WGD
Glyma.07G031700,WGD
Glyma.07G031800,WGD
Glyma.07G031900,WGD
Glyma.07G032000,WGD
Glyma.07G032100,WGD
Glyma.07G032200,WGD
Glyma.07G032300,WGD
Glyma.07G032500,WGD
Glyma.07G032600,WGD
Glyma.07G032700,WGD
Glyma.07G032800,WGD
Glyma.07G032900,WGD
Glyma.07G033000,WGD
Glyma.07G033100,WGD
Glyma.07G033200,WGD
Glyma.07G033300,WGD
Glyma.07G033400,WGD
Glyma.07G033500,WGD
Glyma.07G033600,WGD
Glyma.07G033700,WGD
Glyma.07G033800,WGD
Glyma.07G033900,WGD
Glyma.07G034000,WGD
Glyma.07G034100,WGD
Glyma.07G034200,WGD
Glyma.07G034300,WGD
Glyma.07G034400,WGD
Glyma.07G034500,WGD
Glyma.07G034600,WGD
Glyma.07G034700,WGD
Glyma.07G034800,WGD
Glyma.07G035000,WGD
Glyma.07G035300,WGD
Glyma.07G035500,WGD
Glyma.07G035600,WGD
Glyma.07G035800,WGD
Glyma.07G035900,WGD
Glyma.07G036000,WGD
Glyma.07G036100,WGD
Glyma.07G036200,WGD
Glyma.07G036300,WGD
Glyma.07G036400,WGD
Glyma.07G036500,WGD
Glyma.07G036600,WGD
Glyma.07G036700,WGD
Glyma.07G036800,WGD
Glyma.07G037000,WGD
Glyma.07G037100,WGD
Glyma.07G037200,WGD
Glyma.07G037300,WGD
Glyma.07G037400,WGD
Glyma.07G037600,WGD
Glyma.07G037700,WGD
Glyma.07G038000,WGD
Glyma.07G038100,WGD
Glyma.07G038200,WGD
Glyma.07G038300,WGD
Glyma.07G038400,WGD
Glyma.07G038500,WGD
Glyma.07G038700,WGD
Glyma.07G039300,WGD
Glyma.07G039400,WGD
Glyma.07G039600,WGD
Glyma.07G039700,WGD
Glyma.07G039800,WGD
Glyma.07G039900,WGD
Glyma.07G040000,WGD
Glyma.07G040100,WGD
Glyma.07G040200,WGD
Glyma.07G040300,WGD
Glyma.07G040400,WGD
Glyma.07G040500,WGD
Glyma.07G040600,WGD
Glyma.07G040700,WGD
Glyma.07G040800,WGD
Glyma.07G041000,WGD
Glyma.07G041100,WGD
Glyma.07G041200,WGD
Glyma.07G041400,WGD
Glyma.07G041500,WGD
Glyma.07G041700,WGD
Glyma.07G042100,WGD
Glyma.07G042400,WGD
Glyma.07G042500,WGD
Glyma.07G042600,WGD
Glyma.07G042700,WGD
Glyma.07G042800,WGD
Glyma.07G042900,WGD
Glyma.07G043000,WGD
Glyma.07G043100,WGD
Glyma.07G043200,WGD
Glyma.07G043400,WGD
Glyma.07G043500,WGD
Glyma.07G043600,WGD
Glyma.07G043700,WGD
Glyma.07G043800,WGD
Glyma.07G043900,WGD
Glyma.07G044100,WGD
Glyma.07G044200,WGD
Glyma.07G044300,WGD
Glyma.07G044400,WGD
Glyma.07G044500,WGD
Glyma.07G044800,WGD
Glyma.07G044900,WGD
Glyma.07G045100,WGD
Glyma.07G045300,WGD
Glyma.07G045400,WGD
Glyma.07G045500,WGD
Glyma.07G045600,WGD
Glyma.07G045700,WGD
Glyma.07G045800,WGD
Glyma.07G045900,WGD
Glyma.07G045967,WGD
Glyma.07G046033,WGD
Glyma.07G046100,WGD
Glyma.07G046150,WGD
Glyma.07G046200,WGD
Glyma.07G046300,WGD
Glyma.07G046400,WGD
Glyma.07G046500,WGD
Glyma.07G046600,WGD
Glyma.07G046700,WGD
Glyma.07G046800,WGD
Glyma.07G046900,WGD
Glyma.07G047200,WGD
Glyma.07G047300,WGD
Glyma.07G047400,WGD
Glyma.07G047500,WGD
Glyma.07G047600,WGD
Glyma.07G047700,WGD
Glyma.07G047800,WGD
Glyma.07G047900,WGD
Glyma.07G048200,WGD
Glyma.07G048300,WGD
Glyma.07G048400,WGD
Glyma.07G048500,WGD
Glyma.07G048600,WGD
Glyma.07G048702,WGD
Glyma.07G048800,WGD
Glyma.07G048900,WGD
Glyma.07G049000,WGD
Glyma.07G049100,WGD
Glyma.07G049200,WGD
Glyma.07G049300,WGD
Glyma.07G049400,WGD
Glyma.07G049500,WGD
Glyma.07G049600,WGD
Glyma.07G049700,WGD
Glyma.07G049900,WGD
Glyma.07G050000,WGD
Glyma.07G050100,WGD
Glyma.07G050200,WGD
Glyma.07G050300,WGD
Glyma.07G050600,WGD
Glyma.07G050700,WGD
Glyma.07G050800,WGD
Glyma.07G050900,WGD
Glyma.07G051000,WGD
Glyma.07G051200,WGD
Glyma.07G051300,WGD
Glyma.07G051500,WGD
Glyma.07G051600,WGD
Glyma.07G051700,WGD
Glyma.07G051800,WGD
Glyma.07G052100,WGD
Glyma.07G052300,WGD
Glyma.07G052400,WGD
Glyma.07G052500,WGD
Glyma.07G052566,WGD
Glyma.07G052700,WGD
Glyma.07G052800,WGD
Glyma.07G052900,WGD
Glyma.07G053002,WGD
Glyma.07G053100,WGD
Glyma.07G053200,WGD
Glyma.07G053300,WGD
Glyma.07G053500,WGD
Glyma.07G053600,WGD
Glyma.07G053900,WGD
Glyma.07G054000,WGD
Glyma.07G054500,WGD
Glyma.07G054600,WGD
Glyma.07G054700,WGD
Glyma.07G054800,WGD
Glyma.07G054900,WGD
Glyma.07G055000,WGD
Glyma.07G055200,WGD
Glyma.07G055300,WGD
Glyma.07G055366,WGD
Glyma.07G055500,WGD
Glyma.07G055600,WGD
Glyma.07G055700,WGD
Glyma.07G055800,WGD
Glyma.07G055900,WGD
Glyma.07G056000,WGD
Glyma.07G056100,WGD
Glyma.07G056200,WGD
Glyma.07G056300,WGD
Glyma.07G056400,WGD
Glyma.07G056500,WGD
Glyma.07G056600,WGD
Glyma.07G056700,WGD
Glyma.07G056800,WGD
Glyma.07G056900,WGD
Glyma.07G057000,WGD
Glyma.07G057200,WGD
Glyma.07G057300,WGD
Glyma.07G057400,WGD
Glyma.07G057502,WGD
Glyma.07G057600,WGD
Glyma.07G057700,WGD
Glyma.07G057800,WGD
Glyma.07G057900,WGD
Glyma.07G058100,WGD
Glyma.07G058200,WGD
Glyma.07G058400,WGD
Glyma.07G058700,WGD
Glyma.07G058800,WGD
Glyma.07G058900,WGD
Glyma.07G059200,WGD
Glyma.07G059300,WGD
Glyma.07G059400,WGD
Glyma.07G059600,WGD
Glyma.07G059700,WGD
Glyma.07G059800,WGD
Glyma.07G059900,WGD
Glyma.07G060300,WGD
Glyma.07G060400,WGD
Glyma.07G060500,WGD
Glyma.07G060600,WGD
Glyma.07G060700,WGD
Glyma.07G060800,WGD
Glyma.07G060900,WGD
Glyma.07G061000,WGD
Glyma.07G061200,WGD
Glyma.07G061300,WGD
Glyma.07G061500,WGD
Glyma.07G062100,WGD
Glyma.07G062200,WGD
Glyma.07G062300,WGD
Glyma.07G062500,WGD
Glyma.07G062600,WGD
Glyma.07G062701,WGD
Glyma.07G062800,WGD
Glyma.07G063300,WGD
Glyma.07G064600,WGD
Glyma.07G065700,WGD
Glyma.07G065800,WGD
Glyma.07G066000,WGD
Glyma.07G066100,WGD
Glyma.07G066500,WGD
Glyma.07G066600,WGD
Glyma.07G066800,WGD
Glyma.07G066900,WGD
Glyma.07G067100,WGD
Glyma.07G067200,WGD
Glyma.07G067400,WGD
Glyma.07G067500,WGD
Glyma.07G067700,WGD
Glyma.07G067800,WGD
Glyma.07G068000,WGD
Glyma.07G068200,WGD
Glyma.07G068300,WGD
Glyma.07G068400,WGD
Glyma.07G068700,WGD
Glyma.07G068750,WGD
Glyma.07G068900,WGD
Glyma.07G069000,WGD
Glyma.07G069150,WGD
Glyma.07G069300,WGD
Glyma.07G069400,WGD
Glyma.07G069500,WGD
Glyma.07G069600,WGD
Glyma.07G069700,WGD
Glyma.07G069800,WGD
Glyma.07G069900,WGD
Glyma.07G070300,WGD
Glyma.07G070400,WGD
Glyma.07G070500,WGD
Glyma.07G070600,WGD
Glyma.07G070700,WGD
Glyma.07G071000,WGD
Glyma.07G071100,WGD
Glyma.07G071300,WGD
Glyma.07G071400,WGD
Glyma.07G071800,WGD
Glyma.07G071900,WGD
Glyma.07G072100,WGD
Glyma.07G072300,WGD
Glyma.07G072500,WGD
Glyma.07G072600,WGD
Glyma.07G072700,WGD
Glyma.07G072800,WGD
Glyma.07G073000,WGD
Glyma.07G073100,WGD
Glyma.07G073200,WGD
Glyma.07G073300,WGD
Glyma.07G073400,WGD
Glyma.07G073600,WGD
Glyma.07G073700,WGD
Glyma.07G073800,WGD
Glyma.07G073900,WGD
Glyma.07G074100,WGD
Glyma.07G074700,WGD
Glyma.07G074800,WGD
Glyma.07G074900,WGD
Glyma.07G075000,WGD
Glyma.07G075100,WGD
Glyma.07G075200,WGD
Glyma.07G075300,WGD
Glyma.07G075400,WGD
Glyma.07G075550,WGD
Glyma.07G076000,WGD
Glyma.07G076100,WGD
Glyma.07G076200,WGD
Glyma.07G076300,WGD
Glyma.07G076500,WGD
Glyma.07G076700,WGD
Glyma.07G076800,WGD
Glyma.07G077000,WGD
Glyma.07G077100,WGD
Glyma.07G077400,WGD
Glyma.07G077600,WGD
Glyma.07G078100,WGD
Glyma.07G078200,WGD
Glyma.07G078300,WGD
Glyma.07G078600,WGD
Glyma.07G078800,WGD
Glyma.07G079000,WGD
Glyma.07G079500,WGD
Glyma.07G079600,WGD
Glyma.07G079700,WGD
Glyma.07G080100,WGD
Glyma.07G080200,WGD
Glyma.07G080300,WGD
Glyma.07G080400,WGD
Glyma.07G080500,WGD
Glyma.07G080800,WGD
Glyma.07G080900,WGD
Glyma.07G081300,WGD
Glyma.07G081400,WGD
Glyma.07G081500,WGD
Glyma.07G081600,WGD
Glyma.07G081700,WGD
Glyma.07G081800,WGD
Glyma.07G082200,WGD
Glyma.07G082400,WGD
Glyma.07G082600,WGD
Glyma.07G082700,WGD
Glyma.07G082800,WGD
Glyma.07G082900,WGD
Glyma.07G083000,WGD
Glyma.07G083100,WGD
Glyma.07G083200,WGD
Glyma.07G083500,WGD
Glyma.07G084000,WGD
Glyma.07G084100,WGD
Glyma.07G084200,WGD
Glyma.07G084300,WGD
Glyma.07G084400,WGD
Glyma.07G084500,WGD
Glyma.07G084600,WGD
Glyma.07G084700,WGD
Glyma.07G084800,WGD
Glyma.07G084900,WGD
Glyma.07G085000,WGD
Glyma.07G085100,WGD
Glyma.07G085200,WGD
Glyma.07G085300,WGD
Glyma.07G085400,WGD
Glyma.07G085500,WGD
Glyma.07G085600,WGD
Glyma.07G085700,WGD
Glyma.07G085800,WGD
Glyma.07G085900,WGD
Glyma.07G086000,WGD
Glyma.07G086100,WGD
Glyma.07G086200,WGD
Glyma.07G086400,WGD
Glyma.07G086500,WGD
Glyma.07G086600,WGD
Glyma.07G086700,WGD
Glyma.07G086800,WGD
Glyma.07G086900,WGD
Glyma.07G087000,WGD
Glyma.07G087100,WGD
Glyma.07G087200,WGD
Glyma.07G087300,WGD
Glyma.07G087400,WGD
Glyma.07G087500,WGD
Glyma.07G087700,WGD
Glyma.07G087900,WGD
Glyma.07G088200,WGD
Glyma.07G088400,WGD
Glyma.07G088500,WGD
Glyma.07G088600,WGD
Glyma.07G088900,WGD
Glyma.07G089000,WGD
Glyma.07G089100,WGD
Glyma.07G089200,WGD
Glyma.07G089300,WGD
Glyma.07G089400,WGD
Glyma.07G089600,WGD
Glyma.07G089700,WGD
Glyma.07G090000,WGD
Glyma.07G090100,WGD
Glyma.07G090300,WGD
Glyma.07G090400,WGD
Glyma.07G090500,WGD
Glyma.07G090700,WGD
Glyma.07G090800,WGD
Glyma.07G090900,WGD
Glyma.07G091000,WGD
Glyma.07G091166,WGD
Glyma.07G091400,WGD
Glyma.07G091500,WGD
Glyma.07G091800,WGD
Glyma.07G091900,WGD
Glyma.07G092000,WGD
Glyma.07G092100,WGD
Glyma.07G092300,WGD
Glyma.07G092400,WGD
Glyma.07G092500,WGD
Glyma.07G092600,WGD
Glyma.07G092700,WGD
Glyma.07G092800,WGD
Glyma.07G092900,WGD
Glyma.07G093100,WGD
Glyma.07G093400,WGD
Glyma.07G093600,WGD
Glyma.07G093700,WGD
Glyma.07G093800,WGD
Glyma.07G093900,WGD
Glyma.07G094100,WGD
Glyma.07G095000,WGD
Glyma.07G095200,WGD
Glyma.07G095601,WGD
Glyma.07G096000,WGD
Glyma.07G096100,WGD
Glyma.07G096367,WGD
Glyma.07G096433,WGD
Glyma.07G096500,WGD
Glyma.07G096700,WGD
Glyma.07G096800,WGD
Glyma.07G097100,WGD
Glyma.07G097200,WGD
Glyma.07G097301,WGD
Glyma.07G097400,WGD
Glyma.07G097700,WGD
Glyma.07G097800,WGD
Glyma.07G097900,WGD
Glyma.07G098000,WGD
Glyma.07G098500,WGD
Glyma.07G098700,WGD
Glyma.07G099400,WGD
Glyma.07G099500,WGD
Glyma.07G099600,WGD
Glyma.07G099700,WGD
Glyma.07G099800,WGD
Glyma.07G099900,WGD
Glyma.07G100200,WGD
Glyma.07G100400,WGD
Glyma.07G100500,WGD
Glyma.07G100700,WGD
Glyma.07G100800,WGD
Glyma.07G101000,WGD
Glyma.07G101100,WGD
Glyma.07G101400,WGD
Glyma.07G101600,WGD
Glyma.07G101800,WGD
Glyma.07G102100,WGD
Glyma.07G102200,WGD
Glyma.07G102400,WGD
Glyma.07G102500,WGD
Glyma.07G102600,WGD
Glyma.07G102700,WGD
Glyma.07G103000,WGD
Glyma.07G103100,WGD
Glyma.07G103200,WGD
Glyma.07G103300,WGD
Glyma.07G103400,WGD
Glyma.07G103500,WGD
Glyma.07G103600,WGD
Glyma.07G104200,WGD
Glyma.07G104300,WGD
Glyma.07G104500,WGD
Glyma.07G104700,WGD
Glyma.07G104800,WGD
Glyma.07G105400,WGD
Glyma.07G105700,WGD
Glyma.07G105900,WGD
Glyma.07G106000,WGD
Glyma.07G106100,WGD
Glyma.07G106300,WGD
Glyma.07G106600,WGD
Glyma.07G106800,WGD
Glyma.07G106900,WGD
Glyma.07G107100,WGD
Glyma.07G107200,WGD
Glyma.07G107300,WGD
Glyma.07G107500,WGD
Glyma.07G107600,WGD
Glyma.07G108600,WGD
Glyma.07G108700,WGD
Glyma.07G108900,WGD
Glyma.07G109000,WGD
Glyma.07G109200,WGD
Glyma.07G109400,WGD
Glyma.07G109500,WGD
Glyma.07G109600,WGD
Glyma.07G109700,WGD
Glyma.07G109900,WGD
Glyma.07G110000,WGD
Glyma.07G110200,WGD
Glyma.07G110500,WGD
Glyma.07G110700,WGD
Glyma.07G110900,WGD
Glyma.07G111300,WGD
Glyma.07G111900,WGD
Glyma.07G112000,WGD
Glyma.07G112100,WGD
Glyma.07G112400,WGD
Glyma.07G112500,WGD
Glyma.07G112600,WGD
Glyma.07G112800,WGD
Glyma.07G112900,WGD
Glyma.07G113000,WGD
Glyma.07G113100,WGD
Glyma.07G113400,WGD
Glyma.07G113500,WGD
Glyma.07G113800,WGD
Glyma.07G114000,WGD
Glyma.07G114200,WGD
Glyma.07G114300,WGD
Glyma.07G114400,WGD
Glyma.07G114600,WGD
Glyma.07G114801,WGD
Glyma.07G114900,WGD
Glyma.07G115000,WGD
Glyma.07G115900,WGD
Glyma.07G116000,WGD
Glyma.07G116300,WGD
Glyma.07G116500,WGD
Glyma.07G116700,WGD
Glyma.07G117000,WGD
Glyma.07G117300,WGD
Glyma.07G117400,WGD
Glyma.07G117500,WGD
Glyma.07G117700,WGD
Glyma.07G117800,WGD
Glyma.07G118132,WGD
Glyma.07G118200,WGD
Glyma.07G118501,WGD
Glyma.07G118800,WGD
Glyma.07G118900,WGD
Glyma.07G119000,WGD
Glyma.07G119100,WGD
Glyma.07G119200,WGD
Glyma.07G119300,WGD
Glyma.07G119400,WGD
Glyma.07G119500,WGD
Glyma.07G119700,WGD
Glyma.07G119800,WGD
Glyma.07G119900,WGD
Glyma.07G120300,WGD
Glyma.07G120400,WGD
Glyma.07G120500,WGD
Glyma.07G120800,WGD
Glyma.07G120900,WGD
Glyma.07G121000,WGD
Glyma.07G121300,WGD
Glyma.07G121500,WGD
Glyma.07G121900,WGD
Glyma.07G122000,WGD
Glyma.07G122300,WGD
Glyma.07G122400,WGD
Glyma.07G122500,WGD
Glyma.07G122800,WGD
Glyma.07G122900,WGD
Glyma.07G123100,WGD
Glyma.07G123200,WGD
Glyma.07G123500,WGD
Glyma.07G123600,WGD
Glyma.07G123900,WGD
Glyma.07G124100,WGD
Glyma.07G124200,WGD
Glyma.07G124300,WGD
Glyma.07G124400,WGD
Glyma.07G124500,WGD
Glyma.07G124600,WGD
Glyma.07G124900,WGD
Glyma.07G125100,WGD
Glyma.07G125200,WGD
Glyma.07G125300,WGD
Glyma.07G125500,WGD
Glyma.07G125600,WGD
Glyma.07G125700,WGD
Glyma.07G125800,WGD
Glyma.07G126000,WGD
Glyma.07G126400,WGD
Glyma.07G126600,WGD
Glyma.07G126800,WGD
Glyma.07G126900,WGD
Glyma.07G127100,WGD
Glyma.07G127200,WGD
Glyma.07G127300,WGD
Glyma.07G127500,WGD
Glyma.07G127800,WGD
Glyma.07G127900,WGD
Glyma.07G128000,WGD
Glyma.07G128100,WGD
Glyma.07G128200,WGD
Glyma.07G128300,WGD
Glyma.07G128400,WGD
Glyma.07G128500,WGD
Glyma.07G128600,WGD
Glyma.07G128700,WGD
Glyma.07G128800,WGD
Glyma.07G128900,WGD
Glyma.07G129000,WGD
Glyma.07G129100,WGD
Glyma.07G129200,WGD
Glyma.07G129300,WGD
Glyma.07G129500,WGD
Glyma.07G129600,WGD
Glyma.07G129700,WGD
Glyma.07G129800,WGD
Glyma.07G129900,WGD
Glyma.07G130100,WGD
Glyma.07G130300,WGD
Glyma.07G130400,WGD
Glyma.07G130500,WGD
Glyma.07G130700,WGD
Glyma.07G131000,WGD
Glyma.07G131100,WGD
Glyma.07G131200,WGD
Glyma.07G131300,WGD
Glyma.07G131800,WGD
Glyma.07G131900,WGD
Glyma.07G132000,WGD
Glyma.07G132100,WGD
Glyma.07G132200,WGD
Glyma.07G132300,WGD
Glyma.07G132400,WGD
Glyma.07G132500,WGD
Glyma.07G132600,WGD
Glyma.07G132800,WGD
Glyma.07G132900,WGD
Glyma.07G133000,WGD
Glyma.07G133100,WGD
Glyma.07G133200,WGD
Glyma.07G133500,WGD
Glyma.07G133700,WGD
Glyma.07G133800,WGD
Glyma.07G133900,WGD
Glyma.07G134000,WGD
Glyma.07G134100,WGD
Glyma.07G134300,WGD
Glyma.07G134400,WGD
Glyma.07G134500,WGD
Glyma.07G134600,WGD
Glyma.07G134800,WGD
Glyma.07G135000,WGD
Glyma.07G135100,WGD
Glyma.07G135200,WGD
Glyma.07G135300,WGD
Glyma.07G135400,WGD
Glyma.07G135600,WGD
Glyma.07G135700,WGD
Glyma.07G135800,WGD
Glyma.07G135900,WGD
Glyma.07G136000,WGD
Glyma.07G136500,WGD
Glyma.07G136600,WGD
Glyma.07G136800,WGD
Glyma.07G136900,WGD
Glyma.07G137100,WGD
Glyma.07G137200,WGD
Glyma.07G137300,WGD
Glyma.07G138250,WGD
Glyma.07G138300,WGD
Glyma.07G138400,WGD
Glyma.07G138800,WGD
Glyma.07G139000,WGD
Glyma.07G139100,WGD
Glyma.07G139200,WGD
Glyma.07G139300,WGD
Glyma.07G139400,WGD
Glyma.07G139500,WGD
Glyma.07G139600,WGD
Glyma.07G139700,WGD
Glyma.07G140300,WGD
Glyma.07G140400,WGD
Glyma.07G140800,WGD
Glyma.07G141000,WGD
Glyma.07G141100,WGD
Glyma.07G141200,WGD
Glyma.07G141300,WGD
Glyma.07G141700,WGD
Glyma.07G141900,WGD
Glyma.07G142000,WGD
Glyma.07G142300,WGD
Glyma.07G142400,WGD
Glyma.07G142700,WGD
Glyma.07G142800,WGD
Glyma.07G143000,WGD
Glyma.07G143200,WGD
Glyma.07G143300,WGD
Glyma.07G143500,WGD
Glyma.07G144200,WGD
Glyma.07G144300,WGD
Glyma.07G144500,WGD
Glyma.07G144600,WGD
Glyma.07G144900,WGD
Glyma.07G145800,WGD
Glyma.07G145900,WGD
Glyma.07G146000,WGD
Glyma.07G146300,WGD
Glyma.07G146400,WGD
Glyma.07G146500,WGD
Glyma.07G146800,WGD
Glyma.07G147000,WGD
Glyma.07G147200,WGD
Glyma.07G147500,WGD
Glyma.07G147600,WGD
Glyma.07G147800,WGD
Glyma.07G148000,WGD
Glyma.07G148100,WGD
Glyma.07G148500,WGD
Glyma.07G148600,WGD
Glyma.07G148700,WGD
Glyma.07G148800,WGD
Glyma.07G148900,WGD
Glyma.07G149300,WGD
Glyma.07G149400,WGD
Glyma.07G149500,WGD
Glyma.07G149600,WGD
Glyma.07G149700,WGD
Glyma.07G149900,WGD
Glyma.07G150000,WGD
Glyma.07G150100,WGD
Glyma.07G150200,WGD
Glyma.07G150400,WGD
Glyma.07G150500,WGD
Glyma.07G150700,WGD
Glyma.07G150800,WGD
Glyma.07G150900,WGD
Glyma.07G151000,WGD
Glyma.07G151100,WGD
Glyma.07G151200,WGD
Glyma.07G151300,WGD
Glyma.07G151400,WGD
Glyma.07G151500,WGD
Glyma.07G151600,WGD
Glyma.07G152000,WGD
Glyma.07G152100,WGD
Glyma.07G152200,WGD
Glyma.07G152300,WGD
Glyma.07G152400,WGD
Glyma.07G152500,WGD
Glyma.07G152700,WGD
Glyma.07G152800,WGD
Glyma.07G152900,WGD
Glyma.07G153100,WGD
Glyma.07G153200,WGD
Glyma.07G153500,WGD
Glyma.07G153600,WGD
Glyma.07G153700,WGD
Glyma.07G153800,WGD
Glyma.07G153900,WGD
Glyma.07G154000,WGD
Glyma.07G154100,WGD
Glyma.07G154300,WGD
Glyma.07G154451,WGD
Glyma.07G154600,WGD
Glyma.07G154700,WGD
Glyma.07G155000,WGD
Glyma.07G155100,WGD
Glyma.07G155200,WGD
Glyma.07G155300,WGD
Glyma.07G155400,WGD
Glyma.07G155500,WGD
Glyma.07G155600,WGD
Glyma.07G155700,WGD
Glyma.07G155900,WGD
Glyma.07G156000,WGD
Glyma.07G156100,WGD
Glyma.07G156200,WGD
Glyma.07G156400,WGD
Glyma.07G156500,WGD
Glyma.07G157100,WGD
Glyma.07G157400,WGD
Glyma.07G157800,WGD
Glyma.07G157900,WGD
Glyma.07G158000,WGD
Glyma.07G158600,WGD
Glyma.07G158700,WGD
Glyma.07G159100,WGD
Glyma.07G159200,WGD
Glyma.07G159300,WGD
Glyma.07G159600,WGD
Glyma.07G159700,WGD
Glyma.07G159800,WGD
Glyma.07G159900,WGD
Glyma.07G160500,WGD
Glyma.07G161000,WGD
Glyma.07G161300,WGD
Glyma.07G161800,WGD
Glyma.07G161900,WGD
Glyma.07G162900,WGD
Glyma.07G163200,WGD
Glyma.07G163300,WGD
Glyma.07G163400,WGD
Glyma.07G163500,WGD
Glyma.07G163600,WGD
Glyma.07G163700,WGD
Glyma.07G164000,WGD
Glyma.07G164600,WGD
Glyma.07G165000,WGD
Glyma.07G165200,WGD
Glyma.07G165450,WGD
Glyma.07G165700,WGD
Glyma.07G165800,WGD
Glyma.07G165900,WGD
Glyma.07G166000,WGD
Glyma.07G166300,WGD
Glyma.07G166700,WGD
Glyma.07G168100,WGD
Glyma.07G168500,WGD
Glyma.07G168600,WGD
Glyma.07G169100,WGD
Glyma.07G169500,WGD
Glyma.07G169700,WGD
Glyma.07G170200,WGD
Glyma.07G170700,WGD
Glyma.07G170800,WGD
Glyma.07G171000,WGD
Glyma.07G171100,WGD
Glyma.07G171200,WGD
Glyma.07G171400,WGD
Glyma.07G172000,WGD
Glyma.07G172500,WGD
Glyma.07G172600,WGD
Glyma.07G172700,WGD
Glyma.07G172800,WGD
Glyma.07G173100,WGD
Glyma.07G173500,WGD
Glyma.07G173700,WGD
Glyma.07G173900,WGD
Glyma.07G174000,WGD
Glyma.07G174100,WGD
Glyma.07G174600,WGD
Glyma.07G174800,WGD
Glyma.07G175300,WGD
Glyma.07G175400,WGD
Glyma.07G175500,WGD
Glyma.07G175700,WGD
Glyma.07G176000,WGD
Glyma.07G176400,WGD
Glyma.07G176600,WGD
Glyma.07G177000,WGD
Glyma.07G177600,WGD
Glyma.07G178000,WGD
Glyma.07G178100,WGD
Glyma.07G178400,WGD
Glyma.07G178500,WGD
Glyma.07G178600,WGD
Glyma.07G178800,WGD
Glyma.07G179400,WGD
Glyma.07G179700,WGD
Glyma.07G179801,WGD
Glyma.07G179900,WGD
Glyma.07G180000,WGD
Glyma.07G180100,WGD
Glyma.07G180600,WGD
Glyma.07G180700,WGD
Glyma.07G180801,WGD
Glyma.07G180900,WGD
Glyma.07G181000,WGD
Glyma.07G181100,WGD
Glyma.07G181200,WGD
Glyma.07G181300,WGD
Glyma.07G181500,WGD
Glyma.07G181600,WGD
Glyma.07G181700,WGD
Glyma.07G181800,WGD
Glyma.07G181900,WGD
Glyma.07G182000,WGD
Glyma.07G182200,WGD
Glyma.07G182300,WGD
Glyma.07G182400,WGD
Glyma.07G182700,WGD
Glyma.07G182900,WGD
Glyma.07G183000,WGD
Glyma.07G183100,WGD
Glyma.07G183200,WGD
Glyma.07G183600,WGD
Glyma.07G183700,WGD
Glyma.07G183900,WGD
Glyma.07G184000,WGD
Glyma.07G184100,WGD
Glyma.07G184200,WGD
Glyma.07G184300,WGD
Glyma.07G184400,WGD
Glyma.07G184500,WGD
Glyma.07G184600,WGD
Glyma.07G184700,WGD
Glyma.07G184800,WGD
Glyma.07G184900,WGD
Glyma.07G184950,WGD
Glyma.07G185000,WGD
Glyma.07G185100,WGD
Glyma.07G185300,WGD
Glyma.07G185400,WGD
Glyma.07G185500,WGD
Glyma.07G185700,WGD
Glyma.07G185800,WGD
Glyma.07G186000,WGD
Glyma.07G186100,WGD
Glyma.07G186200,WGD
Glyma.07G186600,WGD
Glyma.07G186700,WGD
Glyma.07G186800,WGD
Glyma.07G186901,WGD
Glyma.07G187000,WGD
Glyma.07G187300,WGD
Glyma.07G187500,WGD
Glyma.07G187600,WGD
Glyma.07G187800,WGD
Glyma.07G187900,WGD
Glyma.07G188000,WGD
Glyma.07G188100,WGD
Glyma.07G188200,WGD
Glyma.07G188400,WGD
Glyma.07G188500,WGD
Glyma.07G188600,WGD
Glyma.07G188700,WGD
Glyma.07G188800,WGD
Glyma.07G188900,WGD
Glyma.07G189000,WGD
Glyma.07G189100,WGD
Glyma.07G189200,WGD
Glyma.07G189300,WGD
Glyma.07G189400,WGD
Glyma.07G189500,WGD
Glyma.07G189700,WGD
Glyma.07G189800,WGD
Glyma.07G189900,WGD
Glyma.07G190000,WGD
Glyma.07G190100,WGD
Glyma.07G190300,WGD
Glyma.07G190500,WGD
Glyma.07G190700,WGD
Glyma.07G190800,WGD
Glyma.07G191000,WGD
Glyma.07G191100,WGD
Glyma.07G191200,WGD
Glyma.07G191400,WGD
Glyma.07G191500,WGD
Glyma.07G191600,WGD
Glyma.07G191700,WGD
Glyma.07G191900,WGD
Glyma.07G192000,WGD
Glyma.07G192100,WGD
Glyma.07G192200,WGD
Glyma.07G192300,WGD
Glyma.07G192400,WGD
Glyma.07G192500,WGD
Glyma.07G192700,WGD
Glyma.07G192900,WGD
Glyma.07G193000,WGD
Glyma.07G193100,WGD
Glyma.07G193200,WGD
Glyma.07G193300,WGD
Glyma.07G193400,WGD
Glyma.07G193451,WGD
Glyma.07G193700,WGD
Glyma.07G193800,WGD
Glyma.07G193900,WGD
Glyma.07G193967,WGD
Glyma.07G194200,WGD
Glyma.07G194300,WGD
Glyma.07G194500,WGD
Glyma.07G194800,WGD
Glyma.07G195000,WGD
Glyma.07G195100,WGD
Glyma.07G195200,WGD
Glyma.07G195300,WGD
Glyma.07G195400,WGD
Glyma.07G195500,WGD
Glyma.07G195600,WGD
Glyma.07G195800,WGD
Glyma.07G195900,WGD
Glyma.07G196000,WGD
Glyma.07G196100,WGD
Glyma.07G196400,WGD
Glyma.07G196500,WGD
Glyma.07G196700,WGD
Glyma.07G196800,WGD
Glyma.07G196900,WGD
Glyma.07G197000,WGD
Glyma.07G197100,WGD
Glyma.07G197200,WGD
Glyma.07G197300,WGD
Glyma.07G198000,WGD
Glyma.07G198100,WGD
Glyma.07G198200,WGD
Glyma.07G198266,WGD
Glyma.07G198400,WGD
Glyma.07G198500,WGD
Glyma.07G198600,WGD
Glyma.07G198700,WGD
Glyma.07G198800,WGD
Glyma.07G198900,WGD
Glyma.07G199000,WGD
Glyma.07G199200,WGD
Glyma.07G199300,WGD
Glyma.07G199400,WGD
Glyma.07G199500,WGD
Glyma.07G199600,WGD
Glyma.07G199800,WGD
Glyma.07G199900,WGD
Glyma.07G200000,WGD
Glyma.07G200400,WGD
Glyma.07G200800,WGD
Glyma.07G200900,WGD
Glyma.07G201000,WGD
Glyma.07G201100,WGD
Glyma.07G201200,WGD
Glyma.07G201300,WGD
Glyma.07G201500,WGD
Glyma.07G201600,WGD
Glyma.07G201700,WGD
Glyma.07G201800,WGD
Glyma.07G201900,WGD
Glyma.07G202000,WGD
Glyma.07G202100,WGD
Glyma.07G202200,WGD
Glyma.07G202300,WGD
Glyma.07G202700,WGD
Glyma.07G202900,WGD
Glyma.07G203000,WGD
Glyma.07G203100,WGD
Glyma.07G203200,WGD
Glyma.07G203300,WGD
Glyma.07G203600,WGD
Glyma.07G203700,WGD
Glyma.07G204000,WGD
Glyma.07G204200,WGD
Glyma.07G204300,WGD
Glyma.07G204400,WGD
Glyma.07G204500,WGD
Glyma.07G204700,WGD
Glyma.07G204900,WGD
Glyma.07G205100,WGD
Glyma.07G205200,WGD
Glyma.07G205400,WGD
Glyma.07G205500,WGD
Glyma.07G205700,WGD
Glyma.07G205800,WGD
Glyma.07G205900,WGD
Glyma.07G206000,WGD
Glyma.07G206066,WGD
Glyma.07G206100,WGD
Glyma.07G206200,WGD
Glyma.07G206300,WGD
Glyma.07G206400,WGD
Glyma.07G206500,WGD
Glyma.07G206800,WGD
Glyma.07G206900,WGD
Glyma.07G207000,WGD
Glyma.07G207200,WGD
Glyma.07G207300,WGD
Glyma.07G207400,WGD
Glyma.07G207500,WGD
Glyma.07G207800,WGD
Glyma.07G208000,WGD
Glyma.07G208100,WGD
Glyma.07G208200,WGD
Glyma.07G208300,WGD
Glyma.07G208400,WGD
Glyma.07G208600,WGD
Glyma.07G208750,WGD
Glyma.07G209002,WGD
Glyma.07G209100,WGD
Glyma.07G209200,WGD
Glyma.07G209300,WGD
Glyma.07G209400,WGD
Glyma.07G209500,WGD
Glyma.07G209600,WGD
Glyma.07G209800,WGD
Glyma.07G209900,WGD
Glyma.07G210200,WGD
Glyma.07G210300,WGD
Glyma.07G210600,WGD
Glyma.07G210700,WGD
Glyma.07G210800,WGD
Glyma.07G210900,WGD
Glyma.07G211100,WGD
Glyma.07G211300,WGD
Glyma.07G211400,WGD
Glyma.07G211500,WGD
Glyma.07G211600,WGD
Glyma.07G211700,WGD
Glyma.07G211800,WGD
Glyma.07G211900,WGD
Glyma.07G212000,WGD
Glyma.07G212100,WGD
Glyma.07G212200,WGD
Glyma.07G212300,WGD
Glyma.07G212400,WGD
Glyma.07G212500,WGD
Glyma.07G212700,WGD
Glyma.07G212800,WGD
Glyma.07G212900,WGD
Glyma.07G213000,WGD
Glyma.07G213100,WGD
Glyma.07G213200,WGD
Glyma.07G213500,WGD
Glyma.07G213600,WGD
Glyma.07G213700,WGD
Glyma.07G213800,WGD
Glyma.07G213900,WGD
Glyma.07G214100,WGD
Glyma.07G214300,WGD
Glyma.07G214600,WGD
Glyma.07G214700,WGD
Glyma.07G214900,WGD
Glyma.07G215000,WGD
Glyma.07G215200,WGD
Glyma.07G215300,WGD
Glyma.07G215400,WGD
Glyma.07G215500,WGD
Glyma.07G215600,WGD
Glyma.07G215900,WGD
Glyma.07G216000,WGD
Glyma.07G216200,WGD
Glyma.07G216250,WGD
Glyma.07G216400,WGD
Glyma.07G216600,WGD
Glyma.07G216700,WGD
Glyma.07G216800,WGD
Glyma.07G216900,WGD
Glyma.07G217000,WGD
Glyma.07G217500,WGD
Glyma.07G217600,WGD
Glyma.07G217900,WGD
Glyma.07G218000,WGD
Glyma.07G218200,WGD
Glyma.07G218300,WGD
Glyma.07G218400,WGD
Glyma.07G218600,WGD
Glyma.07G218800,WGD
Glyma.07G219000,WGD
Glyma.07G219200,WGD
Glyma.07G219300,WGD
Glyma.07G219400,WGD
Glyma.07G219500,WGD
Glyma.07G219600,WGD
Glyma.07G219700,WGD
Glyma.07G219900,WGD
Glyma.07G220000,WGD
Glyma.07G220100,WGD
Glyma.07G220200,WGD
Glyma.07G220300,WGD
Glyma.07G220600,WGD
Glyma.07G220900,WGD
Glyma.07G221100,WGD
Glyma.07G221300,WGD
Glyma.07G221600,WGD
Glyma.07G221700,WGD
Glyma.07G222200,WGD
Glyma.07G222500,WGD
Glyma.07G222700,WGD
Glyma.07G222800,WGD
Glyma.07G222900,WGD
Glyma.07G223000,WGD
Glyma.07G223100,WGD
Glyma.07G223200,WGD
Glyma.07G223300,WGD
Glyma.07G223400,WGD
Glyma.07G223500,WGD
Glyma.07G223600,WGD
Glyma.07G223700,WGD
Glyma.07G224200,WGD
Glyma.07G224400,WGD
Glyma.07G224600,WGD
Glyma.07G224702,WGD
Glyma.07G224800,WGD
Glyma.07G225000,WGD
Glyma.07G225100,WGD
Glyma.07G225200,WGD
Glyma.07G225300,WGD
Glyma.07G225500,WGD
Glyma.07G225600,WGD
Glyma.07G225800,WGD
Glyma.07G226000,WGD
Glyma.07G226100,WGD
Glyma.07G226700,WGD
Glyma.07G227100,WGD
Glyma.07G227200,WGD
Glyma.07G227400,WGD
Glyma.07G227600,WGD
Glyma.07G227700,WGD
Glyma.07G227750,WGD
Glyma.07G227800,WGD
Glyma.07G228000,WGD
Glyma.07G228100,WGD
Glyma.07G228200,WGD
Glyma.07G228300,WGD
Glyma.07G228400,WGD
Glyma.07G228600,WGD
Glyma.07G229000,WGD
Glyma.07G229100,WGD
Glyma.07G229500,WGD
Glyma.07G229600,WGD
Glyma.07G229800,WGD
Glyma.07G230100,WGD
Glyma.07G230200,WGD
Glyma.07G230300,WGD
Glyma.07G230400,WGD
Glyma.07G230600,WGD
Glyma.07G230700,WGD
Glyma.07G231000,WGD
Glyma.07G231400,WGD
Glyma.07G231500,WGD
Glyma.07G231800,WGD
Glyma.07G231900,WGD
Glyma.07G232000,WGD
Glyma.07G232200,WGD
Glyma.07G232400,WGD
Glyma.07G232500,WGD
Glyma.07G232600,WGD
Glyma.07G232800,WGD
Glyma.07G232900,WGD
Glyma.07G233000,WGD
Glyma.07G233200,WGD
Glyma.07G233400,WGD
Glyma.07G233500,WGD
Glyma.07G233600,WGD
Glyma.07G233700,WGD
Glyma.07G233800,WGD
Glyma.07G233900,WGD
Glyma.07G234001,WGD
Glyma.07G234200,WGD
Glyma.07G234300,WGD
Glyma.07G234400,WGD
Glyma.07G234500,WGD
Glyma.07G235300,WGD
Glyma.07G235400,WGD
Glyma.07G235700,WGD
Glyma.07G235800,WGD
Glyma.07G235900,WGD
Glyma.07G236000,WGD
Glyma.07G236100,WGD
Glyma.07G236200,WGD
Glyma.07G236300,WGD
Glyma.07G236600,WGD
Glyma.07G236700,WGD
Glyma.07G236800,WGD
Glyma.07G237000,WGD
Glyma.07G237300,WGD
Glyma.07G237400,WGD
Glyma.07G237500,WGD
Glyma.07G237600,WGD
Glyma.07G237700,WGD
Glyma.07G237800,WGD
Glyma.07G237900,WGD
Glyma.07G238000,WGD
Glyma.07G238200,WGD
Glyma.07G238300,WGD
Glyma.07G238400,WGD
Glyma.07G238700,WGD
Glyma.07G238900,WGD
Glyma.07G239000,WGD
Glyma.07G239100,WGD
Glyma.07G239200,WGD
Glyma.07G239400,WGD
Glyma.07G239500,WGD
Glyma.07G239600,WGD
Glyma.07G239700,WGD
Glyma.07G239900,WGD
Glyma.07G240000,WGD
Glyma.07G240100,WGD
Glyma.07G240200,WGD
Glyma.07G240300,WGD
Glyma.07G240400,WGD
Glyma.07G240600,WGD
Glyma.07G240701,WGD
Glyma.07G240800,WGD
Glyma.07G241200,WGD
Glyma.07G241400,WGD
Glyma.07G241500,WGD
Glyma.07G241600,WGD
Glyma.07G241700,WGD
Glyma.07G241800,WGD
Glyma.07G241900,WGD
Glyma.07G242000,WGD
Glyma.07G242100,WGD
Glyma.07G242300,WGD
Glyma.07G242500,WGD
Glyma.07G242600,WGD
Glyma.07G242700,WGD
Glyma.07G242900,WGD
Glyma.07G243000,WGD
Glyma.07G243200,WGD
Glyma.07G243300,WGD
Glyma.07G243400,WGD
Glyma.07G243500,WGD
Glyma.07G243600,WGD
Glyma.07G243651,WGD
Glyma.07G243900,WGD
Glyma.07G244000,WGD
Glyma.07G244100,WGD
Glyma.07G244200,WGD
Glyma.07G244300,WGD
Glyma.07G244400,WGD
Glyma.07G244600,WGD
Glyma.07G244700,WGD
Glyma.07G244800,WGD
Glyma.07G244834,WGD
Glyma.07G244867,WGD
Glyma.07G244900,WGD
Glyma.07G245000,WGD
Glyma.07G245100,WGD
Glyma.07G245200,WGD
Glyma.07G245300,WGD
Glyma.07G245400,WGD
Glyma.07G245800,WGD
Glyma.07G245900,WGD
Glyma.07G246000,WGD
Glyma.07G246100,WGD
Glyma.07G246200,WGD
Glyma.07G246300,WGD
Glyma.07G246500,WGD
Glyma.07G246600,WGD
Glyma.07G246800,WGD
Glyma.07G246900,WGD
Glyma.07G247000,WGD
Glyma.07G247100,WGD
Glyma.07G247200,WGD
Glyma.07G247300,WGD
Glyma.07G247500,WGD
Glyma.07G247600,WGD
Glyma.07G247700,WGD
Glyma.07G247900,WGD
Glyma.07G248000,WGD
Glyma.07G248100,WGD
Glyma.07G248300,WGD
Glyma.07G248400,WGD
Glyma.07G248600,WGD
Glyma.07G248700,WGD
Glyma.07G248800,WGD
Glyma.07G248900,WGD
Glyma.07G249000,WGD
Glyma.07G249100,WGD
Glyma.07G249400,WGD
Glyma.07G249600,WGD
Glyma.07G249700,WGD
Glyma.07G249800,WGD
Glyma.07G250000,WGD
Glyma.07G250100,WGD
Glyma.07G250200,WGD
Glyma.07G250301,WGD
Glyma.07G250400,WGD
Glyma.07G250500,WGD
Glyma.07G250700,WGD
Glyma.07G250800,WGD
Glyma.07G250900,WGD
Glyma.07G251000,WGD
Glyma.07G251100,WGD
Glyma.07G251200,WGD
Glyma.07G251300,WGD
Glyma.07G251400,WGD
Glyma.07G251700,WGD
Glyma.07G251800,WGD
Glyma.07G251900,WGD
Glyma.07G252000,WGD
Glyma.07G252100,WGD
Glyma.07G252300,WGD
Glyma.07G252400,WGD
Glyma.07G252500,WGD
Glyma.07G252600,WGD
Glyma.07G252700,WGD
Glyma.07G252766,WGD
Glyma.07G252900,WGD
Glyma.07G252950,WGD
Glyma.07G253100,WGD
Glyma.07G253200,WGD
Glyma.07G253300,WGD
Glyma.07G253400,WGD
Glyma.07G253500,WGD
Glyma.07G253700,WGD
Glyma.07G253800,WGD
Glyma.07G253900,WGD
Glyma.07G254000,WGD
Glyma.07G254100,WGD
Glyma.07G254600,WGD
Glyma.07G255002,WGD
Glyma.07G255100,WGD
Glyma.07G255200,WGD
Glyma.07G255300,WGD
Glyma.07G255400,WGD
Glyma.07G255800,WGD
Glyma.07G255900,WGD
Glyma.07G256100,WGD
Glyma.07G256300,WGD
Glyma.07G256500,WGD
Glyma.07G256600,WGD
Glyma.07G256700,WGD
Glyma.07G256800,WGD
Glyma.07G256900,WGD
Glyma.07G257000,WGD
Glyma.07G257100,WGD
Glyma.07G257200,WGD
Glyma.07G257300,WGD
Glyma.07G257400,WGD
Glyma.07G257500,WGD
Glyma.07G257700,WGD
Glyma.07G257800,WGD
Glyma.07G257900,WGD
Glyma.07G258000,WGD
Glyma.07G258100,WGD
Glyma.07G258300,WGD
Glyma.07G258400,WGD
Glyma.07G258500,WGD
Glyma.07G258551,WGD
Glyma.07G258600,WGD
Glyma.07G258800,WGD
Glyma.07G258900,WGD
Glyma.07G259000,WGD
Glyma.07G259100,WGD
Glyma.07G259300,WGD
Glyma.07G259400,WGD
Glyma.07G259500,WGD
Glyma.07G259600,WGD
Glyma.07G259700,WGD
Glyma.07G259800,WGD
Glyma.07G260000,WGD
Glyma.07G260100,WGD
Glyma.07G260200,WGD
Glyma.07G260250,WGD
Glyma.07G260300,WGD
Glyma.07G260500,WGD
Glyma.07G260600,WGD
Glyma.07G260700,WGD
Glyma.07G260802,WGD
Glyma.07G261000,WGD
Glyma.07G261100,WGD
Glyma.07G261200,WGD
Glyma.07G261400,WGD
Glyma.07G261500,WGD
Glyma.07G261600,WGD
Glyma.07G261700,WGD
Glyma.07G261800,WGD
Glyma.07G261900,WGD
Glyma.07G262000,WGD
Glyma.07G262100,WGD
Glyma.07G262200,WGD
Glyma.07G262300,WGD
Glyma.07G262500,WGD
Glyma.07G262600,WGD
Glyma.07G262700,WGD
Glyma.07G262800,WGD
Glyma.07G263000,WGD
Glyma.07G263100,WGD
Glyma.07G263200,WGD
Glyma.07G263300,WGD
Glyma.07G263400,WGD
Glyma.07G263600,WGD
Glyma.07G263700,WGD
Glyma.07G263800,WGD
Glyma.07G263900,WGD
Glyma.07G264100,WGD
Glyma.07G264200,WGD
Glyma.07G264300,WGD
Glyma.07G264500,WGD
Glyma.07G264600,WGD
Glyma.07G264700,WGD
Glyma.07G264800,WGD
Glyma.07G265000,WGD
Glyma.07G265100,WGD
Glyma.07G265151,WGD
Glyma.07G265200,WGD
Glyma.07G265300,WGD
Glyma.07G265400,WGD
Glyma.07G265600,WGD
Glyma.07G265800,WGD
Glyma.07G265900,WGD
Glyma.07G266000,WGD
Glyma.07G266100,WGD
Glyma.07G266200,WGD
Glyma.07G266300,WGD
Glyma.07G266400,WGD
Glyma.07G266500,WGD
Glyma.07G266600,WGD
Glyma.07G266700,WGD
Glyma.07G266800,WGD
Glyma.07G266900,WGD
Glyma.07G267001,WGD
Glyma.07G267200,WGD
Glyma.07G267300,WGD
Glyma.07G267400,WGD
Glyma.07G267500,WGD
Glyma.07G267600,WGD
Glyma.07G267700,WGD
Glyma.07G267800,WGD
Glyma.07G267900,WGD
Glyma.07G268100,WGD
Glyma.07G268200,WGD
Glyma.07G268400,WGD
Glyma.07G268550,WGD
Glyma.07G268700,WGD
Glyma.07G268800,WGD
Glyma.07G268900,WGD
Glyma.07G269000,WGD
Glyma.07G269100,WGD
Glyma.07G269200,WGD
Glyma.07G269400,WGD
Glyma.07G269600,WGD
Glyma.07G269700,WGD
Glyma.07G269900,WGD
Glyma.07G270000,WGD
Glyma.07G270200,WGD
Glyma.07G270300,WGD
Glyma.07G270400,WGD
Glyma.07G270500,WGD
Glyma.07G270600,WGD
Glyma.07G270700,WGD
Glyma.07G270800,WGD
Glyma.07G270900,WGD
Glyma.07G271000,WGD
Glyma.07G271100,WGD
Glyma.07G271300,WGD
Glyma.07G271400,WGD
Glyma.07G271700,WGD
Glyma.07G271900,WGD
Glyma.07G272200,WGD
Glyma.07G272400,WGD
Glyma.07G272500,WGD
Glyma.07G272600,WGD
Glyma.07G272700,WGD
Glyma.07G273000,WGD
Glyma.07G273100,WGD
Glyma.07G273500,WGD
Glyma.07G273700,WGD
Glyma.07G273800,WGD
Glyma.07G273900,WGD
Glyma.07G274100,WGD
Glyma.07G274200,WGD
Glyma.08G000400,WGD
Glyma.08G000500,WGD
Glyma.08G000800,WGD
Glyma.08G000900,WGD
Glyma.08G001000,WGD
Glyma.08G001100,WGD
Glyma.08G001200,WGD
Glyma.08G001300,WGD
Glyma.08G001466,WGD
Glyma.08G001532,WGD
Glyma.08G001700,WGD
Glyma.08G001800,WGD
Glyma.08G001900,WGD
Glyma.08G002000,WGD
Glyma.08G002100,WGD
Glyma.08G002300,WGD
Glyma.08G002400,WGD
Glyma.08G002500,WGD
Glyma.08G002600,WGD
Glyma.08G002900,WGD
Glyma.08G002967,WGD
Glyma.08G003100,WGD
Glyma.08G003200,WGD
Glyma.08G003300,WGD
Glyma.08G003400,WGD
Glyma.08G003500,WGD
Glyma.08G003600,WGD
Glyma.08G003900,WGD
Glyma.08G004100,WGD
Glyma.08G004200,WGD
Glyma.08G004250,WGD
Glyma.08G004300,WGD
Glyma.08G004400,WGD
Glyma.08G004500,WGD
Glyma.08G004600,WGD
Glyma.08G004700,WGD
Glyma.08G004800,WGD
Glyma.08G004900,WGD
Glyma.08G005000,WGD
Glyma.08G005100,WGD
Glyma.08G005200,WGD
Glyma.08G005300,WGD
Glyma.08G005400,WGD
Glyma.08G005450,WGD
Glyma.08G005500,WGD
Glyma.08G005600,WGD
Glyma.08G005700,WGD
Glyma.08G005800,WGD
Glyma.08G005900,WGD
Glyma.08G006200,WGD
Glyma.08G006267,WGD
Glyma.08G006400,WGD
Glyma.08G006500,WGD
Glyma.08G006900,WGD
Glyma.08G007000,WGD
Glyma.08G007100,WGD
Glyma.08G007200,WGD
Glyma.08G007300,WGD
Glyma.08G007400,WGD
Glyma.08G007500,WGD
Glyma.08G007700,WGD
Glyma.08G007800,WGD
Glyma.08G007900,WGD
Glyma.08G008000,WGD
Glyma.08G008100,WGD
Glyma.08G008200,WGD
Glyma.08G008300,WGD
Glyma.08G008400,WGD
Glyma.08G008600,WGD
Glyma.08G008700,WGD
Glyma.08G008800,WGD
Glyma.08G008900,WGD
Glyma.08G009000,WGD
Glyma.08G009100,WGD
Glyma.08G009200,WGD
Glyma.08G009300,WGD
Glyma.08G009400,WGD
Glyma.08G009600,WGD
Glyma.08G009700,WGD
Glyma.08G009800,WGD
Glyma.08G009900,WGD
Glyma.08G010000,WGD
Glyma.08G010100,WGD
Glyma.08G010200,WGD
Glyma.08G010300,WGD
Glyma.08G010500,WGD
Glyma.08G010600,WGD
Glyma.08G010800,WGD
Glyma.08G010900,WGD
Glyma.08G011100,WGD
Glyma.08G011300,WGD
Glyma.08G011400,WGD
Glyma.08G011500,WGD
Glyma.08G011600,WGD
Glyma.08G011700,WGD
Glyma.08G011800,WGD
Glyma.08G011900,WGD
Glyma.08G012000,WGD
Glyma.08G012100,WGD
Glyma.08G012200,WGD
Glyma.08G012300,WGD
Glyma.08G012400,WGD
Glyma.08G012500,WGD
Glyma.08G012600,WGD
Glyma.08G012700,WGD
Glyma.08G012800,WGD
Glyma.08G013000,WGD
Glyma.08G013100,WGD
Glyma.08G013200,WGD
Glyma.08G013300,WGD
Glyma.08G013400,WGD
Glyma.08G013500,WGD
Glyma.08G013600,WGD
Glyma.08G013700,WGD
Glyma.08G013800,WGD
Glyma.08G014000,WGD
Glyma.08G014100,WGD
Glyma.08G014200,WGD
Glyma.08G014300,WGD
Glyma.08G014400,WGD
Glyma.08G014500,WGD
Glyma.08G014600,WGD
Glyma.08G014700,WGD
Glyma.08G014800,WGD
Glyma.08G014900,WGD
Glyma.08G015000,WGD
Glyma.08G015100,WGD
Glyma.08G015200,WGD
Glyma.08G015300,WGD
Glyma.08G015400,WGD
Glyma.08G015500,WGD
Glyma.08G015600,WGD
Glyma.08G015700,WGD
Glyma.08G015800,WGD
Glyma.08G015900,WGD
Glyma.08G016000,WGD
Glyma.08G016100,WGD
Glyma.08G016200,WGD
Glyma.08G016300,WGD
Glyma.08G016400,WGD
Glyma.08G016500,WGD
Glyma.08G016600,WGD
Glyma.08G016700,WGD
Glyma.08G016800,WGD
Glyma.08G016900,WGD
Glyma.08G017000,WGD
Glyma.08G017200,WGD
Glyma.08G017300,WGD
Glyma.08G017400,WGD
Glyma.08G017500,WGD
Glyma.08G017600,WGD
Glyma.08G017700,WGD
Glyma.08G017800,WGD
Glyma.08G017900,WGD
Glyma.08G018000,WGD
Glyma.08G018100,WGD
Glyma.08G018300,WGD
Glyma.08G018400,WGD
Glyma.08G018500,WGD
Glyma.08G018700,WGD
Glyma.08G018800,WGD
Glyma.08G018900,WGD
Glyma.08G019000,WGD
Glyma.08G019300,WGD
Glyma.08G019400,WGD
Glyma.08G019500,WGD
Glyma.08G019600,WGD
Glyma.08G019667,WGD
Glyma.08G019800,WGD
Glyma.08G019900,WGD
Glyma.08G020100,WGD
Glyma.08G020200,WGD
Glyma.08G020300,WGD
Glyma.08G020400,WGD
Glyma.08G020500,WGD
Glyma.08G020800,WGD
Glyma.08G020900,WGD
Glyma.08G021000,WGD
Glyma.08G021100,WGD
Glyma.08G021200,WGD
Glyma.08G021300,WGD
Glyma.08G021400,WGD
Glyma.08G021500,WGD
Glyma.08G021700,WGD
Glyma.08G021800,WGD
Glyma.08G021900,WGD
Glyma.08G022000,WGD
Glyma.08G022100,WGD
Glyma.08G022200,WGD
Glyma.08G022300,WGD
Glyma.08G022500,WGD
Glyma.08G022600,WGD
Glyma.08G022800,WGD
Glyma.08G022900,WGD
Glyma.08G023000,WGD
Glyma.08G023100,WGD
Glyma.08G023300,WGD
Glyma.08G023400,WGD
Glyma.08G023500,WGD
Glyma.08G023600,WGD
Glyma.08G023700,WGD
Glyma.08G023800,WGD
Glyma.08G024000,WGD
Glyma.08G024100,WGD
Glyma.08G024200,WGD
Glyma.08G024400,WGD
Glyma.08G024600,WGD
Glyma.08G024700,WGD
Glyma.08G024800,WGD
Glyma.08G024900,WGD
Glyma.08G025000,WGD
Glyma.08G025300,WGD
Glyma.08G025400,WGD
Glyma.08G025500,WGD
Glyma.08G025600,WGD
Glyma.08G025700,WGD
Glyma.08G025800,WGD
Glyma.08G026000,WGD
Glyma.08G026200,WGD
Glyma.08G026300,WGD
Glyma.08G026400,WGD
Glyma.08G026500,WGD
Glyma.08G026700,WGD
Glyma.08G026900,WGD
Glyma.08G027000,WGD
Glyma.08G027100,WGD
Glyma.08G027200,WGD
Glyma.08G027300,WGD
Glyma.08G027400,WGD
Glyma.08G027500,WGD
Glyma.08G027600,WGD
Glyma.08G027700,WGD
Glyma.08G027800,WGD
Glyma.08G027900,WGD
Glyma.08G028000,WGD
Glyma.08G028100,WGD
Glyma.08G028200,WGD
Glyma.08G028300,WGD
Glyma.08G028500,WGD
Glyma.08G028600,WGD
Glyma.08G028800,WGD
Glyma.08G028900,WGD
Glyma.08G029000,WGD
Glyma.08G029100,WGD
Glyma.08G029200,WGD
Glyma.08G029300,WGD
Glyma.08G029400,WGD
Glyma.08G029500,WGD
Glyma.08G029600,WGD
Glyma.08G029700,WGD
Glyma.08G029900,WGD
Glyma.08G030100,WGD
Glyma.08G030200,WGD
Glyma.08G030400,WGD
Glyma.08G030600,WGD
Glyma.08G030700,WGD
Glyma.08G030800,WGD
Glyma.08G030900,WGD
Glyma.08G031000,WGD
Glyma.08G031100,WGD
Glyma.08G031200,WGD
Glyma.08G031300,WGD
Glyma.08G031400,WGD
Glyma.08G031500,WGD
Glyma.08G031600,WGD
Glyma.08G031700,WGD
Glyma.08G031800,WGD
Glyma.08G031900,WGD
Glyma.08G032000,WGD
Glyma.08G032100,WGD
Glyma.08G032200,WGD
Glyma.08G032300,WGD
Glyma.08G032400,WGD
Glyma.08G032500,WGD
Glyma.08G032700,WGD
Glyma.08G032800,WGD
Glyma.08G033000,WGD
Glyma.08G033100,WGD
Glyma.08G033200,WGD
Glyma.08G033300,WGD
Glyma.08G033400,WGD
Glyma.08G033600,WGD
Glyma.08G033700,WGD
Glyma.08G033800,WGD
Glyma.08G033900,WGD
Glyma.08G034267,WGD
Glyma.08G034333,WGD
Glyma.08G034400,WGD
Glyma.08G034500,WGD
Glyma.08G034700,WGD
Glyma.08G034933,WGD
Glyma.08G035000,WGD
Glyma.08G035102,WGD
Glyma.08G035200,WGD
Glyma.08G035300,WGD
Glyma.08G035400,WGD
Glyma.08G035600,WGD
Glyma.08G035700,WGD
Glyma.08G035800,WGD
Glyma.08G035900,WGD
Glyma.08G036000,WGD
Glyma.08G036100,WGD
Glyma.08G036300,WGD
Glyma.08G036400,WGD
Glyma.08G036802,WGD
Glyma.08G036900,WGD
Glyma.08G037000,WGD
Glyma.08G037200,WGD
Glyma.08G037300,WGD
Glyma.08G037400,WGD
Glyma.08G037500,WGD
Glyma.08G037600,WGD
Glyma.08G037700,WGD
Glyma.08G037800,WGD
Glyma.08G037900,WGD
Glyma.08G038100,WGD
Glyma.08G038200,WGD
Glyma.08G038400,WGD
Glyma.08G038500,WGD
Glyma.08G038600,WGD
Glyma.08G038700,WGD
Glyma.08G038800,WGD
Glyma.08G038902,WGD
Glyma.08G039000,WGD
Glyma.08G039100,WGD
Glyma.08G039200,WGD
Glyma.08G039300,WGD
Glyma.08G039400,WGD
Glyma.08G039500,WGD
Glyma.08G039600,WGD
Glyma.08G039700,WGD
Glyma.08G039800,WGD
Glyma.08G039900,WGD
Glyma.08G040000,WGD
Glyma.08G040100,WGD
Glyma.08G040202,WGD
Glyma.08G040300,WGD
Glyma.08G040400,WGD
Glyma.08G040500,WGD
Glyma.08G040700,WGD
Glyma.08G040800,WGD
Glyma.08G041100,WGD
Glyma.08G041200,WGD
Glyma.08G041300,WGD
Glyma.08G041400,WGD
Glyma.08G041500,WGD
Glyma.08G041600,WGD
Glyma.08G041700,WGD
Glyma.08G041800,WGD
Glyma.08G042000,WGD
Glyma.08G042100,WGD
Glyma.08G042200,WGD
Glyma.08G042300,WGD
Glyma.08G042400,WGD
Glyma.08G042500,WGD
Glyma.08G042600,WGD
Glyma.08G042700,WGD
Glyma.08G042900,WGD
Glyma.08G043000,WGD
Glyma.08G043100,WGD
Glyma.08G043200,WGD
Glyma.08G043300,WGD
Glyma.08G043400,WGD
Glyma.08G043500,WGD
Glyma.08G043600,WGD
Glyma.08G043700,WGD
Glyma.08G043800,WGD
Glyma.08G043900,WGD
Glyma.08G044000,WGD
Glyma.08G044100,WGD
Glyma.08G044200,WGD
Glyma.08G044300,WGD
Glyma.08G044400,WGD
Glyma.08G044500,WGD
Glyma.08G044600,WGD
Glyma.08G044700,WGD
Glyma.08G044800,WGD
Glyma.08G044900,WGD
Glyma.08G045100,WGD
Glyma.08G045200,WGD
Glyma.08G045300,WGD
Glyma.08G045400,WGD
Glyma.08G045500,WGD
Glyma.08G045700,WGD
Glyma.08G045800,WGD
Glyma.08G045900,WGD
Glyma.08G046000,WGD
Glyma.08G046100,WGD
Glyma.08G046200,WGD
Glyma.08G046300,WGD
Glyma.08G046400,WGD
Glyma.08G046500,WGD
Glyma.08G046700,WGD
Glyma.08G046800,WGD
Glyma.08G047000,WGD
Glyma.08G047100,WGD
Glyma.08G047200,WGD
Glyma.08G047300,WGD
Glyma.08G047400,WGD
Glyma.08G047500,WGD
Glyma.08G047800,WGD
Glyma.08G047900,WGD
Glyma.08G048000,WGD
Glyma.08G048100,WGD
Glyma.08G048200,WGD
Glyma.08G048400,WGD
Glyma.08G048700,WGD
Glyma.08G048800,WGD
Glyma.08G049000,WGD
Glyma.08G049200,WGD
Glyma.08G049300,WGD
Glyma.08G049400,WGD
Glyma.08G049450,WGD
Glyma.08G049700,WGD
Glyma.08G050033,WGD
Glyma.08G050100,WGD
Glyma.08G050200,WGD
Glyma.08G050300,WGD
Glyma.08G050500,WGD
Glyma.08G050900,WGD
Glyma.08G051000,WGD
Glyma.08G051100,WGD
Glyma.08G051200,WGD
Glyma.08G051300,WGD
Glyma.08G051400,WGD
Glyma.08G051500,WGD
Glyma.08G051600,WGD
Glyma.08G051900,WGD
Glyma.08G052100,WGD
Glyma.08G052500,WGD
Glyma.08G052600,WGD
Glyma.08G052700,WGD
Glyma.08G052800,WGD
Glyma.08G052900,WGD
Glyma.08G053000,WGD
Glyma.08G053300,WGD
Glyma.08G053400,WGD
Glyma.08G053500,WGD
Glyma.08G053600,WGD
Glyma.08G053702,WGD
Glyma.08G053867,WGD
Glyma.08G054000,WGD
Glyma.08G054100,WGD
Glyma.08G054300,WGD
Glyma.08G054500,WGD
Glyma.08G054700,WGD
Glyma.08G054800,WGD
Glyma.08G054900,WGD
Glyma.08G055100,WGD
Glyma.08G055200,WGD
Glyma.08G055300,WGD
Glyma.08G055400,WGD
Glyma.08G055500,WGD
Glyma.08G055600,WGD
Glyma.08G055700,WGD
Glyma.08G055800,WGD
Glyma.08G055900,WGD
Glyma.08G056200,WGD
Glyma.08G056300,WGD
Glyma.08G056500,WGD
Glyma.08G056600,WGD
Glyma.08G056700,WGD
Glyma.08G056800,WGD
Glyma.08G057200,WGD
Glyma.08G057251,WGD
Glyma.08G057300,WGD
Glyma.08G057400,WGD
Glyma.08G057600,WGD
Glyma.08G057700,WGD
Glyma.08G057900,WGD
Glyma.08G058000,WGD
Glyma.08G058100,WGD
Glyma.08G058200,WGD
Glyma.08G058300,WGD
Glyma.08G058400,WGD
Glyma.08G058500,WGD
Glyma.08G058600,WGD
Glyma.08G058700,WGD
Glyma.08G058800,WGD
Glyma.08G058900,WGD
Glyma.08G059000,WGD
Glyma.08G059200,WGD
Glyma.08G059300,WGD
Glyma.08G059500,WGD
Glyma.08G059600,WGD
Glyma.08G059700,WGD
Glyma.08G059800,WGD
Glyma.08G059900,WGD
Glyma.08G060100,WGD
Glyma.08G060200,WGD
Glyma.08G060300,WGD
Glyma.08G060400,WGD
Glyma.08G060500,WGD
Glyma.08G060600,WGD
Glyma.08G060800,WGD
Glyma.08G061000,WGD
Glyma.08G061100,WGD
Glyma.08G061200,WGD
Glyma.08G061300,WGD
Glyma.08G061366,WGD
Glyma.08G061500,WGD
Glyma.08G061550,WGD
Glyma.08G061700,WGD
Glyma.08G061800,WGD
Glyma.08G062200,WGD
Glyma.08G062300,WGD
Glyma.08G062400,WGD
Glyma.08G062500,WGD
Glyma.08G062600,WGD
Glyma.08G062700,WGD
Glyma.08G063000,WGD
Glyma.08G063167,WGD
Glyma.08G063400,WGD
Glyma.08G063500,WGD
Glyma.08G063700,WGD
Glyma.08G063800,WGD
Glyma.08G063900,WGD
Glyma.08G064100,WGD
Glyma.08G064300,WGD
Glyma.08G064400,WGD
Glyma.08G064500,WGD
Glyma.08G064600,WGD
Glyma.08G064700,WGD
Glyma.08G064800,WGD
Glyma.08G064900,WGD
Glyma.08G065000,WGD
Glyma.08G065100,WGD
Glyma.08G065150,WGD
Glyma.08G065200,WGD
Glyma.08G065300,WGD
Glyma.08G065500,WGD
Glyma.08G065900,WGD
Glyma.08G066000,WGD
Glyma.08G066500,WGD
Glyma.08G066600,WGD
Glyma.08G066800,WGD
Glyma.08G066900,WGD
Glyma.08G067000,WGD
Glyma.08G067100,WGD
Glyma.08G067200,WGD
Glyma.08G067400,WGD
Glyma.08G067500,WGD
Glyma.08G067700,WGD
Glyma.08G067761,WGD
Glyma.08G067800,WGD
Glyma.08G067900,WGD
Glyma.08G068000,WGD
Glyma.08G068100,WGD
Glyma.08G068200,WGD
Glyma.08G068300,WGD
Glyma.08G069200,WGD
Glyma.08G069300,WGD
Glyma.08G069500,WGD
Glyma.08G069600,WGD
Glyma.08G069700,WGD
Glyma.08G069800,WGD
Glyma.08G069900,WGD
Glyma.08G070000,WGD
Glyma.08G070100,WGD
Glyma.08G070200,WGD
Glyma.08G070400,WGD
Glyma.08G070600,WGD
Glyma.08G070700,WGD
Glyma.08G070967,WGD
Glyma.08G071300,WGD
Glyma.08G071401,WGD
Glyma.08G071600,WGD
Glyma.08G071700,WGD
Glyma.08G071900,WGD
Glyma.08G072000,WGD
Glyma.08G072100,WGD
Glyma.08G072200,WGD
Glyma.08G072400,WGD
Glyma.08G072500,WGD
Glyma.08G072600,WGD
Glyma.08G072700,WGD
Glyma.08G072800,WGD
Glyma.08G073000,WGD
Glyma.08G073100,WGD
Glyma.08G073300,WGD
Glyma.08G073500,WGD
Glyma.08G073600,WGD
Glyma.08G073700,WGD
Glyma.08G073800,WGD
Glyma.08G073900,WGD
Glyma.08G074000,WGD
Glyma.08G074100,WGD
Glyma.08G074200,WGD
Glyma.08G074300,WGD
Glyma.08G074400,WGD
Glyma.08G074500,WGD
Glyma.08G074700,WGD
Glyma.08G074900,WGD
Glyma.08G075000,WGD
Glyma.08G075100,WGD
Glyma.08G075300,WGD
Glyma.08G075400,WGD
Glyma.08G075600,WGD
Glyma.08G075700,WGD
Glyma.08G076000,WGD
Glyma.08G076400,WGD
Glyma.08G076500,WGD
Glyma.08G076600,WGD
Glyma.08G076700,WGD
Glyma.08G076900,WGD
Glyma.08G077100,WGD
Glyma.08G077200,WGD
Glyma.08G077300,WGD
Glyma.08G077400,WGD
Glyma.08G077500,WGD
Glyma.08G077602,WGD
Glyma.08G077700,WGD
Glyma.08G077800,WGD
Glyma.08G077900,WGD
Glyma.08G078000,WGD
Glyma.08G078200,WGD
Glyma.08G078300,WGD
Glyma.08G078500,WGD
Glyma.08G078600,WGD
Glyma.08G078700,WGD
Glyma.08G078900,WGD
Glyma.08G079300,WGD
Glyma.08G079400,WGD
Glyma.08G079500,WGD
Glyma.08G079600,WGD
Glyma.08G079900,WGD
Glyma.08G080000,WGD
Glyma.08G080200,WGD
Glyma.08G080267,WGD
Glyma.08G080400,WGD
Glyma.08G080600,WGD
Glyma.08G081000,WGD
Glyma.08G081100,WGD
Glyma.08G081200,WGD
Glyma.08G081300,WGD
Glyma.08G081500,WGD
Glyma.08G081600,WGD
Glyma.08G081700,WGD
Glyma.08G081801,WGD
Glyma.08G081900,WGD
Glyma.08G082000,WGD
Glyma.08G082100,WGD
Glyma.08G082200,WGD
Glyma.08G082400,WGD
Glyma.08G082500,WGD
Glyma.08G082600,WGD
Glyma.08G082700,WGD
Glyma.08G082900,WGD
Glyma.08G083000,WGD
Glyma.08G083600,WGD
Glyma.08G083700,WGD
Glyma.08G083800,WGD
Glyma.08G084000,WGD
Glyma.08G084100,WGD
Glyma.08G084200,WGD
Glyma.08G084300,WGD
Glyma.08G084400,WGD
Glyma.08G084500,WGD
Glyma.08G084600,WGD
Glyma.08G084700,WGD
Glyma.08G085000,WGD
Glyma.08G085151,WGD
Glyma.08G085200,WGD
Glyma.08G085400,WGD
Glyma.08G085500,WGD
Glyma.08G085700,WGD
Glyma.08G085800,WGD
Glyma.08G085900,WGD
Glyma.08G086000,WGD
Glyma.08G086100,WGD
Glyma.08G086200,WGD
Glyma.08G086300,WGD
Glyma.08G086500,WGD
Glyma.08G086600,WGD
Glyma.08G086700,WGD
Glyma.08G086800,WGD
Glyma.08G086900,WGD
Glyma.08G087000,WGD
Glyma.08G087100,WGD
Glyma.08G087200,WGD
Glyma.08G087300,WGD
Glyma.08G087400,WGD
Glyma.08G087600,WGD
Glyma.08G087700,WGD
Glyma.08G087800,WGD
Glyma.08G087900,WGD
Glyma.08G088000,WGD
Glyma.08G088100,WGD
Glyma.08G088200,WGD
Glyma.08G088300,WGD
Glyma.08G088400,WGD
Glyma.08G088600,WGD
Glyma.08G088700,WGD
Glyma.08G088800,WGD
Glyma.08G089000,WGD
Glyma.08G089100,WGD
Glyma.08G089400,WGD
Glyma.08G089600,WGD
Glyma.08G089800,WGD
Glyma.08G090000,WGD
Glyma.08G090100,WGD
Glyma.08G090200,WGD
Glyma.08G090300,WGD
Glyma.08G090400,WGD
Glyma.08G090600,WGD
Glyma.08G090700,WGD
Glyma.08G090800,WGD
Glyma.08G091000,WGD
Glyma.08G091200,WGD
Glyma.08G091301,WGD
Glyma.08G091600,WGD
Glyma.08G091700,WGD
Glyma.08G091800,WGD
Glyma.08G092100,WGD
Glyma.08G092200,WGD
Glyma.08G092300,WGD
Glyma.08G092400,WGD
Glyma.08G092500,WGD
Glyma.08G092600,WGD
Glyma.08G092700,WGD
Glyma.08G092800,WGD
Glyma.08G092900,WGD
Glyma.08G093000,WGD
Glyma.08G093200,WGD
Glyma.08G093300,WGD
Glyma.08G093500,WGD
Glyma.08G093700,WGD
Glyma.08G093800,WGD
Glyma.08G093900,WGD
Glyma.08G094000,WGD
Glyma.08G094100,WGD
Glyma.08G094200,WGD
Glyma.08G094400,WGD
Glyma.08G094500,WGD
Glyma.08G094600,WGD
Glyma.08G094700,WGD
Glyma.08G094800,WGD
Glyma.08G094900,WGD
Glyma.08G095000,WGD
Glyma.08G095100,WGD
Glyma.08G095200,WGD
Glyma.08G095300,WGD
Glyma.08G095600,WGD
Glyma.08G095700,WGD
Glyma.08G095800,WGD
Glyma.08G095900,WGD
Glyma.08G096000,WGD
Glyma.08G096100,WGD
Glyma.08G096200,WGD
Glyma.08G096300,WGD
Glyma.08G096500,WGD
Glyma.08G096600,WGD
Glyma.08G097000,WGD
Glyma.08G097400,WGD
Glyma.08G097500,WGD
Glyma.08G097700,WGD
Glyma.08G097800,WGD
Glyma.08G097900,WGD
Glyma.08G098000,WGD
Glyma.08G098100,WGD
Glyma.08G098400,WGD
Glyma.08G098600,WGD
Glyma.08G098700,WGD
Glyma.08G098800,WGD
Glyma.08G098900,WGD
Glyma.08G099000,WGD
Glyma.08G099200,WGD
Glyma.08G099500,WGD
Glyma.08G099600,WGD
Glyma.08G099700,WGD
Glyma.08G099800,WGD
Glyma.08G099900,WGD
Glyma.08G100100,WGD
Glyma.08G100200,WGD
Glyma.08G100300,WGD
Glyma.08G100600,WGD
Glyma.08G100700,WGD
Glyma.08G100800,WGD
Glyma.08G100900,WGD
Glyma.08G101000,WGD
Glyma.08G101100,WGD
Glyma.08G101200,WGD
Glyma.08G101400,WGD
Glyma.08G101500,WGD
Glyma.08G101800,WGD
Glyma.08G102100,WGD
Glyma.08G102200,WGD
Glyma.08G102300,WGD
Glyma.08G102400,WGD
Glyma.08G102500,WGD
Glyma.08G102600,WGD
Glyma.08G102700,WGD
Glyma.08G103100,WGD
Glyma.08G103167,WGD
Glyma.08G103300,WGD
Glyma.08G103500,WGD
Glyma.08G103600,WGD
Glyma.08G103700,WGD
Glyma.08G103800,WGD
Glyma.08G103900,WGD
Glyma.08G104100,WGD
Glyma.08G104200,WGD
Glyma.08G104300,WGD
Glyma.08G104400,WGD
Glyma.08G104500,WGD
Glyma.08G104600,WGD
Glyma.08G104700,WGD
Glyma.08G104800,WGD
Glyma.08G105000,WGD
Glyma.08G105100,WGD
Glyma.08G105200,WGD
Glyma.08G105300,WGD
Glyma.08G105400,WGD
Glyma.08G105500,WGD
Glyma.08G105600,WGD
Glyma.08G105700,WGD
Glyma.08G105800,WGD
Glyma.08G105900,WGD
Glyma.08G106000,WGD
Glyma.08G106300,WGD
Glyma.08G106400,WGD
Glyma.08G106700,WGD
Glyma.08G106800,WGD
Glyma.08G106900,WGD
Glyma.08G107100,WGD
Glyma.08G107200,WGD
Glyma.08G107300,WGD
Glyma.08G107400,WGD
Glyma.08G107500,WGD
Glyma.08G107700,WGD
Glyma.08G107800,WGD
Glyma.08G108000,WGD
Glyma.08G108200,WGD
Glyma.08G108300,WGD
Glyma.08G108600,WGD
Glyma.08G108700,WGD
Glyma.08G108800,WGD
Glyma.08G108900,WGD
Glyma.08G109000,WGD
Glyma.08G109100,WGD
Glyma.08G109200,WGD
Glyma.08G109600,WGD
Glyma.08G109700,WGD
Glyma.08G109800,WGD
Glyma.08G109900,WGD
Glyma.08G110000,WGD
Glyma.08G110100,WGD
Glyma.08G110300,WGD
Glyma.08G111100,WGD
Glyma.08G111500,WGD
Glyma.08G111600,WGD
Glyma.08G111700,WGD
Glyma.08G111900,WGD
Glyma.08G112000,WGD
Glyma.08G112200,WGD
Glyma.08G112300,WGD
Glyma.08G112400,WGD
Glyma.08G112800,WGD
Glyma.08G112900,WGD
Glyma.08G113000,WGD
Glyma.08G113100,WGD
Glyma.08G113200,WGD
Glyma.08G113300,WGD
Glyma.08G113400,WGD
Glyma.08G113500,WGD
Glyma.08G113600,WGD
Glyma.08G113800,WGD
Glyma.08G113900,WGD
Glyma.08G114100,WGD
Glyma.08G114200,WGD
Glyma.08G114400,WGD
Glyma.08G114500,WGD
Glyma.08G114600,WGD
Glyma.08G114700,WGD
Glyma.08G114800,WGD
Glyma.08G114900,WGD
Glyma.08G115200,WGD
Glyma.08G115350,WGD
Glyma.08G115500,WGD
Glyma.08G115600,WGD
Glyma.08G115700,WGD
Glyma.08G115800,WGD
Glyma.08G115900,WGD
Glyma.08G116000,WGD
Glyma.08G116100,WGD
Glyma.08G116200,WGD
Glyma.08G116300,WGD
Glyma.08G116500,WGD
Glyma.08G116600,WGD
Glyma.08G116700,WGD
Glyma.08G116800,WGD
Glyma.08G116900,WGD
Glyma.08G117000,WGD
Glyma.08G117200,WGD
Glyma.08G117300,WGD
Glyma.08G117400,WGD
Glyma.08G117500,WGD
Glyma.08G117600,WGD
Glyma.08G117700,WGD
Glyma.08G117800,WGD
Glyma.08G117902,WGD
Glyma.08G118000,WGD
Glyma.08G118100,WGD
Glyma.08G118200,WGD
Glyma.08G118300,WGD
Glyma.08G118400,WGD
Glyma.08G118500,WGD
Glyma.08G118600,WGD
Glyma.08G118800,WGD
Glyma.08G119300,WGD
Glyma.08G119400,WGD
Glyma.08G119600,WGD
Glyma.08G119700,WGD
Glyma.08G119800,WGD
Glyma.08G119900,WGD
Glyma.08G120000,WGD
Glyma.08G120100,WGD
Glyma.08G120200,WGD
Glyma.08G120302,WGD
Glyma.08G120402,WGD
Glyma.08G120500,WGD
Glyma.08G120600,WGD
Glyma.08G120700,WGD
Glyma.08G120800,WGD
Glyma.08G120900,WGD
Glyma.08G121100,WGD
Glyma.08G121200,WGD
Glyma.08G121300,WGD
Glyma.08G121600,WGD
Glyma.08G121700,WGD
Glyma.08G121800,WGD
Glyma.08G121900,WGD
Glyma.08G122000,WGD
Glyma.08G122100,WGD
Glyma.08G122500,WGD
Glyma.08G122600,WGD
Glyma.08G122700,WGD
Glyma.08G122800,WGD
Glyma.08G123000,WGD
Glyma.08G123100,WGD
Glyma.08G123300,WGD
Glyma.08G123400,WGD
Glyma.08G123500,WGD
Glyma.08G124000,WGD
Glyma.08G124100,WGD
Glyma.08G124200,WGD
Glyma.08G124300,WGD
Glyma.08G124400,WGD
Glyma.08G124500,WGD
Glyma.08G124600,WGD
Glyma.08G124800,WGD
Glyma.08G124900,WGD
Glyma.08G125000,WGD
Glyma.08G125400,WGD
Glyma.08G125500,WGD
Glyma.08G125700,WGD
Glyma.08G126000,WGD
Glyma.08G126100,WGD
Glyma.08G126200,WGD
Glyma.08G126300,WGD
Glyma.08G126400,WGD
Glyma.08G126500,WGD
Glyma.08G126600,WGD
Glyma.08G126700,WGD
Glyma.08G126800,WGD
Glyma.08G126900,WGD
Glyma.08G127000,WGD
Glyma.08G127100,WGD
Glyma.08G127200,WGD
Glyma.08G127400,WGD
Glyma.08G127500,WGD
Glyma.08G127600,WGD
Glyma.08G127700,WGD
Glyma.08G127800,WGD
Glyma.08G127900,WGD
Glyma.08G128000,WGD
Glyma.08G128100,WGD
Glyma.08G128200,WGD
Glyma.08G128300,WGD
Glyma.08G128500,WGD
Glyma.08G128600,WGD
Glyma.08G128700,WGD
Glyma.08G128800,WGD
Glyma.08G129000,WGD
Glyma.08G130400,WGD
Glyma.08G130500,WGD
Glyma.08G130600,WGD
Glyma.08G130800,WGD
Glyma.08G130900,WGD
Glyma.08G131000,WGD
Glyma.08G131200,WGD
Glyma.08G131300,WGD
Glyma.08G131400,WGD
Glyma.08G131600,WGD
Glyma.08G131775,WGD
Glyma.08G132000,WGD
Glyma.08G132100,WGD
Glyma.08G132200,WGD
Glyma.08G132300,WGD
Glyma.08G132400,WGD
Glyma.08G132500,WGD
Glyma.08G132600,WGD
Glyma.08G132700,WGD
Glyma.08G132800,WGD
Glyma.08G133100,WGD
Glyma.08G133200,WGD
Glyma.08G133400,WGD
Glyma.08G133500,WGD
Glyma.08G133600,WGD
Glyma.08G133700,WGD
Glyma.08G133800,WGD
Glyma.08G133900,WGD
Glyma.08G134000,WGD
Glyma.08G134100,WGD
Glyma.08G134200,WGD
Glyma.08G134300,WGD
Glyma.08G134400,WGD
Glyma.08G134500,WGD
Glyma.08G134600,WGD
Glyma.08G134800,WGD
Glyma.08G135000,WGD
Glyma.08G135100,WGD
Glyma.08G135200,WGD
Glyma.08G135300,WGD
Glyma.08G135400,WGD
Glyma.08G135600,WGD
Glyma.08G135700,WGD
Glyma.08G135900,WGD
Glyma.08G136200,WGD
Glyma.08G136300,WGD
Glyma.08G136400,WGD
Glyma.08G136500,WGD
Glyma.08G136600,WGD
Glyma.08G136900,WGD
Glyma.08G137000,WGD
Glyma.08G137100,WGD
Glyma.08G137200,WGD
Glyma.08G137300,WGD
Glyma.08G137500,WGD
Glyma.08G137600,WGD
Glyma.08G137700,WGD
Glyma.08G137800,WGD
Glyma.08G137900,WGD
Glyma.08G138000,WGD
Glyma.08G138100,WGD
Glyma.08G138200,WGD
Glyma.08G138300,WGD
Glyma.08G138500,WGD
Glyma.08G138600,WGD
Glyma.08G138700,WGD
Glyma.08G138800,WGD
Glyma.08G139000,WGD
Glyma.08G139100,WGD
Glyma.08G139200,WGD
Glyma.08G139300,WGD
Glyma.08G139400,WGD
Glyma.08G139500,WGD
Glyma.08G139600,WGD
Glyma.08G139700,WGD
Glyma.08G139800,WGD
Glyma.08G140100,WGD
Glyma.08G140200,WGD
Glyma.08G140300,WGD
Glyma.08G140400,WGD
Glyma.08G140700,WGD
Glyma.08G140900,WGD
Glyma.08G141000,WGD
Glyma.08G141100,WGD
Glyma.08G141200,WGD
Glyma.08G141300,WGD
Glyma.08G141400,WGD
Glyma.08G141500,WGD
Glyma.08G141600,WGD
Glyma.08G141700,WGD
Glyma.08G142000,WGD
Glyma.08G142300,WGD
Glyma.08G142400,WGD
Glyma.08G142600,WGD
Glyma.08G142700,WGD
Glyma.08G142800,WGD
Glyma.08G142900,WGD
Glyma.08G143000,WGD
Glyma.08G143050,WGD
Glyma.08G143100,WGD
Glyma.08G143200,WGD
Glyma.08G143400,WGD
Glyma.08G143500,WGD
Glyma.08G143600,WGD
Glyma.08G143800,WGD
Glyma.08G144000,WGD
Glyma.08G144600,WGD
Glyma.08G144700,WGD
Glyma.08G144800,WGD
Glyma.08G145100,WGD
Glyma.08G145200,WGD
Glyma.08G145300,WGD
Glyma.08G145350,WGD
Glyma.08G145400,WGD
Glyma.08G145500,WGD
Glyma.08G145600,WGD
Glyma.08G145700,WGD
Glyma.08G145800,WGD
Glyma.08G145900,WGD
Glyma.08G146000,WGD
Glyma.08G146100,WGD
Glyma.08G146200,WGD
Glyma.08G146300,WGD
Glyma.08G146400,WGD
Glyma.08G146500,WGD
Glyma.08G146600,WGD
Glyma.08G146700,WGD
Glyma.08G146800,WGD
Glyma.08G147000,WGD
Glyma.08G147100,WGD
Glyma.08G147200,WGD
Glyma.08G147400,WGD
Glyma.08G147500,WGD
Glyma.08G147600,WGD
Glyma.08G147700,WGD
Glyma.08G147800,WGD
Glyma.08G147900,WGD
Glyma.08G148800,WGD
Glyma.08G148900,WGD
Glyma.08G149000,WGD
Glyma.08G149300,WGD
Glyma.08G149500,WGD
Glyma.08G149600,WGD
Glyma.08G149700,WGD
Glyma.08G150000,WGD
Glyma.08G150100,WGD
Glyma.08G150700,WGD
Glyma.08G150800,WGD
Glyma.08G151700,WGD
Glyma.08G151900,WGD
Glyma.08G152000,WGD
Glyma.08G152100,WGD
Glyma.08G152200,WGD
Glyma.08G152300,WGD
Glyma.08G152400,WGD
Glyma.08G152500,WGD
Glyma.08G152600,WGD
Glyma.08G152900,WGD
Glyma.08G153200,WGD
Glyma.08G153400,WGD
Glyma.08G153600,WGD
Glyma.08G153800,WGD
Glyma.08G154300,WGD
Glyma.08G154500,WGD
Glyma.08G154600,WGD
Glyma.08G154900,WGD
Glyma.08G155000,WGD
Glyma.08G155100,WGD
Glyma.08G155200,WGD
Glyma.08G155900,WGD
Glyma.08G156000,WGD
Glyma.08G156100,WGD
Glyma.08G156200,WGD
Glyma.08G156300,WGD
Glyma.08G156400,WGD
Glyma.08G156500,WGD
Glyma.08G156600,WGD
Glyma.08G156800,WGD
Glyma.08G156900,WGD
Glyma.08G157000,WGD
Glyma.08G157300,WGD
Glyma.08G157400,WGD
Glyma.08G157700,WGD
Glyma.08G157800,WGD
Glyma.08G157900,WGD
Glyma.08G158100,WGD
Glyma.08G158300,WGD
Glyma.08G158400,WGD
Glyma.08G158500,WGD
Glyma.08G158600,WGD
Glyma.08G158700,WGD
Glyma.08G158800,WGD
Glyma.08G159000,WGD
Glyma.08G159100,WGD
Glyma.08G159400,WGD
Glyma.08G159800,WGD
Glyma.08G159900,WGD
Glyma.08G160000,WGD
Glyma.08G160400,WGD
Glyma.08G160500,WGD
Glyma.08G161000,WGD
Glyma.08G161300,WGD
Glyma.08G161500,WGD
Glyma.08G161600,WGD
Glyma.08G161700,WGD
Glyma.08G161800,WGD
Glyma.08G162000,WGD
Glyma.08G162100,WGD
Glyma.08G162200,WGD
Glyma.08G162300,WGD
Glyma.08G162500,WGD
Glyma.08G162600,WGD
Glyma.08G162700,WGD
Glyma.08G163000,WGD
Glyma.08G163100,WGD
Glyma.08G163200,WGD
Glyma.08G163400,WGD
Glyma.08G163500,WGD
Glyma.08G163600,WGD
Glyma.08G163700,WGD
Glyma.08G163800,WGD
Glyma.08G163900,WGD
Glyma.08G164000,WGD
Glyma.08G164100,WGD
Glyma.08G164200,WGD
Glyma.08G164400,WGD
Glyma.08G164500,WGD
Glyma.08G164600,WGD
Glyma.08G164666,WGD
Glyma.08G164900,WGD
Glyma.08G165400,WGD
Glyma.08G165600,WGD
Glyma.08G165700,WGD
Glyma.08G165800,WGD
Glyma.08G165900,WGD
Glyma.08G166000,WGD
Glyma.08G167000,WGD
Glyma.08G167100,WGD
Glyma.08G167200,WGD
Glyma.08G167600,WGD
Glyma.08G167700,WGD
Glyma.08G167800,WGD
Glyma.08G167900,WGD
Glyma.08G168000,WGD
Glyma.08G168100,WGD
Glyma.08G168300,WGD
Glyma.08G168400,WGD
Glyma.08G168700,WGD
Glyma.08G168800,WGD
Glyma.08G168900,WGD
Glyma.08G169000,WGD
Glyma.08G169451,WGD
Glyma.08G169600,WGD
Glyma.08G170000,WGD
Glyma.08G170200,WGD
Glyma.08G170300,WGD
Glyma.08G170400,WGD
Glyma.08G170500,WGD
Glyma.08G170700,WGD
Glyma.08G170800,WGD
Glyma.08G171500,WGD
Glyma.08G171633,WGD
Glyma.08G171700,WGD
Glyma.08G171900,WGD
Glyma.08G172000,WGD
Glyma.08G172100,WGD
Glyma.08G172200,WGD
Glyma.08G172300,WGD
Glyma.08G172400,WGD
Glyma.08G172502,WGD
Glyma.08G172700,WGD
Glyma.08G173000,WGD
Glyma.08G173100,WGD
Glyma.08G173300,WGD
Glyma.08G173400,WGD
Glyma.08G173500,WGD
Glyma.08G173700,WGD
Glyma.08G173800,WGD
Glyma.08G173900,WGD
Glyma.08G174000,WGD
Glyma.08G174100,WGD
Glyma.08G174200,WGD
Glyma.08G174300,WGD
Glyma.08G174400,WGD
Glyma.08G174500,WGD
Glyma.08G174600,WGD
Glyma.08G174900,WGD
Glyma.08G175300,WGD
Glyma.08G175400,WGD
Glyma.08G175500,WGD
Glyma.08G175600,WGD
Glyma.08G175700,WGD
Glyma.08G175800,WGD
Glyma.08G175900,WGD
Glyma.08G176100,WGD
Glyma.08G176200,WGD
Glyma.08G176300,WGD
Glyma.08G176400,WGD
Glyma.08G176500,WGD
Glyma.08G176600,WGD
Glyma.08G176700,WGD
Glyma.08G176800,WGD
Glyma.08G176900,WGD
Glyma.08G177000,WGD
Glyma.08G177100,WGD
Glyma.08G177300,WGD
Glyma.08G177400,WGD
Glyma.08G177502,WGD
Glyma.08G177600,WGD
Glyma.08G177800,WGD
Glyma.08G177900,WGD
Glyma.08G178000,WGD
Glyma.08G178200,WGD
Glyma.08G178400,WGD
Glyma.08G178500,WGD
Glyma.08G178600,WGD
Glyma.08G178700,WGD
Glyma.08G178800,WGD
Glyma.08G178900,WGD
Glyma.08G179000,WGD
Glyma.08G179100,WGD
Glyma.08G179200,WGD
Glyma.08G179300,WGD
Glyma.08G179400,WGD
Glyma.08G179600,WGD
Glyma.08G179900,WGD
Glyma.08G180000,WGD
Glyma.08G180100,WGD
Glyma.08G180400,WGD
Glyma.08G180500,WGD
Glyma.08G180600,WGD
Glyma.08G180700,WGD
Glyma.08G180800,WGD
Glyma.08G180900,WGD
Glyma.08G181000,WGD
Glyma.08G181100,WGD
Glyma.08G181200,WGD
Glyma.08G181400,WGD
Glyma.08G181500,WGD
Glyma.08G181600,WGD
Glyma.08G181700,WGD
Glyma.08G181800,WGD
Glyma.08G181900,WGD
Glyma.08G182100,WGD
Glyma.08G182200,WGD
Glyma.08G182300,WGD
Glyma.08G182400,WGD
Glyma.08G182500,WGD
Glyma.08G182900,WGD
Glyma.08G183000,WGD
Glyma.08G183100,WGD
Glyma.08G183300,WGD
Glyma.08G183400,WGD
Glyma.08G183500,WGD
Glyma.08G183600,WGD
Glyma.08G183900,WGD
Glyma.08G184000,WGD
Glyma.08G184100,WGD
Glyma.08G184400,WGD
Glyma.08G184500,WGD
Glyma.08G184800,WGD
Glyma.08G184900,WGD
Glyma.08G185000,WGD
Glyma.08G185100,WGD
Glyma.08G185200,WGD
Glyma.08G185300,WGD
Glyma.08G185400,WGD
Glyma.08G185500,WGD
Glyma.08G185700,WGD
Glyma.08G185800,WGD
Glyma.08G185900,WGD
Glyma.08G186000,WGD
Glyma.08G186066,WGD
Glyma.08G186200,WGD
Glyma.08G186400,WGD
Glyma.08G186800,WGD
Glyma.08G186900,WGD
Glyma.08G187000,WGD
Glyma.08G187100,WGD
Glyma.08G187200,WGD
Glyma.08G187400,WGD
Glyma.08G187500,WGD
Glyma.08G187600,WGD
Glyma.08G187700,WGD
Glyma.08G187800,WGD
Glyma.08G188000,WGD
Glyma.08G188100,WGD
Glyma.08G188200,WGD
Glyma.08G188300,WGD
Glyma.08G188400,WGD
Glyma.08G188500,WGD
Glyma.08G188600,WGD
Glyma.08G188700,WGD
Glyma.08G188800,WGD
Glyma.08G188900,WGD
Glyma.08G189000,WGD
Glyma.08G189200,WGD
Glyma.08G189300,WGD
Glyma.08G189600,WGD
Glyma.08G189800,WGD
Glyma.08G189900,WGD
Glyma.08G190000,WGD
Glyma.08G190100,WGD
Glyma.08G190200,WGD
Glyma.08G190300,WGD
Glyma.08G190400,WGD
Glyma.08G190567,WGD
Glyma.08G190900,WGD
Glyma.08G191200,WGD
Glyma.08G191300,WGD
Glyma.08G191400,WGD
Glyma.08G191500,WGD
Glyma.08G191600,WGD
Glyma.08G191700,WGD
Glyma.08G191900,WGD
Glyma.08G192100,WGD
Glyma.08G192200,WGD
Glyma.08G192300,WGD
Glyma.08G192400,WGD
Glyma.08G192500,WGD
Glyma.08G192600,WGD
Glyma.08G192700,WGD
Glyma.08G193000,WGD
Glyma.08G193100,WGD
Glyma.08G193200,WGD
Glyma.08G193400,WGD
Glyma.08G193500,WGD
Glyma.08G193700,WGD
Glyma.08G193800,WGD
Glyma.08G193900,WGD
Glyma.08G194000,WGD
Glyma.08G194100,WGD
Glyma.08G194200,WGD
Glyma.08G194300,WGD
Glyma.08G194400,WGD
Glyma.08G194500,WGD
Glyma.08G194600,WGD
Glyma.08G194900,WGD
Glyma.08G195000,WGD
Glyma.08G195200,WGD
Glyma.08G195300,WGD
Glyma.08G195900,WGD
Glyma.08G196100,WGD
Glyma.08G196200,WGD
Glyma.08G196300,WGD
Glyma.08G196400,WGD
Glyma.08G196500,WGD
Glyma.08G196600,WGD
Glyma.08G196700,WGD
Glyma.08G196800,WGD
Glyma.08G197400,WGD
Glyma.08G197500,WGD
Glyma.08G197600,WGD
Glyma.08G197700,WGD
Glyma.08G197800,WGD
Glyma.08G198300,WGD
Glyma.08G198900,WGD
Glyma.08G199300,WGD
Glyma.08G199500,WGD
Glyma.08G199600,WGD
Glyma.08G199700,WGD
Glyma.08G199800,WGD
Glyma.08G199900,WGD
Glyma.08G200000,WGD
Glyma.08G200200,WGD
Glyma.08G200400,WGD
Glyma.08G200500,WGD
Glyma.08G200600,WGD
Glyma.08G200700,WGD
Glyma.08G200800,WGD
Glyma.08G200900,WGD
Glyma.08G201000,WGD
Glyma.08G201100,WGD
Glyma.08G201200,WGD
Glyma.08G201300,WGD
Glyma.08G201400,WGD
Glyma.08G201500,WGD
Glyma.08G201600,WGD
Glyma.08G201700,WGD
Glyma.08G201800,WGD
Glyma.08G201900,WGD
Glyma.08G202000,WGD
Glyma.08G202100,WGD
Glyma.08G202200,WGD
Glyma.08G202300,WGD
Glyma.08G202600,WGD
Glyma.08G202700,WGD
Glyma.08G202800,WGD
Glyma.08G202900,WGD
Glyma.08G203000,WGD
Glyma.08G203100,WGD
Glyma.08G203200,WGD
Glyma.08G203300,WGD
Glyma.08G203400,WGD
Glyma.08G203600,WGD
Glyma.08G203700,WGD
Glyma.08G203900,WGD
Glyma.08G204100,WGD
Glyma.08G204200,WGD
Glyma.08G204300,WGD
Glyma.08G204400,WGD
Glyma.08G204500,WGD
Glyma.08G204600,WGD
Glyma.08G204700,WGD
Glyma.08G204800,WGD
Glyma.08G204900,WGD
Glyma.08G205400,WGD
Glyma.08G205500,WGD
Glyma.08G205600,WGD
Glyma.08G205700,WGD
Glyma.08G205800,WGD
Glyma.08G205900,WGD
Glyma.08G206000,WGD
Glyma.08G206200,WGD
Glyma.08G206500,WGD
Glyma.08G206600,WGD
Glyma.08G206700,WGD
Glyma.08G206800,WGD
Glyma.08G206900,WGD
Glyma.08G207000,WGD
Glyma.08G207100,WGD
Glyma.08G207200,WGD
Glyma.08G207300,WGD
Glyma.08G207400,WGD
Glyma.08G207600,WGD
Glyma.08G207700,WGD
Glyma.08G207800,WGD
Glyma.08G207900,WGD
Glyma.08G208000,WGD
Glyma.08G208100,WGD
Glyma.08G208200,WGD
Glyma.08G208300,WGD
Glyma.08G208367,WGD
Glyma.08G208433,WGD
Glyma.08G208600,WGD
Glyma.08G208902,WGD
Glyma.08G209000,WGD
Glyma.08G209100,WGD
Glyma.08G209200,WGD
Glyma.08G209300,WGD
Glyma.08G209400,WGD
Glyma.08G209700,WGD
Glyma.08G209800,WGD
Glyma.08G209900,WGD
Glyma.08G210000,WGD
Glyma.08G210200,WGD
Glyma.08G210500,WGD
Glyma.08G210700,WGD
Glyma.08G210800,WGD
Glyma.08G210900,WGD
Glyma.08G211000,WGD
Glyma.08G211100,WGD
Glyma.08G211200,WGD
Glyma.08G211300,WGD
Glyma.08G211400,WGD
Glyma.08G211500,WGD
Glyma.08G211600,WGD
Glyma.08G211700,WGD
Glyma.08G211800,WGD
Glyma.08G211900,WGD
Glyma.08G212000,WGD
Glyma.08G212100,WGD
Glyma.08G212200,WGD
Glyma.08G212300,WGD
Glyma.08G212400,WGD
Glyma.08G212500,WGD
Glyma.08G212600,WGD
Glyma.08G212800,WGD
Glyma.08G212900,WGD
Glyma.08G213000,WGD
Glyma.08G213100,WGD
Glyma.08G213200,WGD
Glyma.08G213300,WGD
Glyma.08G213500,WGD
Glyma.08G213600,WGD
Glyma.08G213700,WGD
Glyma.08G213800,WGD
Glyma.08G213900,WGD
Glyma.08G214000,WGD
Glyma.08G214100,WGD
Glyma.08G214200,WGD
Glyma.08G214300,WGD
Glyma.08G214400,WGD
Glyma.08G214500,WGD
Glyma.08G214600,WGD
Glyma.08G214800,WGD
Glyma.08G214900,WGD
Glyma.08G215000,WGD
Glyma.08G215200,WGD
Glyma.08G215300,WGD
Glyma.08G215400,WGD
Glyma.08G215500,WGD
Glyma.08G215600,WGD
Glyma.08G215700,WGD
Glyma.08G215900,WGD
Glyma.08G216200,WGD
Glyma.08G216300,WGD
Glyma.08G216500,WGD
Glyma.08G216600,WGD
Glyma.08G216700,WGD
Glyma.08G216800,WGD
Glyma.08G216900,WGD
Glyma.08G217000,WGD
Glyma.08G217100,WGD
Glyma.08G217200,WGD
Glyma.08G217400,WGD
Glyma.08G217500,WGD
Glyma.08G217600,WGD
Glyma.08G217700,WGD
Glyma.08G217800,WGD
Glyma.08G218100,WGD
Glyma.08G218200,WGD
Glyma.08G218400,WGD
Glyma.08G218500,WGD
Glyma.08G218600,WGD
Glyma.08G218700,WGD
Glyma.08G218800,WGD
Glyma.08G218900,WGD
Glyma.08G219000,WGD
Glyma.08G219100,WGD
Glyma.08G219200,WGD
Glyma.08G219300,WGD
Glyma.08G219500,WGD
Glyma.08G219600,WGD
Glyma.08G219900,WGD
Glyma.08G220000,WGD
Glyma.08G220100,WGD
Glyma.08G220200,WGD
Glyma.08G220300,WGD
Glyma.08G220400,WGD
Glyma.08G220500,WGD
Glyma.08G220600,WGD
Glyma.08G220800,WGD
Glyma.08G220900,WGD
Glyma.08G221000,WGD
Glyma.08G221300,WGD
Glyma.08G221400,WGD
Glyma.08G221500,WGD
Glyma.08G221600,WGD
Glyma.08G221700,WGD
Glyma.08G221900,WGD
Glyma.08G222000,WGD
Glyma.08G222100,WGD
Glyma.08G222200,WGD
Glyma.08G222300,WGD
Glyma.08G222400,WGD
Glyma.08G222500,WGD
Glyma.08G222700,WGD
Glyma.08G222800,WGD
Glyma.08G222900,WGD
Glyma.08G223000,WGD
Glyma.08G223200,WGD
Glyma.08G223300,WGD
Glyma.08G223400,WGD
Glyma.08G223600,WGD
Glyma.08G223700,WGD
Glyma.08G223800,WGD
Glyma.08G223900,WGD
Glyma.08G224000,WGD
Glyma.08G224300,WGD
Glyma.08G224400,WGD
Glyma.08G224500,WGD
Glyma.08G224600,WGD
Glyma.08G224800,WGD
Glyma.08G225000,WGD
Glyma.08G225100,WGD
Glyma.08G225400,WGD
Glyma.08G225500,WGD
Glyma.08G225800,WGD
Glyma.08G225900,WGD
Glyma.08G226000,WGD
Glyma.08G226100,WGD
Glyma.08G226400,WGD
Glyma.08G226600,WGD
Glyma.08G226700,WGD
Glyma.08G226800,WGD
Glyma.08G227000,WGD
Glyma.08G227200,WGD
Glyma.08G227500,WGD
Glyma.08G227600,WGD
Glyma.08G227700,WGD
Glyma.08G227900,WGD
Glyma.08G228000,WGD
Glyma.08G228300,WGD
Glyma.08G228800,WGD
Glyma.08G228900,WGD
Glyma.08G229100,WGD
Glyma.08G229400,WGD
Glyma.08G229500,WGD
Glyma.08G229600,WGD
Glyma.08G230000,WGD
Glyma.08G230100,WGD
Glyma.08G230900,WGD
Glyma.08G231000,WGD
Glyma.08G231100,WGD
Glyma.08G231200,WGD
Glyma.08G231400,WGD
Glyma.08G231500,WGD
Glyma.08G231600,WGD
Glyma.08G231800,WGD
Glyma.08G231900,WGD
Glyma.08G232300,WGD
Glyma.08G232600,WGD
Glyma.08G232700,WGD
Glyma.08G232900,WGD
Glyma.08G233300,WGD
Glyma.08G233702,WGD
Glyma.08G234200,WGD
Glyma.08G234400,WGD
Glyma.08G234600,WGD
Glyma.08G235000,WGD
Glyma.08G236900,WGD
Glyma.08G237150,WGD
Glyma.08G237300,WGD
Glyma.08G237400,WGD
Glyma.08G238000,WGD
Glyma.08G238300,WGD
Glyma.08G238500,WGD
Glyma.08G238600,WGD
Glyma.08G238750,WGD
Glyma.08G238800,WGD
Glyma.08G239150,WGD
Glyma.08G239201,WGD
Glyma.08G239300,WGD
Glyma.08G239400,WGD
Glyma.08G239900,WGD
Glyma.08G240100,WGD
Glyma.08G240202,WGD
Glyma.08G240300,WGD
Glyma.08G240700,WGD
Glyma.08G240800,WGD
Glyma.08G241000,WGD
Glyma.08G241100,WGD
Glyma.08G241200,WGD
Glyma.08G241300,WGD
Glyma.08G241600,WGD
Glyma.08G241700,WGD
Glyma.08G241800,WGD
Glyma.08G242000,WGD
Glyma.08G242100,WGD
Glyma.08G242300,WGD
Glyma.08G242500,WGD
Glyma.08G242600,WGD
Glyma.08G242700,WGD
Glyma.08G242800,WGD
Glyma.08G243000,WGD
Glyma.08G243100,WGD
Glyma.08G243200,WGD
Glyma.08G243300,WGD
Glyma.08G243600,WGD
Glyma.08G243700,WGD
Glyma.08G244700,WGD
Glyma.08G244800,WGD
Glyma.08G245100,WGD
Glyma.08G245200,WGD
Glyma.08G245400,WGD
Glyma.08G245500,WGD
Glyma.08G245600,WGD
Glyma.08G246100,WGD
Glyma.08G246400,WGD
Glyma.08G246600,WGD
Glyma.08G246700,WGD
Glyma.08G246800,WGD
Glyma.08G247060,WGD
Glyma.08G247140,WGD
Glyma.08G247220,WGD
Glyma.08G247300,WGD
Glyma.08G247400,WGD
Glyma.08G247500,WGD
Glyma.08G247700,WGD
Glyma.08G247800,WGD
Glyma.08G247932,WGD
Glyma.08G248000,WGD
Glyma.08G248700,WGD
Glyma.08G248900,WGD
Glyma.08G249401,WGD
Glyma.08G249600,WGD
Glyma.08G249700,WGD
Glyma.08G249800,WGD
Glyma.08G249900,WGD
Glyma.08G250000,WGD
Glyma.08G250300,WGD
Glyma.08G250402,WGD
Glyma.08G250600,WGD
Glyma.08G250700,WGD
Glyma.08G250800,WGD
Glyma.08G250900,WGD
Glyma.08G251100,WGD
Glyma.08G251200,WGD
Glyma.08G251300,WGD
Glyma.08G251400,WGD
Glyma.08G251500,WGD
Glyma.08G251800,WGD
Glyma.08G252400,WGD
Glyma.08G252500,WGD
Glyma.08G252600,WGD
Glyma.08G252700,WGD
Glyma.08G252800,WGD
Glyma.08G252900,WGD
Glyma.08G253000,WGD
Glyma.08G253100,WGD
Glyma.08G253200,WGD
Glyma.08G253600,WGD
Glyma.08G253700,WGD
Glyma.08G253800,WGD
Glyma.08G253900,WGD
Glyma.08G254000,WGD
Glyma.08G254100,WGD
Glyma.08G254200,WGD
Glyma.08G254300,WGD
Glyma.08G254400,WGD
Glyma.08G254500,WGD
Glyma.08G254600,WGD
Glyma.08G254800,WGD
Glyma.08G254850,WGD
Glyma.08G255000,WGD
Glyma.08G255200,WGD
Glyma.08G255300,WGD
Glyma.08G255500,WGD
Glyma.08G255600,WGD
Glyma.08G255700,WGD
Glyma.08G255800,WGD
Glyma.08G255850,WGD
Glyma.08G255900,WGD
Glyma.08G256100,WGD
Glyma.08G256300,WGD
Glyma.08G256400,WGD
Glyma.08G256500,WGD
Glyma.08G256600,WGD
Glyma.08G256900,WGD
Glyma.08G257100,WGD
Glyma.08G257200,WGD
Glyma.08G257300,WGD
Glyma.08G257400,WGD
Glyma.08G257500,WGD
Glyma.08G257600,WGD
Glyma.08G257700,WGD
Glyma.08G257800,WGD
Glyma.08G257900,WGD
Glyma.08G258000,WGD
Glyma.08G258100,WGD
Glyma.08G258300,WGD
Glyma.08G258500,WGD
Glyma.08G258700,WGD
Glyma.08G258800,WGD
Glyma.08G259000,WGD
Glyma.08G259200,WGD
Glyma.08G259300,WGD
Glyma.08G259400,WGD
Glyma.08G259700,WGD
Glyma.08G259766,WGD
Glyma.08G259900,WGD
Glyma.08G260200,WGD
Glyma.08G260400,WGD
Glyma.08G260500,WGD
Glyma.08G261000,WGD
Glyma.08G261100,WGD
Glyma.08G261450,WGD
Glyma.08G261500,WGD
Glyma.08G262800,WGD
Glyma.08G262900,WGD
Glyma.08G263200,WGD
Glyma.08G263700,WGD
Glyma.08G263800,WGD
Glyma.08G264002,WGD
Glyma.08G264800,WGD
Glyma.08G265200,WGD
Glyma.08G265300,WGD
Glyma.08G265600,WGD
Glyma.08G266100,WGD
Glyma.08G266300,WGD
Glyma.08G266400,WGD
Glyma.08G266500,WGD
Glyma.08G267700,WGD
Glyma.08G267800,WGD
Glyma.08G267900,WGD
Glyma.08G268000,WGD
Glyma.08G268400,WGD
Glyma.08G268601,WGD
Glyma.08G268900,WGD
Glyma.08G270300,WGD
Glyma.08G270600,WGD
Glyma.08G270800,WGD
Glyma.08G271000,WGD
Glyma.08G271100,WGD
Glyma.08G271700,WGD
Glyma.08G271900,WGD
Glyma.08G272000,WGD
Glyma.08G272500,WGD
Glyma.08G272600,WGD
Glyma.08G272800,WGD
Glyma.08G273100,WGD
Glyma.08G273200,WGD
Glyma.08G273300,WGD
Glyma.08G273400,WGD
Glyma.08G273500,WGD
Glyma.08G273600,WGD
Glyma.08G274200,WGD
Glyma.08G274400,WGD
Glyma.08G275000,WGD
Glyma.08G275500,WGD
Glyma.08G275750,WGD
Glyma.08G276300,WGD
Glyma.08G277000,WGD
Glyma.08G277200,WGD
Glyma.08G278700,WGD
Glyma.08G279000,WGD
Glyma.08G279101,WGD
Glyma.08G279300,WGD
Glyma.08G279400,WGD
Glyma.08G279500,WGD
Glyma.08G279600,WGD
Glyma.08G279700,WGD
Glyma.08G279800,WGD
Glyma.08G279900,WGD
Glyma.08G280000,WGD
Glyma.08G280300,WGD
Glyma.08G280600,WGD
Glyma.08G280700,WGD
Glyma.08G281000,WGD
Glyma.08G281400,WGD
Glyma.08G281700,WGD
Glyma.08G281800,WGD
Glyma.08G281900,WGD
Glyma.08G282000,WGD
Glyma.08G282100,WGD
Glyma.08G282202,WGD
Glyma.08G282400,WGD
Glyma.08G282500,WGD
Glyma.08G282600,WGD
Glyma.08G282800,WGD
Glyma.08G282900,WGD
Glyma.08G283200,WGD
Glyma.08G283300,WGD
Glyma.08G283400,WGD
Glyma.08G283600,WGD
Glyma.08G283700,WGD
Glyma.08G284000,WGD
Glyma.08G284100,WGD
Glyma.08G284201,WGD
Glyma.08G284300,WGD
Glyma.08G284500,WGD
Glyma.08G284600,WGD
Glyma.08G284800,WGD
Glyma.08G284900,WGD
Glyma.08G285000,WGD
Glyma.08G285100,WGD
Glyma.08G285200,WGD
Glyma.08G285400,WGD
Glyma.08G285500,WGD
Glyma.08G285600,WGD
Glyma.08G285700,WGD
Glyma.08G285800,WGD
Glyma.08G286200,WGD
Glyma.08G286300,WGD
Glyma.08G286400,WGD
Glyma.08G286500,WGD
Glyma.08G286600,WGD
Glyma.08G286700,WGD
Glyma.08G286800,WGD
Glyma.08G287500,WGD
Glyma.08G287700,WGD
Glyma.08G287866,WGD
Glyma.08G287932,WGD
Glyma.08G288000,WGD
Glyma.08G288100,WGD
Glyma.08G288200,WGD
Glyma.08G288300,WGD
Glyma.08G288500,WGD
Glyma.08G288600,WGD
Glyma.08G288800,WGD
Glyma.08G289100,WGD
Glyma.08G289200,WGD
Glyma.08G289300,WGD
Glyma.08G289500,WGD
Glyma.08G289700,WGD
Glyma.08G289802,WGD
Glyma.08G289900,WGD
Glyma.08G290000,WGD
Glyma.08G290100,WGD
Glyma.08G290200,WGD
Glyma.08G290300,WGD
Glyma.08G290400,WGD
Glyma.08G290600,WGD
Glyma.08G290700,WGD
Glyma.08G290800,WGD
Glyma.08G291000,WGD
Glyma.08G291600,WGD
Glyma.08G291800,WGD
Glyma.08G291900,WGD
Glyma.08G292000,WGD
Glyma.08G292100,WGD
Glyma.08G292300,WGD
Glyma.08G292400,WGD
Glyma.08G292600,WGD
Glyma.08G292700,WGD
Glyma.08G292800,WGD
Glyma.08G292900,WGD
Glyma.08G293000,WGD
Glyma.08G293200,WGD
Glyma.08G293300,WGD
Glyma.08G293366,WGD
Glyma.08G293400,WGD
Glyma.08G293600,WGD
Glyma.08G293900,WGD
Glyma.08G294000,WGD
Glyma.08G294100,WGD
Glyma.08G294200,WGD
Glyma.08G294300,WGD
Glyma.08G294700,WGD
Glyma.08G294800,WGD
Glyma.08G295000,WGD
Glyma.08G295500,WGD
Glyma.08G295600,WGD
Glyma.08G295700,WGD
Glyma.08G295800,WGD
Glyma.08G296000,WGD
Glyma.08G296300,WGD
Glyma.08G296400,WGD
Glyma.08G296500,WGD
Glyma.08G296600,WGD
Glyma.08G296700,WGD
Glyma.08G296800,WGD
Glyma.08G296900,WGD
Glyma.08G297000,WGD
Glyma.08G297200,WGD
Glyma.08G297300,WGD
Glyma.08G297400,WGD
Glyma.08G297500,WGD
Glyma.08G297900,WGD
Glyma.08G298200,WGD
Glyma.08G298400,WGD
Glyma.08G298500,WGD
Glyma.08G298700,WGD
Glyma.08G298900,WGD
Glyma.08G299000,WGD
Glyma.08G299202,WGD
Glyma.08G299300,WGD
Glyma.08G299400,WGD
Glyma.08G299500,WGD
Glyma.08G299600,WGD
Glyma.08G299900,WGD
Glyma.08G300100,WGD
Glyma.08G300300,WGD
Glyma.08G300400,WGD
Glyma.08G300451,WGD
Glyma.08G300500,WGD
Glyma.08G300700,WGD
Glyma.08G300800,WGD
Glyma.08G301100,WGD
Glyma.08G301200,WGD
Glyma.08G301300,WGD
Glyma.08G301500,WGD
Glyma.08G301700,WGD
Glyma.08G302000,WGD
Glyma.08G302200,WGD
Glyma.08G302300,WGD
Glyma.08G302400,WGD
Glyma.08G302500,WGD
Glyma.08G302600,WGD
Glyma.08G302767,WGD
Glyma.08G302900,WGD
Glyma.08G303000,WGD
Glyma.08G303200,WGD
Glyma.08G303800,WGD
Glyma.08G303900,WGD
Glyma.08G304000,WGD
Glyma.08G304100,WGD
Glyma.08G304200,WGD
Glyma.08G304300,WGD
Glyma.08G304700,WGD
Glyma.08G304800,WGD
Glyma.08G304900,WGD
Glyma.08G305000,WGD
Glyma.08G305100,WGD
Glyma.08G305200,WGD
Glyma.08G305900,WGD
Glyma.08G306200,WGD
Glyma.08G306300,WGD
Glyma.08G306600,WGD
Glyma.08G306800,WGD
Glyma.08G307000,WGD
Glyma.08G307100,WGD
Glyma.08G307200,WGD
Glyma.08G307500,WGD
Glyma.08G307600,WGD
Glyma.08G307702,WGD
Glyma.08G307800,WGD
Glyma.08G307900,WGD
Glyma.08G308000,WGD
Glyma.08G308100,WGD
Glyma.08G308200,WGD
Glyma.08G308300,WGD
Glyma.08G308400,WGD
Glyma.08G308500,WGD
Glyma.08G308600,WGD
Glyma.08G308800,WGD
Glyma.08G308900,WGD
Glyma.08G309000,WGD
Glyma.08G309100,WGD
Glyma.08G309200,WGD
Glyma.08G309300,WGD
Glyma.08G309400,WGD
Glyma.08G309500,WGD
Glyma.08G309700,WGD
Glyma.08G309766,WGD
Glyma.08G309900,WGD
Glyma.08G310100,WGD
Glyma.08G310300,WGD
Glyma.08G310400,WGD
Glyma.08G310600,WGD
Glyma.08G310701,WGD
Glyma.08G310800,WGD
Glyma.08G311000,WGD
Glyma.08G311200,WGD
Glyma.08G311300,WGD
Glyma.08G311400,WGD
Glyma.08G311500,WGD
Glyma.08G311700,WGD
Glyma.08G311900,WGD
Glyma.08G312300,WGD
Glyma.08G312400,WGD
Glyma.08G312700,WGD
Glyma.08G312800,WGD
Glyma.08G313100,WGD
Glyma.08G313200,WGD
Glyma.08G313300,WGD
Glyma.08G313600,WGD
Glyma.08G314100,WGD
Glyma.08G314400,WGD
Glyma.08G314500,WGD
Glyma.08G314600,WGD
Glyma.08G314700,WGD
Glyma.08G314800,WGD
Glyma.08G315100,WGD
Glyma.08G315200,WGD
Glyma.08G315300,WGD
Glyma.08G315400,WGD
Glyma.08G315600,WGD
Glyma.08G315800,WGD
Glyma.08G315900,WGD
Glyma.08G316000,WGD
Glyma.08G316100,WGD
Glyma.08G316200,WGD
Glyma.08G316400,WGD
Glyma.08G316500,WGD
Glyma.08G316700,WGD
Glyma.08G316800,WGD
Glyma.08G316900,WGD
Glyma.08G317000,WGD
Glyma.08G317200,WGD
Glyma.08G317626,WGD
Glyma.08G318100,WGD
Glyma.08G318300,WGD
Glyma.08G318400,WGD
Glyma.08G318900,WGD
Glyma.08G319000,WGD
Glyma.08G319100,WGD
Glyma.08G319300,WGD
Glyma.08G319400,WGD
Glyma.08G319500,WGD
Glyma.08G319700,WGD
Glyma.08G319800,WGD
Glyma.08G319900,WGD
Glyma.08G320000,WGD
Glyma.08G320100,WGD
Glyma.08G320200,WGD
Glyma.08G320400,WGD
Glyma.08G320700,WGD
Glyma.08G320900,WGD
Glyma.08G321000,WGD
Glyma.08G321100,WGD
Glyma.08G321700,WGD
Glyma.08G321800,WGD
Glyma.08G321900,WGD
Glyma.08G322000,WGD
Glyma.08G322100,WGD
Glyma.08G322233,WGD
Glyma.08G322300,WGD
Glyma.08G322400,WGD
Glyma.08G322600,WGD
Glyma.08G322700,WGD
Glyma.08G322800,WGD
Glyma.08G322900,WGD
Glyma.08G323000,WGD
Glyma.08G323100,WGD
Glyma.08G323400,WGD
Glyma.08G323600,WGD
Glyma.08G323700,WGD
Glyma.08G323800,WGD
Glyma.08G324300,WGD
Glyma.08G324500,WGD
Glyma.08G324700,WGD
Glyma.08G324800,WGD
Glyma.08G325000,WGD
Glyma.08G325100,WGD
Glyma.08G325200,WGD
Glyma.08G325300,WGD
Glyma.08G325400,WGD
Glyma.08G325500,WGD
Glyma.08G325600,WGD
Glyma.08G325700,WGD
Glyma.08G325800,WGD
Glyma.08G325900,WGD
Glyma.08G326000,WGD
Glyma.08G326200,WGD
Glyma.08G326400,WGD
Glyma.08G326500,WGD
Glyma.08G326700,WGD
Glyma.08G326900,WGD
Glyma.08G327100,WGD
Glyma.08G327400,WGD
Glyma.08G327500,WGD
Glyma.08G327700,WGD
Glyma.08G327900,WGD
Glyma.08G328000,WGD
Glyma.08G328100,WGD
Glyma.08G328400,WGD
Glyma.08G328500,WGD
Glyma.08G328600,WGD
Glyma.08G328700,WGD
Glyma.08G328800,WGD
Glyma.08G329000,WGD
Glyma.08G329100,WGD
Glyma.08G329300,WGD
Glyma.08G329451,WGD
Glyma.08G329600,WGD
Glyma.08G329700,WGD
Glyma.08G329800,WGD
Glyma.08G329900,WGD
Glyma.08G330000,WGD
Glyma.08G330100,WGD
Glyma.08G330200,WGD
Glyma.08G330300,WGD
Glyma.08G330400,WGD
Glyma.08G330500,WGD
Glyma.08G330600,WGD
Glyma.08G330800,WGD
Glyma.08G331002,WGD
Glyma.08G331100,WGD
Glyma.08G331200,WGD
Glyma.08G331400,WGD
Glyma.08G331900,WGD
Glyma.08G332000,WGD
Glyma.08G332100,WGD
Glyma.08G332200,WGD
Glyma.08G332300,WGD
Glyma.08G332400,WGD
Glyma.08G332600,WGD
Glyma.08G332700,WGD
Glyma.08G332800,WGD
Glyma.08G332900,WGD
Glyma.08G333000,WGD
Glyma.08G333100,WGD
Glyma.08G333200,WGD
Glyma.08G333300,WGD
Glyma.08G333400,WGD
Glyma.08G333700,WGD
Glyma.08G333800,WGD
Glyma.08G333900,WGD
Glyma.08G334000,WGD
Glyma.08G334100,WGD
Glyma.08G334500,WGD
Glyma.08G334700,WGD
Glyma.08G334800,WGD
Glyma.08G334900,WGD
Glyma.08G335000,WGD
Glyma.08G335200,WGD
Glyma.08G335300,WGD
Glyma.08G335400,WGD
Glyma.08G335500,WGD
Glyma.08G335600,WGD
Glyma.08G335900,WGD
Glyma.08G336000,WGD
Glyma.08G336200,WGD
Glyma.08G336300,WGD
Glyma.08G336400,WGD
Glyma.08G336500,WGD
Glyma.08G336600,WGD
Glyma.08G336800,WGD
Glyma.08G336900,WGD
Glyma.08G337100,WGD
Glyma.08G337200,WGD
Glyma.08G337500,WGD
Glyma.08G337600,WGD
Glyma.08G337900,WGD
Glyma.08G342400,WGD
Glyma.08G342600,WGD
Glyma.08G343000,WGD
Glyma.08G343100,WGD
Glyma.08G343800,WGD
Glyma.08G343900,WGD
Glyma.08G344100,WGD
Glyma.08G344200,WGD
Glyma.08G344300,WGD
Glyma.08G344400,WGD
Glyma.08G345000,WGD
Glyma.08G345100,WGD
Glyma.08G345400,WGD
Glyma.08G345500,WGD
Glyma.08G345800,WGD
Glyma.08G345900,WGD
Glyma.08G346000,WGD
Glyma.08G346100,WGD
Glyma.08G346200,WGD
Glyma.08G346300,WGD
Glyma.08G346400,WGD
Glyma.08G346500,WGD
Glyma.08G346700,WGD
Glyma.08G346800,WGD
Glyma.08G346900,WGD
Glyma.08G346966,WGD
Glyma.08G347100,WGD
Glyma.08G347300,WGD
Glyma.08G347400,WGD
Glyma.08G347600,WGD
Glyma.08G347800,WGD
Glyma.08G348000,WGD
Glyma.08G348101,WGD
Glyma.08G348200,WGD
Glyma.08G348300,WGD
Glyma.08G348400,WGD
Glyma.08G348700,WGD
Glyma.08G349000,WGD
Glyma.08G349100,WGD
Glyma.08G349200,WGD
Glyma.08G349400,WGD
Glyma.08G349500,WGD
Glyma.08G349600,WGD
Glyma.08G349700,WGD
Glyma.08G349900,WGD
Glyma.08G350000,WGD
Glyma.08G350600,WGD
Glyma.08G350900,WGD
Glyma.08G351100,WGD
Glyma.08G351200,WGD
Glyma.08G351300,WGD
Glyma.08G351400,WGD
Glyma.08G351700,WGD
Glyma.08G351800,WGD
Glyma.08G352600,WGD
Glyma.08G352700,WGD
Glyma.08G352800,WGD
Glyma.08G353600,WGD
Glyma.08G354100,WGD
Glyma.08G354200,WGD
Glyma.08G354300,WGD
Glyma.08G354600,WGD
Glyma.08G354900,WGD
Glyma.08G355300,WGD
Glyma.08G355400,WGD
Glyma.08G355500,WGD
Glyma.08G355600,WGD
Glyma.08G355700,WGD
Glyma.08G355800,WGD
Glyma.08G356000,WGD
Glyma.08G356100,WGD
Glyma.08G356200,WGD
Glyma.08G356300,WGD
Glyma.08G356500,WGD
Glyma.08G356600,WGD
Glyma.08G356700,WGD
Glyma.08G356800,WGD
Glyma.08G357000,WGD
Glyma.08G357100,WGD
Glyma.08G357200,WGD
Glyma.08G357300,WGD
Glyma.08G357400,WGD
Glyma.08G357600,WGD
Glyma.08G358100,WGD
Glyma.08G358300,WGD
Glyma.08G358400,WGD
Glyma.08G359000,WGD
Glyma.08G359100,WGD
Glyma.08G360100,WGD
Glyma.08G360200,WGD
Glyma.08G360400,WGD
Glyma.08G360600,WGD
Glyma.08G360700,WGD
Glyma.08G360800,WGD
Glyma.08G360900,WGD
Glyma.08G361000,WGD
Glyma.08G361100,WGD
Glyma.08G361300,WGD
Glyma.08G361400,WGD
Glyma.08G361500,WGD
Glyma.08G361700,WGD
Glyma.08G361800,WGD
Glyma.08G362000,WGD
Glyma.08G362100,WGD
Glyma.08G362200,WGD
Glyma.08G362400,WGD
Glyma.08G362700,WGD
Glyma.08G362900,WGD
Glyma.08G363100,WGD
Glyma.08G363300,WGD
Glyma.08G363400,WGD
Glyma.08G363600,WGD
Glyma.08G363800,WGD
Glyma.08G363900,WGD
Glyma.08G364000,WGD
Glyma.08G364100,WGD
Glyma.08G364200,WGD
Glyma.08G364302,WGD
Glyma.08G364400,WGD
Glyma.08G364500,WGD
Glyma.08G364700,WGD
Glyma.08G364900,WGD
Glyma.08G365000,WGD
Glyma.08G365100,WGD
Glyma.08G365500,WGD
Glyma.08G365700,WGD
Glyma.08G365800,WGD
Glyma.08G365850,WGD
Glyma.08G365900,WGD
Glyma.08G366100,WGD
Glyma.08G366200,WGD
Glyma.08G366400,WGD
Glyma.08G366600,WGD
Glyma.08G366700,WGD
Glyma.08G366800,WGD
Glyma.08G366900,WGD
Glyma.08G367100,WGD
Glyma.08G367200,WGD
Glyma.09G000133,WGD
Glyma.09G000500,WGD
Glyma.09G000700,WGD
Glyma.09G001000,WGD
Glyma.09G001100,WGD
Glyma.09G001200,WGD
Glyma.09G001400,WGD
Glyma.09G001500,WGD
Glyma.09G001900,WGD
Glyma.09G002100,WGD
Glyma.09G002200,WGD
Glyma.09G002400,WGD
Glyma.09G002500,WGD
Glyma.09G002600,WGD
Glyma.09G003100,WGD
Glyma.09G003200,WGD
Glyma.09G003300,WGD
Glyma.09G003400,WGD
Glyma.09G003500,WGD
Glyma.09G003600,WGD
Glyma.09G003700,WGD
Glyma.09G003900,WGD
Glyma.09G004000,WGD
Glyma.09G004100,WGD
Glyma.09G004200,WGD
Glyma.09G004300,WGD
Glyma.09G004400,WGD
Glyma.09G004500,WGD
Glyma.09G004700,WGD
Glyma.09G004800,WGD
Glyma.09G004900,WGD
Glyma.09G005000,WGD
Glyma.09G005200,WGD
Glyma.09G005400,WGD
Glyma.09G005600,WGD
Glyma.09G005700,WGD
Glyma.09G005800,WGD
Glyma.09G006000,WGD
Glyma.09G006300,WGD
Glyma.09G006400,WGD
Glyma.09G006500,WGD
Glyma.09G006600,WGD
Glyma.09G006700,WGD
Glyma.09G006900,WGD
Glyma.09G007000,WGD
Glyma.09G007100,WGD
Glyma.09G007200,WGD
Glyma.09G007300,WGD
Glyma.09G007400,WGD
Glyma.09G007500,WGD
Glyma.09G007600,WGD
Glyma.09G007852,WGD
Glyma.09G007900,WGD
Glyma.09G008000,WGD
Glyma.09G008100,WGD
Glyma.09G008200,WGD
Glyma.09G008400,WGD
Glyma.09G008500,WGD
Glyma.09G008600,WGD
Glyma.09G008700,WGD
Glyma.09G008800,WGD
Glyma.09G008900,WGD
Glyma.09G009000,WGD
Glyma.09G009100,WGD
Glyma.09G009200,WGD
Glyma.09G009300,WGD
Glyma.09G009400,WGD
Glyma.09G009700,WGD
Glyma.09G009800,WGD
Glyma.09G009900,WGD
Glyma.09G010000,WGD
Glyma.09G010100,WGD
Glyma.09G010200,WGD
Glyma.09G010300,WGD
Glyma.09G010400,WGD
Glyma.09G010600,WGD
Glyma.09G010700,WGD
Glyma.09G010900,WGD
Glyma.09G011000,WGD
Glyma.09G011100,WGD
Glyma.09G011200,WGD
Glyma.09G011300,WGD
Glyma.09G011400,WGD
Glyma.09G011500,WGD
Glyma.09G011700,WGD
Glyma.09G011800,WGD
Glyma.09G012000,WGD
Glyma.09G012200,WGD
Glyma.09G012300,WGD
Glyma.09G012400,WGD
Glyma.09G012500,WGD
Glyma.09G012600,WGD
Glyma.09G012700,WGD
Glyma.09G012800,WGD
Glyma.09G013000,WGD
Glyma.09G013100,WGD
Glyma.09G013200,WGD
Glyma.09G013300,WGD
Glyma.09G013400,WGD
Glyma.09G013500,WGD
Glyma.09G013700,WGD
Glyma.09G013800,WGD
Glyma.09G013900,WGD
Glyma.09G014000,WGD
Glyma.09G014100,WGD
Glyma.09G014200,WGD
Glyma.09G014300,WGD
Glyma.09G014400,WGD
Glyma.09G014500,WGD
Glyma.09G014600,WGD
Glyma.09G014700,WGD
Glyma.09G014800,WGD
Glyma.09G014900,WGD
Glyma.09G015000,WGD
Glyma.09G015100,WGD
Glyma.09G015200,WGD
Glyma.09G015400,WGD
Glyma.09G015500,WGD
Glyma.09G015600,WGD
Glyma.09G015700,WGD
Glyma.09G015800,WGD
Glyma.09G015900,WGD
Glyma.09G016000,WGD
Glyma.09G016100,WGD
Glyma.09G016200,WGD
Glyma.09G016300,WGD
Glyma.09G016400,WGD
Glyma.09G016800,WGD
Glyma.09G016900,WGD
Glyma.09G017000,WGD
Glyma.09G017100,WGD
Glyma.09G017200,WGD
Glyma.09G017300,WGD
Glyma.09G017400,WGD
Glyma.09G017500,WGD
Glyma.09G017600,WGD
Glyma.09G017700,WGD
Glyma.09G017800,WGD
Glyma.09G017900,WGD
Glyma.09G018000,WGD
Glyma.09G018100,WGD
Glyma.09G018200,WGD
Glyma.09G018300,WGD
Glyma.09G018400,WGD
Glyma.09G018500,WGD
Glyma.09G018600,WGD
Glyma.09G018800,WGD
Glyma.09G019000,WGD
Glyma.09G019100,WGD
Glyma.09G019200,WGD
Glyma.09G019300,WGD
Glyma.09G019400,WGD
Glyma.09G019500,WGD
Glyma.09G019602,WGD
Glyma.09G019700,WGD
Glyma.09G019800,WGD
Glyma.09G019900,WGD
Glyma.09G020000,WGD
Glyma.09G020100,WGD
Glyma.09G020300,WGD
Glyma.09G020500,WGD
Glyma.09G020600,WGD
Glyma.09G020800,WGD
Glyma.09G021000,WGD
Glyma.09G021100,WGD
Glyma.09G021200,WGD
Glyma.09G021400,WGD
Glyma.09G021500,WGD
Glyma.09G021600,WGD
Glyma.09G021700,WGD
Glyma.09G021800,WGD
Glyma.09G021900,WGD
Glyma.09G022000,WGD
Glyma.09G022100,WGD
Glyma.09G022200,WGD
Glyma.09G022300,WGD
Glyma.09G022800,WGD
Glyma.09G023200,WGD
Glyma.09G023300,WGD
Glyma.09G023400,WGD
Glyma.09G023500,WGD
Glyma.09G023600,WGD
Glyma.09G023700,WGD
Glyma.09G023800,WGD
Glyma.09G024000,WGD
Glyma.09G024100,WGD
Glyma.09G024200,WGD
Glyma.09G024400,WGD
Glyma.09G024500,WGD
Glyma.09G024600,WGD
Glyma.09G024900,WGD
Glyma.09G025000,WGD
Glyma.09G025100,WGD
Glyma.09G025200,WGD
Glyma.09G025500,WGD
Glyma.09G025600,WGD
Glyma.09G025700,WGD
Glyma.09G025800,WGD
Glyma.09G026000,WGD
Glyma.09G026100,WGD
Glyma.09G026200,WGD
Glyma.09G026800,WGD
Glyma.09G026900,WGD
Glyma.09G027000,WGD
Glyma.09G027600,WGD
Glyma.09G028000,WGD
Glyma.09G028100,WGD
Glyma.09G028400,WGD
Glyma.09G028600,WGD
Glyma.09G028700,WGD
Glyma.09G028900,WGD
Glyma.09G029000,WGD
Glyma.09G029100,WGD
Glyma.09G029300,WGD
Glyma.09G029400,WGD
Glyma.09G029600,WGD
Glyma.09G029700,WGD
Glyma.09G029800,WGD
Glyma.09G029900,WGD
Glyma.09G030000,WGD
Glyma.09G030100,WGD
Glyma.09G030300,WGD
Glyma.09G030400,WGD
Glyma.09G030500,WGD
Glyma.09G031100,WGD
Glyma.09G031200,WGD
Glyma.09G031400,WGD
Glyma.09G031500,WGD
Glyma.09G031600,WGD
Glyma.09G031700,WGD
Glyma.09G031800,WGD
Glyma.09G031900,WGD
Glyma.09G032001,WGD
Glyma.09G032100,WGD
Glyma.09G032200,WGD
Glyma.09G032300,WGD
Glyma.09G032400,WGD
Glyma.09G032600,WGD
Glyma.09G032800,WGD
Glyma.09G032900,WGD
Glyma.09G033000,WGD
Glyma.09G033100,WGD
Glyma.09G033400,WGD
Glyma.09G033500,WGD
Glyma.09G033700,WGD
Glyma.09G033800,WGD
Glyma.09G033900,WGD
Glyma.09G034200,WGD
Glyma.09G034300,WGD
Glyma.09G034400,WGD
Glyma.09G034500,WGD
Glyma.09G034600,WGD
Glyma.09G034700,WGD
Glyma.09G034800,WGD
Glyma.09G035000,WGD
Glyma.09G035300,WGD
Glyma.09G035400,WGD
Glyma.09G035500,WGD
Glyma.09G035600,WGD
Glyma.09G035700,WGD
Glyma.09G035800,WGD
Glyma.09G035900,WGD
Glyma.09G036000,WGD
Glyma.09G036100,WGD
Glyma.09G036200,WGD
Glyma.09G036300,WGD
Glyma.09G036500,WGD
Glyma.09G036600,WGD
Glyma.09G036800,WGD
Glyma.09G037100,WGD
Glyma.09G037300,WGD
Glyma.09G037400,WGD
Glyma.09G037500,WGD
Glyma.09G037800,WGD
Glyma.09G037900,WGD
Glyma.09G038000,WGD
Glyma.09G038100,WGD
Glyma.09G038200,WGD
Glyma.09G038300,WGD
Glyma.09G038500,WGD
Glyma.09G038600,WGD
Glyma.09G038700,WGD
Glyma.09G038800,WGD
Glyma.09G038900,WGD
Glyma.09G039000,WGD
Glyma.09G039300,WGD
Glyma.09G039400,WGD
Glyma.09G039500,WGD
Glyma.09G039600,WGD
Glyma.09G039700,WGD
Glyma.09G039900,WGD
Glyma.09G040000,WGD
Glyma.09G040200,WGD
Glyma.09G040300,WGD
Glyma.09G040400,WGD
Glyma.09G040700,WGD
Glyma.09G040800,WGD
Glyma.09G041000,WGD
Glyma.09G041100,WGD
Glyma.09G041200,WGD
Glyma.09G041400,WGD
Glyma.09G041500,WGD
Glyma.09G041600,WGD
Glyma.09G041700,WGD
Glyma.09G041750,WGD
Glyma.09G041800,WGD
Glyma.09G041900,WGD
Glyma.09G042000,WGD
Glyma.09G042100,WGD
Glyma.09G042300,WGD
Glyma.09G042400,WGD
Glyma.09G042500,WGD
Glyma.09G042700,WGD
Glyma.09G042900,WGD
Glyma.09G043000,WGD
Glyma.09G043200,WGD
Glyma.09G043300,WGD
Glyma.09G043400,WGD
Glyma.09G043600,WGD
Glyma.09G043700,WGD
Glyma.09G043800,WGD
Glyma.09G043900,WGD
Glyma.09G044000,WGD
Glyma.09G044100,WGD
Glyma.09G044200,WGD
Glyma.09G044300,WGD
Glyma.09G044400,WGD
Glyma.09G044500,WGD
Glyma.09G044600,WGD
Glyma.09G044700,WGD
Glyma.09G044800,WGD
Glyma.09G044900,WGD
Glyma.09G045000,WGD
Glyma.09G045100,WGD
Glyma.09G045200,WGD
Glyma.09G045300,WGD
Glyma.09G045400,WGD
Glyma.09G045500,WGD
Glyma.09G045700,WGD
Glyma.09G045800,WGD
Glyma.09G045900,WGD
Glyma.09G046000,WGD
Glyma.09G046200,WGD
Glyma.09G046400,WGD
Glyma.09G046500,WGD
Glyma.09G046800,WGD
Glyma.09G046900,WGD
Glyma.09G047100,WGD
Glyma.09G047200,WGD
Glyma.09G047300,WGD
Glyma.09G047400,WGD
Glyma.09G047700,WGD
Glyma.09G047800,WGD
Glyma.09G047900,WGD
Glyma.09G048100,WGD
Glyma.09G048200,WGD
Glyma.09G048300,WGD
Glyma.09G048400,WGD
Glyma.09G048500,WGD
Glyma.09G048600,WGD
Glyma.09G048800,WGD
Glyma.09G048900,WGD
Glyma.09G049500,WGD
Glyma.09G049700,WGD
Glyma.09G049800,WGD
Glyma.09G050700,WGD
Glyma.09G050800,WGD
Glyma.09G050900,WGD
Glyma.09G051100,WGD
Glyma.09G051200,WGD
Glyma.09G051400,WGD
Glyma.09G051500,WGD
Glyma.09G051600,WGD
Glyma.09G051800,WGD
Glyma.09G051900,WGD
Glyma.09G052000,WGD
Glyma.09G052100,WGD
Glyma.09G052200,WGD
Glyma.09G052400,WGD
Glyma.09G052500,WGD
Glyma.09G052600,WGD
Glyma.09G052700,WGD
Glyma.09G052800,WGD
Glyma.09G053400,WGD
Glyma.09G054200,WGD
Glyma.09G054300,WGD
Glyma.09G054600,WGD
Glyma.09G055400,WGD
Glyma.09G055700,WGD
Glyma.09G055750,WGD
Glyma.09G055800,WGD
Glyma.09G056100,WGD
Glyma.09G056300,WGD
Glyma.09G056400,WGD
Glyma.09G056500,WGD
Glyma.09G056600,WGD
Glyma.09G056800,WGD
Glyma.09G056900,WGD
Glyma.09G057100,WGD
Glyma.09G057300,WGD
Glyma.09G057400,WGD
Glyma.09G057700,WGD
Glyma.09G057800,WGD
Glyma.09G057900,WGD
Glyma.09G058000,WGD
Glyma.09G058200,WGD
Glyma.09G058300,WGD
Glyma.09G058602,WGD
Glyma.09G058700,WGD
Glyma.09G058800,WGD
Glyma.09G058900,WGD
Glyma.09G059000,WGD
Glyma.09G059100,WGD
Glyma.09G059200,WGD
Glyma.09G059300,WGD
Glyma.09G059400,WGD
Glyma.09G059500,WGD
Glyma.09G059600,WGD
Glyma.09G059700,WGD
Glyma.09G059800,WGD
Glyma.09G059900,WGD
Glyma.09G060066,WGD
Glyma.09G060200,WGD
Glyma.09G060300,WGD
Glyma.09G060500,WGD
Glyma.09G060600,WGD
Glyma.09G060700,WGD
Glyma.09G061000,WGD
Glyma.09G061200,WGD
Glyma.09G061300,WGD
Glyma.09G061500,WGD
Glyma.09G061600,WGD
Glyma.09G061700,WGD
Glyma.09G061750,WGD
Glyma.09G061900,WGD
Glyma.09G062000,WGD
Glyma.09G062101,WGD
Glyma.09G062200,WGD
Glyma.09G062300,WGD
Glyma.09G062400,WGD
Glyma.09G062500,WGD
Glyma.09G062600,WGD
Glyma.09G062700,WGD
Glyma.09G062800,WGD
Glyma.09G062900,WGD
Glyma.09G063000,WGD
Glyma.09G063100,WGD
Glyma.09G063200,WGD
Glyma.09G063300,WGD
Glyma.09G063400,WGD
Glyma.09G063500,WGD
Glyma.09G063900,WGD
Glyma.09G064000,WGD
Glyma.09G064200,WGD
Glyma.09G064300,WGD
Glyma.09G064400,WGD
Glyma.09G064500,WGD
Glyma.09G065000,WGD
Glyma.09G065200,WGD
Glyma.09G065300,WGD
Glyma.09G065600,WGD
Glyma.09G065700,WGD
Glyma.09G065800,WGD
Glyma.09G066000,WGD
Glyma.09G066200,WGD
Glyma.09G066300,WGD
Glyma.09G066400,WGD
Glyma.09G066500,WGD
Glyma.09G066600,WGD
Glyma.09G066700,WGD
Glyma.09G066800,WGD
Glyma.09G067000,WGD
Glyma.09G067100,WGD
Glyma.09G067200,WGD
Glyma.09G067300,WGD
Glyma.09G067700,WGD
Glyma.09G067750,WGD
Glyma.09G067900,WGD
Glyma.09G068000,WGD
Glyma.09G068100,WGD
Glyma.09G068400,WGD
Glyma.09G068500,WGD
Glyma.09G068600,WGD
Glyma.09G068700,WGD
Glyma.09G068800,WGD
Glyma.09G069000,WGD
Glyma.09G069100,WGD
Glyma.09G069401,WGD
Glyma.09G069500,WGD
Glyma.09G069700,WGD
Glyma.09G069800,WGD
Glyma.09G069900,WGD
Glyma.09G070000,WGD
Glyma.09G070100,WGD
Glyma.09G070200,WGD
Glyma.09G070300,WGD
Glyma.09G070900,WGD
Glyma.09G071000,WGD
Glyma.09G071100,WGD
Glyma.09G071400,WGD
Glyma.09G071500,WGD
Glyma.09G071600,WGD
Glyma.09G071800,WGD
Glyma.09G072000,WGD
Glyma.09G072100,WGD
Glyma.09G072200,WGD
Glyma.09G072400,WGD
Glyma.09G072500,WGD
Glyma.09G072700,WGD
Glyma.09G073050,WGD
Glyma.09G073200,WGD
Glyma.09G073300,WGD
Glyma.09G073400,WGD
Glyma.09G073600,WGD
Glyma.09G073700,WGD
Glyma.09G074000,WGD
Glyma.09G074100,WGD
Glyma.09G075400,WGD
Glyma.09G076100,WGD
Glyma.09G076200,WGD
Glyma.09G076600,WGD
Glyma.09G077400,WGD
Glyma.09G077500,WGD
Glyma.09G077600,WGD
Glyma.09G077700,WGD
Glyma.09G078700,WGD
Glyma.09G078800,WGD
Glyma.09G079000,WGD
Glyma.09G079100,WGD
Glyma.09G079400,WGD
Glyma.09G079600,WGD
Glyma.09G079900,WGD
Glyma.09G080000,WGD
Glyma.09G080100,WGD
Glyma.09G080400,WGD
Glyma.09G080700,WGD
Glyma.09G081800,WGD
Glyma.09G082000,WGD
Glyma.09G082100,WGD
Glyma.09G082200,WGD
Glyma.09G082300,WGD
Glyma.09G082601,WGD
Glyma.09G083000,WGD
Glyma.09G083100,WGD
Glyma.09G083300,WGD
Glyma.09G083400,WGD
Glyma.09G083500,WGD
Glyma.09G083700,WGD
Glyma.09G083800,WGD
Glyma.09G084300,WGD
Glyma.09G084500,WGD
Glyma.09G084600,WGD
Glyma.09G084800,WGD
Glyma.09G085000,WGD
Glyma.09G085200,WGD
Glyma.09G085300,WGD
Glyma.09G085500,WGD
Glyma.09G085600,WGD
Glyma.09G085700,WGD
Glyma.09G086000,WGD
Glyma.09G086200,WGD
Glyma.09G086800,WGD
Glyma.09G087000,WGD
Glyma.09G087200,WGD
Glyma.09G087700,WGD
Glyma.09G087800,WGD
Glyma.09G087900,WGD
Glyma.09G088000,WGD
Glyma.09G088201,WGD
Glyma.09G088300,WGD
Glyma.09G088500,WGD
Glyma.09G088700,WGD
Glyma.09G089000,WGD
Glyma.09G089500,WGD
Glyma.09G089600,WGD
Glyma.09G089700,WGD
Glyma.09G091100,WGD
Glyma.09G091200,WGD
Glyma.09G091600,WGD
Glyma.09G091700,WGD
Glyma.09G091800,WGD
Glyma.09G091900,WGD
Glyma.09G092100,WGD
Glyma.09G092400,WGD
Glyma.09G092600,WGD
Glyma.09G093400,WGD
Glyma.09G093600,WGD
Glyma.09G093800,WGD
Glyma.09G093900,WGD
Glyma.09G094100,WGD
Glyma.09G094200,WGD
Glyma.09G094900,WGD
Glyma.09G095400,WGD
Glyma.09G095700,WGD
Glyma.09G095800,WGD
Glyma.09G095900,WGD
Glyma.09G096300,WGD
Glyma.09G096500,WGD
Glyma.09G096600,WGD
Glyma.09G096700,WGD
Glyma.09G096800,WGD
Glyma.09G097200,WGD
Glyma.09G097500,WGD
Glyma.09G098600,WGD
Glyma.09G098700,WGD
Glyma.09G098800,WGD
Glyma.09G098900,WGD
Glyma.09G099300,WGD
Glyma.09G099400,WGD
Glyma.09G103300,WGD
Glyma.09G103400,WGD
Glyma.09G103500,WGD
Glyma.09G103600,WGD
Glyma.09G103700,WGD
Glyma.09G104000,WGD
Glyma.09G104500,WGD
Glyma.09G104650,WGD
Glyma.09G105000,WGD
Glyma.09G105300,WGD
Glyma.09G105600,WGD
Glyma.09G107200,WGD
Glyma.09G107400,WGD
Glyma.09G108000,WGD
Glyma.09G109000,WGD
Glyma.09G109100,WGD
Glyma.09G109200,WGD
Glyma.09G109600,WGD
Glyma.09G109700,WGD
Glyma.09G109800,WGD
Glyma.09G110100,WGD
Glyma.09G110500,WGD
Glyma.09G111000,WGD
Glyma.09G111101,WGD
Glyma.09G111200,WGD
Glyma.09G111300,WGD
Glyma.09G111400,WGD
Glyma.09G111500,WGD
Glyma.09G111700,WGD
Glyma.09G111900,WGD
Glyma.09G112200,WGD
Glyma.09G112400,WGD
Glyma.09G112500,WGD
Glyma.09G112600,WGD
Glyma.09G112700,WGD
Glyma.09G113000,WGD
Glyma.09G113100,WGD
Glyma.09G113800,WGD
Glyma.09G113900,WGD
Glyma.09G117600,WGD
Glyma.09G117900,WGD
Glyma.09G118100,WGD
Glyma.09G118500,WGD
Glyma.09G118800,WGD
Glyma.09G119700,WGD
Glyma.09G119900,WGD
Glyma.09G120200,WGD
Glyma.09G120400,WGD
Glyma.09G121700,WGD
Glyma.09G124800,WGD
Glyma.09G125400,WGD
Glyma.09G125800,WGD
Glyma.09G126100,WGD
Glyma.09G126200,WGD
Glyma.09G126300,WGD
Glyma.09G126400,WGD
Glyma.09G126500,WGD
Glyma.09G127000,WGD
Glyma.09G127200,WGD
Glyma.09G128300,WGD
Glyma.09G128400,WGD
Glyma.09G128500,WGD
Glyma.09G128800,WGD
Glyma.09G129100,WGD
Glyma.09G129300,WGD
Glyma.09G129400,WGD
Glyma.09G129500,WGD
Glyma.09G129700,WGD
Glyma.09G129800,WGD
Glyma.09G130100,WGD
Glyma.09G130400,WGD
Glyma.09G130500,WGD
Glyma.09G130600,WGD
Glyma.09G130900,WGD
Glyma.09G131400,WGD
Glyma.09G131500,WGD
Glyma.09G131600,WGD
Glyma.09G132100,WGD
Glyma.09G132200,WGD
Glyma.09G132300,WGD
Glyma.09G132500,WGD
Glyma.09G132600,WGD
Glyma.09G132602,WGD
Glyma.09G132800,WGD
Glyma.09G133000,WGD
Glyma.09G133100,WGD
Glyma.09G133200,WGD
Glyma.09G133600,WGD
Glyma.09G134025,WGD
Glyma.09G134100,WGD
Glyma.09G134500,WGD
Glyma.09G134600,WGD
Glyma.09G134700,WGD
Glyma.09G134800,WGD
Glyma.09G135000,WGD
Glyma.09G135100,WGD
Glyma.09G135200,WGD
Glyma.09G135300,WGD
Glyma.09G135800,WGD
Glyma.09G136000,WGD
Glyma.09G136100,WGD
Glyma.09G136202,WGD
Glyma.09G136400,WGD
Glyma.09G136600,WGD
Glyma.09G136700,WGD
Glyma.09G136800,WGD
Glyma.09G136900,WGD
Glyma.09G137000,WGD
Glyma.09G137200,WGD
Glyma.09G137600,WGD
Glyma.09G138000,WGD
Glyma.09G138100,WGD
Glyma.09G138300,WGD
Glyma.09G138400,WGD
Glyma.09G138500,WGD
Glyma.09G138600,WGD
Glyma.09G139000,WGD
Glyma.09G139200,WGD
Glyma.09G139300,WGD
Glyma.09G139600,WGD
Glyma.09G140300,WGD
Glyma.09G140400,WGD
Glyma.09G140500,WGD
Glyma.09G140600,WGD
Glyma.09G140700,WGD
Glyma.09G141200,WGD
Glyma.09G142100,WGD
Glyma.09G142200,WGD
Glyma.09G143000,WGD
Glyma.09G143200,WGD
Glyma.09G143500,WGD
Glyma.09G143600,WGD
Glyma.09G143700,WGD
Glyma.09G143800,WGD
Glyma.09G143900,WGD
Glyma.09G144000,WGD
Glyma.09G144200,WGD
Glyma.09G145700,WGD
Glyma.09G145800,WGD
Glyma.09G146000,WGD
Glyma.09G146500,WGD
Glyma.09G146800,WGD
Glyma.09G147100,WGD
Glyma.09G147200,WGD
Glyma.09G147300,WGD
Glyma.09G147500,WGD
Glyma.09G148200,WGD
Glyma.09G148400,WGD
Glyma.09G148500,WGD
Glyma.09G148600,WGD
Glyma.09G148700,WGD
Glyma.09G148800,WGD
Glyma.09G148900,WGD
Glyma.09G149000,WGD
Glyma.09G149200,WGD
Glyma.09G149300,WGD
Glyma.09G149601,WGD
Glyma.09G149700,WGD
Glyma.09G149800,WGD
Glyma.09G149900,WGD
Glyma.09G150000,WGD
Glyma.09G150100,WGD
Glyma.09G150200,WGD
Glyma.09G150300,WGD
Glyma.09G150500,WGD
Glyma.09G151400,WGD
Glyma.09G151900,WGD
Glyma.09G152000,WGD
Glyma.09G152100,WGD
Glyma.09G152300,WGD
Glyma.09G152400,WGD
Glyma.09G152600,WGD
Glyma.09G152700,WGD
Glyma.09G152900,WGD
Glyma.09G153100,WGD
Glyma.09G153200,WGD
Glyma.09G153500,WGD
Glyma.09G153600,WGD
Glyma.09G153700,WGD
Glyma.09G153900,WGD
Glyma.09G154000,WGD
Glyma.09G154100,WGD
Glyma.09G154232,WGD
Glyma.09G154400,WGD
Glyma.09G154500,WGD
Glyma.09G154600,WGD
Glyma.09G154700,WGD
Glyma.09G154800,WGD
Glyma.09G154900,WGD
Glyma.09G155000,WGD
Glyma.09G155200,WGD
Glyma.09G155400,WGD
Glyma.09G155500,WGD
Glyma.09G155700,WGD
Glyma.09G155900,WGD
Glyma.09G156000,WGD
Glyma.09G156100,WGD
Glyma.09G156200,WGD
Glyma.09G156302,WGD
Glyma.09G156400,WGD
Glyma.09G156500,WGD
Glyma.09G156600,WGD
Glyma.09G156700,WGD
Glyma.09G156800,WGD
Glyma.09G156900,WGD
Glyma.09G157300,WGD
Glyma.09G157500,WGD
Glyma.09G157600,WGD
Glyma.09G157900,WGD
Glyma.09G158100,WGD
Glyma.09G158200,WGD
Glyma.09G158300,WGD
Glyma.09G158500,WGD
Glyma.09G159000,WGD
Glyma.09G159700,WGD
Glyma.09G159800,WGD
Glyma.09G160000,WGD
Glyma.09G160100,WGD
Glyma.09G160200,WGD
Glyma.09G160300,WGD
Glyma.09G160400,WGD
Glyma.09G160500,WGD
Glyma.09G160600,WGD
Glyma.09G160700,WGD
Glyma.09G160900,WGD
Glyma.09G161000,WGD
Glyma.09G161100,WGD
Glyma.09G161400,WGD
Glyma.09G161700,WGD
Glyma.09G161900,WGD
Glyma.09G162100,WGD
Glyma.09G162300,WGD
Glyma.09G162400,WGD
Glyma.09G162500,WGD
Glyma.09G163100,WGD
Glyma.09G164100,WGD
Glyma.09G164300,WGD
Glyma.09G164500,WGD
Glyma.09G164600,WGD
Glyma.09G164700,WGD
Glyma.09G164900,WGD
Glyma.09G165000,WGD
Glyma.09G165100,WGD
Glyma.09G165200,WGD
Glyma.09G165400,WGD
Glyma.09G165600,WGD
Glyma.09G165700,WGD
Glyma.09G165800,WGD
Glyma.09G165900,WGD
Glyma.09G166000,WGD
Glyma.09G166100,WGD
Glyma.09G166300,WGD
Glyma.09G166400,WGD
Glyma.09G166500,WGD
Glyma.09G166600,WGD
Glyma.09G167000,WGD
Glyma.09G167100,WGD
Glyma.09G167400,WGD
Glyma.09G167500,WGD
Glyma.09G167800,WGD
Glyma.09G167900,WGD
Glyma.09G168000,WGD
Glyma.09G168300,WGD
Glyma.09G168400,WGD
Glyma.09G168800,WGD
Glyma.09G168900,WGD
Glyma.09G169000,WGD
Glyma.09G169100,WGD
Glyma.09G169200,WGD
Glyma.09G169300,WGD
Glyma.09G169400,WGD
Glyma.09G169500,WGD
Glyma.09G169600,WGD
Glyma.09G169700,WGD
Glyma.09G170100,WGD
Glyma.09G170200,WGD
Glyma.09G170300,WGD
Glyma.09G170500,WGD
Glyma.09G170600,WGD
Glyma.09G171000,WGD
Glyma.09G171100,WGD
Glyma.09G171600,WGD
Glyma.09G171900,WGD
Glyma.09G172000,WGD
Glyma.09G172100,WGD
Glyma.09G172200,WGD
Glyma.09G172500,WGD
Glyma.09G172700,WGD
Glyma.09G172851,WGD
Glyma.09G173000,WGD
Glyma.09G173200,WGD
Glyma.09G173300,WGD
Glyma.09G173400,WGD
Glyma.09G173750,WGD
Glyma.09G173800,WGD
Glyma.09G174000,WGD
Glyma.09G174300,WGD
Glyma.09G174400,WGD
Glyma.09G174700,WGD
Glyma.09G175050,WGD
Glyma.09G175966,WGD
Glyma.09G176132,WGD
Glyma.09G176300,WGD
Glyma.09G176900,WGD
Glyma.09G177000,WGD
Glyma.09G177100,WGD
Glyma.09G177300,WGD
Glyma.09G177500,WGD
Glyma.09G177600,WGD
Glyma.09G177800,WGD
Glyma.09G178000,WGD
Glyma.09G178100,WGD
Glyma.09G178200,WGD
Glyma.09G178500,WGD
Glyma.09G178701,WGD
Glyma.09G178850,WGD
Glyma.09G179100,WGD
Glyma.09G179200,WGD
Glyma.09G179300,WGD
Glyma.09G179400,WGD
Glyma.09G179500,WGD
Glyma.09G179700,WGD
Glyma.09G179800,WGD
Glyma.09G180000,WGD
Glyma.09G180100,WGD
Glyma.09G180200,WGD
Glyma.09G180300,WGD
Glyma.09G180400,WGD
Glyma.09G180500,WGD
Glyma.09G180700,WGD
Glyma.09G180800,WGD
Glyma.09G181000,WGD
Glyma.09G181100,WGD
Glyma.09G181200,WGD
Glyma.09G181300,WGD
Glyma.09G181400,WGD
Glyma.09G181600,WGD
Glyma.09G181960,WGD
Glyma.09G182400,WGD
Glyma.09G182500,WGD
Glyma.09G182600,WGD
Glyma.09G183000,WGD
Glyma.09G183100,WGD
Glyma.09G183300,WGD
Glyma.09G183400,WGD
Glyma.09G183500,WGD
Glyma.09G183600,WGD
Glyma.09G183700,WGD
Glyma.09G183800,WGD
Glyma.09G183900,WGD
Glyma.09G184000,WGD
Glyma.09G184100,WGD
Glyma.09G184200,WGD
Glyma.09G184400,WGD
Glyma.09G184500,WGD
Glyma.09G184600,WGD
Glyma.09G184700,WGD
Glyma.09G184900,WGD
Glyma.09G185000,WGD
Glyma.09G185200,WGD
Glyma.09G185300,WGD
Glyma.09G185400,WGD
Glyma.09G185500,WGD
Glyma.09G185600,WGD
Glyma.09G185800,WGD
Glyma.09G185900,WGD
Glyma.09G186000,WGD
Glyma.09G186200,WGD
Glyma.09G187100,WGD
Glyma.09G187400,WGD
Glyma.09G187700,WGD
Glyma.09G187800,WGD
Glyma.09G187900,WGD
Glyma.09G188000,WGD
Glyma.09G188100,WGD
Glyma.09G188200,WGD
Glyma.09G188300,WGD
Glyma.09G188500,WGD
Glyma.09G188600,WGD
Glyma.09G188667,WGD
Glyma.09G188900,WGD
Glyma.09G189100,WGD
Glyma.09G189200,WGD
Glyma.09G189300,WGD
Glyma.09G189600,WGD
Glyma.09G189700,WGD
Glyma.09G189800,WGD
Glyma.09G189900,WGD
Glyma.09G190000,WGD
Glyma.09G190100,WGD
Glyma.09G190200,WGD
Glyma.09G190400,WGD
Glyma.09G190500,WGD
Glyma.09G190600,WGD
Glyma.09G190700,WGD
Glyma.09G190800,WGD
Glyma.09G190900,WGD
Glyma.09G191000,WGD
Glyma.09G191100,WGD
Glyma.09G191200,WGD
Glyma.09G191300,WGD
Glyma.09G191400,WGD
Glyma.09G191500,WGD
Glyma.09G191600,WGD
Glyma.09G191700,WGD
Glyma.09G191800,WGD
Glyma.09G191900,WGD
Glyma.09G192000,WGD
Glyma.09G192100,WGD
Glyma.09G192200,WGD
Glyma.09G192300,WGD
Glyma.09G192400,WGD
Glyma.09G192500,WGD
Glyma.09G192600,WGD
Glyma.09G192700,WGD
Glyma.09G192800,WGD
Glyma.09G192900,WGD
Glyma.09G193000,WGD
Glyma.09G193200,WGD
Glyma.09G193300,WGD
Glyma.09G193400,WGD
Glyma.09G193451,WGD
Glyma.09G193500,WGD
Glyma.09G193600,WGD
Glyma.09G193700,WGD
Glyma.09G193800,WGD
Glyma.09G193900,WGD
Glyma.09G194100,WGD
Glyma.09G194200,WGD
Glyma.09G194400,WGD
Glyma.09G194500,WGD
Glyma.09G194600,WGD
Glyma.09G194800,WGD
Glyma.09G194900,WGD
Glyma.09G195100,WGD
Glyma.09G195400,WGD
Glyma.09G195600,WGD
Glyma.09G195700,WGD
Glyma.09G195800,WGD
Glyma.09G195900,WGD
Glyma.09G196000,WGD
Glyma.09G196100,WGD
Glyma.09G196200,WGD
Glyma.09G196300,WGD
Glyma.09G196600,WGD
Glyma.09G196700,WGD
Glyma.09G196800,WGD
Glyma.09G196900,WGD
Glyma.09G197000,WGD
Glyma.09G197100,WGD
Glyma.09G197700,WGD
Glyma.09G197900,WGD
Glyma.09G198000,WGD
Glyma.09G198200,WGD
Glyma.09G198300,WGD
Glyma.09G198400,WGD
Glyma.09G198500,WGD
Glyma.09G198700,WGD
Glyma.09G198800,WGD
Glyma.09G198900,WGD
Glyma.09G198950,WGD
Glyma.09G199000,WGD
Glyma.09G199100,WGD
Glyma.09G199166,WGD
Glyma.09G199300,WGD
Glyma.09G199400,WGD
Glyma.09G199500,WGD
Glyma.09G199600,WGD
Glyma.09G199700,WGD
Glyma.09G199800,WGD
Glyma.09G199900,WGD
Glyma.09G200000,WGD
Glyma.09G200300,WGD
Glyma.09G200500,WGD
Glyma.09G200700,WGD
Glyma.09G200800,WGD
Glyma.09G201000,WGD
Glyma.09G201100,WGD
Glyma.09G201300,WGD
Glyma.09G201400,WGD
Glyma.09G201500,WGD
Glyma.09G201700,WGD
Glyma.09G201900,WGD
Glyma.09G202000,WGD
Glyma.09G202100,WGD
Glyma.09G202200,WGD
Glyma.09G202300,WGD
Glyma.09G202401,WGD
Glyma.09G202500,WGD
Glyma.09G202600,WGD
Glyma.09G203000,WGD
Glyma.09G203100,WGD
Glyma.09G203200,WGD
Glyma.09G203300,WGD
Glyma.09G203400,WGD
Glyma.09G203500,WGD
Glyma.09G203650,WGD
Glyma.09G203900,WGD
Glyma.09G204000,WGD
Glyma.09G204100,WGD
Glyma.09G204200,WGD
Glyma.09G204400,WGD
Glyma.09G204500,WGD
Glyma.09G204600,WGD
Glyma.09G205000,WGD
Glyma.09G205100,WGD
Glyma.09G205300,WGD
Glyma.09G205500,WGD
Glyma.09G205600,WGD
Glyma.09G205700,WGD
Glyma.09G205900,WGD
Glyma.09G206000,WGD
Glyma.09G206100,WGD
Glyma.09G206200,WGD
Glyma.09G206300,WGD
Glyma.09G206400,WGD
Glyma.09G206551,WGD
Glyma.09G206600,WGD
Glyma.09G206700,WGD
Glyma.09G206800,WGD
Glyma.09G206900,WGD
Glyma.09G207000,WGD
Glyma.09G207100,WGD
Glyma.09G207151,WGD
Glyma.09G207200,WGD
Glyma.09G207300,WGD
Glyma.09G207400,WGD
Glyma.09G207500,WGD
Glyma.09G207600,WGD
Glyma.09G207700,WGD
Glyma.09G207900,WGD
Glyma.09G208000,WGD
Glyma.09G208200,WGD
Glyma.09G208300,WGD
Glyma.09G208400,WGD
Glyma.09G208500,WGD
Glyma.09G208700,WGD
Glyma.09G209100,WGD
Glyma.09G209200,WGD
Glyma.09G209300,WGD
Glyma.09G209400,WGD
Glyma.09G209600,WGD
Glyma.09G209700,WGD
Glyma.09G209900,WGD
Glyma.09G210000,WGD
Glyma.09G210100,WGD
Glyma.09G210200,WGD
Glyma.09G210300,WGD
Glyma.09G210400,WGD
Glyma.09G210700,WGD
Glyma.09G210800,WGD
Glyma.09G210900,WGD
Glyma.09G211000,WGD
Glyma.09G211102,WGD
Glyma.09G211200,WGD
Glyma.09G211300,WGD
Glyma.09G211400,WGD
Glyma.09G211500,WGD
Glyma.09G212000,WGD
Glyma.09G212100,WGD
Glyma.09G212200,WGD
Glyma.09G212300,WGD
Glyma.09G212500,WGD
Glyma.09G212600,WGD
Glyma.09G212800,WGD
Glyma.09G212900,WGD
Glyma.09G213100,WGD
Glyma.09G213600,WGD
Glyma.09G213700,WGD
Glyma.09G213800,WGD
Glyma.09G213900,WGD
Glyma.09G214000,WGD
Glyma.09G214100,WGD
Glyma.09G214200,WGD
Glyma.09G214300,WGD
Glyma.09G214400,WGD
Glyma.09G214500,WGD
Glyma.09G214600,WGD
Glyma.09G214700,WGD
Glyma.09G214900,WGD
Glyma.09G215000,WGD
Glyma.09G215100,WGD
Glyma.09G215301,WGD
Glyma.09G215400,WGD
Glyma.09G215500,WGD
Glyma.09G215700,WGD
Glyma.09G215800,WGD
Glyma.09G216000,WGD
Glyma.09G216100,WGD
Glyma.09G216200,WGD
Glyma.09G216300,WGD
Glyma.09G216600,WGD
Glyma.09G216700,WGD
Glyma.09G216800,WGD
Glyma.09G216900,WGD
Glyma.09G217000,WGD
Glyma.09G217100,WGD
Glyma.09G217300,WGD
Glyma.09G217500,WGD
Glyma.09G217700,WGD
Glyma.09G217800,WGD
Glyma.09G217900,WGD
Glyma.09G218000,WGD
Glyma.09G218100,WGD
Glyma.09G218300,WGD
Glyma.09G218400,WGD
Glyma.09G218500,WGD
Glyma.09G218600,WGD
Glyma.09G218700,WGD
Glyma.09G218800,WGD
Glyma.09G218900,WGD
Glyma.09G219000,WGD
Glyma.09G219200,WGD
Glyma.09G219300,WGD
Glyma.09G219400,WGD
Glyma.09G219500,WGD
Glyma.09G219600,WGD
Glyma.09G219700,WGD
Glyma.09G221300,WGD
Glyma.09G221400,WGD
Glyma.09G221500,WGD
Glyma.09G221600,WGD
Glyma.09G221700,WGD
Glyma.09G222100,WGD
Glyma.09G222200,WGD
Glyma.09G222300,WGD
Glyma.09G222400,WGD
Glyma.09G222500,WGD
Glyma.09G222600,WGD
Glyma.09G222800,WGD
Glyma.09G222900,WGD
Glyma.09G223000,WGD
Glyma.09G223100,WGD
Glyma.09G223300,WGD
Glyma.09G223400,WGD
Glyma.09G223600,WGD
Glyma.09G223700,WGD
Glyma.09G223800,WGD
Glyma.09G224000,WGD
Glyma.09G224100,WGD
Glyma.09G224200,WGD
Glyma.09G224300,WGD
Glyma.09G224400,WGD
Glyma.09G224500,WGD
Glyma.09G224600,WGD
Glyma.09G224700,WGD
Glyma.09G224800,WGD
Glyma.09G225000,WGD
Glyma.09G225100,WGD
Glyma.09G225200,WGD
Glyma.09G225300,WGD
Glyma.09G225400,WGD
Glyma.09G225500,WGD
Glyma.09G225600,WGD
Glyma.09G225900,WGD
Glyma.09G226000,WGD
Glyma.09G226300,WGD
Glyma.09G226400,WGD
Glyma.09G226600,WGD
Glyma.09G226700,WGD
Glyma.09G227001,WGD
Glyma.09G227100,WGD
Glyma.09G227200,WGD
Glyma.09G227300,WGD
Glyma.09G227400,WGD
Glyma.09G227600,WGD
Glyma.09G227700,WGD
Glyma.09G227800,WGD
Glyma.09G227900,WGD
Glyma.09G228000,WGD
Glyma.09G228100,WGD
Glyma.09G228200,WGD
Glyma.09G228300,WGD
Glyma.09G228400,WGD
Glyma.09G228500,WGD
Glyma.09G228600,WGD
Glyma.09G228800,WGD
Glyma.09G228900,WGD
Glyma.09G229000,WGD
Glyma.09G229200,WGD
Glyma.09G229300,WGD
Glyma.09G229400,WGD
Glyma.09G229500,WGD
Glyma.09G229600,WGD
Glyma.09G229800,WGD
Glyma.09G229900,WGD
Glyma.09G230300,WGD
Glyma.09G230400,WGD
Glyma.09G230700,WGD
Glyma.09G230800,WGD
Glyma.09G230900,WGD
Glyma.09G231000,WGD
Glyma.09G231050,WGD
Glyma.09G231100,WGD
Glyma.09G231200,WGD
Glyma.09G231400,WGD
Glyma.09G231500,WGD
Glyma.09G231600,WGD
Glyma.09G231700,WGD
Glyma.09G231800,WGD
Glyma.09G231900,WGD
Glyma.09G232000,WGD
Glyma.09G232100,WGD
Glyma.09G232300,WGD
Glyma.09G232400,WGD
Glyma.09G232500,WGD
Glyma.09G232700,WGD
Glyma.09G233300,WGD
Glyma.09G233400,WGD
Glyma.09G233500,WGD
Glyma.09G233600,WGD
Glyma.09G233700,WGD
Glyma.09G233900,WGD
Glyma.09G234100,WGD
Glyma.09G234200,WGD
Glyma.09G234251,WGD
Glyma.09G234400,WGD
Glyma.09G234600,WGD
Glyma.09G234700,WGD
Glyma.09G234800,WGD
Glyma.09G234900,WGD
Glyma.09G235200,WGD
Glyma.09G235400,WGD
Glyma.09G235600,WGD
Glyma.09G235700,WGD
Glyma.09G235800,WGD
Glyma.09G235900,WGD
Glyma.09G236000,WGD
Glyma.09G236200,WGD
Glyma.09G236300,WGD
Glyma.09G236700,WGD
Glyma.09G236800,WGD
Glyma.09G236902,WGD
Glyma.09G237000,WGD
Glyma.09G237100,WGD
Glyma.09G237200,WGD
Glyma.09G237300,WGD
Glyma.09G237600,WGD
Glyma.09G238000,WGD
Glyma.09G238200,WGD
Glyma.09G238300,WGD
Glyma.09G238400,WGD
Glyma.09G238800,WGD
Glyma.09G238900,WGD
Glyma.09G239100,WGD
Glyma.09G239200,WGD
Glyma.09G239300,WGD
Glyma.09G239400,WGD
Glyma.09G239500,WGD
Glyma.09G239600,WGD
Glyma.09G239700,WGD
Glyma.09G239800,WGD
Glyma.09G239900,WGD
Glyma.09G240000,WGD
Glyma.09G240100,WGD
Glyma.09G240200,WGD
Glyma.09G240400,WGD
Glyma.09G240500,WGD
Glyma.09G240600,WGD
Glyma.09G240700,WGD
Glyma.09G241001,WGD
Glyma.09G241100,WGD
Glyma.09G241200,WGD
Glyma.09G241300,WGD
Glyma.09G241400,WGD
Glyma.09G241500,WGD
Glyma.09G241600,WGD
Glyma.09G241800,WGD
Glyma.09G241900,WGD
Glyma.09G242000,WGD
Glyma.09G242100,WGD
Glyma.09G242200,WGD
Glyma.09G242300,WGD
Glyma.09G242600,WGD
Glyma.09G242700,WGD
Glyma.09G242800,WGD
Glyma.09G242900,WGD
Glyma.09G243000,WGD
Glyma.09G243200,WGD
Glyma.09G243300,WGD
Glyma.09G243600,WGD
Glyma.09G243700,WGD
Glyma.09G243900,WGD
Glyma.09G244000,WGD
Glyma.09G244100,WGD
Glyma.09G244200,WGD
Glyma.09G244300,WGD
Glyma.09G244501,WGD
Glyma.09G244700,WGD
Glyma.09G244800,WGD
Glyma.09G244900,WGD
Glyma.09G245000,WGD
Glyma.09G245200,WGD
Glyma.09G245300,WGD
Glyma.09G245400,WGD
Glyma.09G245500,WGD
Glyma.09G245600,WGD
Glyma.09G245700,WGD
Glyma.09G245800,WGD
Glyma.09G245900,WGD
Glyma.09G246100,WGD
Glyma.09G246200,WGD
Glyma.09G246300,WGD
Glyma.09G246350,WGD
Glyma.09G246500,WGD
Glyma.09G246600,WGD
Glyma.09G246700,WGD
Glyma.09G246800,WGD
Glyma.09G246951,WGD
Glyma.09G247200,WGD
Glyma.09G247300,WGD
Glyma.09G247400,WGD
Glyma.09G247500,WGD
Glyma.09G247700,WGD
Glyma.09G247900,WGD
Glyma.09G248000,WGD
Glyma.09G248100,WGD
Glyma.09G248200,WGD
Glyma.09G248400,WGD
Glyma.09G248500,WGD
Glyma.09G248600,WGD
Glyma.09G248700,WGD
Glyma.09G248800,WGD
Glyma.09G248900,WGD
Glyma.09G249000,WGD
Glyma.09G249100,WGD
Glyma.09G249200,WGD
Glyma.09G249300,WGD
Glyma.09G249400,WGD
Glyma.09G249500,WGD
Glyma.09G249700,WGD
Glyma.09G249800,WGD
Glyma.09G249900,WGD
Glyma.09G250001,WGD
Glyma.09G250200,WGD
Glyma.09G250300,WGD
Glyma.09G250400,WGD
Glyma.09G250500,WGD
Glyma.09G250600,WGD
Glyma.09G250700,WGD
Glyma.09G250800,WGD
Glyma.09G250900,WGD
Glyma.09G251000,WGD
Glyma.09G251100,WGD
Glyma.09G251200,WGD
Glyma.09G251300,WGD
Glyma.09G251500,WGD
Glyma.09G251600,WGD
Glyma.09G251700,WGD
Glyma.09G251800,WGD
Glyma.09G251900,WGD
Glyma.09G252000,WGD
Glyma.09G252100,WGD
Glyma.09G252200,WGD
Glyma.09G252300,WGD
Glyma.09G252532,WGD
Glyma.09G252600,WGD
Glyma.09G252700,WGD
Glyma.09G252800,WGD
Glyma.09G252900,WGD
Glyma.09G253200,WGD
Glyma.09G253500,WGD
Glyma.09G253600,WGD
Glyma.09G253700,WGD
Glyma.09G253832,WGD
Glyma.09G254302,WGD
Glyma.09G254400,WGD
Glyma.09G254500,WGD
Glyma.09G254600,WGD
Glyma.09G254700,WGD
Glyma.09G254800,WGD
Glyma.09G255000,WGD
Glyma.09G255100,WGD
Glyma.09G255200,WGD
Glyma.09G255400,WGD
Glyma.09G255500,WGD
Glyma.09G255600,WGD
Glyma.09G255700,WGD
Glyma.09G255800,WGD
Glyma.09G256000,WGD
Glyma.09G256100,WGD
Glyma.09G256200,WGD
Glyma.09G256300,WGD
Glyma.09G256402,WGD
Glyma.09G256700,WGD
Glyma.09G256800,WGD
Glyma.09G257000,WGD
Glyma.09G257100,WGD
Glyma.09G257400,WGD
Glyma.09G257500,WGD
Glyma.09G257600,WGD
Glyma.09G257700,WGD
Glyma.09G257800,WGD
Glyma.09G257900,WGD
Glyma.09G258000,WGD
Glyma.09G258100,WGD
Glyma.09G258300,WGD
Glyma.09G258400,WGD
Glyma.09G258600,WGD
Glyma.09G258700,WGD
Glyma.09G258900,WGD
Glyma.09G259000,WGD
Glyma.09G259100,WGD
Glyma.09G259200,WGD
Glyma.09G259400,WGD
Glyma.09G259500,WGD
Glyma.09G259600,WGD
Glyma.09G259700,WGD
Glyma.09G260100,WGD
Glyma.09G260200,WGD
Glyma.09G260301,WGD
Glyma.09G260400,WGD
Glyma.09G260600,WGD
Glyma.09G260700,WGD
Glyma.09G261100,WGD
Glyma.09G261200,WGD
Glyma.09G261300,WGD
Glyma.09G261400,WGD
Glyma.09G261600,WGD
Glyma.09G261700,WGD
Glyma.09G261800,WGD
Glyma.09G261902,WGD
Glyma.09G262000,WGD
Glyma.09G262200,WGD
Glyma.09G262300,WGD
Glyma.09G262400,WGD
Glyma.09G262600,WGD
Glyma.09G262800,WGD
Glyma.09G262900,WGD
Glyma.09G263000,WGD
Glyma.09G263100,WGD
Glyma.09G263200,WGD
Glyma.09G263300,WGD
Glyma.09G263400,WGD
Glyma.09G263500,WGD
Glyma.09G263602,WGD
Glyma.09G263700,WGD
Glyma.09G263800,WGD
Glyma.09G263900,WGD
Glyma.09G264000,WGD
Glyma.09G264100,WGD
Glyma.09G264300,WGD
Glyma.09G264400,WGD
Glyma.09G264600,WGD
Glyma.09G264700,WGD
Glyma.09G264800,WGD
Glyma.09G264900,WGD
Glyma.09G265000,WGD
Glyma.09G265200,WGD
Glyma.09G265500,WGD
Glyma.09G265600,WGD
Glyma.09G266000,WGD
Glyma.09G266200,WGD
Glyma.09G266300,WGD
Glyma.09G266400,WGD
Glyma.09G266500,WGD
Glyma.09G266600,WGD
Glyma.09G266700,WGD
Glyma.09G266901,WGD
Glyma.09G267100,WGD
Glyma.09G267301,WGD
Glyma.09G267400,WGD
Glyma.09G267500,WGD
Glyma.09G267700,WGD
Glyma.09G267800,WGD
Glyma.09G267900,WGD
Glyma.09G268000,WGD
Glyma.09G268100,WGD
Glyma.09G268200,WGD
Glyma.09G268300,WGD
Glyma.09G268400,WGD
Glyma.09G268700,WGD
Glyma.09G268900,WGD
Glyma.09G269000,WGD
Glyma.09G269100,WGD
Glyma.09G269300,WGD
Glyma.09G269400,WGD
Glyma.09G269800,WGD
Glyma.09G269900,WGD
Glyma.09G270000,WGD
Glyma.09G270100,WGD
Glyma.09G270200,WGD
Glyma.09G270400,WGD
Glyma.09G270500,WGD
Glyma.09G270600,WGD
Glyma.09G270766,WGD
Glyma.09G271100,WGD
Glyma.09G271200,WGD
Glyma.09G271300,WGD
Glyma.09G271500,WGD
Glyma.09G271600,WGD
Glyma.09G271700,WGD
Glyma.09G271800,WGD
Glyma.09G271900,WGD
Glyma.09G272300,WGD
Glyma.09G272500,WGD
Glyma.09G272651,WGD
Glyma.09G272800,WGD
Glyma.09G272900,WGD
Glyma.09G273100,WGD
Glyma.09G273200,WGD
Glyma.09G273300,WGD
Glyma.09G273400,WGD
Glyma.09G273500,WGD
Glyma.09G273600,WGD
Glyma.09G273700,WGD
Glyma.09G273800,WGD
Glyma.09G273900,WGD
Glyma.09G274000,WGD
Glyma.09G274200,WGD
Glyma.09G274300,WGD
Glyma.09G274500,WGD
Glyma.09G274600,WGD
Glyma.09G274700,WGD
Glyma.09G274900,WGD
Glyma.09G275000,WGD
Glyma.09G275100,WGD
Glyma.09G275200,WGD
Glyma.09G275300,WGD
Glyma.09G275400,WGD
Glyma.09G275500,WGD
Glyma.09G275802,WGD
Glyma.09G275900,WGD
Glyma.09G276100,WGD
Glyma.09G276200,WGD
Glyma.09G276300,WGD
Glyma.09G276400,WGD
Glyma.09G276502,WGD
Glyma.09G276600,WGD
Glyma.09G276800,WGD
Glyma.09G276900,WGD
Glyma.09G277000,WGD
Glyma.09G277100,WGD
Glyma.09G277300,WGD
Glyma.09G277400,WGD
Glyma.09G277500,WGD
Glyma.09G277602,WGD
Glyma.09G277800,WGD
Glyma.09G277900,WGD
Glyma.09G278000,WGD
Glyma.09G278100,WGD
Glyma.09G278200,WGD
Glyma.09G278400,WGD
Glyma.09G278500,WGD
Glyma.09G278600,WGD
Glyma.09G278800,WGD
Glyma.09G279000,WGD
Glyma.09G279100,WGD
Glyma.09G279500,WGD
Glyma.09G279600,WGD
Glyma.09G279701,WGD
Glyma.09G279800,WGD
Glyma.09G279900,WGD
Glyma.09G280000,WGD
Glyma.09G280100,WGD
Glyma.09G280200,WGD
Glyma.09G280300,WGD
Glyma.09G280500,WGD
Glyma.09G280600,WGD
Glyma.09G280700,WGD
Glyma.09G280800,WGD
Glyma.09G280900,WGD
Glyma.09G281000,WGD
Glyma.09G281100,WGD
Glyma.09G281200,WGD
Glyma.09G281300,WGD
Glyma.09G281400,WGD
Glyma.09G281600,WGD
Glyma.09G281700,WGD
Glyma.09G281800,WGD
Glyma.09G282200,WGD
Glyma.09G282400,WGD
Glyma.09G282500,WGD
Glyma.09G282600,WGD
Glyma.09G282700,WGD
Glyma.09G283100,WGD
Glyma.09G283400,WGD
Glyma.09G283600,WGD
Glyma.09G283800,WGD
Glyma.09G283900,WGD
Glyma.09G284000,WGD
Glyma.09G284200,WGD
Glyma.09G284300,WGD
Glyma.09G284400,WGD
Glyma.09G284800,WGD
Glyma.09G285100,WGD
Glyma.09G285200,WGD
Glyma.09G285300,WGD
Glyma.09G285500,WGD
Glyma.09G285600,WGD
Glyma.09G285800,WGD
Glyma.09G285900,WGD
Glyma.10G000200,WGD
Glyma.10G000300,WGD
Glyma.10G000700,WGD
Glyma.10G001700,WGD
Glyma.10G001766,WGD
Glyma.10G001800,WGD
Glyma.10G001900,WGD
Glyma.10G002100,WGD
Glyma.10G002200,WGD
Glyma.10G002400,WGD
Glyma.10G002700,WGD
Glyma.10G002800,WGD
Glyma.10G003000,WGD
Glyma.10G003100,WGD
Glyma.10G003400,WGD
Glyma.10G003500,WGD
Glyma.10G003600,WGD
Glyma.10G003700,WGD
Glyma.10G003800,WGD
Glyma.10G004000,WGD
Glyma.10G004100,WGD
Glyma.10G004200,WGD
Glyma.10G004300,WGD
Glyma.10G004400,WGD
Glyma.10G004500,WGD
Glyma.10G004700,WGD
Glyma.10G004800,WGD
Glyma.10G005000,WGD
Glyma.10G005100,WGD
Glyma.10G005300,WGD
Glyma.10G005500,WGD
Glyma.10G005600,WGD
Glyma.10G005700,WGD
Glyma.10G005800,WGD
Glyma.10G006100,WGD
Glyma.10G006200,WGD
Glyma.10G006300,WGD
Glyma.10G006400,WGD
Glyma.10G006500,WGD
Glyma.10G006600,WGD
Glyma.10G006700,WGD
Glyma.10G006800,WGD
Glyma.10G007000,WGD
Glyma.10G007100,WGD
Glyma.10G007200,WGD
Glyma.10G007300,WGD
Glyma.10G007400,WGD
Glyma.10G007800,WGD
Glyma.10G007940,WGD
Glyma.10G008021,WGD
Glyma.10G008200,WGD
Glyma.10G008300,WGD
Glyma.10G008400,WGD
Glyma.10G008500,WGD
Glyma.10G008700,WGD
Glyma.10G009000,WGD
Glyma.10G009100,WGD
Glyma.10G009200,WGD
Glyma.10G009300,WGD
Glyma.10G009400,WGD
Glyma.10G009500,WGD
Glyma.10G009700,WGD
Glyma.10G009800,WGD
Glyma.10G009900,WGD
Glyma.10G010000,WGD
Glyma.10G010100,WGD
Glyma.10G010300,WGD
Glyma.10G010600,WGD
Glyma.10G010700,WGD
Glyma.10G010800,WGD
Glyma.10G011000,WGD
Glyma.10G011100,WGD
Glyma.10G011300,WGD
Glyma.10G011700,WGD
Glyma.10G011800,WGD
Glyma.10G011900,WGD
Glyma.10G012000,WGD
Glyma.10G012100,WGD
Glyma.10G012300,WGD
Glyma.10G012400,WGD
Glyma.10G012600,WGD
Glyma.10G012700,WGD
Glyma.10G012800,WGD
Glyma.10G012900,WGD
Glyma.10G013300,WGD
Glyma.10G013400,WGD
Glyma.10G013500,WGD
Glyma.10G013600,WGD
Glyma.10G013700,WGD
Glyma.10G013800,WGD
Glyma.10G013900,WGD
Glyma.10G014000,WGD
Glyma.10G014100,WGD
Glyma.10G014300,WGD
Glyma.10G014400,WGD
Glyma.10G014600,WGD
Glyma.10G014700,WGD
Glyma.10G014800,WGD
Glyma.10G014900,WGD
Glyma.10G015000,WGD
Glyma.10G015100,WGD
Glyma.10G015200,WGD
Glyma.10G015300,WGD
Glyma.10G015400,WGD
Glyma.10G015500,WGD
Glyma.10G015800,WGD
Glyma.10G015900,WGD
Glyma.10G016000,WGD
Glyma.10G016100,WGD
Glyma.10G016200,WGD
Glyma.10G016300,WGD
Glyma.10G016500,WGD
Glyma.10G016600,WGD
Glyma.10G017000,WGD
Glyma.10G017100,WGD
Glyma.10G017200,WGD
Glyma.10G017300,WGD
Glyma.10G017400,WGD
Glyma.10G017600,WGD
Glyma.10G017700,WGD
Glyma.10G017800,WGD
Glyma.10G017900,WGD
Glyma.10G018200,WGD
Glyma.10G018400,WGD
Glyma.10G018500,WGD
Glyma.10G018600,WGD
Glyma.10G018700,WGD
Glyma.10G018800,WGD
Glyma.10G018900,WGD
Glyma.10G019000,WGD
Glyma.10G019100,WGD
Glyma.10G019200,WGD
Glyma.10G019300,WGD
Glyma.10G019600,WGD
Glyma.10G019700,WGD
Glyma.10G019800,WGD
Glyma.10G019900,WGD
Glyma.10G020100,WGD
Glyma.10G020201,WGD
Glyma.10G020300,WGD
Glyma.10G020600,WGD
Glyma.10G020800,WGD
Glyma.10G020900,WGD
Glyma.10G021000,WGD
Glyma.10G021200,WGD
Glyma.10G021300,WGD
Glyma.10G021400,WGD
Glyma.10G021500,WGD
Glyma.10G021600,WGD
Glyma.10G021700,WGD
Glyma.10G021800,WGD
Glyma.10G021900,WGD
Glyma.10G022000,WGD
Glyma.10G022200,WGD
Glyma.10G022300,WGD
Glyma.10G022400,WGD
Glyma.10G022500,WGD
Glyma.10G022600,WGD
Glyma.10G022900,WGD
Glyma.10G023000,WGD
Glyma.10G023100,WGD
Glyma.10G023200,WGD
Glyma.10G023300,WGD
Glyma.10G023400,WGD
Glyma.10G023500,WGD
Glyma.10G023600,WGD
Glyma.10G023700,WGD
Glyma.10G023800,WGD
Glyma.10G023900,WGD
Glyma.10G024100,WGD
Glyma.10G024200,WGD
Glyma.10G024300,WGD
Glyma.10G024400,WGD
Glyma.10G024500,WGD
Glyma.10G024600,WGD
Glyma.10G024900,WGD
Glyma.10G025000,WGD
Glyma.10G025200,WGD
Glyma.10G025300,WGD
Glyma.10G025500,WGD
Glyma.10G025600,WGD
Glyma.10G025700,WGD
Glyma.10G025800,WGD
Glyma.10G025900,WGD
Glyma.10G026000,WGD
Glyma.10G026100,WGD
Glyma.10G026200,WGD
Glyma.10G026300,WGD
Glyma.10G026400,WGD
Glyma.10G026600,WGD
Glyma.10G026700,WGD
Glyma.10G026800,WGD
Glyma.10G026900,WGD
Glyma.10G027000,WGD
Glyma.10G027100,WGD
Glyma.10G027200,WGD
Glyma.10G027400,WGD
Glyma.10G027500,WGD
Glyma.10G027600,WGD
Glyma.10G027700,WGD
Glyma.10G027800,WGD
Glyma.10G027900,WGD
Glyma.10G028000,WGD
Glyma.10G028200,WGD
Glyma.10G028300,WGD
Glyma.10G028400,WGD
Glyma.10G028600,WGD
Glyma.10G028700,WGD
Glyma.10G028800,WGD
Glyma.10G028900,WGD
Glyma.10G029000,WGD
Glyma.10G029100,WGD
Glyma.10G029300,WGD
Glyma.10G029400,WGD
Glyma.10G029500,WGD
Glyma.10G029600,WGD
Glyma.10G029700,WGD
Glyma.10G029800,WGD
Glyma.10G030000,WGD
Glyma.10G030100,WGD
Glyma.10G030200,WGD
Glyma.10G030500,WGD
Glyma.10G030600,WGD
Glyma.10G030800,WGD
Glyma.10G030900,WGD
Glyma.10G031000,WGD
Glyma.10G031100,WGD
Glyma.10G031200,WGD
Glyma.10G031300,WGD
Glyma.10G031400,WGD
Glyma.10G031500,WGD
Glyma.10G031600,WGD
Glyma.10G031700,WGD
Glyma.10G031800,WGD
Glyma.10G031900,WGD
Glyma.10G032000,WGD
Glyma.10G032100,WGD
Glyma.10G032200,WGD
Glyma.10G032400,WGD
Glyma.10G032500,WGD
Glyma.10G032600,WGD
Glyma.10G032700,WGD
Glyma.10G032800,WGD
Glyma.10G032900,WGD
Glyma.10G033500,WGD
Glyma.10G033700,WGD
Glyma.10G033900,WGD
Glyma.10G034000,WGD
Glyma.10G034100,WGD
Glyma.10G034200,WGD
Glyma.10G034300,WGD
Glyma.10G034351,WGD
Glyma.10G034400,WGD
Glyma.10G034600,WGD
Glyma.10G034700,WGD
Glyma.10G034800,WGD
Glyma.10G035000,WGD
Glyma.10G035100,WGD
Glyma.10G035200,WGD
Glyma.10G035300,WGD
Glyma.10G035400,WGD
Glyma.10G035500,WGD
Glyma.10G035600,WGD
Glyma.10G035700,WGD
Glyma.10G035800,WGD
Glyma.10G035900,WGD
Glyma.10G036000,WGD
Glyma.10G036200,WGD
Glyma.10G036300,WGD
Glyma.10G036600,WGD
Glyma.10G036700,WGD
Glyma.10G036800,WGD
Glyma.10G036900,WGD
Glyma.10G037001,WGD
Glyma.10G037100,WGD
Glyma.10G037200,WGD
Glyma.10G037300,WGD
Glyma.10G037400,WGD
Glyma.10G037500,WGD
Glyma.10G037600,WGD
Glyma.10G037700,WGD
Glyma.10G037900,WGD
Glyma.10G038000,WGD
Glyma.10G038100,WGD
Glyma.10G038200,WGD
Glyma.10G038400,WGD
Glyma.10G038500,WGD
Glyma.10G038600,WGD
Glyma.10G038700,WGD
Glyma.10G038800,WGD
Glyma.10G038900,WGD
Glyma.10G039000,WGD
Glyma.10G039100,WGD
Glyma.10G039200,WGD
Glyma.10G039300,WGD
Glyma.10G039400,WGD
Glyma.10G039500,WGD
Glyma.10G039602,WGD
Glyma.10G039700,WGD
Glyma.10G039800,WGD
Glyma.10G040000,WGD
Glyma.10G040100,WGD
Glyma.10G040200,WGD
Glyma.10G040400,WGD
Glyma.10G040500,WGD
Glyma.10G040600,WGD
Glyma.10G040700,WGD
Glyma.10G040800,WGD
Glyma.10G040900,WGD
Glyma.10G041000,WGD
Glyma.10G041100,WGD
Glyma.10G041200,WGD
Glyma.10G041300,WGD
Glyma.10G041400,WGD
Glyma.10G041600,WGD
Glyma.10G041700,WGD
Glyma.10G041800,WGD
Glyma.10G041900,WGD
Glyma.10G042000,WGD
Glyma.10G042300,WGD
Glyma.10G042400,WGD
Glyma.10G042500,WGD
Glyma.10G042600,WGD
Glyma.10G042800,WGD
Glyma.10G042900,WGD
Glyma.10G042950,WGD
Glyma.10G043000,WGD
Glyma.10G043200,WGD
Glyma.10G043400,WGD
Glyma.10G043600,WGD
Glyma.10G043700,WGD
Glyma.10G043800,WGD
Glyma.10G044000,WGD
Glyma.10G044200,WGD
Glyma.10G044300,WGD
Glyma.10G044400,WGD
Glyma.10G044600,WGD
Glyma.10G044700,WGD
Glyma.10G044800,WGD
Glyma.10G045000,WGD
Glyma.10G045100,WGD
Glyma.10G045200,WGD
Glyma.10G045400,WGD
Glyma.10G045500,WGD
Glyma.10G045600,WGD
Glyma.10G045700,WGD
Glyma.10G045800,WGD
Glyma.10G045900,WGD
Glyma.10G046000,WGD
Glyma.10G046100,WGD
Glyma.10G046200,WGD
Glyma.10G046300,WGD
Glyma.10G046400,WGD
Glyma.10G046500,WGD
Glyma.10G046800,WGD
Glyma.10G046900,WGD
Glyma.10G047100,WGD
Glyma.10G047150,WGD
Glyma.10G047200,WGD
Glyma.10G047400,WGD
Glyma.10G047500,WGD
Glyma.10G047600,WGD
Glyma.10G047700,WGD
Glyma.10G047900,WGD
Glyma.10G048100,WGD
Glyma.10G048200,WGD
Glyma.10G048300,WGD
Glyma.10G048400,WGD
Glyma.10G048500,WGD
Glyma.10G048600,WGD
Glyma.10G048700,WGD
Glyma.10G048800,WGD
Glyma.10G048900,WGD
Glyma.10G049100,WGD
Glyma.10G049300,WGD
Glyma.10G049400,WGD
Glyma.10G049600,WGD
Glyma.10G049800,WGD
Glyma.10G049900,WGD
Glyma.10G050000,WGD
Glyma.10G050100,WGD
Glyma.10G050200,WGD
Glyma.10G050300,WGD
Glyma.10G050400,WGD
Glyma.10G050500,WGD
Glyma.10G050600,WGD
Glyma.10G050700,WGD
Glyma.10G050800,WGD
Glyma.10G050900,WGD
Glyma.10G051000,WGD
Glyma.10G051200,WGD
Glyma.10G051400,WGD
Glyma.10G051500,WGD
Glyma.10G051600,WGD
Glyma.10G051800,WGD
Glyma.10G051900,WGD
Glyma.10G052000,WGD
Glyma.10G052500,WGD
Glyma.10G052600,WGD
Glyma.10G052700,WGD
Glyma.10G053000,WGD
Glyma.10G053100,WGD
Glyma.10G053200,WGD
Glyma.10G053300,WGD
Glyma.10G053400,WGD
Glyma.10G053500,WGD
Glyma.10G053602,WGD
Glyma.10G053700,WGD
Glyma.10G053800,WGD
Glyma.10G053900,WGD
Glyma.10G054000,WGD
Glyma.10G054200,WGD
Glyma.10G054300,WGD
Glyma.10G054400,WGD
Glyma.10G054500,WGD
Glyma.10G054600,WGD
Glyma.10G054700,WGD
Glyma.10G054900,WGD
Glyma.10G055000,WGD
Glyma.10G055100,WGD
Glyma.10G055200,WGD
Glyma.10G055300,WGD
Glyma.10G055600,WGD
Glyma.10G055900,WGD
Glyma.10G056200,WGD
Glyma.10G056800,WGD
Glyma.10G056900,WGD
Glyma.10G057000,WGD
Glyma.10G057100,WGD
Glyma.10G057200,WGD
Glyma.10G057300,WGD
Glyma.10G057500,WGD
Glyma.10G057600,WGD
Glyma.10G057700,WGD
Glyma.10G057800,WGD
Glyma.10G057900,WGD
Glyma.10G058000,WGD
Glyma.10G058100,WGD
Glyma.10G058200,WGD
Glyma.10G058300,WGD
Glyma.10G058500,WGD
Glyma.10G058600,WGD
Glyma.10G058800,WGD
Glyma.10G058900,WGD
Glyma.10G059000,WGD
Glyma.10G059200,WGD
Glyma.10G059500,WGD
Glyma.10G059601,WGD
Glyma.10G059700,WGD
Glyma.10G059800,WGD
Glyma.10G059900,WGD
Glyma.10G060000,WGD
Glyma.10G062200,WGD
Glyma.10G062300,WGD
Glyma.10G062600,WGD
Glyma.10G062700,WGD
Glyma.10G062800,WGD
Glyma.10G062900,WGD
Glyma.10G063000,WGD
Glyma.10G063100,WGD
Glyma.10G063200,WGD
Glyma.10G063400,WGD
Glyma.10G063500,WGD
Glyma.10G063600,WGD
Glyma.10G063700,WGD
Glyma.10G063800,WGD
Glyma.10G063900,WGD
Glyma.10G064000,WGD
Glyma.10G064200,WGD
Glyma.10G064300,WGD
Glyma.10G064500,WGD
Glyma.10G064600,WGD
Glyma.10G064700,WGD
Glyma.10G064800,WGD
Glyma.10G064900,WGD
Glyma.10G065000,WGD
Glyma.10G065100,WGD
Glyma.10G065200,WGD
Glyma.10G065400,WGD
Glyma.10G065500,WGD
Glyma.10G065600,WGD
Glyma.10G065702,WGD
Glyma.10G065900,WGD
Glyma.10G066000,WGD
Glyma.10G066100,WGD
Glyma.10G066200,WGD
Glyma.10G066300,WGD
Glyma.10G066400,WGD
Glyma.10G066500,WGD
Glyma.10G066700,WGD
Glyma.10G066800,WGD
Glyma.10G066900,WGD
Glyma.10G067000,WGD
Glyma.10G067100,WGD
Glyma.10G067200,WGD
Glyma.10G067400,WGD
Glyma.10G067900,WGD
Glyma.10G068000,WGD
Glyma.10G068900,WGD
Glyma.10G069100,WGD
Glyma.10G069200,WGD
Glyma.10G069300,WGD
Glyma.10G069400,WGD
Glyma.10G069500,WGD
Glyma.10G069600,WGD
Glyma.10G069700,WGD
Glyma.10G069800,WGD
Glyma.10G070100,WGD
Glyma.10G070500,WGD
Glyma.10G070600,WGD
Glyma.10G070700,WGD
Glyma.10G070900,WGD
Glyma.10G071000,WGD
Glyma.10G071100,WGD
Glyma.10G071200,WGD
Glyma.10G071400,WGD
Glyma.10G071500,WGD
Glyma.10G071600,WGD
Glyma.10G071700,WGD
Glyma.10G071800,WGD
Glyma.10G072000,WGD
Glyma.10G072400,WGD
Glyma.10G073300,WGD
Glyma.10G073600,WGD
Glyma.10G073700,WGD
Glyma.10G073800,WGD
Glyma.10G074000,WGD
Glyma.10G074300,WGD
Glyma.10G074400,WGD
Glyma.10G074500,WGD
Glyma.10G074600,WGD
Glyma.10G074800,WGD
Glyma.10G074900,WGD
Glyma.10G075000,WGD
Glyma.10G075200,WGD
Glyma.10G075300,WGD
Glyma.10G075400,WGD
Glyma.10G075600,WGD
Glyma.10G075800,WGD
Glyma.10G075900,WGD
Glyma.10G076000,WGD
Glyma.10G076100,WGD
Glyma.10G076300,WGD
Glyma.10G076400,WGD
Glyma.10G076600,WGD
Glyma.10G076700,WGD
Glyma.10G077600,WGD
Glyma.10G077700,WGD
Glyma.10G077800,WGD
Glyma.10G077900,WGD
Glyma.10G078000,WGD
Glyma.10G078200,WGD
Glyma.10G078400,WGD
Glyma.10G078500,WGD
Glyma.10G078566,WGD
Glyma.10G078700,WGD
Glyma.10G079000,WGD
Glyma.10G079300,WGD
Glyma.10G079400,WGD
Glyma.10G079700,WGD
Glyma.10G079900,WGD
Glyma.10G080000,WGD
Glyma.10G080800,WGD
Glyma.10G081100,WGD
Glyma.10G081300,WGD
Glyma.10G081400,WGD
Glyma.10G081500,WGD
Glyma.10G081700,WGD
Glyma.10G081900,WGD
Glyma.10G082000,WGD
Glyma.10G082100,WGD
Glyma.10G082300,WGD
Glyma.10G082400,WGD
Glyma.10G082500,WGD
Glyma.10G082600,WGD
Glyma.10G082800,WGD
Glyma.10G082900,WGD
Glyma.10G083100,WGD
Glyma.10G083300,WGD
Glyma.10G083400,WGD
Glyma.10G083500,WGD
Glyma.10G083600,WGD
Glyma.10G083700,WGD
Glyma.10G083800,WGD
Glyma.10G084000,WGD
Glyma.10G084200,WGD
Glyma.10G084300,WGD
Glyma.10G084400,WGD
Glyma.10G084500,WGD
Glyma.10G084600,WGD
Glyma.10G084900,WGD
Glyma.10G086500,WGD
Glyma.10G086800,WGD
Glyma.10G087000,WGD
Glyma.10G087300,WGD
Glyma.10G087500,WGD
Glyma.10G088000,WGD
Glyma.10G088400,WGD
Glyma.10G088900,WGD
Glyma.10G089200,WGD
Glyma.10G089300,WGD
Glyma.10G089700,WGD
Glyma.10G090000,WGD
Glyma.10G090100,WGD
Glyma.10G090400,WGD
Glyma.10G090500,WGD
Glyma.10G090600,WGD
Glyma.10G090700,WGD
Glyma.10G091300,WGD
Glyma.10G091400,WGD
Glyma.10G091600,WGD
Glyma.10G091800,WGD
Glyma.10G092100,WGD
Glyma.10G092200,WGD
Glyma.10G092500,WGD
Glyma.10G092600,WGD
Glyma.10G092700,WGD
Glyma.10G093100,WGD
Glyma.10G093400,WGD
Glyma.10G093600,WGD
Glyma.10G093750,WGD
Glyma.10G093900,WGD
Glyma.10G094000,WGD
Glyma.10G094400,WGD
Glyma.10G094500,WGD
Glyma.10G094600,WGD
Glyma.10G094800,WGD
Glyma.10G095100,WGD
Glyma.10G095200,WGD
Glyma.10G095500,WGD
Glyma.10G096600,WGD
Glyma.10G099700,WGD
Glyma.10G099800,WGD
Glyma.10G099900,WGD
Glyma.10G100400,WGD
Glyma.10G100600,WGD
Glyma.10G100700,WGD
Glyma.10G100800,WGD
Glyma.10G101400,WGD
Glyma.10G101600,WGD
Glyma.10G101900,WGD
Glyma.10G102000,WGD
Glyma.10G103000,WGD
Glyma.10G103100,WGD
Glyma.10G103200,WGD
Glyma.10G103400,WGD
Glyma.10G104651,WGD
Glyma.10G105200,WGD
Glyma.10G105300,WGD
Glyma.10G105400,WGD
Glyma.10G105800,WGD
Glyma.10G105900,WGD
Glyma.10G106100,WGD
Glyma.10G106500,WGD
Glyma.10G106600,WGD
Glyma.10G106900,WGD
Glyma.10G107100,WGD
Glyma.10G107500,WGD
Glyma.10G107700,WGD
Glyma.10G107900,WGD
Glyma.10G108400,WGD
Glyma.10G108600,WGD
Glyma.10G109500,WGD
Glyma.10G112400,WGD
Glyma.10G112500,WGD
Glyma.10G112900,WGD
Glyma.10G113600,WGD
Glyma.10G114600,WGD
Glyma.10G116800,WGD
Glyma.10G117100,WGD
Glyma.10G117300,WGD
Glyma.10G118100,WGD
Glyma.10G118800,WGD
Glyma.10G118900,WGD
Glyma.10G119100,WGD
Glyma.10G119200,WGD
Glyma.10G119900,WGD
Glyma.10G120200,WGD
Glyma.10G120300,WGD
Glyma.10G120400,WGD
Glyma.10G120900,WGD
Glyma.10G121506,WGD
Glyma.10G121524,WGD
Glyma.10G121530,WGD
Glyma.10G121536,WGD
Glyma.10G121542,WGD
Glyma.10G121560,WGD
Glyma.10G122200,WGD
Glyma.10G123100,WGD
Glyma.10G123200,WGD
Glyma.10G123400,WGD
Glyma.10G123500,WGD
Glyma.10G124200,WGD
Glyma.10G124300,WGD
Glyma.10G124600,WGD
Glyma.10G124700,WGD
Glyma.10G124800,WGD
Glyma.10G125000,WGD
Glyma.10G125100,WGD
Glyma.10G125400,WGD
Glyma.10G126600,WGD
Glyma.10G126700,WGD
Glyma.10G126900,WGD
Glyma.10G127200,WGD
Glyma.10G127500,WGD
Glyma.10G127700,WGD
Glyma.10G127800,WGD
Glyma.10G128100,WGD
Glyma.10G128300,WGD
Glyma.10G128400,WGD
Glyma.10G128700,WGD
Glyma.10G128800,WGD
Glyma.10G128866,WGD
Glyma.10G129800,WGD
Glyma.10G130100,WGD
Glyma.10G130200,WGD
Glyma.10G130600,WGD
Glyma.10G130800,WGD
Glyma.10G131700,WGD
Glyma.10G132200,WGD
Glyma.10G132300,WGD
Glyma.10G132800,WGD
Glyma.10G133700,WGD
Glyma.10G133900,WGD
Glyma.10G134400,WGD
Glyma.10G134500,WGD
Glyma.10G134700,WGD
Glyma.10G136100,WGD
Glyma.10G136300,WGD
Glyma.10G136600,WGD
Glyma.10G136800,WGD
Glyma.10G136900,WGD
Glyma.10G137200,WGD
Glyma.10G137400,WGD
Glyma.10G137600,WGD
Glyma.10G137700,WGD
Glyma.10G137800,WGD
Glyma.10G138100,WGD
Glyma.10G138300,WGD
Glyma.10G138500,WGD
Glyma.10G138600,WGD
Glyma.10G138700,WGD
Glyma.10G138800,WGD
Glyma.10G139000,WGD
Glyma.10G139200,WGD
Glyma.10G139300,WGD
Glyma.10G139400,WGD
Glyma.10G139500,WGD
Glyma.10G139700,WGD
Glyma.10G140000,WGD
Glyma.10G140200,WGD
Glyma.10G140400,WGD
Glyma.10G140500,WGD
Glyma.10G140700,WGD
Glyma.10G140800,WGD
Glyma.10G140900,WGD
Glyma.10G141000,WGD
Glyma.10G141100,WGD
Glyma.10G141300,WGD
Glyma.10G141400,WGD
Glyma.10G141500,WGD
Glyma.10G141700,WGD
Glyma.10G141800,WGD
Glyma.10G142000,WGD
Glyma.10G142100,WGD
Glyma.10G142200,WGD
Glyma.10G142500,WGD
Glyma.10G142600,WGD
Glyma.10G142700,WGD
Glyma.10G143000,WGD
Glyma.10G143200,WGD
Glyma.10G143300,WGD
Glyma.10G143500,WGD
Glyma.10G143800,WGD
Glyma.10G143900,WGD
Glyma.10G144000,WGD
Glyma.10G144100,WGD
Glyma.10G144200,WGD
Glyma.10G144300,WGD
Glyma.10G144400,WGD
Glyma.10G144502,WGD
Glyma.10G144600,WGD
Glyma.10G144800,WGD
Glyma.10G145000,WGD
Glyma.10G145100,WGD
Glyma.10G145200,WGD
Glyma.10G145300,WGD
Glyma.10G145400,WGD
Glyma.10G145500,WGD
Glyma.10G145600,WGD
Glyma.10G145666,WGD
Glyma.10G145732,WGD
Glyma.10G145900,WGD
Glyma.10G146000,WGD
Glyma.10G146100,WGD
Glyma.10G146200,WGD
Glyma.10G146300,WGD
Glyma.10G146366,WGD
Glyma.10G146600,WGD
Glyma.10G146700,WGD
Glyma.10G146800,WGD
Glyma.10G146900,WGD
Glyma.10G147000,WGD
Glyma.10G147100,WGD
Glyma.10G147200,WGD
Glyma.10G147300,WGD
Glyma.10G147400,WGD
Glyma.10G147500,WGD
Glyma.10G147600,WGD
Glyma.10G147700,WGD
Glyma.10G147800,WGD
Glyma.10G148100,WGD
Glyma.10G148200,WGD
Glyma.10G148500,WGD
Glyma.10G148600,WGD
Glyma.10G148700,WGD
Glyma.10G148800,WGD
Glyma.10G148900,WGD
Glyma.10G149000,WGD
Glyma.10G149200,WGD
Glyma.10G149400,WGD
Glyma.10G149500,WGD
Glyma.10G149600,WGD
Glyma.10G149700,WGD
Glyma.10G149800,WGD
Glyma.10G149900,WGD
Glyma.10G150000,WGD
Glyma.10G150100,WGD
Glyma.10G150300,WGD
Glyma.10G150400,WGD
Glyma.10G150500,WGD
Glyma.10G150600,WGD
Glyma.10G150700,WGD
Glyma.10G150800,WGD
Glyma.10G150900,WGD
Glyma.10G151000,WGD
Glyma.10G151200,WGD
Glyma.10G151300,WGD
Glyma.10G151500,WGD
Glyma.10G151900,WGD
Glyma.10G152000,WGD
Glyma.10G152200,WGD
Glyma.10G152300,WGD
Glyma.10G152400,WGD
Glyma.10G152500,WGD
Glyma.10G152700,WGD
Glyma.10G152900,WGD
Glyma.10G153000,WGD
Glyma.10G153200,WGD
Glyma.10G153300,WGD
Glyma.10G153500,WGD
Glyma.10G153600,WGD
Glyma.10G153700,WGD
Glyma.10G153800,WGD
Glyma.10G153900,WGD
Glyma.10G154000,WGD
Glyma.10G154100,WGD
Glyma.10G154200,WGD
Glyma.10G154300,WGD
Glyma.10G154400,WGD
Glyma.10G154500,WGD
Glyma.10G154600,WGD
Glyma.10G154700,WGD
Glyma.10G154800,WGD
Glyma.10G154900,WGD
Glyma.10G155000,WGD
Glyma.10G155100,WGD
Glyma.10G155200,WGD
Glyma.10G155300,WGD
Glyma.10G155400,WGD
Glyma.10G155500,WGD
Glyma.10G155600,WGD
Glyma.10G155700,WGD
Glyma.10G155800,WGD
Glyma.10G155900,WGD
Glyma.10G156000,WGD
Glyma.10G156100,WGD
Glyma.10G156200,WGD
Glyma.10G156500,WGD
Glyma.10G156600,WGD
Glyma.10G156701,WGD
Glyma.10G156850,WGD
Glyma.10G157000,WGD
Glyma.10G157100,WGD
Glyma.10G157200,WGD
Glyma.10G157300,WGD
Glyma.10G157400,WGD
Glyma.10G157500,WGD
Glyma.10G157600,WGD
Glyma.10G157700,WGD
Glyma.10G157800,WGD
Glyma.10G157900,WGD
Glyma.10G158000,WGD
Glyma.10G158100,WGD
Glyma.10G158300,WGD
Glyma.10G158400,WGD
Glyma.10G158500,WGD
Glyma.10G158600,WGD
Glyma.10G158700,WGD
Glyma.10G158800,WGD
Glyma.10G158900,WGD
Glyma.10G159000,WGD
Glyma.10G159100,WGD
Glyma.10G159200,WGD
Glyma.10G159300,WGD
Glyma.10G159500,WGD
Glyma.10G159600,WGD
Glyma.10G159700,WGD
Glyma.10G159800,WGD
Glyma.10G159900,WGD
Glyma.10G160000,WGD
Glyma.10G160100,WGD
Glyma.10G160200,WGD
Glyma.10G160300,WGD
Glyma.10G160400,WGD
Glyma.10G160500,WGD
Glyma.10G160600,WGD
Glyma.10G160700,WGD
Glyma.10G160800,WGD
Glyma.10G160900,WGD
Glyma.10G161000,WGD
Glyma.10G161100,WGD
Glyma.10G161200,WGD
Glyma.10G161400,WGD
Glyma.10G161500,WGD
Glyma.10G161700,WGD
Glyma.10G161900,WGD
Glyma.10G162000,WGD
Glyma.10G162100,WGD
Glyma.10G162200,WGD
Glyma.10G162300,WGD
Glyma.10G162400,WGD
Glyma.10G162500,WGD
Glyma.10G162600,WGD
Glyma.10G162800,WGD
Glyma.10G162900,WGD
Glyma.10G163000,WGD
Glyma.10G163100,WGD
Glyma.10G163200,WGD
Glyma.10G163400,WGD
Glyma.10G163500,WGD
Glyma.10G163700,WGD
Glyma.10G163800,WGD
Glyma.10G164100,WGD
Glyma.10G164200,WGD
Glyma.10G164300,WGD
Glyma.10G164501,WGD
Glyma.10G164700,WGD
Glyma.10G164800,WGD
Glyma.10G165000,WGD
Glyma.10G165200,WGD
Glyma.10G165300,WGD
Glyma.10G165400,WGD
Glyma.10G165500,WGD
Glyma.10G165600,WGD
Glyma.10G165700,WGD
Glyma.10G165800,WGD
Glyma.10G165900,WGD
Glyma.10G166000,WGD
Glyma.10G166100,WGD
Glyma.10G166200,WGD
Glyma.10G166500,WGD
Glyma.10G166600,WGD
Glyma.10G166700,WGD
Glyma.10G166800,WGD
Glyma.10G166900,WGD
Glyma.10G167000,WGD
Glyma.10G167100,WGD
Glyma.10G167300,WGD
Glyma.10G167400,WGD
Glyma.10G167500,WGD
Glyma.10G167600,WGD
Glyma.10G167800,WGD
Glyma.10G167900,WGD
Glyma.10G168400,WGD
Glyma.10G168600,WGD
Glyma.10G168700,WGD
Glyma.10G168800,WGD
Glyma.10G169100,WGD
Glyma.10G169200,WGD
Glyma.10G169300,WGD
Glyma.10G169600,WGD
Glyma.10G169800,WGD
Glyma.10G170100,WGD
Glyma.10G170200,WGD
Glyma.10G170300,WGD
Glyma.10G170400,WGD
Glyma.10G170500,WGD
Glyma.10G170600,WGD
Glyma.10G170700,WGD
Glyma.10G170800,WGD
Glyma.10G170900,WGD
Glyma.10G171300,WGD
Glyma.10G171400,WGD
Glyma.10G171500,WGD
Glyma.10G171600,WGD
Glyma.10G171700,WGD
Glyma.10G171800,WGD
Glyma.10G171900,WGD
Glyma.10G172100,WGD
Glyma.10G172200,WGD
Glyma.10G172400,WGD
Glyma.10G172500,WGD
Glyma.10G172600,WGD
Glyma.10G172800,WGD
Glyma.10G172900,WGD
Glyma.10G173000,WGD
Glyma.10G173100,WGD
Glyma.10G173200,WGD
Glyma.10G173300,WGD
Glyma.10G173400,WGD
Glyma.10G173500,WGD
Glyma.10G173700,WGD
Glyma.10G173800,WGD
Glyma.10G174000,WGD
Glyma.10G174100,WGD
Glyma.10G174200,WGD
Glyma.10G174400,WGD
Glyma.10G174500,WGD
Glyma.10G174700,WGD
Glyma.10G174900,WGD
Glyma.10G175000,WGD
Glyma.10G175100,WGD
Glyma.10G175200,WGD
Glyma.10G175300,WGD
Glyma.10G175400,WGD
Glyma.10G175500,WGD
Glyma.10G175600,WGD
Glyma.10G175800,WGD
Glyma.10G175900,WGD
Glyma.10G176100,WGD
Glyma.10G176200,WGD
Glyma.10G176400,WGD
Glyma.10G176500,WGD
Glyma.10G176766,WGD
Glyma.10G176832,WGD
Glyma.10G176900,WGD
Glyma.10G177000,WGD
Glyma.10G177100,WGD
Glyma.10G177200,WGD
Glyma.10G177300,WGD
Glyma.10G177400,WGD
Glyma.10G177600,WGD
Glyma.10G177700,WGD
Glyma.10G177800,WGD
Glyma.10G178000,WGD
Glyma.10G178100,WGD
Glyma.10G178200,WGD
Glyma.10G178300,WGD
Glyma.10G178400,WGD
Glyma.10G178600,WGD
Glyma.10G178700,WGD
Glyma.10G178900,WGD
Glyma.10G179100,WGD
Glyma.10G179200,WGD
Glyma.10G179400,WGD
Glyma.10G179500,WGD
Glyma.10G179600,WGD
Glyma.10G179700,WGD
Glyma.10G179800,WGD
Glyma.10G179900,WGD
Glyma.10G180000,WGD
Glyma.10G180100,WGD
Glyma.10G180200,WGD
Glyma.10G180300,WGD
Glyma.10G180500,WGD
Glyma.10G180600,WGD
Glyma.10G180700,WGD
Glyma.10G180800,WGD
Glyma.10G180900,WGD
Glyma.10G181100,WGD
Glyma.10G181200,WGD
Glyma.10G181400,WGD
Glyma.10G181500,WGD
Glyma.10G181700,WGD
Glyma.10G181800,WGD
Glyma.10G181900,WGD
Glyma.10G182000,WGD
Glyma.10G182100,WGD
Glyma.10G182200,WGD
Glyma.10G182300,WGD
Glyma.10G182400,WGD
Glyma.10G182500,WGD
Glyma.10G182600,WGD
Glyma.10G182700,WGD
Glyma.10G182800,WGD
Glyma.10G182900,WGD
Glyma.10G183000,WGD
Glyma.10G183200,WGD
Glyma.10G183300,WGD
Glyma.10G183500,WGD
Glyma.10G183600,WGD
Glyma.10G183700,WGD
Glyma.10G183800,WGD
Glyma.10G183900,WGD
Glyma.10G184300,WGD
Glyma.10G184500,WGD
Glyma.10G184600,WGD
Glyma.10G184800,WGD
Glyma.10G184900,WGD
Glyma.10G185000,WGD
Glyma.10G185100,WGD
Glyma.10G185200,WGD
Glyma.10G185400,WGD
Glyma.10G185500,WGD
Glyma.10G185800,WGD
Glyma.10G186200,WGD
Glyma.10G186300,WGD
Glyma.10G186400,WGD
Glyma.10G186500,WGD
Glyma.10G186600,WGD
Glyma.10G186800,WGD
Glyma.10G186900,WGD
Glyma.10G187000,WGD
Glyma.10G187100,WGD
Glyma.10G187300,WGD
Glyma.10G187500,WGD
Glyma.10G187800,WGD
Glyma.10G187900,WGD
Glyma.10G188000,WGD
Glyma.10G188100,WGD
Glyma.10G188200,WGD
Glyma.10G188300,WGD
Glyma.10G188400,WGD
Glyma.10G188500,WGD
Glyma.10G188600,WGD
Glyma.10G188700,WGD
Glyma.10G189000,WGD
Glyma.10G189200,WGD
Glyma.10G189300,WGD
Glyma.10G189400,WGD
Glyma.10G189500,WGD
Glyma.10G189700,WGD
Glyma.10G189800,WGD
Glyma.10G189900,WGD
Glyma.10G190000,WGD
Glyma.10G190100,WGD
Glyma.10G190200,WGD
Glyma.10G190300,WGD
Glyma.10G190400,WGD
Glyma.10G190500,WGD
Glyma.10G190600,WGD
Glyma.10G190700,WGD
Glyma.10G190800,WGD
Glyma.10G191000,WGD
Glyma.10G191100,WGD
Glyma.10G191200,WGD
Glyma.10G191267,WGD
Glyma.10G191400,WGD
Glyma.10G191500,WGD
Glyma.10G191600,WGD
Glyma.10G192000,WGD
Glyma.10G192100,WGD
Glyma.10G192200,WGD
Glyma.10G192300,WGD
Glyma.10G192400,WGD
Glyma.10G192600,WGD
Glyma.10G192700,WGD
Glyma.10G192800,WGD
Glyma.10G192900,WGD
Glyma.10G193000,WGD
Glyma.10G193100,WGD
Glyma.10G193200,WGD
Glyma.10G193400,WGD
Glyma.10G193500,WGD
Glyma.10G193600,WGD
Glyma.10G193700,WGD
Glyma.10G193900,WGD
Glyma.10G194000,WGD
Glyma.10G194200,WGD
Glyma.10G194400,WGD
Glyma.10G194600,WGD
Glyma.10G194700,WGD
Glyma.10G194800,WGD
Glyma.10G195001,WGD
Glyma.10G195700,WGD
Glyma.10G195800,WGD
Glyma.10G195900,WGD
Glyma.10G196100,WGD
Glyma.10G196200,WGD
Glyma.10G196300,WGD
Glyma.10G196400,WGD
Glyma.10G196500,WGD
Glyma.10G196600,WGD
Glyma.10G196750,WGD
Glyma.10G196900,WGD
Glyma.10G197100,WGD
Glyma.10G197200,WGD
Glyma.10G197300,WGD
Glyma.10G197400,WGD
Glyma.10G197500,WGD
Glyma.10G197600,WGD
Glyma.10G197700,WGD
Glyma.10G197800,WGD
Glyma.10G198000,WGD
Glyma.10G198100,WGD
Glyma.10G198300,WGD
Glyma.10G198600,WGD
Glyma.10G198700,WGD
Glyma.10G198800,WGD
Glyma.10G199232,WGD
Glyma.10G199300,WGD
Glyma.10G199500,WGD
Glyma.10G199800,WGD
Glyma.10G199900,WGD
Glyma.10G200000,WGD
Glyma.10G200100,WGD
Glyma.10G200200,WGD
Glyma.10G200300,WGD
Glyma.10G200500,WGD
Glyma.10G200600,WGD
Glyma.10G200700,WGD
Glyma.10G200800,WGD
Glyma.10G201000,WGD
Glyma.10G201100,WGD
Glyma.10G201200,WGD
Glyma.10G201300,WGD
Glyma.10G201400,WGD
Glyma.10G201500,WGD
Glyma.10G201600,WGD
Glyma.10G201700,WGD
Glyma.10G201900,WGD
Glyma.10G202000,WGD
Glyma.10G202150,WGD
Glyma.10G202300,WGD
Glyma.10G202400,WGD
Glyma.10G202500,WGD
Glyma.10G202600,WGD
Glyma.10G202700,WGD
Glyma.10G202800,WGD
Glyma.10G203000,WGD
Glyma.10G203100,WGD
Glyma.10G203200,WGD
Glyma.10G203350,WGD
Glyma.10G203600,WGD
Glyma.10G203700,WGD
Glyma.10G203800,WGD
Glyma.10G203900,WGD
Glyma.10G204100,WGD
Glyma.10G204200,WGD
Glyma.10G204300,WGD
Glyma.10G204400,WGD
Glyma.10G204500,WGD
Glyma.10G204600,WGD
Glyma.10G204700,WGD
Glyma.10G204800,WGD
Glyma.10G204900,WGD
Glyma.10G205000,WGD
Glyma.10G205100,WGD
Glyma.10G205233,WGD
Glyma.10G205300,WGD
Glyma.10G205400,WGD
Glyma.10G205500,WGD
Glyma.10G205600,WGD
Glyma.10G205700,WGD
Glyma.10G205800,WGD
Glyma.10G205900,WGD
Glyma.10G205966,WGD
Glyma.10G206100,WGD
Glyma.10G206300,WGD
Glyma.10G206400,WGD
Glyma.10G206600,WGD
Glyma.10G207100,WGD
Glyma.10G207200,WGD
Glyma.10G207400,WGD
Glyma.10G207500,WGD
Glyma.10G207700,WGD
Glyma.10G207900,WGD
Glyma.10G208200,WGD
Glyma.10G208300,WGD
Glyma.10G208400,WGD
Glyma.10G208600,WGD
Glyma.10G208700,WGD
Glyma.10G208800,WGD
Glyma.10G209000,WGD
Glyma.10G209100,WGD
Glyma.10G209200,WGD
Glyma.10G209300,WGD
Glyma.10G209400,WGD
Glyma.10G209500,WGD
Glyma.10G209600,WGD
Glyma.10G209700,WGD
Glyma.10G209800,WGD
Glyma.10G210000,WGD
Glyma.10G210051,WGD
Glyma.10G210100,WGD
Glyma.10G210200,WGD
Glyma.10G210300,WGD
Glyma.10G210500,WGD
Glyma.10G210600,WGD
Glyma.10G210700,WGD
Glyma.10G210800,WGD
Glyma.10G211000,WGD
Glyma.10G211300,WGD
Glyma.10G211400,WGD
Glyma.10G211600,WGD
Glyma.10G212000,WGD
Glyma.10G212200,WGD
Glyma.10G212300,WGD
Glyma.10G212400,WGD
Glyma.10G212500,WGD
Glyma.10G212600,WGD
Glyma.10G212700,WGD
Glyma.10G212800,WGD
Glyma.10G213000,WGD
Glyma.10G213100,WGD
Glyma.10G213200,WGD
Glyma.10G213400,WGD
Glyma.10G213500,WGD
Glyma.10G214100,WGD
Glyma.10G214200,WGD
Glyma.10G214700,WGD
Glyma.10G214800,WGD
Glyma.10G214900,WGD
Glyma.10G215000,WGD
Glyma.10G215100,WGD
Glyma.10G215200,WGD
Glyma.10G215300,WGD
Glyma.10G215400,WGD
Glyma.10G215500,WGD
Glyma.10G215700,WGD
Glyma.10G215800,WGD
Glyma.10G216000,WGD
Glyma.10G216200,WGD
Glyma.10G216400,WGD
Glyma.10G216600,WGD
Glyma.10G216700,WGD
Glyma.10G216900,WGD
Glyma.10G217100,WGD
Glyma.10G217200,WGD
Glyma.10G217300,WGD
Glyma.10G217400,WGD
Glyma.10G217500,WGD
Glyma.10G217700,WGD
Glyma.10G217800,WGD
Glyma.10G217900,WGD
Glyma.10G218000,WGD
Glyma.10G218100,WGD
Glyma.10G218200,WGD
Glyma.10G218300,WGD
Glyma.10G218400,WGD
Glyma.10G218500,WGD
Glyma.10G218700,WGD
Glyma.10G218800,WGD
Glyma.10G218900,WGD
Glyma.10G219000,WGD
Glyma.10G219100,WGD
Glyma.10G219300,WGD
Glyma.10G219400,WGD
Glyma.10G219500,WGD
Glyma.10G219600,WGD
Glyma.10G219700,WGD
Glyma.10G219800,WGD
Glyma.10G219900,WGD
Glyma.10G220000,WGD
Glyma.10G220100,WGD
Glyma.10G220400,WGD
Glyma.10G220600,WGD
Glyma.10G220700,WGD
Glyma.10G220800,WGD
Glyma.10G220900,WGD
Glyma.10G221000,WGD
Glyma.10G221100,WGD
Glyma.10G221200,WGD
Glyma.10G221300,WGD
Glyma.10G221400,WGD
Glyma.10G221500,WGD
Glyma.10G221600,WGD
Glyma.10G221700,WGD
Glyma.10G221800,WGD
Glyma.10G221900,WGD
Glyma.10G222100,WGD
Glyma.10G222200,WGD
Glyma.10G222300,WGD
Glyma.10G222400,WGD
Glyma.10G222600,WGD
Glyma.10G222800,WGD
Glyma.10G222900,WGD
Glyma.10G223000,WGD
Glyma.10G223200,WGD
Glyma.10G223300,WGD
Glyma.10G223450,WGD
Glyma.10G223700,WGD
Glyma.10G223800,WGD
Glyma.10G223900,WGD
Glyma.10G224000,WGD
Glyma.10G224051,WGD
Glyma.10G224100,WGD
Glyma.10G224200,WGD
Glyma.10G224300,WGD
Glyma.10G224400,WGD
Glyma.10G224500,WGD
Glyma.10G224900,WGD
Glyma.10G225102,WGD
Glyma.10G225200,WGD
Glyma.10G225300,WGD
Glyma.10G225400,WGD
Glyma.10G225500,WGD
Glyma.10G225800,WGD
Glyma.10G225900,WGD
Glyma.10G226300,WGD
Glyma.10G226600,WGD
Glyma.10G226800,WGD
Glyma.10G226900,WGD
Glyma.10G227100,WGD
Glyma.10G227300,WGD
Glyma.10G227700,WGD
Glyma.10G227800,WGD
Glyma.10G227900,WGD
Glyma.10G228700,WGD
Glyma.10G228900,WGD
Glyma.10G229000,WGD
Glyma.10G229200,WGD
Glyma.10G229300,WGD
Glyma.10G229400,WGD
Glyma.10G229500,WGD
Glyma.10G229600,WGD
Glyma.10G229700,WGD
Glyma.10G229900,WGD
Glyma.10G230000,WGD
Glyma.10G230100,WGD
Glyma.10G230200,WGD
Glyma.10G230300,WGD
Glyma.10G230400,WGD
Glyma.10G230500,WGD
Glyma.10G230600,WGD
Glyma.10G230700,WGD
Glyma.10G230800,WGD
Glyma.10G230900,WGD
Glyma.10G231000,WGD
Glyma.10G231200,WGD
Glyma.10G231251,WGD
Glyma.10G231300,WGD
Glyma.10G231400,WGD
Glyma.10G231500,WGD
Glyma.10G231900,WGD
Glyma.10G232000,WGD
Glyma.10G232200,WGD
Glyma.10G232300,WGD
Glyma.10G232400,WGD
Glyma.10G232500,WGD
Glyma.10G232600,WGD
Glyma.10G232800,WGD
Glyma.10G233000,WGD
Glyma.10G233100,WGD
Glyma.10G233300,WGD
Glyma.10G233400,WGD
Glyma.10G233500,WGD
Glyma.10G233600,WGD
Glyma.10G233700,WGD
Glyma.10G233800,WGD
Glyma.10G233900,WGD
Glyma.10G234000,WGD
Glyma.10G234100,WGD
Glyma.10G234200,WGD
Glyma.10G234400,WGD
Glyma.10G234500,WGD
Glyma.10G234600,WGD
Glyma.10G234800,WGD
Glyma.10G235000,WGD
Glyma.10G235100,WGD
Glyma.10G235200,WGD
Glyma.10G235300,WGD
Glyma.10G235500,WGD
Glyma.10G235600,WGD
Glyma.10G235700,WGD
Glyma.10G236000,WGD
Glyma.10G236100,WGD
Glyma.10G236200,WGD
Glyma.10G236300,WGD
Glyma.10G236400,WGD
Glyma.10G236500,WGD
Glyma.10G236600,WGD
Glyma.10G236702,WGD
Glyma.10G236802,WGD
Glyma.10G236900,WGD
Glyma.10G237000,WGD
Glyma.10G237300,WGD
Glyma.10G237400,WGD
Glyma.10G237500,WGD
Glyma.10G237600,WGD
Glyma.10G237700,WGD
Glyma.10G237800,WGD
Glyma.10G237900,WGD
Glyma.10G238000,WGD
Glyma.10G238100,WGD
Glyma.10G238200,WGD
Glyma.10G238250,WGD
Glyma.10G238300,WGD
Glyma.10G238500,WGD
Glyma.10G238550,WGD
Glyma.10G238600,WGD
Glyma.10G238700,WGD
Glyma.10G238800,WGD
Glyma.10G239000,WGD
Glyma.10G239100,WGD
Glyma.10G239300,WGD
Glyma.10G239400,WGD
Glyma.10G239500,WGD
Glyma.10G239567,WGD
Glyma.10G239700,WGD
Glyma.10G239800,WGD
Glyma.10G239900,WGD
Glyma.10G240000,WGD
Glyma.10G240200,WGD
Glyma.10G240300,WGD
Glyma.10G240400,WGD
Glyma.10G240500,WGD
Glyma.10G240600,WGD
Glyma.10G240700,WGD
Glyma.10G240800,WGD
Glyma.10G240900,WGD
Glyma.10G241000,WGD
Glyma.10G241100,WGD
Glyma.10G241200,WGD
Glyma.10G241300,WGD
Glyma.10G241400,WGD
Glyma.10G241500,WGD
Glyma.10G241600,WGD
Glyma.10G241700,WGD
Glyma.10G241800,WGD
Glyma.10G241900,WGD
Glyma.10G242000,WGD
Glyma.10G242200,WGD
Glyma.10G242300,WGD
Glyma.10G242400,WGD
Glyma.10G242500,WGD
Glyma.10G242600,WGD
Glyma.10G242800,WGD
Glyma.10G243000,WGD
Glyma.10G243100,WGD
Glyma.10G243300,WGD
Glyma.10G243400,WGD
Glyma.10G243500,WGD
Glyma.10G243800,WGD
Glyma.10G243900,WGD
Glyma.10G244000,WGD
Glyma.10G244100,WGD
Glyma.10G244400,WGD
Glyma.10G244500,WGD
Glyma.10G244600,WGD
Glyma.10G244800,WGD
Glyma.10G244900,WGD
Glyma.10G245000,WGD
Glyma.10G245100,WGD
Glyma.10G245200,WGD
Glyma.10G245300,WGD
Glyma.10G245400,WGD
Glyma.10G245500,WGD
Glyma.10G245600,WGD
Glyma.10G246000,WGD
Glyma.10G246200,WGD
Glyma.10G246300,WGD
Glyma.10G246600,WGD
Glyma.10G246800,WGD
Glyma.10G247000,WGD
Glyma.10G247100,WGD
Glyma.10G247200,WGD
Glyma.10G247300,WGD
Glyma.10G247400,WGD
Glyma.10G247500,WGD
Glyma.10G247600,WGD
Glyma.10G247700,WGD
Glyma.10G247850,WGD
Glyma.10G247925,WGD
Glyma.10G248000,WGD
Glyma.10G248100,WGD
Glyma.10G248400,WGD
Glyma.10G248500,WGD
Glyma.10G248600,WGD
Glyma.10G248700,WGD
Glyma.10G248800,WGD
Glyma.10G248900,WGD
Glyma.10G249000,WGD
Glyma.10G249100,WGD
Glyma.10G249300,WGD
Glyma.10G249400,WGD
Glyma.10G249500,WGD
Glyma.10G249600,WGD
Glyma.10G249700,WGD
Glyma.10G249800,WGD
Glyma.10G249900,WGD
Glyma.10G250000,WGD
Glyma.10G250100,WGD
Glyma.10G250200,WGD
Glyma.10G250300,WGD
Glyma.10G250500,WGD
Glyma.10G250600,WGD
Glyma.10G250700,WGD
Glyma.10G250800,WGD
Glyma.10G250900,WGD
Glyma.10G251000,WGD
Glyma.10G251050,WGD
Glyma.10G251100,WGD
Glyma.10G251300,WGD
Glyma.10G251400,WGD
Glyma.10G251500,WGD
Glyma.10G251600,WGD
Glyma.10G251700,WGD
Glyma.10G252150,WGD
Glyma.10G252200,WGD
Glyma.10G252300,WGD
Glyma.10G252400,WGD
Glyma.10G252500,WGD
Glyma.10G252700,WGD
Glyma.10G253000,WGD
Glyma.10G253100,WGD
Glyma.10G253200,WGD
Glyma.10G253300,WGD
Glyma.10G253700,WGD
Glyma.10G253800,WGD
Glyma.10G254400,WGD
Glyma.10G254500,WGD
Glyma.10G254600,WGD
Glyma.10G255000,WGD
Glyma.10G255100,WGD
Glyma.10G255200,WGD
Glyma.10G255500,WGD
Glyma.10G255600,WGD
Glyma.10G255700,WGD
Glyma.10G255800,WGD
Glyma.10G256100,WGD
Glyma.10G256200,WGD
Glyma.10G256267,WGD
Glyma.10G256333,WGD
Glyma.10G256600,WGD
Glyma.10G256700,WGD
Glyma.10G256800,WGD
Glyma.10G256900,WGD
Glyma.10G257100,WGD
Glyma.10G257200,WGD
Glyma.10G257250,WGD
Glyma.10G257300,WGD
Glyma.10G257400,WGD
Glyma.10G257600,WGD
Glyma.10G257700,WGD
Glyma.10G257800,WGD
Glyma.10G257900,WGD
Glyma.10G258000,WGD
Glyma.10G258100,WGD
Glyma.10G258200,WGD
Glyma.10G258300,WGD
Glyma.10G258400,WGD
Glyma.10G258600,WGD
Glyma.10G258700,WGD
Glyma.10G258800,WGD
Glyma.10G259000,WGD
Glyma.10G259100,WGD
Glyma.10G259200,WGD
Glyma.10G259300,WGD
Glyma.10G259400,WGD
Glyma.10G259500,WGD
Glyma.10G259600,WGD
Glyma.10G259800,WGD
Glyma.10G259900,WGD
Glyma.10G260200,WGD
Glyma.10G260400,WGD
Glyma.10G260500,WGD
Glyma.10G260600,WGD
Glyma.10G260900,WGD
Glyma.10G261000,WGD
Glyma.10G261100,WGD
Glyma.10G261200,WGD
Glyma.10G261300,WGD
Glyma.10G261350,WGD
Glyma.10G261400,WGD
Glyma.10G261600,WGD
Glyma.10G261800,WGD
Glyma.10G261900,WGD
Glyma.10G262100,WGD
Glyma.10G262200,WGD
Glyma.10G262300,WGD
Glyma.10G262400,WGD
Glyma.10G262500,WGD
Glyma.10G262700,WGD
Glyma.10G262850,WGD
Glyma.10G263000,WGD
Glyma.10G263200,WGD
Glyma.10G263300,WGD
Glyma.10G263500,WGD
Glyma.10G263700,WGD
Glyma.10G263800,WGD
Glyma.10G264000,WGD
Glyma.10G264100,WGD
Glyma.10G264200,WGD
Glyma.10G264400,WGD
Glyma.10G264500,WGD
Glyma.10G264600,WGD
Glyma.10G264800,WGD
Glyma.10G264900,WGD
Glyma.10G265000,WGD
Glyma.10G265400,WGD
Glyma.10G265600,WGD
Glyma.10G265700,WGD
Glyma.10G265800,WGD
Glyma.10G265900,WGD
Glyma.10G266000,WGD
Glyma.10G266100,WGD
Glyma.10G266300,WGD
Glyma.10G266400,WGD
Glyma.10G266600,WGD
Glyma.10G266900,WGD
Glyma.10G267000,WGD
Glyma.10G267200,WGD
Glyma.10G267300,WGD
Glyma.10G267700,WGD
Glyma.10G267900,WGD
Glyma.10G268000,WGD
Glyma.10G268100,WGD
Glyma.10G268200,WGD
Glyma.10G268300,WGD
Glyma.10G268400,WGD
Glyma.10G268500,WGD
Glyma.10G268600,WGD
Glyma.10G268900,WGD
Glyma.10G269300,WGD
Glyma.10G269400,WGD
Glyma.10G269500,WGD
Glyma.10G269700,WGD
Glyma.10G270000,WGD
Glyma.10G270200,WGD
Glyma.10G270300,WGD
Glyma.10G270400,WGD
Glyma.10G270500,WGD
Glyma.10G270600,WGD
Glyma.10G270700,WGD
Glyma.10G270800,WGD
Glyma.10G270900,WGD
Glyma.10G271100,WGD
Glyma.10G271200,WGD
Glyma.10G271400,WGD
Glyma.10G271500,WGD
Glyma.10G271701,WGD
Glyma.10G271900,WGD
Glyma.10G272000,WGD
Glyma.10G272200,WGD
Glyma.10G272300,WGD
Glyma.10G272400,WGD
Glyma.10G272500,WGD
Glyma.10G272600,WGD
Glyma.10G272700,WGD
Glyma.10G272800,WGD
Glyma.10G273000,WGD
Glyma.10G273100,WGD
Glyma.10G273200,WGD
Glyma.10G273300,WGD
Glyma.10G273500,WGD
Glyma.10G273600,WGD
Glyma.10G273700,WGD
Glyma.10G273800,WGD
Glyma.10G274000,WGD
Glyma.10G274100,WGD
Glyma.10G274200,WGD
Glyma.10G274300,WGD
Glyma.10G274400,WGD
Glyma.10G274600,WGD
Glyma.10G274651,WGD
Glyma.10G274700,WGD
Glyma.10G274800,WGD
Glyma.10G275000,WGD
Glyma.10G275100,WGD
Glyma.10G275200,WGD
Glyma.10G275300,WGD
Glyma.10G275400,WGD
Glyma.10G275550,WGD
Glyma.10G275700,WGD
Glyma.10G275900,WGD
Glyma.10G276000,WGD
Glyma.10G276100,WGD
Glyma.10G276200,WGD
Glyma.10G276300,WGD
Glyma.10G276400,WGD
Glyma.10G276500,WGD
Glyma.10G276600,WGD
Glyma.10G276900,WGD
Glyma.10G277100,WGD
Glyma.10G277200,WGD
Glyma.10G277300,WGD
Glyma.10G277400,WGD
Glyma.10G277502,WGD
Glyma.10G277700,WGD
Glyma.10G277800,WGD
Glyma.10G277900,WGD
Glyma.10G278000,WGD
Glyma.10G278100,WGD
Glyma.10G278200,WGD
Glyma.10G278400,WGD
Glyma.10G278600,WGD
Glyma.10G278800,WGD
Glyma.10G278900,WGD
Glyma.10G279000,WGD
Glyma.10G279100,WGD
Glyma.10G279200,WGD
Glyma.10G279300,WGD
Glyma.10G279400,WGD
Glyma.10G279476,WGD
Glyma.10G279700,WGD
Glyma.10G279800,WGD
Glyma.10G280000,WGD
Glyma.10G280500,WGD
Glyma.10G280600,WGD
Glyma.10G280700,WGD
Glyma.10G280800,WGD
Glyma.10G280900,WGD
Glyma.10G281000,WGD
Glyma.10G281200,WGD
Glyma.10G281400,WGD
Glyma.10G281500,WGD
Glyma.10G281600,WGD
Glyma.10G281800,WGD
Glyma.10G281900,WGD
Glyma.10G282000,WGD
Glyma.10G282100,WGD
Glyma.10G282400,WGD
Glyma.10G282700,WGD
Glyma.10G282900,WGD
Glyma.10G283000,WGD
Glyma.10G283100,WGD
Glyma.10G283200,WGD
Glyma.10G283300,WGD
Glyma.10G283400,WGD
Glyma.10G283601,WGD
Glyma.10G283700,WGD
Glyma.10G283800,WGD
Glyma.10G283900,WGD
Glyma.10G284000,WGD
Glyma.10G284100,WGD
Glyma.10G284300,WGD
Glyma.10G284400,WGD
Glyma.10G284500,WGD
Glyma.10G284700,WGD
Glyma.10G284802,WGD
Glyma.10G284900,WGD
Glyma.10G285000,WGD
Glyma.10G285100,WGD
Glyma.10G285200,WGD
Glyma.10G285300,WGD
Glyma.10G285400,WGD
Glyma.10G285900,WGD
Glyma.10G286000,WGD
Glyma.10G286102,WGD
Glyma.10G286200,WGD
Glyma.10G286300,WGD
Glyma.10G286400,WGD
Glyma.10G286500,WGD
Glyma.10G286600,WGD
Glyma.10G286700,WGD
Glyma.10G286800,WGD
Glyma.10G287100,WGD
Glyma.10G287600,WGD
Glyma.10G287700,WGD
Glyma.10G288000,WGD
Glyma.10G288100,WGD
Glyma.10G288200,WGD
Glyma.10G288300,WGD
Glyma.10G288400,WGD
Glyma.10G288467,WGD
Glyma.10G288600,WGD
Glyma.10G289000,WGD
Glyma.10G289100,WGD
Glyma.10G289200,WGD
Glyma.10G289600,WGD
Glyma.10G289700,WGD
Glyma.10G289900,WGD
Glyma.10G290000,WGD
Glyma.10G290200,WGD
Glyma.10G290300,WGD
Glyma.10G290400,WGD
Glyma.10G290500,WGD
Glyma.10G290600,WGD
Glyma.10G290700,WGD
Glyma.10G290800,WGD
Glyma.10G290900,WGD
Glyma.10G291000,WGD
Glyma.10G291100,WGD
Glyma.10G291200,WGD
Glyma.10G291300,WGD
Glyma.10G291400,WGD
Glyma.10G291500,WGD
Glyma.10G291700,WGD
Glyma.10G291800,WGD
Glyma.10G291900,WGD
Glyma.10G292000,WGD
Glyma.10G292100,WGD
Glyma.10G292200,WGD
Glyma.10G292300,WGD
Glyma.10G292400,WGD
Glyma.10G292551,WGD
Glyma.10G292700,WGD
Glyma.10G292800,WGD
Glyma.10G292900,WGD
Glyma.10G293000,WGD
Glyma.10G293500,WGD
Glyma.10G293600,WGD
Glyma.10G293800,WGD
Glyma.10G293900,WGD
Glyma.10G294000,WGD
Glyma.10G294200,WGD
Glyma.10G294300,WGD
Glyma.10G294400,WGD
Glyma.10G294700,WGD
Glyma.10G294800,WGD
Glyma.10G294900,WGD
Glyma.10G295000,WGD
Glyma.10G295100,WGD
Glyma.10G295300,WGD
Glyma.10G295400,WGD
Glyma.10G295500,WGD
Glyma.10G295600,WGD
Glyma.10G295700,WGD
Glyma.10G295800,WGD
Glyma.10G295900,WGD
Glyma.10G296000,WGD
Glyma.10G296100,WGD
Glyma.10G296200,WGD
Glyma.10G296266,WGD
Glyma.10G296332,WGD
Glyma.10G296500,WGD
Glyma.10G296600,WGD
Glyma.10G296700,WGD
Glyma.10G296900,WGD
Glyma.10G297100,WGD
Glyma.10G297300,WGD
Glyma.10G297400,WGD
Glyma.10G297600,WGD
Glyma.10G297900,WGD
Glyma.10G298000,WGD
Glyma.10G298100,WGD
Glyma.10G298200,WGD
Glyma.10G298400,WGD
Glyma.10G298500,WGD
Glyma.10G298600,WGD
Glyma.10G298700,WGD
Glyma.10G298800,WGD
Glyma.10G298900,WGD
Glyma.11G000200,WGD
Glyma.11G000300,WGD
Glyma.11G000600,WGD
Glyma.11G000700,WGD
Glyma.11G000900,WGD
Glyma.11G001000,WGD
Glyma.11G001300,WGD
Glyma.11G001500,WGD
Glyma.11G001700,WGD
Glyma.11G001800,WGD
Glyma.11G001900,WGD
Glyma.11G002000,WGD
Glyma.11G002100,WGD
Glyma.11G002200,WGD
Glyma.11G002400,WGD
Glyma.11G002500,WGD
Glyma.11G002600,WGD
Glyma.11G002700,WGD
Glyma.11G002800,WGD
Glyma.11G002900,WGD
Glyma.11G003100,WGD
Glyma.11G003200,WGD
Glyma.11G003300,WGD
Glyma.11G003400,WGD
Glyma.11G003800,WGD
Glyma.11G003900,WGD
Glyma.11G004000,WGD
Glyma.11G004100,WGD
Glyma.11G004200,WGD
Glyma.11G004300,WGD
Glyma.11G004500,WGD
Glyma.11G004600,WGD
Glyma.11G004700,WGD
Glyma.11G004800,WGD
Glyma.11G004900,WGD
Glyma.11G005000,WGD
Glyma.11G005100,WGD
Glyma.11G005300,WGD
Glyma.11G005600,WGD
Glyma.11G005700,WGD
Glyma.11G005800,WGD
Glyma.11G006000,WGD
Glyma.11G006100,WGD
Glyma.11G006200,WGD
Glyma.11G006300,WGD
Glyma.11G006400,WGD
Glyma.11G006600,WGD
Glyma.11G006800,WGD
Glyma.11G006900,WGD
Glyma.11G007100,WGD
Glyma.11G007200,WGD
Glyma.11G007300,WGD
Glyma.11G007500,WGD
Glyma.11G007600,WGD
Glyma.11G007800,WGD
Glyma.11G007900,WGD
Glyma.11G008000,WGD
Glyma.11G008200,WGD
Glyma.11G008300,WGD
Glyma.11G008400,WGD
Glyma.11G008500,WGD
Glyma.11G008600,WGD
Glyma.11G008700,WGD
Glyma.11G008800,WGD
Glyma.11G008900,WGD
Glyma.11G009000,WGD
Glyma.11G009100,WGD
Glyma.11G009200,WGD
Glyma.11G009300,WGD
Glyma.11G009400,WGD
Glyma.11G009500,WGD
Glyma.11G009600,WGD
Glyma.11G009700,WGD
Glyma.11G009800,WGD
Glyma.11G010100,WGD
Glyma.11G010400,WGD
Glyma.11G010500,WGD
Glyma.11G010600,WGD
Glyma.11G010800,WGD
Glyma.11G010900,WGD
Glyma.11G011100,WGD
Glyma.11G011200,WGD
Glyma.11G011300,WGD
Glyma.11G011400,WGD
Glyma.11G011500,WGD
Glyma.11G011600,WGD
Glyma.11G011700,WGD
Glyma.11G011800,WGD
Glyma.11G011900,WGD
Glyma.11G012000,WGD
Glyma.11G012100,WGD
Glyma.11G012200,WGD
Glyma.11G012300,WGD
Glyma.11G012400,WGD
Glyma.11G012500,WGD
Glyma.11G012700,WGD
Glyma.11G012800,WGD
Glyma.11G012900,WGD
Glyma.11G013200,WGD
Glyma.11G013300,WGD
Glyma.11G013400,WGD
Glyma.11G013900,WGD
Glyma.11G014000,WGD
Glyma.11G014100,WGD
Glyma.11G014200,WGD
Glyma.11G014300,WGD
Glyma.11G014400,WGD
Glyma.11G014500,WGD
Glyma.11G014600,WGD
Glyma.11G014700,WGD
Glyma.11G014800,WGD
Glyma.11G014900,WGD
Glyma.11G015000,WGD
Glyma.11G015100,WGD
Glyma.11G015200,WGD
Glyma.11G015300,WGD
Glyma.11G015367,WGD
Glyma.11G015433,WGD
Glyma.11G015500,WGD
Glyma.11G015600,WGD
Glyma.11G015651,WGD
Glyma.11G015700,WGD
Glyma.11G015800,WGD
Glyma.11G015900,WGD
Glyma.11G016000,WGD
Glyma.11G016100,WGD
Glyma.11G016200,WGD
Glyma.11G016300,WGD
Glyma.11G016400,WGD
Glyma.11G016600,WGD
Glyma.11G016700,WGD
Glyma.11G017000,WGD
Glyma.11G017100,WGD
Glyma.11G017200,WGD
Glyma.11G017400,WGD
Glyma.11G017500,WGD
Glyma.11G017600,WGD
Glyma.11G017700,WGD
Glyma.11G017800,WGD
Glyma.11G017900,WGD
Glyma.11G018000,WGD
Glyma.11G018100,WGD
Glyma.11G018200,WGD
Glyma.11G018300,WGD
Glyma.11G018400,WGD
Glyma.11G018500,WGD
Glyma.11G018600,WGD
Glyma.11G018700,WGD
Glyma.11G018800,WGD
Glyma.11G018900,WGD
Glyma.11G019000,WGD
Glyma.11G019100,WGD
Glyma.11G019200,WGD
Glyma.11G019400,WGD
Glyma.11G019700,WGD
Glyma.11G019800,WGD
Glyma.11G019900,WGD
Glyma.11G020001,WGD
Glyma.11G020200,WGD
Glyma.11G020300,WGD
Glyma.11G020400,WGD
Glyma.11G020500,WGD
Glyma.11G020700,WGD
Glyma.11G020800,WGD
Glyma.11G020900,WGD
Glyma.11G021000,WGD
Glyma.11G021200,WGD
Glyma.11G021500,WGD
Glyma.11G021600,WGD
Glyma.11G021700,WGD
Glyma.11G021800,WGD
Glyma.11G021900,WGD
Glyma.11G022100,WGD
Glyma.11G022200,WGD
Glyma.11G022300,WGD
Glyma.11G022400,WGD
Glyma.11G022500,WGD
Glyma.11G022600,WGD
Glyma.11G022700,WGD
Glyma.11G022800,WGD
Glyma.11G022900,WGD
Glyma.11G023200,WGD
Glyma.11G023300,WGD
Glyma.11G023400,WGD
Glyma.11G023500,WGD
Glyma.11G023632,WGD
Glyma.11G023700,WGD
Glyma.11G023800,WGD
Glyma.11G023900,WGD
Glyma.11G024000,WGD
Glyma.11G024200,WGD
Glyma.11G024300,WGD
Glyma.11G024400,WGD
Glyma.11G024500,WGD
Glyma.11G024700,WGD
Glyma.11G024900,WGD
Glyma.11G025000,WGD
Glyma.11G025100,WGD
Glyma.11G025200,WGD
Glyma.11G025300,WGD
Glyma.11G025600,WGD
Glyma.11G025700,WGD
Glyma.11G026000,WGD
Glyma.11G026100,WGD
Glyma.11G026200,WGD
Glyma.11G026300,WGD
Glyma.11G026400,WGD
Glyma.11G026500,WGD
Glyma.11G026600,WGD
Glyma.11G026700,WGD
Glyma.11G026800,WGD
Glyma.11G026900,WGD
Glyma.11G027000,WGD
Glyma.11G027100,WGD
Glyma.11G027200,WGD
Glyma.11G027400,WGD
Glyma.11G027500,WGD
Glyma.11G027600,WGD
Glyma.11G027700,WGD
Glyma.11G027800,WGD
Glyma.11G027900,WGD
Glyma.11G028100,WGD
Glyma.11G028200,WGD
Glyma.11G028300,WGD
Glyma.11G028400,WGD
Glyma.11G028500,WGD
Glyma.11G028600,WGD
Glyma.11G028700,WGD
Glyma.11G028800,WGD
Glyma.11G028900,WGD
Glyma.11G029000,WGD
Glyma.11G029100,WGD
Glyma.11G029200,WGD
Glyma.11G029300,WGD
Glyma.11G029400,WGD
Glyma.11G029600,WGD
Glyma.11G029700,WGD
Glyma.11G029800,WGD
Glyma.11G030000,WGD
Glyma.11G030100,WGD
Glyma.11G030200,WGD
Glyma.11G030300,WGD
Glyma.11G030400,WGD
Glyma.11G030500,WGD
Glyma.11G030600,WGD
Glyma.11G030700,WGD
Glyma.11G030800,WGD
Glyma.11G031200,WGD
Glyma.11G031300,WGD
Glyma.11G031400,WGD
Glyma.11G031500,WGD
Glyma.11G031700,WGD
Glyma.11G031800,WGD
Glyma.11G032000,WGD
Glyma.11G032100,WGD
Glyma.11G032200,WGD
Glyma.11G032400,WGD
Glyma.11G032600,WGD
Glyma.11G032700,WGD
Glyma.11G032900,WGD
Glyma.11G033100,WGD
Glyma.11G033200,WGD
Glyma.11G033300,WGD
Glyma.11G033400,WGD
Glyma.11G033500,WGD
Glyma.11G033600,WGD
Glyma.11G033800,WGD
Glyma.11G033900,WGD
Glyma.11G034000,WGD
Glyma.11G034100,WGD
Glyma.11G034200,WGD
Glyma.11G034300,WGD
Glyma.11G034400,WGD
Glyma.11G034500,WGD
Glyma.11G034700,WGD
Glyma.11G034900,WGD
Glyma.11G035100,WGD
Glyma.11G035200,WGD
Glyma.11G035300,WGD
Glyma.11G035800,WGD
Glyma.11G035900,WGD
Glyma.11G035966,WGD
Glyma.11G036100,WGD
Glyma.11G036200,WGD
Glyma.11G036300,WGD
Glyma.11G036400,WGD
Glyma.11G036500,WGD
Glyma.11G036567,WGD
Glyma.11G036800,WGD
Glyma.11G036900,WGD
Glyma.11G037100,WGD
Glyma.11G037300,WGD
Glyma.11G037400,WGD
Glyma.11G037500,WGD
Glyma.11G037600,WGD
Glyma.11G037700,WGD
Glyma.11G037900,WGD
Glyma.11G038000,WGD
Glyma.11G038300,WGD
Glyma.11G038500,WGD
Glyma.11G038600,WGD
Glyma.11G038700,WGD
Glyma.11G038800,WGD
Glyma.11G038900,WGD
Glyma.11G039000,WGD
Glyma.11G039100,WGD
Glyma.11G039200,WGD
Glyma.11G039300,WGD
Glyma.11G039400,WGD
Glyma.11G039700,WGD
Glyma.11G039800,WGD
Glyma.11G039951,WGD
Glyma.11G040000,WGD
Glyma.11G040100,WGD
Glyma.11G040200,WGD
Glyma.11G040400,WGD
Glyma.11G040600,WGD
Glyma.11G040700,WGD
Glyma.11G040800,WGD
Glyma.11G041000,WGD
Glyma.11G041100,WGD
Glyma.11G041200,WGD
Glyma.11G041300,WGD
Glyma.11G041400,WGD
Glyma.11G041600,WGD
Glyma.11G041701,WGD
Glyma.11G041902,WGD
Glyma.11G042000,WGD
Glyma.11G042100,WGD
Glyma.11G042200,WGD
Glyma.11G042300,WGD
Glyma.11G042400,WGD
Glyma.11G042500,WGD
Glyma.11G042600,WGD
Glyma.11G042700,WGD
Glyma.11G042800,WGD
Glyma.11G042900,WGD
Glyma.11G043000,WGD
Glyma.11G043100,WGD
Glyma.11G043200,WGD
Glyma.11G043300,WGD
Glyma.11G043400,WGD
Glyma.11G043500,WGD
Glyma.11G043600,WGD
Glyma.11G043700,WGD
Glyma.11G043800,WGD
Glyma.11G043900,WGD
Glyma.11G044100,WGD
Glyma.11G044200,WGD
Glyma.11G044300,WGD
Glyma.11G044400,WGD
Glyma.11G044500,WGD
Glyma.11G044600,WGD
Glyma.11G044700,WGD
Glyma.11G044800,WGD
Glyma.11G045000,WGD
Glyma.11G045100,WGD
Glyma.11G045200,WGD
Glyma.11G045300,WGD
Glyma.11G045400,WGD
Glyma.11G045600,WGD
Glyma.11G045700,WGD
Glyma.11G045800,WGD
Glyma.11G045900,WGD
Glyma.11G046000,WGD
Glyma.11G046100,WGD
Glyma.11G046200,WGD
Glyma.11G046300,WGD
Glyma.11G046400,WGD
Glyma.11G046500,WGD
Glyma.11G046600,WGD
Glyma.11G046800,WGD
Glyma.11G046900,WGD
Glyma.11G047000,WGD
Glyma.11G047200,WGD
Glyma.11G047300,WGD
Glyma.11G047400,WGD
Glyma.11G047600,WGD
Glyma.11G047700,WGD
Glyma.11G047800,WGD
Glyma.11G047900,WGD
Glyma.11G048000,WGD
Glyma.11G048100,WGD
Glyma.11G048200,WGD
Glyma.11G048300,WGD
Glyma.11G048366,WGD
Glyma.11G048500,WGD
Glyma.11G048600,WGD
Glyma.11G048700,WGD
Glyma.11G048800,WGD
Glyma.11G048900,WGD
Glyma.11G049300,WGD
Glyma.11G049600,WGD
Glyma.11G049700,WGD
Glyma.11G049800,WGD
Glyma.11G049900,WGD
Glyma.11G050000,WGD
Glyma.11G050100,WGD
Glyma.11G050200,WGD
Glyma.11G050300,WGD
Glyma.11G050400,WGD
Glyma.11G050500,WGD
Glyma.11G050600,WGD
Glyma.11G050700,WGD
Glyma.11G050800,WGD
Glyma.11G050900,WGD
Glyma.11G051000,WGD
Glyma.11G051067,WGD
Glyma.11G051200,WGD
Glyma.11G051300,WGD
Glyma.11G051400,WGD
Glyma.11G051500,WGD
Glyma.11G051600,WGD
Glyma.11G051700,WGD
Glyma.11G051800,WGD
Glyma.11G051900,WGD
Glyma.11G052000,WGD
Glyma.11G052100,WGD
Glyma.11G052200,WGD
Glyma.11G052300,WGD
Glyma.11G052500,WGD
Glyma.11G052600,WGD
Glyma.11G052700,WGD
Glyma.11G052900,WGD
Glyma.11G053000,WGD
Glyma.11G053100,WGD
Glyma.11G053200,WGD
Glyma.11G053300,WGD
Glyma.11G053400,WGD
Glyma.11G053500,WGD
Glyma.11G053600,WGD
Glyma.11G053700,WGD
Glyma.11G053800,WGD
Glyma.11G053900,WGD
Glyma.11G054000,WGD
Glyma.11G054100,WGD
Glyma.11G054200,WGD
Glyma.11G054300,WGD
Glyma.11G054500,WGD
Glyma.11G054600,WGD
Glyma.11G054700,WGD
Glyma.11G054800,WGD
Glyma.11G054900,WGD
Glyma.11G055000,WGD
Glyma.11G055100,WGD
Glyma.11G055200,WGD
Glyma.11G055300,WGD
Glyma.11G055400,WGD
Glyma.11G055500,WGD
Glyma.11G055600,WGD
Glyma.11G055700,WGD
Glyma.11G055900,WGD
Glyma.11G056000,WGD
Glyma.11G056100,WGD
Glyma.11G056200,WGD
Glyma.11G056300,WGD
Glyma.11G056400,WGD
Glyma.11G056500,WGD
Glyma.11G056600,WGD
Glyma.11G056700,WGD
Glyma.11G056800,WGD
Glyma.11G057000,WGD
Glyma.11G057100,WGD
Glyma.11G057200,WGD
Glyma.11G057300,WGD
Glyma.11G057400,WGD
Glyma.11G057500,WGD
Glyma.11G057600,WGD
Glyma.11G057700,WGD
Glyma.11G057800,WGD
Glyma.11G057900,WGD
Glyma.11G058000,WGD
Glyma.11G058100,WGD
Glyma.11G058200,WGD
Glyma.11G058300,WGD
Glyma.11G058400,WGD
Glyma.11G058500,WGD
Glyma.11G058600,WGD
Glyma.11G058700,WGD
Glyma.11G058800,WGD
Glyma.11G058900,WGD
Glyma.11G059100,WGD
Glyma.11G059200,WGD
Glyma.11G059300,WGD
Glyma.11G059500,WGD
Glyma.11G059551,WGD
Glyma.11G059600,WGD
Glyma.11G059700,WGD
Glyma.11G059800,WGD
Glyma.11G059900,WGD
Glyma.11G059950,WGD
Glyma.11G060300,WGD
Glyma.11G060400,WGD
Glyma.11G060500,WGD
Glyma.11G060600,WGD
Glyma.11G060700,WGD
Glyma.11G060800,WGD
Glyma.11G060900,WGD
Glyma.11G061000,WGD
Glyma.11G061100,WGD
Glyma.11G061200,WGD
Glyma.11G061300,WGD
Glyma.11G061400,WGD
Glyma.11G061600,WGD
Glyma.11G061800,WGD
Glyma.11G061900,WGD
Glyma.11G062000,WGD
Glyma.11G062100,WGD
Glyma.11G062200,WGD
Glyma.11G062300,WGD
Glyma.11G062400,WGD
Glyma.11G062700,WGD
Glyma.11G062900,WGD
Glyma.11G063000,WGD
Glyma.11G063100,WGD
Glyma.11G063200,WGD
Glyma.11G063300,WGD
Glyma.11G063400,WGD
Glyma.11G063500,WGD
Glyma.11G063600,WGD
Glyma.11G063700,WGD
Glyma.11G063800,WGD
Glyma.11G063900,WGD
Glyma.11G064000,WGD
Glyma.11G064100,WGD
Glyma.11G064300,WGD
Glyma.11G064400,WGD
Glyma.11G064500,WGD
Glyma.11G064700,WGD
Glyma.11G064800,WGD
Glyma.11G065000,WGD
Glyma.11G065100,WGD
Glyma.11G065200,WGD
Glyma.11G065700,WGD
Glyma.11G065900,WGD
Glyma.11G066000,WGD
Glyma.11G066500,WGD
Glyma.11G066600,WGD
Glyma.11G066700,WGD
Glyma.11G066800,WGD
Glyma.11G066900,WGD
Glyma.11G067200,WGD
Glyma.11G067300,WGD
Glyma.11G067400,WGD
Glyma.11G067500,WGD
Glyma.11G067600,WGD
Glyma.11G067700,WGD
Glyma.11G067800,WGD
Glyma.11G067900,WGD
Glyma.11G068100,WGD
Glyma.11G068200,WGD
Glyma.11G068300,WGD
Glyma.11G068600,WGD
Glyma.11G068700,WGD
Glyma.11G068800,WGD
Glyma.11G068900,WGD
Glyma.11G069000,WGD
Glyma.11G069100,WGD
Glyma.11G069300,WGD
Glyma.11G069400,WGD
Glyma.11G069500,WGD
Glyma.11G069800,WGD
Glyma.11G069901,WGD
Glyma.11G070000,WGD
Glyma.11G070100,WGD
Glyma.11G070200,WGD
Glyma.11G070500,WGD
Glyma.11G070700,WGD
Glyma.11G070800,WGD
Glyma.11G070900,WGD
Glyma.11G071000,WGD
Glyma.11G071100,WGD
Glyma.11G071150,WGD
Glyma.11G071300,WGD
Glyma.11G071400,WGD
Glyma.11G071600,WGD
Glyma.11G071700,WGD
Glyma.11G071900,WGD
Glyma.11G072000,WGD
Glyma.11G072100,WGD
Glyma.11G072200,WGD
Glyma.11G072300,WGD
Glyma.11G072500,WGD
Glyma.11G072700,WGD
Glyma.11G072800,WGD
Glyma.11G072900,WGD
Glyma.11G073000,WGD
Glyma.11G073100,WGD
Glyma.11G073200,WGD
Glyma.11G073300,WGD
Glyma.11G073400,WGD
Glyma.11G073700,WGD
Glyma.11G073800,WGD
Glyma.11G074100,WGD
Glyma.11G074300,WGD
Glyma.11G074400,WGD
Glyma.11G074600,WGD
Glyma.11G074800,WGD
Glyma.11G074900,WGD
Glyma.11G075000,WGD
Glyma.11G075100,WGD
Glyma.11G075200,WGD
Glyma.11G075300,WGD
Glyma.11G075400,WGD
Glyma.11G075600,WGD
Glyma.11G075700,WGD
Glyma.11G075800,WGD
Glyma.11G076000,WGD
Glyma.11G076100,WGD
Glyma.11G076200,WGD
Glyma.11G076300,WGD
Glyma.11G076500,WGD
Glyma.11G076600,WGD
Glyma.11G076700,WGD
Glyma.11G076800,WGD
Glyma.11G077000,WGD
Glyma.11G077200,WGD
Glyma.11G077300,WGD
Glyma.11G077400,WGD
Glyma.11G077500,WGD
Glyma.11G077600,WGD
Glyma.11G077700,WGD
Glyma.11G077800,WGD
Glyma.11G077900,WGD
Glyma.11G078000,WGD
Glyma.11G078100,WGD
Glyma.11G078200,WGD
Glyma.11G078300,WGD
Glyma.11G078400,WGD
Glyma.11G078500,WGD
Glyma.11G078600,WGD
Glyma.11G078700,WGD
Glyma.11G079100,WGD
Glyma.11G079200,WGD
Glyma.11G079400,WGD
Glyma.11G079500,WGD
Glyma.11G079600,WGD
Glyma.11G079701,WGD
Glyma.11G079800,WGD
Glyma.11G079900,WGD
Glyma.11G080000,WGD
Glyma.11G080100,WGD
Glyma.11G080201,WGD
Glyma.11G080300,WGD
Glyma.11G080400,WGD
Glyma.11G080500,WGD
Glyma.11G080600,WGD
Glyma.11G080700,WGD
Glyma.11G080800,WGD
Glyma.11G081000,WGD
Glyma.11G081200,WGD
Glyma.11G081300,WGD
Glyma.11G081500,WGD
Glyma.11G081800,WGD
Glyma.11G081900,WGD
Glyma.11G082000,WGD
Glyma.11G082200,WGD
Glyma.11G082300,WGD
Glyma.11G082400,WGD
Glyma.11G082500,WGD
Glyma.11G082700,WGD
Glyma.11G082900,WGD
Glyma.11G083000,WGD
Glyma.11G083100,WGD
Glyma.11G083300,WGD
Glyma.11G083600,WGD
Glyma.11G083800,WGD
Glyma.11G084000,WGD
Glyma.11G084100,WGD
Glyma.11G084200,WGD
Glyma.11G084400,WGD
Glyma.11G084500,WGD
Glyma.11G084602,WGD
Glyma.11G084700,WGD
Glyma.11G084800,WGD
Glyma.11G085100,WGD
Glyma.11G085200,WGD
Glyma.11G085300,WGD
Glyma.11G085400,WGD
Glyma.11G085500,WGD
Glyma.11G085600,WGD
Glyma.11G085700,WGD
Glyma.11G085750,WGD
Glyma.11G085800,WGD
Glyma.11G085900,WGD
Glyma.11G086000,WGD
Glyma.11G086100,WGD
Glyma.11G086300,WGD
Glyma.11G086400,WGD
Glyma.11G086500,WGD
Glyma.11G086900,WGD
Glyma.11G087000,WGD
Glyma.11G087100,WGD
Glyma.11G087200,WGD
Glyma.11G087300,WGD
Glyma.11G087400,WGD
Glyma.11G087500,WGD
Glyma.11G087600,WGD
Glyma.11G087700,WGD
Glyma.11G087800,WGD
Glyma.11G087900,WGD
Glyma.11G088000,WGD
Glyma.11G088200,WGD
Glyma.11G088300,WGD
Glyma.11G088400,WGD
Glyma.11G088600,WGD
Glyma.11G088800,WGD
Glyma.11G088900,WGD
Glyma.11G089000,WGD
Glyma.11G089100,WGD
Glyma.11G089300,WGD
Glyma.11G089400,WGD
Glyma.11G089500,WGD
Glyma.11G089700,WGD
Glyma.11G089800,WGD
Glyma.11G090100,WGD
Glyma.11G090200,WGD
Glyma.11G090300,WGD
Glyma.11G090400,WGD
Glyma.11G090700,WGD
Glyma.11G090800,WGD
Glyma.11G090950,WGD
Glyma.11G091000,WGD
Glyma.11G091600,WGD
Glyma.11G091700,WGD
Glyma.11G091800,WGD
Glyma.11G091900,WGD
Glyma.11G092000,WGD
Glyma.11G092100,WGD
Glyma.11G092200,WGD
Glyma.11G092300,WGD
Glyma.11G092400,WGD
Glyma.11G092500,WGD
Glyma.11G092600,WGD
Glyma.11G092700,WGD
Glyma.11G092900,WGD
Glyma.11G093000,WGD
Glyma.11G093200,WGD
Glyma.11G093300,WGD
Glyma.11G093500,WGD
Glyma.11G093600,WGD
Glyma.11G093700,WGD
Glyma.11G093800,WGD
Glyma.11G094000,WGD
Glyma.11G094200,WGD
Glyma.11G094300,WGD
Glyma.11G094400,WGD
Glyma.11G094500,WGD
Glyma.11G094600,WGD
Glyma.11G094700,WGD
Glyma.11G094800,WGD
Glyma.11G095000,WGD
Glyma.11G095300,WGD
Glyma.11G095400,WGD
Glyma.11G095501,WGD
Glyma.11G095600,WGD
Glyma.11G095700,WGD
Glyma.11G095800,WGD
Glyma.11G095900,WGD
Glyma.11G096000,WGD
Glyma.11G096100,WGD
Glyma.11G096200,WGD
Glyma.11G096300,WGD
Glyma.11G096400,WGD
Glyma.11G096500,WGD
Glyma.11G096600,WGD
Glyma.11G096700,WGD
Glyma.11G096800,WGD
Glyma.11G096900,WGD
Glyma.11G097000,WGD
Glyma.11G097100,WGD
Glyma.11G097300,WGD
Glyma.11G097400,WGD
Glyma.11G097500,WGD
Glyma.11G097800,WGD
Glyma.11G097900,WGD
Glyma.11G098000,WGD
Glyma.11G098051,WGD
Glyma.11G098100,WGD
Glyma.11G098300,WGD
Glyma.11G098551,WGD
Glyma.11G098700,WGD
Glyma.11G098800,WGD
Glyma.11G099100,WGD
Glyma.11G099300,WGD
Glyma.11G099500,WGD
Glyma.11G099600,WGD
Glyma.11G099800,WGD
Glyma.11G099900,WGD
Glyma.11G100100,WGD
Glyma.11G100200,WGD
Glyma.11G100300,WGD
Glyma.11G100400,WGD
Glyma.11G100600,WGD
Glyma.11G100700,WGD
Glyma.11G100800,WGD
Glyma.11G101300,WGD
Glyma.11G101400,WGD
Glyma.11G101500,WGD
Glyma.11G101600,WGD
Glyma.11G101700,WGD
Glyma.11G101900,WGD
Glyma.11G102000,WGD
Glyma.11G102100,WGD
Glyma.11G102800,WGD
Glyma.11G102900,WGD
Glyma.11G103300,WGD
Glyma.11G103500,WGD
Glyma.11G103600,WGD
Glyma.11G103700,WGD
Glyma.11G103800,WGD
Glyma.11G103900,WGD
Glyma.11G104000,WGD
Glyma.11G104100,WGD
Glyma.11G104200,WGD
Glyma.11G104300,WGD
Glyma.11G104500,WGD
Glyma.11G104700,WGD
Glyma.11G104800,WGD
Glyma.11G104900,WGD
Glyma.11G105000,WGD
Glyma.11G105300,WGD
Glyma.11G105400,WGD
Glyma.11G105500,WGD
Glyma.11G105600,WGD
Glyma.11G105700,WGD
Glyma.11G105800,WGD
Glyma.11G105900,WGD
Glyma.11G106000,WGD
Glyma.11G106100,WGD
Glyma.11G106200,WGD
Glyma.11G106300,WGD
Glyma.11G106400,WGD
Glyma.11G106500,WGD
Glyma.11G106600,WGD
Glyma.11G106800,WGD
Glyma.11G106900,WGD
Glyma.11G107000,WGD
Glyma.11G107100,WGD
Glyma.11G107200,WGD
Glyma.11G107300,WGD
Glyma.11G107500,WGD
Glyma.11G107600,WGD
Glyma.11G107700,WGD
Glyma.11G107800,WGD
Glyma.11G107900,WGD
Glyma.11G108000,WGD
Glyma.11G108100,WGD
Glyma.11G108102,WGD
Glyma.11G108400,WGD
Glyma.11G108500,WGD
Glyma.11G108800,WGD
Glyma.11G108900,WGD
Glyma.11G109000,WGD
Glyma.11G109100,WGD
Glyma.11G109300,WGD
Glyma.11G109400,WGD
Glyma.11G109600,WGD
Glyma.11G109700,WGD
Glyma.11G109800,WGD
Glyma.11G109900,WGD
Glyma.11G110100,WGD
Glyma.11G110300,WGD
Glyma.11G110500,WGD
Glyma.11G110700,WGD
Glyma.11G110800,WGD
Glyma.11G110900,WGD
Glyma.11G111000,WGD
Glyma.11G111100,WGD
Glyma.11G111200,WGD
Glyma.11G111300,WGD
Glyma.11G111500,WGD
Glyma.11G111700,WGD
Glyma.11G111800,WGD
Glyma.11G111900,WGD
Glyma.11G112000,WGD
Glyma.11G112100,WGD
Glyma.11G112500,WGD
Glyma.11G112600,WGD
Glyma.11G112700,WGD
Glyma.11G112800,WGD
Glyma.11G112900,WGD
Glyma.11G113000,WGD
Glyma.11G113100,WGD
Glyma.11G113200,WGD
Glyma.11G113300,WGD
Glyma.11G113400,WGD
Glyma.11G113500,WGD
Glyma.11G113600,WGD
Glyma.11G113700,WGD
Glyma.11G113800,WGD
Glyma.11G113901,WGD
Glyma.11G114100,WGD
Glyma.11G114300,WGD
Glyma.11G114400,WGD
Glyma.11G114500,WGD
Glyma.11G114600,WGD
Glyma.11G114800,WGD
Glyma.11G114900,WGD
Glyma.11G115000,WGD
Glyma.11G115100,WGD
Glyma.11G115200,WGD
Glyma.11G115300,WGD
Glyma.11G115400,WGD
Glyma.11G115500,WGD
Glyma.11G115600,WGD
Glyma.11G116000,WGD
Glyma.11G116200,WGD
Glyma.11G116400,WGD
Glyma.11G116600,WGD
Glyma.11G116700,WGD
Glyma.11G116800,WGD
Glyma.11G116900,WGD
Glyma.11G117100,WGD
Glyma.11G117200,WGD
Glyma.11G117700,WGD
Glyma.11G117800,WGD
Glyma.11G117900,WGD
Glyma.11G118000,WGD
Glyma.11G118100,WGD
Glyma.11G118200,WGD
Glyma.11G118300,WGD
Glyma.11G118500,WGD
Glyma.11G118600,WGD
Glyma.11G118800,WGD
Glyma.11G118900,WGD
Glyma.11G119100,WGD
Glyma.11G119200,WGD
Glyma.11G119300,WGD
Glyma.11G119500,WGD
Glyma.11G119700,WGD
Glyma.11G119800,WGD
Glyma.11G120101,WGD
Glyma.11G120200,WGD
Glyma.11G120300,WGD
Glyma.11G120400,WGD
Glyma.11G120500,WGD
Glyma.11G120600,WGD
Glyma.11G120700,WGD
Glyma.11G120800,WGD
Glyma.11G120900,WGD
Glyma.11G121000,WGD
Glyma.11G121200,WGD
Glyma.11G121300,WGD
Glyma.11G121400,WGD
Glyma.11G121500,WGD
Glyma.11G121600,WGD
Glyma.11G121900,WGD
Glyma.11G122000,WGD
Glyma.11G122200,WGD
Glyma.11G122300,WGD
Glyma.11G122400,WGD
Glyma.11G122500,WGD
Glyma.11G122600,WGD
Glyma.11G122700,WGD
Glyma.11G122900,WGD
Glyma.11G123000,WGD
Glyma.11G123100,WGD
Glyma.11G123200,WGD
Glyma.11G123300,WGD
Glyma.11G123400,WGD
Glyma.11G123600,WGD
Glyma.11G123900,WGD
Glyma.11G124000,WGD
Glyma.11G124100,WGD
Glyma.11G124200,WGD
Glyma.11G124400,WGD
Glyma.11G124500,WGD
Glyma.11G124700,WGD
Glyma.11G124800,WGD
Glyma.11G124900,WGD
Glyma.11G125000,WGD
Glyma.11G125100,WGD
Glyma.11G125200,WGD
Glyma.11G125400,WGD
Glyma.11G125500,WGD
Glyma.11G125567,WGD
Glyma.11G125700,WGD
Glyma.11G126000,WGD
Glyma.11G126100,WGD
Glyma.11G126200,WGD
Glyma.11G126300,WGD
Glyma.11G126400,WGD
Glyma.11G126500,WGD
Glyma.11G126600,WGD
Glyma.11G126700,WGD
Glyma.11G126802,WGD
Glyma.11G126900,WGD
Glyma.11G127100,WGD
Glyma.11G127200,WGD
Glyma.11G127300,WGD
Glyma.11G127400,WGD
Glyma.11G127500,WGD
Glyma.11G127600,WGD
Glyma.11G127700,WGD
Glyma.11G127800,WGD
Glyma.11G127900,WGD
Glyma.11G128000,WGD
Glyma.11G128300,WGD
Glyma.11G128400,WGD
Glyma.11G128600,WGD
Glyma.11G128700,WGD
Glyma.11G128800,WGD
Glyma.11G128900,WGD
Glyma.11G129000,WGD
Glyma.11G129100,WGD
Glyma.11G129200,WGD
Glyma.11G129300,WGD
Glyma.11G129366,WGD
Glyma.11G129700,WGD
Glyma.11G129800,WGD
Glyma.11G129900,WGD
Glyma.11G130200,WGD
Glyma.11G130400,WGD
Glyma.11G130450,WGD
Glyma.11G130501,WGD
Glyma.11G130551,WGD
Glyma.11G130600,WGD
Glyma.11G130700,WGD
Glyma.11G131000,WGD
Glyma.11G131200,WGD
Glyma.11G131300,WGD
Glyma.11G131400,WGD
Glyma.11G131600,WGD
Glyma.11G131800,WGD
Glyma.11G131900,WGD
Glyma.11G132000,WGD
Glyma.11G132100,WGD
Glyma.11G132200,WGD
Glyma.11G132500,WGD
Glyma.11G132600,WGD
Glyma.11G132700,WGD
Glyma.11G133200,WGD
Glyma.11G133300,WGD
Glyma.11G133367,WGD
Glyma.11G133500,WGD
Glyma.11G133600,WGD
Glyma.11G133700,WGD
Glyma.11G133800,WGD
Glyma.11G133900,WGD
Glyma.11G134000,WGD
Glyma.11G134200,WGD
Glyma.11G134300,WGD
Glyma.11G134800,WGD
Glyma.11G134900,WGD
Glyma.11G135000,WGD
Glyma.11G135100,WGD
Glyma.11G135400,WGD
Glyma.11G135500,WGD
Glyma.11G135700,WGD
Glyma.11G135800,WGD
Glyma.11G135900,WGD
Glyma.11G136000,WGD
Glyma.11G136100,WGD
Glyma.11G136200,WGD
Glyma.11G136300,WGD
Glyma.11G136600,WGD
Glyma.11G136700,WGD
Glyma.11G137300,WGD
Glyma.11G137400,WGD
Glyma.11G137500,WGD
Glyma.11G137600,WGD
Glyma.11G137700,WGD
Glyma.11G137800,WGD
Glyma.11G137900,WGD
Glyma.11G138000,WGD
Glyma.11G138100,WGD
Glyma.11G138300,WGD
Glyma.11G138502,WGD
Glyma.11G138600,WGD
Glyma.11G138700,WGD
Glyma.11G138800,WGD
Glyma.11G138900,WGD
Glyma.11G138967,WGD
Glyma.11G139100,WGD
Glyma.11G139200,WGD
Glyma.11G139300,WGD
Glyma.11G139400,WGD
Glyma.11G139500,WGD
Glyma.11G139600,WGD
Glyma.11G139700,WGD
Glyma.11G139800,WGD
Glyma.11G140000,WGD
Glyma.11G140100,WGD
Glyma.11G140200,WGD
Glyma.11G140400,WGD
Glyma.11G140500,WGD
Glyma.11G140600,WGD
Glyma.11G140700,WGD
Glyma.11G140800,WGD
Glyma.11G140900,WGD
Glyma.11G141100,WGD
Glyma.11G141200,WGD
Glyma.11G141400,WGD
Glyma.11G141500,WGD
Glyma.11G141600,WGD
Glyma.11G142300,WGD
Glyma.11G142400,WGD
Glyma.11G142500,WGD
Glyma.11G142600,WGD
Glyma.11G142900,WGD
Glyma.11G143000,WGD
Glyma.11G143100,WGD
Glyma.11G143200,WGD
Glyma.11G143300,WGD
Glyma.11G143350,WGD
Glyma.11G143400,WGD
Glyma.11G143500,WGD
Glyma.11G143800,WGD
Glyma.11G144000,WGD
Glyma.11G144450,WGD
Glyma.11G144500,WGD
Glyma.11G144600,WGD
Glyma.11G144800,WGD
Glyma.11G144809,WGD
Glyma.11G144900,WGD
Glyma.11G145000,WGD
Glyma.11G145018,WGD
Glyma.11G145100,WGD
Glyma.11G145200,WGD
Glyma.11G145227,WGD
Glyma.11G145400,WGD
Glyma.11G145500,WGD
Glyma.11G145600,WGD
Glyma.11G145645,WGD
Glyma.11G145700,WGD
Glyma.11G145800,WGD
Glyma.11G145854,WGD
Glyma.11G145900,WGD
Glyma.11G146000,WGD
Glyma.11G146200,WGD
Glyma.11G146272,WGD
Glyma.11G146300,WGD
Glyma.11G146500,WGD
Glyma.11G146600,WGD
Glyma.11G146690,WGD
Glyma.11G146700,WGD
Glyma.11G146800,WGD
Glyma.11G146899,WGD
Glyma.11G146900,WGD
Glyma.11G147000,WGD
Glyma.11G147100,WGD
Glyma.11G147108,WGD
Glyma.11G147200,WGD
Glyma.11G147300,WGD
Glyma.11G147400,WGD
Glyma.11G147500,WGD
Glyma.11G147526,WGD
Glyma.11G147600,WGD
Glyma.11G147800,WGD
Glyma.11G147900,WGD
Glyma.11G147944,WGD
Glyma.11G148000,WGD
Glyma.11G148100,WGD
Glyma.11G148300,WGD
Glyma.11G148362,WGD
Glyma.11G148500,WGD
Glyma.11G148780,WGD
Glyma.11G148802,WGD
Glyma.11G149198,WGD
Glyma.11G149400,WGD
Glyma.11G149407,WGD
Glyma.11G149600,WGD
Glyma.11G149700,WGD
Glyma.11G149825,WGD
Glyma.11G149900,WGD
Glyma.11G150034,WGD
Glyma.11G150200,WGD
Glyma.11G150243,WGD
Glyma.11G150300,WGD
Glyma.11G150452,WGD
Glyma.11G150661,WGD
Glyma.11G151079,WGD
Glyma.11G151100,WGD
Glyma.11G151288,WGD
Glyma.11G151300,WGD
Glyma.11G151497,WGD
Glyma.11G151706,WGD
Glyma.11G151915,WGD
Glyma.11G152124,WGD
Glyma.11G152200,WGD
Glyma.11G152333,WGD
Glyma.11G152500,WGD
Glyma.11G152542,WGD
Glyma.11G152751,WGD
Glyma.11G153100,WGD
Glyma.11G153169,WGD
Glyma.11G153501,WGD
Glyma.11G153587,WGD
Glyma.11G153796,WGD
Glyma.11G153900,WGD
Glyma.11G154005,WGD
Glyma.11G154100,WGD
Glyma.11G154200,WGD
Glyma.11G154214,WGD
Glyma.11G154423,WGD
Glyma.11G154632,WGD
Glyma.11G154800,WGD
Glyma.11G154841,WGD
Glyma.11G155050,WGD
Glyma.11G155100,WGD
Glyma.11G155259,WGD
Glyma.11G155300,WGD
Glyma.11G155400,WGD
Glyma.11G155468,WGD
Glyma.11G155500,WGD
Glyma.11G155677,WGD
Glyma.11G155900,WGD
Glyma.11G156095,WGD
Glyma.11G156100,WGD
Glyma.11G156500,WGD
Glyma.11G156513,WGD
Glyma.11G156700,WGD
Glyma.11G156722,WGD
Glyma.11G157000,WGD
Glyma.11G157100,WGD
Glyma.11G157400,WGD
Glyma.11G157700,WGD
Glyma.11G158200,WGD
Glyma.11G158400,WGD
Glyma.11G158500,WGD
Glyma.11G158800,WGD
Glyma.11G159100,WGD
Glyma.11G159900,WGD
Glyma.11G160200,WGD
Glyma.11G160300,WGD
Glyma.11G160400,WGD
Glyma.11G160600,WGD
Glyma.11G160900,WGD
Glyma.11G161000,WGD
Glyma.11G161200,WGD
Glyma.11G161300,WGD
Glyma.11G161400,WGD
Glyma.11G161500,WGD
Glyma.11G161600,WGD
Glyma.11G161800,WGD
Glyma.11G161947,WGD
Glyma.11G162100,WGD
Glyma.11G162400,WGD
Glyma.11G162500,WGD
Glyma.11G162600,WGD
Glyma.11G163000,WGD
Glyma.11G163100,WGD
Glyma.11G163200,WGD
Glyma.11G163201,WGD
Glyma.11G163300,WGD
Glyma.11G163600,WGD
Glyma.11G163800,WGD
Glyma.11G163828,WGD
Glyma.11G163900,WGD
Glyma.11G164000,WGD
Glyma.11G164037,WGD
Glyma.11G164100,WGD
Glyma.11G164200,WGD
Glyma.11G164300,WGD
Glyma.11G164400,WGD
Glyma.11G164500,WGD
Glyma.11G164600,WGD
Glyma.11G164700,WGD
Glyma.11G164800,WGD
Glyma.11G165000,WGD
Glyma.11G165100,WGD
Glyma.11G165291,WGD
Glyma.11G165300,WGD
Glyma.11G165600,WGD
Glyma.11G165700,WGD
Glyma.11G165900,WGD
Glyma.11G166000,WGD
Glyma.11G166100,WGD
Glyma.11G166128,WGD
Glyma.11G166200,WGD
Glyma.11G166300,WGD
Glyma.11G166337,WGD
Glyma.11G166401,WGD
Glyma.11G166546,WGD
Glyma.11G166600,WGD
Glyma.11G167100,WGD
Glyma.11G167200,WGD
Glyma.11G167300,WGD
Glyma.11G167382,WGD
Glyma.11G168219,WGD
Glyma.11G168428,WGD
Glyma.11G168600,WGD
Glyma.11G168800,WGD
Glyma.11G169055,WGD
Glyma.11G169264,WGD
Glyma.11G169300,WGD
Glyma.11G169500,WGD
Glyma.11G169600,WGD
Glyma.11G169700,WGD
Glyma.11G169800,WGD
Glyma.11G169900,WGD
Glyma.11G169901,WGD
Glyma.11G170200,WGD
Glyma.11G170300,WGD
Glyma.11G170601,WGD
Glyma.11G170602,WGD
Glyma.11G171001,WGD
Glyma.11G171002,WGD
Glyma.11G171200,WGD
Glyma.11G171300,WGD
Glyma.11G171400,WGD
Glyma.11G171600,WGD
Glyma.11G171773,WGD
Glyma.11G171900,WGD
Glyma.11G172191,WGD
Glyma.11G172200,WGD
Glyma.11G172300,WGD
Glyma.11G172401,WGD
Glyma.11G172500,WGD
Glyma.11G172610,WGD
Glyma.11G173028,WGD
Glyma.11G173600,WGD
Glyma.11G173655,WGD
Glyma.11G173700,WGD
Glyma.11G173800,WGD
Glyma.11G173864,WGD
Glyma.11G173901,WGD
Glyma.11G174073,WGD
Glyma.11G174100,WGD
Glyma.11G174282,WGD
Glyma.11G174300,WGD
Glyma.11G174400,WGD
Glyma.11G174500,WGD
Glyma.11G174701,WGD
Glyma.11G174800,WGD
Glyma.11G174900,WGD
Glyma.11G174910,WGD
Glyma.11G175119,WGD
Glyma.11G175200,WGD
Glyma.11G175328,WGD
Glyma.11G175400,WGD
Glyma.11G175500,WGD
Glyma.11G175537,WGD
Glyma.11G175746,WGD
Glyma.11G175900,WGD
Glyma.11G175955,WGD
Glyma.11G176100,WGD
Glyma.11G176400,WGD
Glyma.11G176500,WGD
Glyma.11G176800,WGD
Glyma.11G176900,WGD
Glyma.11G177001,WGD
Glyma.11G178046,WGD
Glyma.11G178255,WGD
Glyma.11G178300,WGD
Glyma.11G178400,WGD
Glyma.11G178673,WGD
Glyma.11G178700,WGD
Glyma.11G178900,WGD
Glyma.11G179000,WGD
Glyma.11G179100,WGD
Glyma.11G179200,WGD
Glyma.11G179300,WGD
Glyma.11G179600,WGD
Glyma.11G179900,WGD
Glyma.11G180000,WGD
Glyma.11G180100,WGD
Glyma.11G180200,WGD
Glyma.11G180300,WGD
Glyma.11G180500,WGD
Glyma.11G180600,WGD
Glyma.11G180800,WGD
Glyma.11G180900,WGD
Glyma.11G181000,WGD
Glyma.11G181100,WGD
Glyma.11G181200,WGD
Glyma.11G181300,WGD
Glyma.11G181400,WGD
Glyma.11G181500,WGD
Glyma.11G181700,WGD
Glyma.11G181900,WGD
Glyma.11G182000,WGD
Glyma.11G182100,WGD
Glyma.11G182200,WGD
Glyma.11G182300,WGD
Glyma.11G182500,WGD
Glyma.11G182600,WGD
Glyma.11G182700,WGD
Glyma.11G182800,WGD
Glyma.11G182900,WGD
Glyma.11G183100,WGD
Glyma.11G183200,WGD
Glyma.11G183300,WGD
Glyma.11G183400,WGD
Glyma.11G183467,WGD
Glyma.11G183600,WGD
Glyma.11G183700,WGD
Glyma.11G183800,WGD
Glyma.11G183900,WGD
Glyma.11G184000,WGD
Glyma.11G184100,WGD
Glyma.11G184200,WGD
Glyma.11G184400,WGD
Glyma.11G184500,WGD
Glyma.11G184601,WGD
Glyma.11G184700,WGD
Glyma.11G184800,WGD
Glyma.11G185000,WGD
Glyma.11G185100,WGD
Glyma.11G185500,WGD
Glyma.11G185700,WGD
Glyma.11G186100,WGD
Glyma.11G186600,WGD
Glyma.11G186700,WGD
Glyma.11G187500,WGD
Glyma.11G187600,WGD
Glyma.11G187700,WGD
Glyma.11G187800,WGD
Glyma.11G187900,WGD
Glyma.11G188000,WGD
Glyma.11G188100,WGD
Glyma.11G188200,WGD
Glyma.11G188300,WGD
Glyma.11G188700,WGD
Glyma.11G188800,WGD
Glyma.11G188900,WGD
Glyma.11G189000,WGD
Glyma.11G189100,WGD
Glyma.11G189200,WGD
Glyma.11G189250,WGD
Glyma.11G189400,WGD
Glyma.11G189500,WGD
Glyma.11G189600,WGD
Glyma.11G189700,WGD
Glyma.11G189800,WGD
Glyma.11G190000,WGD
Glyma.11G190200,WGD
Glyma.11G190400,WGD
Glyma.11G190600,WGD
Glyma.11G190800,WGD
Glyma.11G190900,WGD
Glyma.11G191000,WGD
Glyma.11G191100,WGD
Glyma.11G191200,WGD
Glyma.11G191500,WGD
Glyma.11G191600,WGD
Glyma.11G191800,WGD
Glyma.11G191900,WGD
Glyma.11G192200,WGD
Glyma.11G192300,WGD
Glyma.11G192400,WGD
Glyma.11G192500,WGD
Glyma.11G192600,WGD
Glyma.11G192700,WGD
Glyma.11G192800,WGD
Glyma.11G193000,WGD
Glyma.11G193100,WGD
Glyma.11G193200,WGD
Glyma.11G193300,WGD
Glyma.11G193400,WGD
Glyma.11G193500,WGD
Glyma.11G193600,WGD
Glyma.11G193700,WGD
Glyma.11G193800,WGD
Glyma.11G193900,WGD
Glyma.11G194000,WGD
Glyma.11G194100,WGD
Glyma.11G194200,WGD
Glyma.11G194500,WGD
Glyma.11G194600,WGD
Glyma.11G194700,WGD
Glyma.11G194800,WGD
Glyma.11G194900,WGD
Glyma.11G195000,WGD
Glyma.11G195100,WGD
Glyma.11G195200,WGD
Glyma.11G195300,WGD
Glyma.11G195800,WGD
Glyma.11G195900,WGD
Glyma.11G196100,WGD
Glyma.11G196200,WGD
Glyma.11G196300,WGD
Glyma.11G196400,WGD
Glyma.11G196600,WGD
Glyma.11G196800,WGD
Glyma.11G196900,WGD
Glyma.11G197000,WGD
Glyma.11G197001,WGD
Glyma.11G197300,WGD
Glyma.11G197900,WGD
Glyma.11G198000,WGD
Glyma.11G199100,WGD
Glyma.11G199200,WGD
Glyma.11G199300,WGD
Glyma.11G199400,WGD
Glyma.11G199600,WGD
Glyma.11G199700,WGD
Glyma.11G199900,WGD
Glyma.11G200201,WGD
Glyma.11G200300,WGD
Glyma.11G200400,WGD
Glyma.11G200500,WGD
Glyma.11G200700,WGD
Glyma.11G201000,WGD
Glyma.11G201200,WGD
Glyma.11G201500,WGD
Glyma.11G201700,WGD
Glyma.11G201800,WGD
Glyma.11G201900,WGD
Glyma.11G202000,WGD
Glyma.11G202100,WGD
Glyma.11G202500,WGD
Glyma.11G202600,WGD
Glyma.11G202700,WGD
Glyma.11G202800,WGD
Glyma.11G202900,WGD
Glyma.11G203000,WGD
Glyma.11G203200,WGD
Glyma.11G203600,WGD
Glyma.11G203700,WGD
Glyma.11G203800,WGD
Glyma.11G204100,WGD
Glyma.11G204200,WGD
Glyma.11G204300,WGD
Glyma.11G206100,WGD
Glyma.11G207000,WGD
Glyma.11G208300,WGD
Glyma.11G208400,WGD
Glyma.11G208600,WGD
Glyma.11G208700,WGD
Glyma.11G209027,WGD
Glyma.11G209354,WGD
Glyma.11G209681,WGD
Glyma.11G210008,WGD
Glyma.11G210335,WGD
Glyma.11G210989,WGD
Glyma.11G211316,WGD
Glyma.11G211643,WGD
Glyma.11G211970,WGD
Glyma.11G212300,WGD
Glyma.11G212400,WGD
Glyma.11G212500,WGD
Glyma.11G212700,WGD
Glyma.11G212900,WGD
Glyma.11G213000,WGD
Glyma.11G213100,WGD
Glyma.11G213200,WGD
Glyma.11G213400,WGD
Glyma.11G213500,WGD
Glyma.11G213600,WGD
Glyma.11G213700,WGD
Glyma.11G213900,WGD
Glyma.11G214100,WGD
Glyma.11G214200,WGD
Glyma.11G214300,WGD
Glyma.11G214402,WGD
Glyma.11G214500,WGD
Glyma.11G214600,WGD
Glyma.11G214700,WGD
Glyma.11G214800,WGD
Glyma.11G214900,WGD
Glyma.11G215200,WGD
Glyma.11G215300,WGD
Glyma.11G215400,WGD
Glyma.11G215500,WGD
Glyma.11G215600,WGD
Glyma.11G215700,WGD
Glyma.11G215800,WGD
Glyma.11G216000,WGD
Glyma.11G216100,WGD
Glyma.11G216200,WGD
Glyma.11G216300,WGD
Glyma.11G216400,WGD
Glyma.11G216500,WGD
Glyma.11G216700,WGD
Glyma.11G216800,WGD
Glyma.11G216900,WGD
Glyma.11G217000,WGD
Glyma.11G217200,WGD
Glyma.11G217300,WGD
Glyma.11G217400,WGD
Glyma.11G217500,WGD
Glyma.11G217600,WGD
Glyma.11G217700,WGD
Glyma.11G217800,WGD
Glyma.11G218000,WGD
Glyma.11G218100,WGD
Glyma.11G218400,WGD
Glyma.11G218500,WGD
Glyma.11G218600,WGD
Glyma.11G218700,WGD
Glyma.11G218900,WGD
Glyma.11G219000,WGD
Glyma.11G219200,WGD
Glyma.11G219400,WGD
Glyma.11G219500,WGD
Glyma.11G219600,WGD
Glyma.11G219700,WGD
Glyma.11G219800,WGD
Glyma.11G220100,WGD
Glyma.11G220200,WGD
Glyma.11G220300,WGD
Glyma.11G220400,WGD
Glyma.11G220500,WGD
Glyma.11G220600,WGD
Glyma.11G220700,WGD
Glyma.11G220900,WGD
Glyma.11G221000,WGD
Glyma.11G221100,WGD
Glyma.11G221200,WGD
Glyma.11G221400,WGD
Glyma.11G221500,WGD
Glyma.11G221600,WGD
Glyma.11G221800,WGD
Glyma.11G222000,WGD
Glyma.11G222100,WGD
Glyma.11G222200,WGD
Glyma.11G222600,WGD
Glyma.11G222700,WGD
Glyma.11G222800,WGD
Glyma.11G222900,WGD
Glyma.11G223000,WGD
Glyma.11G223200,WGD
Glyma.11G223400,WGD
Glyma.11G223500,WGD
Glyma.11G223800,WGD
Glyma.11G223900,WGD
Glyma.11G224500,WGD
Glyma.11G224600,WGD
Glyma.11G224800,WGD
Glyma.11G224900,WGD
Glyma.11G225000,WGD
Glyma.11G225100,WGD
Glyma.11G225200,WGD
Glyma.11G225300,WGD
Glyma.11G225400,WGD
Glyma.11G225700,WGD
Glyma.11G225800,WGD
Glyma.11G225900,WGD
Glyma.11G226000,WGD
Glyma.11G226100,WGD
Glyma.11G226200,WGD
Glyma.11G226400,WGD
Glyma.11G226500,WGD
Glyma.11G226550,WGD
Glyma.11G226600,WGD
Glyma.11G226700,WGD
Glyma.11G226900,WGD
Glyma.11G227200,WGD
Glyma.11G227300,WGD
Glyma.11G227400,WGD
Glyma.11G227500,WGD
Glyma.11G227600,WGD
Glyma.11G227700,WGD
Glyma.11G227800,WGD
Glyma.11G227900,WGD
Glyma.11G228000,WGD
Glyma.11G228100,WGD
Glyma.11G228200,WGD
Glyma.11G228300,WGD
Glyma.11G228400,WGD
Glyma.11G228500,WGD
Glyma.11G228600,WGD
Glyma.11G228800,WGD
Glyma.11G228900,WGD
Glyma.11G229000,WGD
Glyma.11G229100,WGD
Glyma.11G229300,WGD
Glyma.11G229500,WGD
Glyma.11G229600,WGD
Glyma.11G229700,WGD
Glyma.11G229800,WGD
Glyma.11G229900,WGD
Glyma.11G230000,WGD
Glyma.11G230100,WGD
Glyma.11G230200,WGD
Glyma.11G230300,WGD
Glyma.11G230400,WGD
Glyma.11G230700,WGD
Glyma.11G230800,WGD
Glyma.11G230900,WGD
Glyma.11G231000,WGD
Glyma.11G231100,WGD
Glyma.11G231200,WGD
Glyma.11G231300,WGD
Glyma.11G231400,WGD
Glyma.11G231500,WGD
Glyma.11G231600,WGD
Glyma.11G231700,WGD
Glyma.11G231800,WGD
Glyma.11G232000,WGD
Glyma.11G232100,WGD
Glyma.11G232200,WGD
Glyma.11G232300,WGD
Glyma.11G232400,WGD
Glyma.11G232500,WGD
Glyma.11G232600,WGD
Glyma.11G232667,WGD
Glyma.11G232700,WGD
Glyma.11G232900,WGD
Glyma.11G233000,WGD
Glyma.11G233100,WGD
Glyma.11G233300,WGD
Glyma.11G233400,WGD
Glyma.11G233500,WGD
Glyma.11G233600,WGD
Glyma.11G233700,WGD
Glyma.11G233800,WGD
Glyma.11G233900,WGD
Glyma.11G234000,WGD
Glyma.11G234100,WGD
Glyma.11G234200,WGD
Glyma.11G234300,WGD
Glyma.11G234400,WGD
Glyma.11G234500,WGD
Glyma.11G234600,WGD
Glyma.11G234700,WGD
Glyma.11G234800,WGD
Glyma.11G234900,WGD
Glyma.11G235000,WGD
Glyma.11G235200,WGD
Glyma.11G235300,WGD
Glyma.11G235400,WGD
Glyma.11G235500,WGD
Glyma.11G235600,WGD
Glyma.11G235700,WGD
Glyma.11G235800,WGD
Glyma.11G236200,WGD
Glyma.11G236300,WGD
Glyma.11G236400,WGD
Glyma.11G236500,WGD
Glyma.11G236600,WGD
Glyma.11G236700,WGD
Glyma.11G237200,WGD
Glyma.11G237400,WGD
Glyma.11G237500,WGD
Glyma.11G237800,WGD
Glyma.11G237900,WGD
Glyma.11G238000,WGD
Glyma.11G238100,WGD
Glyma.11G238200,WGD
Glyma.11G238400,WGD
Glyma.11G238700,WGD
Glyma.11G238800,WGD
Glyma.11G238900,WGD
Glyma.11G239000,WGD
Glyma.11G239100,WGD
Glyma.11G239200,WGD
Glyma.11G239300,WGD
Glyma.11G239400,WGD
Glyma.11G239500,WGD
Glyma.11G239600,WGD
Glyma.11G239700,WGD
Glyma.11G239800,WGD
Glyma.11G239900,WGD
Glyma.11G240000,WGD
Glyma.11G240100,WGD
Glyma.11G240200,WGD
Glyma.11G240300,WGD
Glyma.11G240400,WGD
Glyma.11G240500,WGD
Glyma.11G240600,WGD
Glyma.11G240700,WGD
Glyma.11G240900,WGD
Glyma.11G241000,WGD
Glyma.11G241100,WGD
Glyma.11G241200,WGD
Glyma.11G241300,WGD
Glyma.11G241400,WGD
Glyma.11G241500,WGD
Glyma.11G241600,WGD
Glyma.11G242000,WGD
Glyma.11G242100,WGD
Glyma.11G242200,WGD
Glyma.11G242300,WGD
Glyma.11G242400,WGD
Glyma.11G242500,WGD
Glyma.11G242600,WGD
Glyma.11G242700,WGD
Glyma.11G242800,WGD
Glyma.11G242900,WGD
Glyma.11G243000,WGD
Glyma.11G243100,WGD
Glyma.11G243300,WGD
Glyma.11G243400,WGD
Glyma.11G243500,WGD
Glyma.11G243600,WGD
Glyma.11G243700,WGD
Glyma.11G243800,WGD
Glyma.11G243900,WGD
Glyma.11G244000,WGD
Glyma.11G244100,WGD
Glyma.11G244200,WGD
Glyma.11G244300,WGD
Glyma.11G244600,WGD
Glyma.11G244700,WGD
Glyma.11G244800,WGD
Glyma.11G245000,WGD
Glyma.11G245300,WGD
Glyma.11G245400,WGD
Glyma.11G245500,WGD
Glyma.11G245600,WGD
Glyma.11G245800,WGD
Glyma.11G245900,WGD
Glyma.11G246000,WGD
Glyma.11G246100,WGD
Glyma.11G246200,WGD
Glyma.11G246300,WGD
Glyma.11G246400,WGD
Glyma.11G246500,WGD
Glyma.11G246600,WGD
Glyma.11G246900,WGD
Glyma.11G247000,WGD
Glyma.11G247067,WGD
Glyma.11G247200,WGD
Glyma.11G247300,WGD
Glyma.11G247400,WGD
Glyma.11G247500,WGD
Glyma.11G247600,WGD
Glyma.11G247700,WGD
Glyma.11G247800,WGD
Glyma.11G247900,WGD
Glyma.11G248000,WGD
Glyma.11G248100,WGD
Glyma.11G248200,WGD
Glyma.11G248300,WGD
Glyma.11G248400,WGD
Glyma.11G248500,WGD
Glyma.11G248600,WGD
Glyma.11G248700,WGD
Glyma.11G248800,WGD
Glyma.11G249000,WGD
Glyma.11G249200,WGD
Glyma.11G249300,WGD
Glyma.11G249400,WGD
Glyma.11G249500,WGD
Glyma.11G249600,WGD
Glyma.11G249700,WGD
Glyma.11G249800,WGD
Glyma.11G249900,WGD
Glyma.11G250000,WGD
Glyma.11G250100,WGD
Glyma.11G250200,WGD
Glyma.11G250300,WGD
Glyma.11G250351,WGD
Glyma.11G250500,WGD
Glyma.11G250600,WGD
Glyma.11G250700,WGD
Glyma.11G250800,WGD
Glyma.11G250900,WGD
Glyma.11G251000,WGD
Glyma.11G251100,WGD
Glyma.11G251300,WGD
Glyma.11G251500,WGD
Glyma.11G251600,WGD
Glyma.11G251700,WGD
Glyma.11G251800,WGD
Glyma.11G251900,WGD
Glyma.11G252000,WGD
Glyma.11G252100,WGD
Glyma.11G252200,WGD
Glyma.11G252300,WGD
Glyma.11G252400,WGD
Glyma.11G252500,WGD
Glyma.11G252600,WGD
Glyma.11G252700,WGD
Glyma.11G252900,WGD
Glyma.11G253000,WGD
Glyma.11G253200,WGD
Glyma.11G253300,WGD
Glyma.11G253400,WGD
Glyma.11G253500,WGD
Glyma.11G253700,WGD
Glyma.11G253800,WGD
Glyma.11G253900,WGD
Glyma.11G254000,WGD
Glyma.11G254100,WGD
Glyma.11G254300,WGD
Glyma.11G254400,WGD
Glyma.11G254500,WGD
Glyma.11G254600,WGD
Glyma.11G254700,WGD
Glyma.11G254800,WGD
Glyma.11G254900,WGD
Glyma.11G255000,WGD
Glyma.11G255200,WGD
Glyma.11G255300,WGD
Glyma.11G255400,WGD
Glyma.11G255500,WGD
Glyma.11G255600,WGD
Glyma.11G255700,WGD
Glyma.11G255800,WGD
Glyma.11G256000,WGD
Glyma.11G256100,WGD
Glyma.11G256200,WGD
Glyma.11G256300,WGD
Glyma.11G256400,WGD
Glyma.11G256600,WGD
Glyma.11G256800,WGD
Glyma.12G000700,WGD
Glyma.12G000800,WGD
Glyma.12G000900,WGD
Glyma.12G001000,WGD
Glyma.12G001100,WGD
Glyma.12G001200,WGD
Glyma.12G001300,WGD
Glyma.12G001400,WGD
Glyma.12G001500,WGD
Glyma.12G001600,WGD
Glyma.12G001800,WGD
Glyma.12G002000,WGD
Glyma.12G002100,WGD
Glyma.12G002200,WGD
Glyma.12G002300,WGD
Glyma.12G002700,WGD
Glyma.12G002800,WGD
Glyma.12G002900,WGD
Glyma.12G003002,WGD
Glyma.12G003100,WGD
Glyma.12G003200,WGD
Glyma.12G003300,WGD
Glyma.12G003400,WGD
Glyma.12G003500,WGD
Glyma.12G003900,WGD
Glyma.12G004000,WGD
Glyma.12G004100,WGD
Glyma.12G004200,WGD
Glyma.12G004400,WGD
Glyma.12G004500,WGD
Glyma.12G004600,WGD
Glyma.12G004700,WGD
Glyma.12G004900,WGD
Glyma.12G005000,WGD
Glyma.12G005100,WGD
Glyma.12G005200,WGD
Glyma.12G005300,WGD
Glyma.12G005400,WGD
Glyma.12G005500,WGD
Glyma.12G005700,WGD
Glyma.12G005800,WGD
Glyma.12G005900,WGD
Glyma.12G006000,WGD
Glyma.12G006200,WGD
Glyma.12G006300,WGD
Glyma.12G006400,WGD
Glyma.12G006500,WGD
Glyma.12G006700,WGD
Glyma.12G006800,WGD
Glyma.12G006900,WGD
Glyma.12G007400,WGD
Glyma.12G007500,WGD
Glyma.12G007600,WGD
Glyma.12G007700,WGD
Glyma.12G007800,WGD
Glyma.12G007900,WGD
Glyma.12G008000,WGD
Glyma.12G008100,WGD
Glyma.12G008200,WGD
Glyma.12G008300,WGD
Glyma.12G008500,WGD
Glyma.12G008550,WGD
Glyma.12G008700,WGD
Glyma.12G008800,WGD
Glyma.12G009000,WGD
Glyma.12G009100,WGD
Glyma.12G009400,WGD
Glyma.12G009500,WGD
Glyma.12G009600,WGD
Glyma.12G009700,WGD
Glyma.12G009800,WGD
Glyma.12G010100,WGD
Glyma.12G010200,WGD
Glyma.12G010300,WGD
Glyma.12G010500,WGD
Glyma.12G010600,WGD
Glyma.12G010700,WGD
Glyma.12G010800,WGD
Glyma.12G011000,WGD
Glyma.12G011400,WGD
Glyma.12G011600,WGD
Glyma.12G011800,WGD
Glyma.12G011901,WGD
Glyma.12G012000,WGD
Glyma.12G012200,WGD
Glyma.12G012266,WGD
Glyma.12G012400,WGD
Glyma.12G012500,WGD
Glyma.12G012600,WGD
Glyma.12G012700,WGD
Glyma.12G012800,WGD
Glyma.12G012900,WGD
Glyma.12G013000,WGD
Glyma.12G013100,WGD
Glyma.12G013200,WGD
Glyma.12G013300,WGD
Glyma.12G013400,WGD
Glyma.12G013500,WGD
Glyma.12G013800,WGD
Glyma.12G014000,WGD
Glyma.12G014100,WGD
Glyma.12G014200,WGD
Glyma.12G014400,WGD
Glyma.12G014500,WGD
Glyma.12G014700,WGD
Glyma.12G014800,WGD
Glyma.12G014900,WGD
Glyma.12G015600,WGD
Glyma.12G015700,WGD
Glyma.12G015900,WGD
Glyma.12G016051,WGD
Glyma.12G016300,WGD
Glyma.12G016400,WGD
Glyma.12G016500,WGD
Glyma.12G016600,WGD
Glyma.12G016900,WGD
Glyma.12G017000,WGD
Glyma.12G017400,WGD
Glyma.12G017500,WGD
Glyma.12G017600,WGD
Glyma.12G017700,WGD
Glyma.12G017800,WGD
Glyma.12G018000,WGD
Glyma.12G018100,WGD
Glyma.12G018200,WGD
Glyma.12G018500,WGD
Glyma.12G018600,WGD
Glyma.12G018700,WGD
Glyma.12G018800,WGD
Glyma.12G018900,WGD
Glyma.12G019000,WGD
Glyma.12G019200,WGD
Glyma.12G019300,WGD
Glyma.12G019400,WGD
Glyma.12G019500,WGD
Glyma.12G020000,WGD
Glyma.12G020100,WGD
Glyma.12G020200,WGD
Glyma.12G020300,WGD
Glyma.12G020500,WGD
Glyma.12G020600,WGD
Glyma.12G020700,WGD
Glyma.12G020800,WGD
Glyma.12G020900,WGD
Glyma.12G021000,WGD
Glyma.12G021100,WGD
Glyma.12G021200,WGD
Glyma.12G021300,WGD
Glyma.12G021400,WGD
Glyma.12G021500,WGD
Glyma.12G021600,WGD
Glyma.12G021700,WGD
Glyma.12G021800,WGD
Glyma.12G021900,WGD
Glyma.12G022000,WGD
Glyma.12G022100,WGD
Glyma.12G022200,WGD
Glyma.12G022300,WGD
Glyma.12G022400,WGD
Glyma.12G022500,WGD
Glyma.12G022600,WGD
Glyma.12G022700,WGD
Glyma.12G022800,WGD
Glyma.12G022900,WGD
Glyma.12G023000,WGD
Glyma.12G023100,WGD
Glyma.12G023200,WGD
Glyma.12G023300,WGD
Glyma.12G023400,WGD
Glyma.12G023500,WGD
Glyma.12G023600,WGD
Glyma.12G023832,WGD
Glyma.12G023900,WGD
Glyma.12G024000,WGD
Glyma.12G024100,WGD
Glyma.12G024200,WGD
Glyma.12G024300,WGD
Glyma.12G024500,WGD
Glyma.12G024600,WGD
Glyma.12G024700,WGD
Glyma.12G024800,WGD
Glyma.12G025000,WGD
Glyma.12G025400,WGD
Glyma.12G025500,WGD
Glyma.12G025600,WGD
Glyma.12G025700,WGD
Glyma.12G025800,WGD
Glyma.12G026100,WGD
Glyma.12G026400,WGD
Glyma.12G026600,WGD
Glyma.12G026700,WGD
Glyma.12G026900,WGD
Glyma.12G027200,WGD
Glyma.12G027300,WGD
Glyma.12G027400,WGD
Glyma.12G027500,WGD
Glyma.12G027600,WGD
Glyma.12G027651,WGD
Glyma.12G027700,WGD
Glyma.12G027800,WGD
Glyma.12G027900,WGD
Glyma.12G027967,WGD
Glyma.12G028200,WGD
Glyma.12G028300,WGD
Glyma.12G028400,WGD
Glyma.12G028500,WGD
Glyma.12G028700,WGD
Glyma.12G028800,WGD
Glyma.12G028900,WGD
Glyma.12G029100,WGD
Glyma.12G029200,WGD
Glyma.12G029300,WGD
Glyma.12G029500,WGD
Glyma.12G029700,WGD
Glyma.12G029800,WGD
Glyma.12G029900,WGD
Glyma.12G030000,WGD
Glyma.12G030100,WGD
Glyma.12G030200,WGD
Glyma.12G030400,WGD
Glyma.12G030500,WGD
Glyma.12G030600,WGD
Glyma.12G030700,WGD
Glyma.12G030800,WGD
Glyma.12G030900,WGD
Glyma.12G031000,WGD
Glyma.12G031200,WGD
Glyma.12G031300,WGD
Glyma.12G031500,WGD
Glyma.12G031600,WGD
Glyma.12G031700,WGD
Glyma.12G031800,WGD
Glyma.12G031900,WGD
Glyma.12G032000,WGD
Glyma.12G032200,WGD
Glyma.12G032300,WGD
Glyma.12G032400,WGD
Glyma.12G032500,WGD
Glyma.12G032600,WGD
Glyma.12G032700,WGD
Glyma.12G032800,WGD
Glyma.12G032900,WGD
Glyma.12G033000,WGD
Glyma.12G033200,WGD
Glyma.12G033400,WGD
Glyma.12G033600,WGD
Glyma.12G033700,WGD
Glyma.12G033800,WGD
Glyma.12G033900,WGD
Glyma.12G034000,WGD
Glyma.12G034100,WGD
Glyma.12G034200,WGD
Glyma.12G034400,WGD
Glyma.12G034500,WGD
Glyma.12G034600,WGD
Glyma.12G034800,WGD
Glyma.12G034900,WGD
Glyma.12G035000,WGD
Glyma.12G035100,WGD
Glyma.12G035200,WGD
Glyma.12G035600,WGD
Glyma.12G035700,WGD
Glyma.12G035800,WGD
Glyma.12G035900,WGD
Glyma.12G036000,WGD
Glyma.12G036200,WGD
Glyma.12G036600,WGD
Glyma.12G036800,WGD
Glyma.12G037100,WGD
Glyma.12G037200,WGD
Glyma.12G037300,WGD
Glyma.12G037400,WGD
Glyma.12G037500,WGD
Glyma.12G037602,WGD
Glyma.12G037700,WGD
Glyma.12G037902,WGD
Glyma.12G038100,WGD
Glyma.12G038200,WGD
Glyma.12G038300,WGD
Glyma.12G038400,WGD
Glyma.12G038500,WGD
Glyma.12G038600,WGD
Glyma.12G038700,WGD
Glyma.12G038800,WGD
Glyma.12G038900,WGD
Glyma.12G039000,WGD
Glyma.12G039100,WGD
Glyma.12G039200,WGD
Glyma.12G039300,WGD
Glyma.12G039400,WGD
Glyma.12G039500,WGD
Glyma.12G039600,WGD
Glyma.12G039666,WGD
Glyma.12G039900,WGD
Glyma.12G040000,WGD
Glyma.12G040200,WGD
Glyma.12G040300,WGD
Glyma.12G040400,WGD
Glyma.12G040500,WGD
Glyma.12G040600,WGD
Glyma.12G040700,WGD
Glyma.12G040800,WGD
Glyma.12G041000,WGD
Glyma.12G041200,WGD
Glyma.12G041300,WGD
Glyma.12G041400,WGD
Glyma.12G041500,WGD
Glyma.12G041700,WGD
Glyma.12G041800,WGD
Glyma.12G042000,WGD
Glyma.12G042100,WGD
Glyma.12G042400,WGD
Glyma.12G042500,WGD
Glyma.12G042600,WGD
Glyma.12G042702,WGD
Glyma.12G042800,WGD
Glyma.12G042900,WGD
Glyma.12G043100,WGD
Glyma.12G043200,WGD
Glyma.12G043301,WGD
Glyma.12G043400,WGD
Glyma.12G043500,WGD
Glyma.12G043600,WGD
Glyma.12G043700,WGD
Glyma.12G043800,WGD
Glyma.12G043900,WGD
Glyma.12G044000,WGD
Glyma.12G044100,WGD
Glyma.12G044200,WGD
Glyma.12G044400,WGD
Glyma.12G044500,WGD
Glyma.12G044700,WGD
Glyma.12G044900,WGD
Glyma.12G045000,WGD
Glyma.12G045100,WGD
Glyma.12G045300,WGD
Glyma.12G045400,WGD
Glyma.12G045500,WGD
Glyma.12G045600,WGD
Glyma.12G045700,WGD
Glyma.12G045800,WGD
Glyma.12G045850,WGD
Glyma.12G046000,WGD
Glyma.12G046066,WGD
Glyma.12G046300,WGD
Glyma.12G046400,WGD
Glyma.12G046500,WGD
Glyma.12G046601,WGD
Glyma.12G046700,WGD
Glyma.12G046800,WGD
Glyma.12G046900,WGD
Glyma.12G047000,WGD
Glyma.12G047200,WGD
Glyma.12G047300,WGD
Glyma.12G047400,WGD
Glyma.12G047500,WGD
Glyma.12G047700,WGD
Glyma.12G047800,WGD
Glyma.12G047900,WGD
Glyma.12G048000,WGD
Glyma.12G048100,WGD
Glyma.12G048200,WGD
Glyma.12G048400,WGD
Glyma.12G048500,WGD
Glyma.12G048600,WGD
Glyma.12G048700,WGD
Glyma.12G048800,WGD
Glyma.12G049100,WGD
Glyma.12G049200,WGD
Glyma.12G049300,WGD
Glyma.12G049400,WGD
Glyma.12G049500,WGD
Glyma.12G049550,WGD
Glyma.12G049700,WGD
Glyma.12G049900,WGD
Glyma.12G050100,WGD
Glyma.12G050200,WGD
Glyma.12G050300,WGD
Glyma.12G050400,WGD
Glyma.12G050600,WGD
Glyma.12G050700,WGD
Glyma.12G050800,WGD
Glyma.12G050900,WGD
Glyma.12G051000,WGD
Glyma.12G051100,WGD
Glyma.12G051200,WGD
Glyma.12G051250,WGD
Glyma.12G051400,WGD
Glyma.12G051500,WGD
Glyma.12G051700,WGD
Glyma.12G051800,WGD
Glyma.12G051900,WGD
Glyma.12G052000,WGD
Glyma.12G052100,WGD
Glyma.12G052200,WGD
Glyma.12G052300,WGD
Glyma.12G052500,WGD
Glyma.12G052600,WGD
Glyma.12G052700,WGD
Glyma.12G052800,WGD
Glyma.12G052967,WGD
Glyma.12G053033,WGD
Glyma.12G053100,WGD
Glyma.12G053200,WGD
Glyma.12G053300,WGD
Glyma.12G053400,WGD
Glyma.12G053500,WGD
Glyma.12G053700,WGD
Glyma.12G053800,WGD
Glyma.12G053900,WGD
Glyma.12G054000,WGD
Glyma.12G054100,WGD
Glyma.12G054400,WGD
Glyma.12G054700,WGD
Glyma.12G054767,WGD
Glyma.12G054900,WGD
Glyma.12G055000,WGD
Glyma.12G055100,WGD
Glyma.12G055300,WGD
Glyma.12G055400,WGD
Glyma.12G055500,WGD
Glyma.12G055700,WGD
Glyma.12G055800,WGD
Glyma.12G055900,WGD
Glyma.12G056000,WGD
Glyma.12G056300,WGD
Glyma.12G056500,WGD
Glyma.12G056700,WGD
Glyma.12G056800,WGD
Glyma.12G056900,WGD
Glyma.12G057000,WGD
Glyma.12G057100,WGD
Glyma.12G057300,WGD
Glyma.12G057400,WGD
Glyma.12G057600,WGD
Glyma.12G057700,WGD
Glyma.12G057800,WGD
Glyma.12G057900,WGD
Glyma.12G058000,WGD
Glyma.12G058100,WGD
Glyma.12G058200,WGD
Glyma.12G058302,WGD
Glyma.12G058400,WGD
Glyma.12G058500,WGD
Glyma.12G058600,WGD
Glyma.12G058700,WGD
Glyma.12G058900,WGD
Glyma.12G059000,WGD
Glyma.12G059100,WGD
Glyma.12G059400,WGD
Glyma.12G059500,WGD
Glyma.12G059600,WGD
Glyma.12G059700,WGD
Glyma.12G059800,WGD
Glyma.12G059900,WGD
Glyma.12G060000,WGD
Glyma.12G060200,WGD
Glyma.12G060400,WGD
Glyma.12G060700,WGD
Glyma.12G060800,WGD
Glyma.12G060900,WGD
Glyma.12G061000,WGD
Glyma.12G061200,WGD
Glyma.12G061300,WGD
Glyma.12G061700,WGD
Glyma.12G061900,WGD
Glyma.12G062000,WGD
Glyma.12G062100,WGD
Glyma.12G062200,WGD
Glyma.12G062300,WGD
Glyma.12G062400,WGD
Glyma.12G062500,WGD
Glyma.12G062600,WGD
Glyma.12G062700,WGD
Glyma.12G062800,WGD
Glyma.12G062900,WGD
Glyma.12G063000,WGD
Glyma.12G063100,WGD
Glyma.12G063200,WGD
Glyma.12G063300,WGD
Glyma.12G063400,WGD
Glyma.12G063600,WGD
Glyma.12G063700,WGD
Glyma.12G063800,WGD
Glyma.12G063900,WGD
Glyma.12G064000,WGD
Glyma.12G064100,WGD
Glyma.12G064200,WGD
Glyma.12G064300,WGD
Glyma.12G064400,WGD
Glyma.12G064600,WGD
Glyma.12G064800,WGD
Glyma.12G064900,WGD
Glyma.12G065100,WGD
Glyma.12G065600,WGD
Glyma.12G065700,WGD
Glyma.12G065800,WGD
Glyma.12G065900,WGD
Glyma.12G066000,WGD
Glyma.12G066150,WGD
Glyma.12G066201,WGD
Glyma.12G066300,WGD
Glyma.12G066500,WGD
Glyma.12G066601,WGD
Glyma.12G066700,WGD
Glyma.12G066800,WGD
Glyma.12G066900,WGD
Glyma.12G067400,WGD
Glyma.12G067450,WGD
Glyma.12G067500,WGD
Glyma.12G067600,WGD
Glyma.12G067700,WGD
Glyma.12G067800,WGD
Glyma.12G067902,WGD
Glyma.12G068000,WGD
Glyma.12G068100,WGD
Glyma.12G068200,WGD
Glyma.12G068300,WGD
Glyma.12G068500,WGD
Glyma.12G068700,WGD
Glyma.12G068900,WGD
Glyma.12G069000,WGD
Glyma.12G069100,WGD
Glyma.12G069400,WGD
Glyma.12G069500,WGD
Glyma.12G069700,WGD
Glyma.12G070100,WGD
Glyma.12G070300,WGD
Glyma.12G070400,WGD
Glyma.12G070500,WGD
Glyma.12G070600,WGD
Glyma.12G070700,WGD
Glyma.12G071000,WGD
Glyma.12G071100,WGD
Glyma.12G071167,WGD
Glyma.12G071300,WGD
Glyma.12G071500,WGD
Glyma.12G071600,WGD
Glyma.12G071700,WGD
Glyma.12G071800,WGD
Glyma.12G071900,WGD
Glyma.12G072000,WGD
Glyma.12G072100,WGD
Glyma.12G072200,WGD
Glyma.12G072300,WGD
Glyma.12G072400,WGD
Glyma.12G072500,WGD
Glyma.12G072700,WGD
Glyma.12G072900,WGD
Glyma.12G073000,WGD
Glyma.12G073100,WGD
Glyma.12G073200,WGD
Glyma.12G073300,WGD
Glyma.12G073400,WGD
Glyma.12G073500,WGD
Glyma.12G073700,WGD
Glyma.12G073900,WGD
Glyma.12G074000,WGD
Glyma.12G074100,WGD
Glyma.12G074200,WGD
Glyma.12G074300,WGD
Glyma.12G074400,WGD
Glyma.12G074600,WGD
Glyma.12G074700,WGD
Glyma.12G074800,WGD
Glyma.12G074900,WGD
Glyma.12G075000,WGD
Glyma.12G075100,WGD
Glyma.12G075200,WGD
Glyma.12G075300,WGD
Glyma.12G075400,WGD
Glyma.12G075500,WGD
Glyma.12G075600,WGD
Glyma.12G075700,WGD
Glyma.12G075800,WGD
Glyma.12G075900,WGD
Glyma.12G076100,WGD
Glyma.12G076200,WGD
Glyma.12G076500,WGD
Glyma.12G076600,WGD
Glyma.12G076700,WGD
Glyma.12G076800,WGD
Glyma.12G076900,WGD
Glyma.12G077100,WGD
Glyma.12G077300,WGD
Glyma.12G077333,WGD
Glyma.12G077366,WGD
Glyma.12G077400,WGD
Glyma.12G077500,WGD
Glyma.12G077600,WGD
Glyma.12G077800,WGD
Glyma.12G077900,WGD
Glyma.12G078000,WGD
Glyma.12G078100,WGD
Glyma.12G078500,WGD
Glyma.12G078800,WGD
Glyma.12G078866,WGD
Glyma.12G079000,WGD
Glyma.12G079100,WGD
Glyma.12G079202,WGD
Glyma.12G079300,WGD
Glyma.12G079400,WGD
Glyma.12G079500,WGD
Glyma.12G079600,WGD
Glyma.12G079700,WGD
Glyma.12G079800,WGD
Glyma.12G079900,WGD
Glyma.12G080000,WGD
Glyma.12G080100,WGD
Glyma.12G080300,WGD
Glyma.12G080500,WGD
Glyma.12G080600,WGD
Glyma.12G080700,WGD
Glyma.12G080800,WGD
Glyma.12G080900,WGD
Glyma.12G081000,WGD
Glyma.12G081200,WGD
Glyma.12G081300,WGD
Glyma.12G081400,WGD
Glyma.12G081500,WGD
Glyma.12G081700,WGD
Glyma.12G082100,WGD
Glyma.12G082200,WGD
Glyma.12G082400,WGD
Glyma.12G082550,WGD
Glyma.12G082700,WGD
Glyma.12G082800,WGD
Glyma.12G083000,WGD
Glyma.12G083100,WGD
Glyma.12G083200,WGD
Glyma.12G083300,WGD
Glyma.12G083500,WGD
Glyma.12G083600,WGD
Glyma.12G083800,WGD
Glyma.12G083902,WGD
Glyma.12G084000,WGD
Glyma.12G084100,WGD
Glyma.12G084167,WGD
Glyma.12G084300,WGD
Glyma.12G084400,WGD
Glyma.12G084500,WGD
Glyma.12G084600,WGD
Glyma.12G084700,WGD
Glyma.12G084900,WGD
Glyma.12G085100,WGD
Glyma.12G085400,WGD
Glyma.12G085500,WGD
Glyma.12G085600,WGD
Glyma.12G085800,WGD
Glyma.12G085900,WGD
Glyma.12G086000,WGD
Glyma.12G086100,WGD
Glyma.12G086200,WGD
Glyma.12G086300,WGD
Glyma.12G086500,WGD
Glyma.12G086600,WGD
Glyma.12G086700,WGD
Glyma.12G086800,WGD
Glyma.12G086900,WGD
Glyma.12G087100,WGD
Glyma.12G087200,WGD
Glyma.12G087300,WGD
Glyma.12G087400,WGD
Glyma.12G087501,WGD
Glyma.12G087700,WGD
Glyma.12G087751,WGD
Glyma.12G087800,WGD
Glyma.12G087900,WGD
Glyma.12G088000,WGD
Glyma.12G088300,WGD
Glyma.12G088400,WGD
Glyma.12G088500,WGD
Glyma.12G088600,WGD
Glyma.12G088700,WGD
Glyma.12G088900,WGD
Glyma.12G089000,WGD
Glyma.12G089100,WGD
Glyma.12G089200,WGD
Glyma.12G089300,WGD
Glyma.12G089400,WGD
Glyma.12G089500,WGD
Glyma.12G089700,WGD
Glyma.12G089800,WGD
Glyma.12G089900,WGD
Glyma.12G090100,WGD
Glyma.12G090500,WGD
Glyma.12G090800,WGD
Glyma.12G091000,WGD
Glyma.12G091100,WGD
Glyma.12G091200,WGD
Glyma.12G091300,WGD
Glyma.12G091500,WGD
Glyma.12G091600,WGD
Glyma.12G091700,WGD
Glyma.12G091900,WGD
Glyma.12G092000,WGD
Glyma.12G092200,WGD
Glyma.12G092300,WGD
Glyma.12G092600,WGD
Glyma.12G093000,WGD
Glyma.12G093100,WGD
Glyma.12G093200,WGD
Glyma.12G093300,WGD
Glyma.12G093400,WGD
Glyma.12G093500,WGD
Glyma.12G093600,WGD
Glyma.12G093800,WGD
Glyma.12G093900,WGD
Glyma.12G094200,WGD
Glyma.12G094400,WGD
Glyma.12G094500,WGD
Glyma.12G094600,WGD
Glyma.12G094800,WGD
Glyma.12G094900,WGD
Glyma.12G095000,WGD
Glyma.12G095100,WGD
Glyma.12G095200,WGD
Glyma.12G095300,WGD
Glyma.12G095400,WGD
Glyma.12G095500,WGD
Glyma.12G095700,WGD
Glyma.12G095800,WGD
Glyma.12G095900,WGD
Glyma.12G096000,WGD
Glyma.12G096100,WGD
Glyma.12G096300,WGD
Glyma.12G096400,WGD
Glyma.12G096500,WGD
Glyma.12G096600,WGD
Glyma.12G096700,WGD
Glyma.12G096800,WGD
Glyma.12G096900,WGD
Glyma.12G097100,WGD
Glyma.12G097200,WGD
Glyma.12G097300,WGD
Glyma.12G097400,WGD
Glyma.12G097500,WGD
Glyma.12G097700,WGD
Glyma.12G097800,WGD
Glyma.12G097900,WGD
Glyma.12G098200,WGD
Glyma.12G098300,WGD
Glyma.12G098400,WGD
Glyma.12G098600,WGD
Glyma.12G098667,WGD
Glyma.12G098800,WGD
Glyma.12G098900,WGD
Glyma.12G099000,WGD
Glyma.12G099100,WGD
Glyma.12G099200,WGD
Glyma.12G099300,WGD
Glyma.12G099500,WGD
Glyma.12G099700,WGD
Glyma.12G099800,WGD
Glyma.12G099900,WGD
Glyma.12G100100,WGD
Glyma.12G100300,WGD
Glyma.12G100400,WGD
Glyma.12G100500,WGD
Glyma.12G100600,WGD
Glyma.12G101200,WGD
Glyma.12G101500,WGD
Glyma.12G102000,WGD
Glyma.12G102300,WGD
Glyma.12G102400,WGD
Glyma.12G102600,WGD
Glyma.12G102700,WGD
Glyma.12G102800,WGD
Glyma.12G102900,WGD
Glyma.12G103100,WGD
Glyma.12G103200,WGD
Glyma.12G103500,WGD
Glyma.12G103600,WGD
Glyma.12G103700,WGD
Glyma.12G103800,WGD
Glyma.12G103900,WGD
Glyma.12G104000,WGD
Glyma.12G104100,WGD
Glyma.12G104200,WGD
Glyma.12G104500,WGD
Glyma.12G104600,WGD
Glyma.12G105400,WGD
Glyma.12G105600,WGD
Glyma.12G105700,WGD
Glyma.12G105900,WGD
Glyma.12G106400,WGD
Glyma.12G106600,WGD
Glyma.12G106800,WGD
Glyma.12G106900,WGD
Glyma.12G107000,WGD
Glyma.12G107100,WGD
Glyma.12G107200,WGD
Glyma.12G107300,WGD
Glyma.12G107500,WGD
Glyma.12G107600,WGD
Glyma.12G107700,WGD
Glyma.12G108000,WGD
Glyma.12G108100,WGD
Glyma.12G108200,WGD
Glyma.12G108400,WGD
Glyma.12G108500,WGD
Glyma.12G108600,WGD
Glyma.12G108900,WGD
Glyma.12G109302,WGD
Glyma.12G109500,WGD
Glyma.12G109600,WGD
Glyma.12G109700,WGD
Glyma.12G109800,WGD
Glyma.12G110100,WGD
Glyma.12G110400,WGD
Glyma.12G110600,WGD
Glyma.12G110700,WGD
Glyma.12G111100,WGD
Glyma.12G111200,WGD
Glyma.12G111400,WGD
Glyma.12G111700,WGD
Glyma.12G111800,WGD
Glyma.12G111866,WGD
Glyma.12G111932,WGD
Glyma.12G112000,WGD
Glyma.12G112100,WGD
Glyma.12G112500,WGD
Glyma.12G112600,WGD
Glyma.12G113100,WGD
Glyma.12G113200,WGD
Glyma.12G113302,WGD
Glyma.12G113400,WGD
Glyma.12G113500,WGD
Glyma.12G114000,WGD
Glyma.12G114100,WGD
Glyma.12G114200,WGD
Glyma.12G114300,WGD
Glyma.12G114500,WGD
Glyma.12G114600,WGD
Glyma.12G115600,WGD
Glyma.12G116100,WGD
Glyma.12G116200,WGD
Glyma.12G116300,WGD
Glyma.12G116400,WGD
Glyma.12G116500,WGD
Glyma.12G116700,WGD
Glyma.12G116900,WGD
Glyma.12G117000,WGD
Glyma.12G117102,WGD
Glyma.12G117300,WGD
Glyma.12G117400,WGD
Glyma.12G117500,WGD
Glyma.12G117600,WGD
Glyma.12G117700,WGD
Glyma.12G117800,WGD
Glyma.12G117900,WGD
Glyma.12G118600,WGD
Glyma.12G118700,WGD
Glyma.12G118800,WGD
Glyma.12G119000,WGD
Glyma.12G119200,WGD
Glyma.12G119300,WGD
Glyma.12G119600,WGD
Glyma.12G119800,WGD
Glyma.12G119900,WGD
Glyma.12G120100,WGD
Glyma.12G120200,WGD
Glyma.12G120300,WGD
Glyma.12G120400,WGD
Glyma.12G120500,WGD
Glyma.12G120600,WGD
Glyma.12G120700,WGD
Glyma.12G120800,WGD
Glyma.12G121000,WGD
Glyma.12G121100,WGD
Glyma.12G121200,WGD
Glyma.12G121400,WGD
Glyma.12G121501,WGD
Glyma.12G121600,WGD
Glyma.12G121700,WGD
Glyma.12G121800,WGD
Glyma.12G122100,WGD
Glyma.12G122200,WGD
Glyma.12G122300,WGD
Glyma.12G122400,WGD
Glyma.12G122700,WGD
Glyma.12G122800,WGD
Glyma.12G122900,WGD
Glyma.12G123500,WGD
Glyma.12G123600,WGD
Glyma.12G126300,WGD
Glyma.12G126500,WGD
Glyma.12G127300,WGD
Glyma.12G127400,WGD
Glyma.12G127600,WGD
Glyma.12G128100,WGD
Glyma.12G128600,WGD
Glyma.12G128700,WGD
Glyma.12G128800,WGD
Glyma.12G128900,WGD
Glyma.12G129000,WGD
Glyma.12G129300,WGD
Glyma.12G129400,WGD
Glyma.12G129500,WGD
Glyma.12G129600,WGD
Glyma.12G129800,WGD
Glyma.12G129900,WGD
Glyma.12G130000,WGD
Glyma.12G130500,WGD
Glyma.12G130700,WGD
Glyma.12G131466,WGD
Glyma.12G131800,WGD
Glyma.12G132200,WGD
Glyma.12G132500,WGD
Glyma.12G132800,WGD
Glyma.12G133400,WGD
Glyma.12G133500,WGD
Glyma.12G133700,WGD
Glyma.12G134000,WGD
Glyma.12G134100,WGD
Glyma.12G134200,WGD
Glyma.12G134500,WGD
Glyma.12G134800,WGD
Glyma.12G134900,WGD
Glyma.12G135000,WGD
Glyma.12G135100,WGD
Glyma.12G135200,WGD
Glyma.12G135300,WGD
Glyma.12G135400,WGD
Glyma.12G135700,WGD
Glyma.12G136000,WGD
Glyma.12G136100,WGD
Glyma.12G136300,WGD
Glyma.12G136400,WGD
Glyma.12G136600,WGD
Glyma.12G136800,WGD
Glyma.12G136900,WGD
Glyma.12G137001,WGD
Glyma.12G137100,WGD
Glyma.12G137700,WGD
Glyma.12G137901,WGD
Glyma.12G138100,WGD
Glyma.12G139000,WGD
Glyma.12G139100,WGD
Glyma.12G139200,WGD
Glyma.12G139800,WGD
Glyma.12G140100,WGD
Glyma.12G140200,WGD
Glyma.12G140300,WGD
Glyma.12G140800,WGD
Glyma.12G141000,WGD
Glyma.12G141050,WGD
Glyma.12G141700,WGD
Glyma.12G141900,WGD
Glyma.12G142100,WGD
Glyma.12G142200,WGD
Glyma.12G142300,WGD
Glyma.12G142900,WGD
Glyma.12G143900,WGD
Glyma.12G144000,WGD
Glyma.12G144500,WGD
Glyma.12G145300,WGD
Glyma.12G145400,WGD
Glyma.12G145900,WGD
Glyma.12G146000,WGD
Glyma.12G146100,WGD
Glyma.12G146600,WGD
Glyma.12G146700,WGD
Glyma.12G146900,WGD
Glyma.12G147000,WGD
Glyma.12G147200,WGD
Glyma.12G147300,WGD
Glyma.12G147400,WGD
Glyma.12G147500,WGD
Glyma.12G147600,WGD
Glyma.12G147700,WGD
Glyma.12G147900,WGD
Glyma.12G148200,WGD
Glyma.12G148300,WGD
Glyma.12G148400,WGD
Glyma.12G148500,WGD
Glyma.12G148600,WGD
Glyma.12G148900,WGD
Glyma.12G149100,WGD
Glyma.12G149500,WGD
Glyma.12G149600,WGD
Glyma.12G150300,WGD
Glyma.12G150400,WGD
Glyma.12G150500,WGD
Glyma.12G150700,WGD
Glyma.12G150800,WGD
Glyma.12G150900,WGD
Glyma.12G151000,WGD
Glyma.12G151200,WGD
Glyma.12G151400,WGD
Glyma.12G151500,WGD
Glyma.12G151850,WGD
Glyma.12G153850,WGD
Glyma.12G154000,WGD
Glyma.12G154300,WGD
Glyma.12G154400,WGD
Glyma.12G154500,WGD
Glyma.12G155400,WGD
Glyma.12G155700,WGD
Glyma.12G155800,WGD
Glyma.12G156200,WGD
Glyma.12G156800,WGD
Glyma.12G156900,WGD
Glyma.12G157500,WGD
Glyma.12G157600,WGD
Glyma.12G157700,WGD
Glyma.12G158000,WGD
Glyma.12G158400,WGD
Glyma.12G158460,WGD
Glyma.12G158500,WGD
Glyma.12G158600,WGD
Glyma.12G158800,WGD
Glyma.12G158900,WGD
Glyma.12G158950,WGD
Glyma.12G159300,WGD
Glyma.12G159600,WGD
Glyma.12G160500,WGD
Glyma.12G160700,WGD
Glyma.12G160800,WGD
Glyma.12G161200,WGD
Glyma.12G161300,WGD
Glyma.12G161500,WGD
Glyma.12G161700,WGD
Glyma.12G162201,WGD
Glyma.12G162300,WGD
Glyma.12G162700,WGD
Glyma.12G162927,WGD
Glyma.12G162963,WGD
Glyma.12G162999,WGD
Glyma.12G163008,WGD
Glyma.12G163035,WGD
Glyma.12G163053,WGD
Glyma.12G163062,WGD
Glyma.12G163366,WGD
Glyma.12G163700,WGD
Glyma.12G164100,WGD
Glyma.12G164200,WGD
Glyma.12G164300,WGD
Glyma.12G164700,WGD
Glyma.12G164900,WGD
Glyma.12G165000,WGD
Glyma.12G165200,WGD
Glyma.12G165301,WGD
Glyma.12G165400,WGD
Glyma.12G165600,WGD
Glyma.12G165700,WGD
Glyma.12G165900,WGD
Glyma.12G166100,WGD
Glyma.12G166200,WGD
Glyma.12G166300,WGD
Glyma.12G166400,WGD
Glyma.12G166500,WGD
Glyma.12G166600,WGD
Glyma.12G166900,WGD
Glyma.12G167000,WGD
Glyma.12G167200,WGD
Glyma.12G167300,WGD
Glyma.12G167400,WGD
Glyma.12G167500,WGD
Glyma.12G167800,WGD
Glyma.12G168000,WGD
Glyma.12G168200,WGD
Glyma.12G168300,WGD
Glyma.12G168600,WGD
Glyma.12G168800,WGD
Glyma.12G168900,WGD
Glyma.12G169200,WGD
Glyma.12G169266,WGD
Glyma.12G169400,WGD
Glyma.12G169700,WGD
Glyma.12G169800,WGD
Glyma.12G169900,WGD
Glyma.12G170000,WGD
Glyma.12G170100,WGD
Glyma.12G170300,WGD
Glyma.12G170400,WGD
Glyma.12G170500,WGD
Glyma.12G170900,WGD
Glyma.12G171000,WGD
Glyma.12G171100,WGD
Glyma.12G171400,WGD
Glyma.12G171500,WGD
Glyma.12G171600,WGD
Glyma.12G171700,WGD
Glyma.12G172100,WGD
Glyma.12G172200,WGD
Glyma.12G172300,WGD
Glyma.12G172500,WGD
Glyma.12G172600,WGD
Glyma.12G172700,WGD
Glyma.12G172800,WGD
Glyma.12G173200,WGD
Glyma.12G173300,WGD
Glyma.12G173500,WGD
Glyma.12G173600,WGD
Glyma.12G173700,WGD
Glyma.12G173800,WGD
Glyma.12G174000,WGD
Glyma.12G174100,WGD
Glyma.12G174200,WGD
Glyma.12G174400,WGD
Glyma.12G174700,WGD
Glyma.12G174800,WGD
Glyma.12G174900,WGD
Glyma.12G175000,WGD
Glyma.12G175300,WGD
Glyma.12G175351,WGD
Glyma.12G175400,WGD
Glyma.12G175800,WGD
Glyma.12G176200,WGD
Glyma.12G176400,WGD
Glyma.12G176500,WGD
Glyma.12G176900,WGD
Glyma.12G177000,WGD
Glyma.12G177100,WGD
Glyma.12G177200,WGD
Glyma.12G177300,WGD
Glyma.12G177400,WGD
Glyma.12G177500,WGD
Glyma.12G177600,WGD
Glyma.12G177700,WGD
Glyma.12G177802,WGD
Glyma.12G177900,WGD
Glyma.12G178000,WGD
Glyma.12G178100,WGD
Glyma.12G178200,WGD
Glyma.12G178300,WGD
Glyma.12G178500,WGD
Glyma.12G178600,WGD
Glyma.12G178800,WGD
Glyma.12G178900,WGD
Glyma.12G179000,WGD
Glyma.12G179100,WGD
Glyma.12G179200,WGD
Glyma.12G179300,WGD
Glyma.12G179800,WGD
Glyma.12G179900,WGD
Glyma.12G180000,WGD
Glyma.12G180067,WGD
Glyma.12G180200,WGD
Glyma.12G180300,WGD
Glyma.12G180400,WGD
Glyma.12G180500,WGD
Glyma.12G180600,WGD
Glyma.12G180700,WGD
Glyma.12G180800,WGD
Glyma.12G180900,WGD
Glyma.12G181100,WGD
Glyma.12G181300,WGD
Glyma.12G181400,WGD
Glyma.12G181500,WGD
Glyma.12G181600,WGD
Glyma.12G181700,WGD
Glyma.12G181800,WGD
Glyma.12G181900,WGD
Glyma.12G182000,WGD
Glyma.12G182100,WGD
Glyma.12G182200,WGD
Glyma.12G182300,WGD
Glyma.12G182500,WGD
Glyma.12G182600,WGD
Glyma.12G182700,WGD
Glyma.12G183000,WGD
Glyma.12G183100,WGD
Glyma.12G183200,WGD
Glyma.12G183300,WGD
Glyma.12G183400,WGD
Glyma.12G183500,WGD
Glyma.12G183600,WGD
Glyma.12G183700,WGD
Glyma.12G183800,WGD
Glyma.12G183900,WGD
Glyma.12G184000,WGD
Glyma.12G184300,WGD
Glyma.12G184366,WGD
Glyma.12G184432,WGD
Glyma.12G184500,WGD
Glyma.12G184600,WGD
Glyma.12G184700,WGD
Glyma.12G184800,WGD
Glyma.12G184900,WGD
Glyma.12G185200,WGD
Glyma.12G185400,WGD
Glyma.12G185500,WGD
Glyma.12G185600,WGD
Glyma.12G185700,WGD
Glyma.12G185800,WGD
Glyma.12G185900,WGD
Glyma.12G186000,WGD
Glyma.12G186200,WGD
Glyma.12G186300,WGD
Glyma.12G186400,WGD
Glyma.12G186500,WGD
Glyma.12G186600,WGD
Glyma.12G186700,WGD
Glyma.12G186800,WGD
Glyma.12G186851,WGD
Glyma.12G186952,WGD
Glyma.12G187000,WGD
Glyma.12G187100,WGD
Glyma.12G187400,WGD
Glyma.12G187500,WGD
Glyma.12G187600,WGD
Glyma.12G187700,WGD
Glyma.12G187800,WGD
Glyma.12G188001,WGD
Glyma.12G188100,WGD
Glyma.12G188400,WGD
Glyma.12G188500,WGD
Glyma.12G188600,WGD
Glyma.12G188700,WGD
Glyma.12G188800,WGD
Glyma.12G188900,WGD
Glyma.12G189000,WGD
Glyma.12G189100,WGD
Glyma.12G189300,WGD
Glyma.12G189400,WGD
Glyma.12G189500,WGD
Glyma.12G189600,WGD
Glyma.12G189700,WGD
Glyma.12G189800,WGD
Glyma.12G189900,WGD
Glyma.12G190100,WGD
Glyma.12G190300,WGD
Glyma.12G190400,WGD
Glyma.12G190500,WGD
Glyma.12G190600,WGD
Glyma.12G190700,WGD
Glyma.12G190800,WGD
Glyma.12G190900,WGD
Glyma.12G191000,WGD
Glyma.12G191200,WGD
Glyma.12G191300,WGD
Glyma.12G191500,WGD
Glyma.12G191800,WGD
Glyma.12G192000,WGD
Glyma.12G192200,WGD
Glyma.12G192500,WGD
Glyma.12G192600,WGD
Glyma.12G192700,WGD
Glyma.12G192800,WGD
Glyma.12G193000,WGD
Glyma.12G193300,WGD
Glyma.12G193400,WGD
Glyma.12G193600,WGD
Glyma.12G193700,WGD
Glyma.12G193800,WGD
Glyma.12G193900,WGD
Glyma.12G194000,WGD
Glyma.12G194100,WGD
Glyma.12G194200,WGD
Glyma.12G194300,WGD
Glyma.12G194400,WGD
Glyma.12G194500,WGD
Glyma.12G194600,WGD
Glyma.12G194700,WGD
Glyma.12G194800,WGD
Glyma.12G195200,WGD
Glyma.12G195300,WGD
Glyma.12G195500,WGD
Glyma.12G195600,WGD
Glyma.12G195700,WGD
Glyma.12G195800,WGD
Glyma.12G195900,WGD
Glyma.12G196001,WGD
Glyma.12G196100,WGD
Glyma.12G196200,WGD
Glyma.12G196500,WGD
Glyma.12G196600,WGD
Glyma.12G196700,WGD
Glyma.12G196800,WGD
Glyma.12G197000,WGD
Glyma.12G197100,WGD
Glyma.12G197200,WGD
Glyma.12G197300,WGD
Glyma.12G197400,WGD
Glyma.12G197600,WGD
Glyma.12G197700,WGD
Glyma.12G197800,WGD
Glyma.12G197900,WGD
Glyma.12G198000,WGD
Glyma.12G198400,WGD
Glyma.12G198500,WGD
Glyma.12G198600,WGD
Glyma.12G198700,WGD
Glyma.12G198900,WGD
Glyma.12G199100,WGD
Glyma.12G199200,WGD
Glyma.12G199300,WGD
Glyma.12G199400,WGD
Glyma.12G199500,WGD
Glyma.12G199600,WGD
Glyma.12G199700,WGD
Glyma.12G199900,WGD
Glyma.12G200100,WGD
Glyma.12G200200,WGD
Glyma.12G200300,WGD
Glyma.12G200400,WGD
Glyma.12G200700,WGD
Glyma.12G200800,WGD
Glyma.12G200900,WGD
Glyma.12G201000,WGD
Glyma.12G201100,WGD
Glyma.12G201200,WGD
Glyma.12G201500,WGD
Glyma.12G201700,WGD
Glyma.12G201800,WGD
Glyma.12G201900,WGD
Glyma.12G202000,WGD
Glyma.12G202201,WGD
Glyma.12G202400,WGD
Glyma.12G202500,WGD
Glyma.12G202600,WGD
Glyma.12G202700,WGD
Glyma.12G202800,WGD
Glyma.12G203000,WGD
Glyma.12G203100,WGD
Glyma.12G203200,WGD
Glyma.12G203300,WGD
Glyma.12G203500,WGD
Glyma.12G203600,WGD
Glyma.12G203700,WGD
Glyma.12G203751,WGD
Glyma.12G203800,WGD
Glyma.12G203900,WGD
Glyma.12G203966,WGD
Glyma.12G204300,WGD
Glyma.12G204400,WGD
Glyma.12G204500,WGD
Glyma.12G204700,WGD
Glyma.12G204900,WGD
Glyma.12G205000,WGD
Glyma.12G205100,WGD
Glyma.12G205200,WGD
Glyma.12G205300,WGD
Glyma.12G205400,WGD
Glyma.12G205500,WGD
Glyma.12G205700,WGD
Glyma.12G205800,WGD
Glyma.12G205900,WGD
Glyma.12G206000,WGD
Glyma.12G206100,WGD
Glyma.12G206200,WGD
Glyma.12G206300,WGD
Glyma.12G206400,WGD
Glyma.12G206500,WGD
Glyma.12G206600,WGD
Glyma.12G206700,WGD
Glyma.12G206800,WGD
Glyma.12G206900,WGD
Glyma.12G207000,WGD
Glyma.12G207200,WGD
Glyma.12G207400,WGD
Glyma.12G207500,WGD
Glyma.12G207600,WGD
Glyma.12G207700,WGD
Glyma.12G207900,WGD
Glyma.12G208000,WGD
Glyma.12G208100,WGD
Glyma.12G208200,WGD
Glyma.12G208400,WGD
Glyma.12G208500,WGD
Glyma.12G208600,WGD
Glyma.12G208800,WGD
Glyma.12G208900,WGD
Glyma.12G209000,WGD
Glyma.12G209100,WGD
Glyma.12G209200,WGD
Glyma.12G209300,WGD
Glyma.12G209400,WGD
Glyma.12G209500,WGD
Glyma.12G209600,WGD
Glyma.12G209700,WGD
Glyma.12G209800,WGD
Glyma.12G209900,WGD
Glyma.12G210000,WGD
Glyma.12G210100,WGD
Glyma.12G210200,WGD
Glyma.12G210300,WGD
Glyma.12G210400,WGD
Glyma.12G210500,WGD
Glyma.12G210600,WGD
Glyma.12G210800,WGD
Glyma.12G210900,WGD
Glyma.12G211000,WGD
Glyma.12G211300,WGD
Glyma.12G211400,WGD
Glyma.12G211600,WGD
Glyma.12G211700,WGD
Glyma.12G211800,WGD
Glyma.12G211900,WGD
Glyma.12G212000,WGD
Glyma.12G212100,WGD
Glyma.12G212200,WGD
Glyma.12G212300,WGD
Glyma.12G212400,WGD
Glyma.12G212500,WGD
Glyma.12G212600,WGD
Glyma.12G212802,WGD
Glyma.12G212900,WGD
Glyma.12G213100,WGD
Glyma.12G213200,WGD
Glyma.12G213300,WGD
Glyma.12G213400,WGD
Glyma.12G213500,WGD
Glyma.12G213600,WGD
Glyma.12G213700,WGD
Glyma.12G214100,WGD
Glyma.12G214200,WGD
Glyma.12G214300,WGD
Glyma.12G214400,WGD
Glyma.12G214500,WGD
Glyma.12G214600,WGD
Glyma.12G214700,WGD
Glyma.12G214800,WGD
Glyma.12G214900,WGD
Glyma.12G215000,WGD
Glyma.12G215100,WGD
Glyma.12G215200,WGD
Glyma.12G215300,WGD
Glyma.12G215400,WGD
Glyma.12G215500,WGD
Glyma.12G215700,WGD
Glyma.12G215800,WGD
Glyma.12G215900,WGD
Glyma.12G216000,WGD
Glyma.12G216100,WGD
Glyma.12G216200,WGD
Glyma.12G216300,WGD
Glyma.12G216500,WGD
Glyma.12G216700,WGD
Glyma.12G216800,WGD
Glyma.12G216900,WGD
Glyma.12G217200,WGD
Glyma.12G217300,WGD
Glyma.12G217500,WGD
Glyma.12G217600,WGD
Glyma.12G217700,WGD
Glyma.12G217800,WGD
Glyma.12G217900,WGD
Glyma.12G218200,WGD
Glyma.12G218700,WGD
Glyma.12G219300,WGD
Glyma.12G219400,WGD
Glyma.12G219500,WGD
Glyma.12G219600,WGD
Glyma.12G219700,WGD
Glyma.12G219800,WGD
Glyma.12G220000,WGD
Glyma.12G220200,WGD
Glyma.12G220400,WGD
Glyma.12G220500,WGD
Glyma.12G220600,WGD
Glyma.12G220900,WGD
Glyma.12G221000,WGD
Glyma.12G221100,WGD
Glyma.12G221200,WGD
Glyma.12G221400,WGD
Glyma.12G221500,WGD
Glyma.12G221600,WGD
Glyma.12G221800,WGD
Glyma.12G222000,WGD
Glyma.12G222100,WGD
Glyma.12G222200,WGD
Glyma.12G222400,WGD
Glyma.12G222500,WGD
Glyma.12G222600,WGD
Glyma.12G222700,WGD
Glyma.12G222800,WGD
Glyma.12G223000,WGD
Glyma.12G223100,WGD
Glyma.12G223200,WGD
Glyma.12G223400,WGD
Glyma.12G223500,WGD
Glyma.12G223700,WGD
Glyma.12G224000,WGD
Glyma.12G224200,WGD
Glyma.12G224300,WGD
Glyma.12G224400,WGD
Glyma.12G224500,WGD
Glyma.12G224600,WGD
Glyma.12G224700,WGD
Glyma.12G224800,WGD
Glyma.12G224900,WGD
Glyma.12G225000,WGD
Glyma.12G225100,WGD
Glyma.12G225200,WGD
Glyma.12G225300,WGD
Glyma.12G225400,WGD
Glyma.12G225600,WGD
Glyma.12G225800,WGD
Glyma.12G225900,WGD
Glyma.12G226000,WGD
Glyma.12G226100,WGD
Glyma.12G226200,WGD
Glyma.12G226300,WGD
Glyma.12G226400,WGD
Glyma.12G226500,WGD
Glyma.12G226600,WGD
Glyma.12G226700,WGD
Glyma.12G226900,WGD
Glyma.12G227000,WGD
Glyma.12G227100,WGD
Glyma.12G227200,WGD
Glyma.12G227300,WGD
Glyma.12G227400,WGD
Glyma.12G227500,WGD
Glyma.12G227600,WGD
Glyma.12G227700,WGD
Glyma.12G227900,WGD
Glyma.12G227966,WGD
Glyma.12G228100,WGD
Glyma.12G228200,WGD
Glyma.12G228300,WGD
Glyma.12G228366,WGD
Glyma.12G228400,WGD
Glyma.12G228500,WGD
Glyma.12G228600,WGD
Glyma.12G228700,WGD
Glyma.12G228800,WGD
Glyma.12G228900,WGD
Glyma.12G229200,WGD
Glyma.12G229300,WGD
Glyma.12G229400,WGD
Glyma.12G229500,WGD
Glyma.12G229600,WGD
Glyma.12G229700,WGD
Glyma.12G229800,WGD
Glyma.12G229900,WGD
Glyma.12G230000,WGD
Glyma.12G230200,WGD
Glyma.12G230300,WGD
Glyma.12G230400,WGD
Glyma.12G230500,WGD
Glyma.12G230600,WGD
Glyma.12G230700,WGD
Glyma.12G230800,WGD
Glyma.12G230900,WGD
Glyma.12G231033,WGD
Glyma.12G231100,WGD
Glyma.12G231200,WGD
Glyma.12G231300,WGD
Glyma.12G231400,WGD
Glyma.12G231700,WGD
Glyma.12G231800,WGD
Glyma.12G233100,WGD
Glyma.12G233400,WGD
Glyma.12G233500,WGD
Glyma.12G233800,WGD
Glyma.12G233900,WGD
Glyma.12G234000,WGD
Glyma.12G234200,WGD
Glyma.12G234300,WGD
Glyma.12G234500,WGD
Glyma.12G234600,WGD
Glyma.12G235000,WGD
Glyma.12G235100,WGD
Glyma.12G235400,WGD
Glyma.12G235500,WGD
Glyma.12G235600,WGD
Glyma.12G235700,WGD
Glyma.12G235800,WGD
Glyma.12G235900,WGD
Glyma.12G236000,WGD
Glyma.12G236300,WGD
Glyma.12G236400,WGD
Glyma.12G236600,WGD
Glyma.12G236650,WGD
Glyma.12G236800,WGD
Glyma.12G236900,WGD
Glyma.12G237000,WGD
Glyma.12G237100,WGD
Glyma.12G237300,WGD
Glyma.12G237367,WGD
Glyma.12G237500,WGD
Glyma.12G237600,WGD
Glyma.12G237700,WGD
Glyma.12G237800,WGD
Glyma.12G238100,WGD
Glyma.12G238300,WGD
Glyma.12G238400,WGD
Glyma.12G238500,WGD
Glyma.12G238700,WGD
Glyma.12G238800,WGD
Glyma.12G238900,WGD
Glyma.12G239500,WGD
Glyma.12G239600,WGD
Glyma.12G239900,WGD
Glyma.12G240000,WGD
Glyma.12G240300,WGD
Glyma.12G240400,WGD
Glyma.12G240600,WGD
Glyma.12G240700,WGD
Glyma.12G240800,WGD
Glyma.12G241100,WGD
Glyma.12G241300,WGD
Glyma.12G241400,WGD
Glyma.12G241600,WGD
Glyma.12G241700,WGD
Glyma.12G241800,WGD
Glyma.12G241900,WGD
Glyma.12G242200,WGD
Glyma.12G242300,WGD
Glyma.12G242451,WGD
Glyma.13G001500,WGD
Glyma.13G001700,WGD
Glyma.13G001800,WGD
Glyma.13G001900,WGD
Glyma.13G002000,WGD
Glyma.13G002100,WGD
Glyma.13G002200,WGD
Glyma.13G002400,WGD
Glyma.13G002500,WGD
Glyma.13G002700,WGD
Glyma.13G002800,WGD
Glyma.13G002900,WGD
Glyma.13G003200,WGD
Glyma.13G003700,WGD
Glyma.13G003900,WGD
Glyma.13G004000,WGD
Glyma.13G004100,WGD
Glyma.13G004200,WGD
Glyma.13G004400,WGD
Glyma.13G004600,WGD
Glyma.13G004800,WGD
Glyma.13G005100,WGD
Glyma.13G005300,WGD
Glyma.13G005500,WGD
Glyma.13G005833,WGD
Glyma.13G006500,WGD
Glyma.13G006700,WGD
Glyma.13G007800,WGD
Glyma.13G007902,WGD
Glyma.13G008500,WGD
Glyma.13G009300,WGD
Glyma.13G010100,WGD
Glyma.13G010200,WGD
Glyma.13G025800,WGD
Glyma.13G026600,WGD
Glyma.13G026700,WGD
Glyma.13G027300,WGD
Glyma.13G027600,WGD
Glyma.13G027800,WGD
Glyma.13G030300,WGD
Glyma.13G030400,WGD
Glyma.13G030500,WGD
Glyma.13G030600,WGD
Glyma.13G030700,WGD
Glyma.13G030900,WGD
Glyma.13G031100,WGD
Glyma.13G031200,WGD
Glyma.13G031300,WGD
Glyma.13G031400,WGD
Glyma.13G031500,WGD
Glyma.13G031600,WGD
Glyma.13G032200,WGD
Glyma.13G032300,WGD
Glyma.13G032400,WGD
Glyma.13G032500,WGD
Glyma.13G034100,WGD
Glyma.13G034200,WGD
Glyma.13G034500,WGD
Glyma.13G034600,WGD
Glyma.13G034700,WGD
Glyma.13G035100,WGD
Glyma.13G035200,WGD
Glyma.13G035300,WGD
Glyma.13G035400,WGD
Glyma.13G035500,WGD
Glyma.13G035600,WGD
Glyma.13G035700,WGD
Glyma.13G035800,WGD
Glyma.13G035950,WGD
Glyma.13G036000,WGD
Glyma.13G036100,WGD
Glyma.13G036300,WGD
Glyma.13G036400,WGD
Glyma.13G036600,WGD
Glyma.13G036700,WGD
Glyma.13G036800,WGD
Glyma.13G037000,WGD
Glyma.13G037100,WGD
Glyma.13G037300,WGD
Glyma.13G037600,WGD
Glyma.13G037900,WGD
Glyma.13G038300,WGD
Glyma.13G038600,WGD
Glyma.13G038900,WGD
Glyma.13G039000,WGD
Glyma.13G039200,WGD
Glyma.13G039800,WGD
Glyma.13G039900,WGD
Glyma.13G040200,WGD
Glyma.13G040300,WGD
Glyma.13G040400,WGD
Glyma.13G040500,WGD
Glyma.13G041100,WGD
Glyma.13G041200,WGD
Glyma.13G041300,WGD
Glyma.13G041500,WGD
Glyma.13G041700,WGD
Glyma.13G041800,WGD
Glyma.13G042000,WGD
Glyma.13G042100,WGD
Glyma.13G042200,WGD
Glyma.13G042300,WGD
Glyma.13G042400,WGD
Glyma.13G042600,WGD
Glyma.13G042800,WGD
Glyma.13G042900,WGD
Glyma.13G043500,WGD
Glyma.13G043900,WGD
Glyma.13G044100,WGD
Glyma.13G044200,WGD
Glyma.13G044500,WGD
Glyma.13G044600,WGD
Glyma.13G044800,WGD
Glyma.13G044900,WGD
Glyma.13G045000,WGD
Glyma.13G045100,WGD
Glyma.13G045200,WGD
Glyma.13G045300,WGD
Glyma.13G045400,WGD
Glyma.13G045600,WGD
Glyma.13G045700,WGD
Glyma.13G045800,WGD
Glyma.13G045900,WGD
Glyma.13G046000,WGD
Glyma.13G046100,WGD
Glyma.13G046200,WGD
Glyma.13G046300,WGD
Glyma.13G046400,WGD
Glyma.13G046600,WGD
Glyma.13G046700,WGD
Glyma.13G046800,WGD
Glyma.13G046900,WGD
Glyma.13G047100,WGD
Glyma.13G047300,WGD
Glyma.13G047400,WGD
Glyma.13G047500,WGD
Glyma.13G047700,WGD
Glyma.13G047900,WGD
Glyma.13G048600,WGD
Glyma.13G049000,WGD
Glyma.13G049100,WGD
Glyma.13G049200,WGD
Glyma.13G049300,WGD
Glyma.13G049400,WGD
Glyma.13G049500,WGD
Glyma.13G049600,WGD
Glyma.13G049700,WGD
Glyma.13G049800,WGD
Glyma.13G049900,WGD
Glyma.13G050051,WGD
Glyma.13G050200,WGD
Glyma.13G050300,WGD
Glyma.13G050400,WGD
Glyma.13G050600,WGD
Glyma.13G050700,WGD
Glyma.13G050800,WGD
Glyma.13G050900,WGD
Glyma.13G051100,WGD
Glyma.13G051400,WGD
Glyma.13G051500,WGD
Glyma.13G051700,WGD
Glyma.13G052000,WGD
Glyma.13G052100,WGD
Glyma.13G052700,WGD
Glyma.13G052800,WGD
Glyma.13G052900,WGD
Glyma.13G053000,WGD
Glyma.13G053100,WGD
Glyma.13G053200,WGD
Glyma.13G053300,WGD
Glyma.13G053400,WGD
Glyma.13G053500,WGD
Glyma.13G053900,WGD
Glyma.13G054200,WGD
Glyma.13G054500,WGD
Glyma.13G054600,WGD
Glyma.13G054700,WGD
Glyma.13G055300,WGD
Glyma.13G055400,WGD
Glyma.13G055600,WGD
Glyma.13G055700,WGD
Glyma.13G056000,WGD
Glyma.13G056100,WGD
Glyma.13G056200,WGD
Glyma.13G056300,WGD
Glyma.13G056500,WGD
Glyma.13G056600,WGD
Glyma.13G056800,WGD
Glyma.13G056900,WGD
Glyma.13G057000,WGD
Glyma.13G057300,WGD
Glyma.13G057400,WGD
Glyma.13G057500,WGD
Glyma.13G057600,WGD
Glyma.13G057700,WGD
Glyma.13G057800,WGD
Glyma.13G058100,WGD
Glyma.13G058400,WGD
Glyma.13G058600,WGD
Glyma.13G058700,WGD
Glyma.13G058800,WGD
Glyma.13G058900,WGD
Glyma.13G059000,WGD
Glyma.13G059100,WGD
Glyma.13G059200,WGD
Glyma.13G059300,WGD
Glyma.13G059400,WGD
Glyma.13G059700,WGD
Glyma.13G060100,WGD
Glyma.13G060202,WGD
Glyma.13G060300,WGD
Glyma.13G060400,WGD
Glyma.13G060600,WGD
Glyma.13G060700,WGD
Glyma.13G060751,WGD
Glyma.13G060852,WGD
Glyma.13G060900,WGD
Glyma.13G061200,WGD
Glyma.13G061500,WGD
Glyma.13G061900,WGD
Glyma.13G062000,WGD
Glyma.13G062200,WGD
Glyma.13G062300,WGD
Glyma.13G062400,WGD
Glyma.13G062500,WGD
Glyma.13G062600,WGD
Glyma.13G062700,WGD
Glyma.13G062800,WGD
Glyma.13G063100,WGD
Glyma.13G063200,WGD
Glyma.13G063300,WGD
Glyma.13G063500,WGD
Glyma.13G063600,WGD
Glyma.13G063700,WGD
Glyma.13G063800,WGD
Glyma.13G064000,WGD
Glyma.13G064100,WGD
Glyma.13G064200,WGD
Glyma.13G064300,WGD
Glyma.13G064500,WGD
Glyma.13G064602,WGD
Glyma.13G064700,WGD
Glyma.13G064900,WGD
Glyma.13G065000,WGD
Glyma.13G065400,WGD
Glyma.13G065500,WGD
Glyma.13G065800,WGD
Glyma.13G065900,WGD
Glyma.13G066100,WGD
Glyma.13G066500,WGD
Glyma.13G066600,WGD
Glyma.13G066700,WGD
Glyma.13G066800,WGD
Glyma.13G066900,WGD
Glyma.13G067000,WGD
Glyma.13G067101,WGD
Glyma.13G067300,WGD
Glyma.13G067400,WGD
Glyma.13G067500,WGD
Glyma.13G067600,WGD
Glyma.13G067800,WGD
Glyma.13G067900,WGD
Glyma.13G068000,WGD
Glyma.13G068100,WGD
Glyma.13G068200,WGD
Glyma.13G068400,WGD
Glyma.13G068500,WGD
Glyma.13G069100,WGD
Glyma.13G069200,WGD
Glyma.13G069300,WGD
Glyma.13G069400,WGD
Glyma.13G069900,WGD
Glyma.13G070100,WGD
Glyma.13G070300,WGD
Glyma.13G070400,WGD
Glyma.13G070450,WGD
Glyma.13G070500,WGD
Glyma.13G070700,WGD
Glyma.13G070800,WGD
Glyma.13G070900,WGD
Glyma.13G071300,WGD
Glyma.13G071600,WGD
Glyma.13G071800,WGD
Glyma.13G071900,WGD
Glyma.13G072000,WGD
Glyma.13G072200,WGD
Glyma.13G072500,WGD
Glyma.13G072600,WGD
Glyma.13G072700,WGD
Glyma.13G072800,WGD
Glyma.13G073200,WGD
Glyma.13G073300,WGD
Glyma.13G073400,WGD
Glyma.13G073500,WGD
Glyma.13G073800,WGD
Glyma.13G073900,WGD
Glyma.13G074600,WGD
Glyma.13G074800,WGD
Glyma.13G075000,WGD
Glyma.13G075300,WGD
Glyma.13G075700,WGD
Glyma.13G076300,WGD
Glyma.13G076600,WGD
Glyma.13G076700,WGD
Glyma.13G076900,WGD
Glyma.13G077100,WGD
Glyma.13G077151,WGD
Glyma.13G077300,WGD
Glyma.13G077800,WGD
Glyma.13G078000,WGD
Glyma.13G078201,WGD
Glyma.13G078400,WGD
Glyma.13G078500,WGD
Glyma.13G078800,WGD
Glyma.13G078900,WGD
Glyma.13G079000,WGD
Glyma.13G079300,WGD
Glyma.13G079800,WGD
Glyma.13G079900,WGD
Glyma.13G080100,WGD
Glyma.13G080300,WGD
Glyma.13G080400,WGD
Glyma.13G080500,WGD
Glyma.13G080702,WGD
Glyma.13G080800,WGD
Glyma.13G081000,WGD
Glyma.13G081100,WGD
Glyma.13G081400,WGD
Glyma.13G081600,WGD
Glyma.13G081700,WGD
Glyma.13G081900,WGD
Glyma.13G082100,WGD
Glyma.13G082200,WGD
Glyma.13G082300,WGD
Glyma.13G082350,WGD
Glyma.13G082700,WGD
Glyma.13G082800,WGD
Glyma.13G083000,WGD
Glyma.13G083100,WGD
Glyma.13G083300,WGD
Glyma.13G083400,WGD
Glyma.13G083500,WGD
Glyma.13G083900,WGD
Glyma.13G084000,WGD
Glyma.13G084100,WGD
Glyma.13G084300,WGD
Glyma.13G084500,WGD
Glyma.13G084600,WGD
Glyma.13G084700,WGD
Glyma.13G084800,WGD
Glyma.13G085000,WGD
Glyma.13G085100,WGD
Glyma.13G085400,WGD
Glyma.13G085700,WGD
Glyma.13G086000,WGD
Glyma.13G086200,WGD
Glyma.13G086300,WGD
Glyma.13G086400,WGD
Glyma.13G086900,WGD
Glyma.13G087000,WGD
Glyma.13G087100,WGD
Glyma.13G087200,WGD
Glyma.13G087300,WGD
Glyma.13G087400,WGD
Glyma.13G087700,WGD
Glyma.13G087800,WGD
Glyma.13G087900,WGD
Glyma.13G088000,WGD
Glyma.13G088100,WGD
Glyma.13G088200,WGD
Glyma.13G088300,WGD
Glyma.13G088400,WGD
Glyma.13G088600,WGD
Glyma.13G088800,WGD
Glyma.13G088900,WGD
Glyma.13G089000,WGD
Glyma.13G089100,WGD
Glyma.13G089200,WGD
Glyma.13G089300,WGD
Glyma.13G089600,WGD
Glyma.13G089700,WGD
Glyma.13G089800,WGD
Glyma.13G090000,WGD
Glyma.13G090300,WGD
Glyma.13G090900,WGD
Glyma.13G091000,WGD
Glyma.13G091100,WGD
Glyma.13G091200,WGD
Glyma.13G091300,WGD
Glyma.13G091400,WGD
Glyma.13G091500,WGD
Glyma.13G091600,WGD
Glyma.13G091700,WGD
Glyma.13G091800,WGD
Glyma.13G091900,WGD
Glyma.13G092000,WGD
Glyma.13G092100,WGD
Glyma.13G092300,WGD
Glyma.13G092500,WGD
Glyma.13G092700,WGD
Glyma.13G092800,WGD
Glyma.13G093000,WGD
Glyma.13G093100,WGD
Glyma.13G093266,WGD
Glyma.13G093400,WGD
Glyma.13G093500,WGD
Glyma.13G093600,WGD
Glyma.13G093700,WGD
Glyma.13G093800,WGD
Glyma.13G093866,WGD
Glyma.13G094000,WGD
Glyma.13G094100,WGD
Glyma.13G094400,WGD
Glyma.13G094500,WGD
Glyma.13G094600,WGD
Glyma.13G094800,WGD
Glyma.13G094900,WGD
Glyma.13G095000,WGD
Glyma.13G095400,WGD
Glyma.13G095500,WGD
Glyma.13G095600,WGD
Glyma.13G095700,WGD
Glyma.13G095800,WGD
Glyma.13G096000,WGD
Glyma.13G096100,WGD
Glyma.13G096200,WGD
Glyma.13G096300,WGD
Glyma.13G096500,WGD
Glyma.13G096600,WGD
Glyma.13G096700,WGD
Glyma.13G096800,WGD
Glyma.13G096900,WGD
Glyma.13G097000,WGD
Glyma.13G097300,WGD
Glyma.13G097400,WGD
Glyma.13G097500,WGD
Glyma.13G097600,WGD
Glyma.13G097800,WGD
Glyma.13G097900,WGD
Glyma.13G098000,WGD
Glyma.13G098100,WGD
Glyma.13G098200,WGD
Glyma.13G098400,WGD
Glyma.13G098500,WGD
Glyma.13G098600,WGD
Glyma.13G099200,WGD
Glyma.13G099300,WGD
Glyma.13G099400,WGD
Glyma.13G099500,WGD
Glyma.13G099600,WGD
Glyma.13G099700,WGD
Glyma.13G099800,WGD
Glyma.13G099900,WGD
Glyma.13G100000,WGD
Glyma.13G100100,WGD
Glyma.13G100200,WGD
Glyma.13G100300,WGD
Glyma.13G100400,WGD
Glyma.13G100500,WGD
Glyma.13G100600,WGD
Glyma.13G100700,WGD
Glyma.13G100800,WGD
Glyma.13G101000,WGD
Glyma.13G101100,WGD
Glyma.13G101166,WGD
Glyma.13G101300,WGD
Glyma.13G101400,WGD
Glyma.13G101500,WGD
Glyma.13G101600,WGD
Glyma.13G101700,WGD
Glyma.13G101800,WGD
Glyma.13G101900,WGD
Glyma.13G102000,WGD
Glyma.13G102100,WGD
Glyma.13G102200,WGD
Glyma.13G102300,WGD
Glyma.13G102400,WGD
Glyma.13G102550,WGD
Glyma.13G102700,WGD
Glyma.13G102800,WGD
Glyma.13G102900,WGD
Glyma.13G103000,WGD
Glyma.13G103100,WGD
Glyma.13G103200,WGD
Glyma.13G103400,WGD
Glyma.13G103500,WGD
Glyma.13G103700,WGD
Glyma.13G103900,WGD
Glyma.13G104000,WGD
Glyma.13G104100,WGD
Glyma.13G104300,WGD
Glyma.13G104400,WGD
Glyma.13G104600,WGD
Glyma.13G105000,WGD
Glyma.13G105400,WGD
Glyma.13G105501,WGD
Glyma.13G105600,WGD
Glyma.13G105700,WGD
Glyma.13G105800,WGD
Glyma.13G105900,WGD
Glyma.13G106000,WGD
Glyma.13G106100,WGD
Glyma.13G106200,WGD
Glyma.13G106300,WGD
Glyma.13G106400,WGD
Glyma.13G106467,WGD
Glyma.13G106600,WGD
Glyma.13G106700,WGD
Glyma.13G106800,WGD
Glyma.13G106900,WGD
Glyma.13G107100,WGD
Glyma.13G107200,WGD
Glyma.13G107300,WGD
Glyma.13G107400,WGD
Glyma.13G107500,WGD
Glyma.13G107602,WGD
Glyma.13G107700,WGD
Glyma.13G107800,WGD
Glyma.13G107900,WGD
Glyma.13G108100,WGD
Glyma.13G108200,WGD
Glyma.13G108300,WGD
Glyma.13G108400,WGD
Glyma.13G108500,WGD
Glyma.13G108600,WGD
Glyma.13G108800,WGD
Glyma.13G109100,WGD
Glyma.13G109200,WGD
Glyma.13G109300,WGD
Glyma.13G109500,WGD
Glyma.13G109600,WGD
Glyma.13G109700,WGD
Glyma.13G110000,WGD
Glyma.13G110100,WGD
Glyma.13G110200,WGD
Glyma.13G110250,WGD
Glyma.13G110300,WGD
Glyma.13G110400,WGD
Glyma.13G110500,WGD
Glyma.13G110651,WGD
Glyma.13G110700,WGD
Glyma.13G110800,WGD
Glyma.13G110900,WGD
Glyma.13G111100,WGD
Glyma.13G111200,WGD
Glyma.13G111400,WGD
Glyma.13G111500,WGD
Glyma.13G111700,WGD
Glyma.13G111800,WGD
Glyma.13G111900,WGD
Glyma.13G112000,WGD
Glyma.13G112100,WGD
Glyma.13G112200,WGD
Glyma.13G112300,WGD
Glyma.13G112400,WGD
Glyma.13G112500,WGD
Glyma.13G112600,WGD
Glyma.13G112700,WGD
Glyma.13G112900,WGD
Glyma.13G113000,WGD
Glyma.13G113100,WGD
Glyma.13G113200,WGD
Glyma.13G113300,WGD
Glyma.13G113400,WGD
Glyma.13G113500,WGD
Glyma.13G113800,WGD
Glyma.13G113900,WGD
Glyma.13G114000,WGD
Glyma.13G114200,WGD
Glyma.13G114300,WGD
Glyma.13G114600,WGD
Glyma.13G114700,WGD
Glyma.13G114800,WGD
Glyma.13G114900,WGD
Glyma.13G115000,WGD
Glyma.13G115200,WGD
Glyma.13G115300,WGD
Glyma.13G115400,WGD
Glyma.13G115500,WGD
Glyma.13G115600,WGD
Glyma.13G115700,WGD
Glyma.13G115800,WGD
Glyma.13G115900,WGD
Glyma.13G116000,WGD
Glyma.13G116100,WGD
Glyma.13G116200,WGD
Glyma.13G116300,WGD
Glyma.13G116400,WGD
Glyma.13G116600,WGD
Glyma.13G116700,WGD
Glyma.13G116800,WGD
Glyma.13G116900,WGD
Glyma.13G117000,WGD
Glyma.13G117100,WGD
Glyma.13G117200,WGD
Glyma.13G117300,WGD
Glyma.13G117400,WGD
Glyma.13G117500,WGD
Glyma.13G117600,WGD
Glyma.13G117700,WGD
Glyma.13G118100,WGD
Glyma.13G118200,WGD
Glyma.13G118300,WGD
Glyma.13G118400,WGD
Glyma.13G118600,WGD
Glyma.13G119100,WGD
Glyma.13G119200,WGD
Glyma.13G119500,WGD
Glyma.13G119600,WGD
Glyma.13G119800,WGD
Glyma.13G119900,WGD
Glyma.13G120000,WGD
Glyma.13G120200,WGD
Glyma.13G120300,WGD
Glyma.13G120400,WGD
Glyma.13G120500,WGD
Glyma.13G120700,WGD
Glyma.13G120750,WGD
Glyma.13G120800,WGD
Glyma.13G120900,WGD
Glyma.13G121000,WGD
Glyma.13G121100,WGD
Glyma.13G121300,WGD
Glyma.13G121400,WGD
Glyma.13G121500,WGD
Glyma.13G121600,WGD
Glyma.13G122000,WGD
Glyma.13G122100,WGD
Glyma.13G122200,WGD
Glyma.13G122300,WGD
Glyma.13G122400,WGD
Glyma.13G122500,WGD
Glyma.13G122600,WGD
Glyma.13G123000,WGD
Glyma.13G123100,WGD
Glyma.13G123300,WGD
Glyma.13G123400,WGD
Glyma.13G123500,WGD
Glyma.13G123600,WGD
Glyma.13G123700,WGD
Glyma.13G124000,WGD
Glyma.13G124400,WGD
Glyma.13G124500,WGD
Glyma.13G124600,WGD
Glyma.13G124800,WGD
Glyma.13G124900,WGD
Glyma.13G125000,WGD
Glyma.13G125100,WGD
Glyma.13G125201,WGD
Glyma.13G125300,WGD
Glyma.13G125400,WGD
Glyma.13G125500,WGD
Glyma.13G125600,WGD
Glyma.13G125700,WGD
Glyma.13G125800,WGD
Glyma.13G126000,WGD
Glyma.13G126200,WGD
Glyma.13G126300,WGD
Glyma.13G126502,WGD
Glyma.13G126600,WGD
Glyma.13G126700,WGD
Glyma.13G126900,WGD
Glyma.13G127000,WGD
Glyma.13G127200,WGD
Glyma.13G127300,WGD
Glyma.13G127500,WGD
Glyma.13G127600,WGD
Glyma.13G127700,WGD
Glyma.13G127800,WGD
Glyma.13G127900,WGD
Glyma.13G128000,WGD
Glyma.13G128100,WGD
Glyma.13G128200,WGD
Glyma.13G128300,WGD
Glyma.13G128600,WGD
Glyma.13G128700,WGD
Glyma.13G128800,WGD
Glyma.13G128900,WGD
Glyma.13G129400,WGD
Glyma.13G129700,WGD
Glyma.13G129800,WGD
Glyma.13G129900,WGD
Glyma.13G130000,WGD
Glyma.13G130100,WGD
Glyma.13G130200,WGD
Glyma.13G130300,WGD
Glyma.13G130400,WGD
Glyma.13G130700,WGD
Glyma.13G130900,WGD
Glyma.13G131100,WGD
Glyma.13G131200,WGD
Glyma.13G131300,WGD
Glyma.13G131400,WGD
Glyma.13G131500,WGD
Glyma.13G131700,WGD
Glyma.13G131800,WGD
Glyma.13G131900,WGD
Glyma.13G132002,WGD
Glyma.13G132100,WGD
Glyma.13G132200,WGD
Glyma.13G132400,WGD
Glyma.13G132500,WGD
Glyma.13G132600,WGD
Glyma.13G132700,WGD
Glyma.13G132800,WGD
Glyma.13G133000,WGD
Glyma.13G133100,WGD
Glyma.13G133200,WGD
Glyma.13G133300,WGD
Glyma.13G133400,WGD
Glyma.13G133500,WGD
Glyma.13G133600,WGD
Glyma.13G133800,WGD
Glyma.13G133900,WGD
Glyma.13G134100,WGD
Glyma.13G134200,WGD
Glyma.13G134300,WGD
Glyma.13G134400,WGD
Glyma.13G134500,WGD
Glyma.13G134600,WGD
Glyma.13G134700,WGD
Glyma.13G134900,WGD
Glyma.13G135000,WGD
Glyma.13G135100,WGD
Glyma.13G135200,WGD
Glyma.13G135300,WGD
Glyma.13G135400,WGD
Glyma.13G135500,WGD
Glyma.13G135800,WGD
Glyma.13G135900,WGD
Glyma.13G136000,WGD
Glyma.13G136100,WGD
Glyma.13G136200,WGD
Glyma.13G136300,WGD
Glyma.13G136400,WGD
Glyma.13G136500,WGD
Glyma.13G136700,WGD
Glyma.13G136900,WGD
Glyma.13G137000,WGD
Glyma.13G137100,WGD
Glyma.13G137200,WGD
Glyma.13G137300,WGD
Glyma.13G137400,WGD
Glyma.13G137500,WGD
Glyma.13G137600,WGD
Glyma.13G137700,WGD
Glyma.13G137800,WGD
Glyma.13G137900,WGD
Glyma.13G138000,WGD
Glyma.13G138100,WGD
Glyma.13G138200,WGD
Glyma.13G138300,WGD
Glyma.13G138400,WGD
Glyma.13G138500,WGD
Glyma.13G138700,WGD
Glyma.13G138900,WGD
Glyma.13G139000,WGD
Glyma.13G139100,WGD
Glyma.13G139200,WGD
Glyma.13G139300,WGD
Glyma.13G139400,WGD
Glyma.13G139500,WGD
Glyma.13G139800,WGD
Glyma.13G139900,WGD
Glyma.13G140000,WGD
Glyma.13G140100,WGD
Glyma.13G140200,WGD
Glyma.13G140300,WGD
Glyma.13G140400,WGD
Glyma.13G140500,WGD
Glyma.13G140700,WGD
Glyma.13G140800,WGD
Glyma.13G140900,WGD
Glyma.13G141000,WGD
Glyma.13G141100,WGD
Glyma.13G141200,WGD
Glyma.13G141400,WGD
Glyma.13G141500,WGD
Glyma.13G141600,WGD
Glyma.13G141800,WGD
Glyma.13G141900,WGD
Glyma.13G142000,WGD
Glyma.13G142100,WGD
Glyma.13G142200,WGD
Glyma.13G142300,WGD
Glyma.13G142400,WGD
Glyma.13G142700,WGD
Glyma.13G142800,WGD
Glyma.13G143100,WGD
Glyma.13G143300,WGD
Glyma.13G143400,WGD
Glyma.13G143500,WGD
Glyma.13G143600,WGD
Glyma.13G143700,WGD
Glyma.13G144000,WGD
Glyma.13G144300,WGD
Glyma.13G144400,WGD
Glyma.13G144500,WGD
Glyma.13G144600,WGD
Glyma.13G144700,WGD
Glyma.13G144800,WGD
Glyma.13G144900,WGD
Glyma.13G145000,WGD
Glyma.13G145100,WGD
Glyma.13G145200,WGD
Glyma.13G145400,WGD
Glyma.13G145500,WGD
Glyma.13G145600,WGD
Glyma.13G145700,WGD
Glyma.13G145800,WGD
Glyma.13G145900,WGD
Glyma.13G146100,WGD
Glyma.13G146200,WGD
Glyma.13G146300,WGD
Glyma.13G146400,WGD
Glyma.13G146500,WGD
Glyma.13G146600,WGD
Glyma.13G146700,WGD
Glyma.13G147100,WGD
Glyma.13G147300,WGD
Glyma.13G147500,WGD
Glyma.13G147600,WGD
Glyma.13G147700,WGD
Glyma.13G147800,WGD
Glyma.13G147900,WGD
Glyma.13G148000,WGD
Glyma.13G148100,WGD
Glyma.13G148200,WGD
Glyma.13G148300,WGD
Glyma.13G148400,WGD
Glyma.13G148500,WGD
Glyma.13G148600,WGD
Glyma.13G148700,WGD
Glyma.13G149100,WGD
Glyma.13G149200,WGD
Glyma.13G149500,WGD
Glyma.13G149600,WGD
Glyma.13G149700,WGD
Glyma.13G149800,WGD
Glyma.13G149900,WGD
Glyma.13G150000,WGD
Glyma.13G150600,WGD
Glyma.13G150700,WGD
Glyma.13G150900,WGD
Glyma.13G151000,WGD
Glyma.13G151100,WGD
Glyma.13G151200,WGD
Glyma.13G151300,WGD
Glyma.13G151500,WGD
Glyma.13G151600,WGD
Glyma.13G151800,WGD
Glyma.13G151900,WGD
Glyma.13G152000,WGD
Glyma.13G152100,WGD
Glyma.13G152168,WGD
Glyma.13G152202,WGD
Glyma.13G152236,WGD
Glyma.13G152304,WGD
Glyma.13G152338,WGD
Glyma.13G152372,WGD
Glyma.13G152406,WGD
Glyma.13G152542,WGD
Glyma.13G152610,WGD
Glyma.13G152644,WGD
Glyma.13G152678,WGD
Glyma.13G152746,WGD
Glyma.13G152848,WGD
Glyma.13G152882,WGD
Glyma.13G152916,WGD
Glyma.13G153018,WGD
Glyma.13G153052,WGD
Glyma.13G153086,WGD
Glyma.13G153120,WGD
Glyma.13G153154,WGD
Glyma.13G153200,WGD
Glyma.13G153300,WGD
Glyma.13G153400,WGD
Glyma.13G153500,WGD
Glyma.13G153600,WGD
Glyma.13G153800,WGD
Glyma.13G154200,WGD
Glyma.13G154300,WGD
Glyma.13G154400,WGD
Glyma.13G154466,WGD
Glyma.13G154500,WGD
Glyma.13G154600,WGD
Glyma.13G155200,WGD
Glyma.13G155400,WGD
Glyma.13G155600,WGD
Glyma.13G155800,WGD
Glyma.13G155900,WGD
Glyma.13G156000,WGD
Glyma.13G156200,WGD
Glyma.13G156400,WGD
Glyma.13G156500,WGD
Glyma.13G156600,WGD
Glyma.13G156700,WGD
Glyma.13G156800,WGD
Glyma.13G156900,WGD
Glyma.13G157000,WGD
Glyma.13G157100,WGD
Glyma.13G157300,WGD
Glyma.13G157400,WGD
Glyma.13G157500,WGD
Glyma.13G157800,WGD
Glyma.13G158000,WGD
Glyma.13G158200,WGD
Glyma.13G158300,WGD
Glyma.13G158600,WGD
Glyma.13G158700,WGD
Glyma.13G158800,WGD
Glyma.13G158900,WGD
Glyma.13G159000,WGD
Glyma.13G159100,WGD
Glyma.13G159400,WGD
Glyma.13G159500,WGD
Glyma.13G159600,WGD
Glyma.13G160100,WGD
Glyma.13G160200,WGD
Glyma.13G160300,WGD
Glyma.13G160400,WGD
Glyma.13G160500,WGD
Glyma.13G160600,WGD
Glyma.13G160700,WGD
Glyma.13G160800,WGD
Glyma.13G161000,WGD
Glyma.13G161500,WGD
Glyma.13G161600,WGD
Glyma.13G161700,WGD
Glyma.13G161900,WGD
Glyma.13G162000,WGD
Glyma.13G162200,WGD
Glyma.13G162300,WGD
Glyma.13G162500,WGD
Glyma.13G162600,WGD
Glyma.13G162800,WGD
Glyma.13G162900,WGD
Glyma.13G163000,WGD
Glyma.13G163200,WGD
Glyma.13G163400,WGD
Glyma.13G163600,WGD
Glyma.13G163700,WGD
Glyma.13G163900,WGD
Glyma.13G164000,WGD
Glyma.13G164100,WGD
Glyma.13G164300,WGD
Glyma.13G164600,WGD
Glyma.13G164700,WGD
Glyma.13G164800,WGD
Glyma.13G164900,WGD
Glyma.13G165000,WGD
Glyma.13G165200,WGD
Glyma.13G165300,WGD
Glyma.13G165400,WGD
Glyma.13G165500,WGD
Glyma.13G165600,WGD
Glyma.13G165700,WGD
Glyma.13G165800,WGD
Glyma.13G166100,WGD
Glyma.13G166200,WGD
Glyma.13G166300,WGD
Glyma.13G166400,WGD
Glyma.13G166500,WGD
Glyma.13G166600,WGD
Glyma.13G166700,WGD
Glyma.13G166800,WGD
Glyma.13G167200,WGD
Glyma.13G167300,WGD
Glyma.13G167400,WGD
Glyma.13G167500,WGD
Glyma.13G167600,WGD
Glyma.13G167700,WGD
Glyma.13G167800,WGD
Glyma.13G167900,WGD
Glyma.13G168000,WGD
Glyma.13G168100,WGD
Glyma.13G168200,WGD
Glyma.13G168300,WGD
Glyma.13G168400,WGD
Glyma.13G168500,WGD
Glyma.13G168600,WGD
Glyma.13G168700,WGD
Glyma.13G169000,WGD
Glyma.13G169100,WGD
Glyma.13G169200,WGD
Glyma.13G169300,WGD
Glyma.13G169500,WGD
Glyma.13G169700,WGD
Glyma.13G169900,WGD
Glyma.13G170000,WGD
Glyma.13G170200,WGD
Glyma.13G170300,WGD
Glyma.13G170400,WGD
Glyma.13G170600,WGD
Glyma.13G170700,WGD
Glyma.13G170800,WGD
Glyma.13G171100,WGD
Glyma.13G171200,WGD
Glyma.13G171300,WGD
Glyma.13G171550,WGD
Glyma.13G171700,WGD
Glyma.13G171800,WGD
Glyma.13G171900,WGD
Glyma.13G172000,WGD
Glyma.13G172100,WGD
Glyma.13G172200,WGD
Glyma.13G172400,WGD
Glyma.13G172500,WGD
Glyma.13G172600,WGD
Glyma.13G172700,WGD
Glyma.13G172800,WGD
Glyma.13G172900,WGD
Glyma.13G173401,WGD
Glyma.13G174000,WGD
Glyma.13G174100,WGD
Glyma.13G174200,WGD
Glyma.13G174300,WGD
Glyma.13G174400,WGD
Glyma.13G174700,WGD
Glyma.13G174800,WGD
Glyma.13G174900,WGD
Glyma.13G175000,WGD
Glyma.13G175100,WGD
Glyma.13G175200,WGD
Glyma.13G175300,WGD
Glyma.13G175400,WGD
Glyma.13G175500,WGD
Glyma.13G175600,WGD
Glyma.13G175800,WGD
Glyma.13G176200,WGD
Glyma.13G176400,WGD
Glyma.13G176600,WGD
Glyma.13G176800,WGD
Glyma.13G176900,WGD
Glyma.13G177000,WGD
Glyma.13G177100,WGD
Glyma.13G177267,WGD
Glyma.13G177400,WGD
Glyma.13G177500,WGD
Glyma.13G177600,WGD
Glyma.13G177700,WGD
Glyma.13G177800,WGD
Glyma.13G177900,WGD
Glyma.13G178000,WGD
Glyma.13G178100,WGD
Glyma.13G178200,WGD
Glyma.13G178300,WGD
Glyma.13G178500,WGD
Glyma.13G178800,WGD
Glyma.13G179000,WGD
Glyma.13G179200,WGD
Glyma.13G179300,WGD
Glyma.13G179400,WGD
Glyma.13G179500,WGD
Glyma.13G179600,WGD
Glyma.13G179700,WGD
Glyma.13G179800,WGD
Glyma.13G179900,WGD
Glyma.13G180100,WGD
Glyma.13G180500,WGD
Glyma.13G180700,WGD
Glyma.13G180800,WGD
Glyma.13G180900,WGD
Glyma.13G181000,WGD
Glyma.13G181100,WGD
Glyma.13G181200,WGD
Glyma.13G181400,WGD
Glyma.13G181500,WGD
Glyma.13G181700,WGD
Glyma.13G181800,WGD
Glyma.13G181900,WGD
Glyma.13G182500,WGD
Glyma.13G182600,WGD
Glyma.13G182700,WGD
Glyma.13G182800,WGD
Glyma.13G182900,WGD
Glyma.13G183000,WGD
Glyma.13G183200,WGD
Glyma.13G183300,WGD
Glyma.13G183700,WGD
Glyma.13G183900,WGD
Glyma.13G184000,WGD
Glyma.13G184100,WGD
Glyma.13G184200,WGD
Glyma.13G184300,WGD
Glyma.13G184500,WGD
Glyma.13G184600,WGD
Glyma.13G185000,WGD
Glyma.13G185100,WGD
Glyma.13G185200,WGD
Glyma.13G185300,WGD
Glyma.13G185500,WGD
Glyma.13G185600,WGD
Glyma.13G186000,WGD
Glyma.13G186100,WGD
Glyma.13G186200,WGD
Glyma.13G186300,WGD
Glyma.13G186400,WGD
Glyma.13G186600,WGD
Glyma.13G186700,WGD
Glyma.13G186800,WGD
Glyma.13G187000,WGD
Glyma.13G187200,WGD
Glyma.13G187500,WGD
Glyma.13G187600,WGD
Glyma.13G187900,WGD
Glyma.13G188700,WGD
Glyma.13G188800,WGD
Glyma.13G188900,WGD
Glyma.13G189000,WGD
Glyma.13G189200,WGD
Glyma.13G189400,WGD
Glyma.13G189500,WGD
Glyma.13G189700,WGD
Glyma.13G189800,WGD
Glyma.13G189900,WGD
Glyma.13G190700,WGD
Glyma.13G191000,WGD
Glyma.13G191400,WGD
Glyma.13G191900,WGD
Glyma.13G192400,WGD
Glyma.13G192900,WGD
Glyma.13G193200,WGD
Glyma.13G193500,WGD
Glyma.13G193600,WGD
Glyma.13G193700,WGD
Glyma.13G193800,WGD
Glyma.13G194000,WGD
Glyma.13G194800,WGD
Glyma.13G194900,WGD
Glyma.13G195200,WGD
Glyma.13G195300,WGD
Glyma.13G195400,WGD
Glyma.13G195800,WGD
Glyma.13G195900,WGD
Glyma.13G196200,WGD
Glyma.13G196300,WGD
Glyma.13G196700,WGD
Glyma.13G197200,WGD
Glyma.13G197300,WGD
Glyma.13G197400,WGD
Glyma.13G197500,WGD
Glyma.13G197600,WGD
Glyma.13G197700,WGD
Glyma.13G197800,WGD
Glyma.13G198200,WGD
Glyma.13G198500,WGD
Glyma.13G198600,WGD
Glyma.13G198700,WGD
Glyma.13G198800,WGD
Glyma.13G198900,WGD
Glyma.13G199300,WGD
Glyma.13G199500,WGD
Glyma.13G199600,WGD
Glyma.13G200000,WGD
Glyma.13G200100,WGD
Glyma.13G200300,WGD
Glyma.13G200400,WGD
Glyma.13G200500,WGD
Glyma.13G200800,WGD
Glyma.13G201100,WGD
Glyma.13G201200,WGD
Glyma.13G201300,WGD
Glyma.13G201400,WGD
Glyma.13G201500,WGD
Glyma.13G201700,WGD
Glyma.13G201900,WGD
Glyma.13G202100,WGD
Glyma.13G202200,WGD
Glyma.13G202300,WGD
Glyma.13G202400,WGD
Glyma.13G202500,WGD
Glyma.13G202600,WGD
Glyma.13G202800,WGD
Glyma.13G203000,WGD
Glyma.13G203100,WGD
Glyma.13G203200,WGD
Glyma.13G203300,WGD
Glyma.13G203400,WGD
Glyma.13G203700,WGD
Glyma.13G203800,WGD
Glyma.13G204100,WGD
Glyma.13G204200,WGD
Glyma.13G204400,WGD
Glyma.13G204500,WGD
Glyma.13G204600,WGD
Glyma.13G204700,WGD
Glyma.13G204800,WGD
Glyma.13G204900,WGD
Glyma.13G205000,WGD
Glyma.13G205100,WGD
Glyma.13G205200,WGD
Glyma.13G205300,WGD
Glyma.13G205400,WGD
Glyma.13G205500,WGD
Glyma.13G205600,WGD
Glyma.13G205700,WGD
Glyma.13G205800,WGD
Glyma.13G205900,WGD
Glyma.13G206300,WGD
Glyma.13G206400,WGD
Glyma.13G206500,WGD
Glyma.13G206600,WGD
Glyma.13G206700,WGD
Glyma.13G206800,WGD
Glyma.13G206900,WGD
Glyma.13G207100,WGD
Glyma.13G207200,WGD
Glyma.13G207300,WGD
Glyma.13G207800,WGD
Glyma.13G208200,WGD
Glyma.13G208300,WGD
Glyma.13G208400,WGD
Glyma.13G208500,WGD
Glyma.13G208600,WGD
Glyma.13G208700,WGD
Glyma.13G208800,WGD
Glyma.13G208900,WGD
Glyma.13G209101,WGD
Glyma.13G209200,WGD
Glyma.13G209300,WGD
Glyma.13G209400,WGD
Glyma.13G209500,WGD
Glyma.13G209600,WGD
Glyma.13G209800,WGD
Glyma.13G210000,WGD
Glyma.13G210100,WGD
Glyma.13G210300,WGD
Glyma.13G210400,WGD
Glyma.13G210500,WGD
Glyma.13G210600,WGD
Glyma.13G210700,WGD
Glyma.13G210800,WGD
Glyma.13G210900,WGD
Glyma.13G211000,WGD
Glyma.13G211200,WGD
Glyma.13G211300,WGD
Glyma.13G211400,WGD
Glyma.13G211500,WGD
Glyma.13G211700,WGD
Glyma.13G211800,WGD
Glyma.13G211900,WGD
Glyma.13G212000,WGD
Glyma.13G212100,WGD
Glyma.13G212200,WGD
Glyma.13G212300,WGD
Glyma.13G212400,WGD
Glyma.13G212500,WGD
Glyma.13G212600,WGD
Glyma.13G212700,WGD
Glyma.13G212800,WGD
Glyma.13G212900,WGD
Glyma.13G213100,WGD
Glyma.13G213200,WGD
Glyma.13G213400,WGD
Glyma.13G213500,WGD
Glyma.13G213600,WGD
Glyma.13G213800,WGD
Glyma.13G213900,WGD
Glyma.13G214300,WGD
Glyma.13G214400,WGD
Glyma.13G214500,WGD
Glyma.13G214600,WGD
Glyma.13G214700,WGD
Glyma.13G214800,WGD
Glyma.13G214900,WGD
Glyma.13G215000,WGD
Glyma.13G215200,WGD
Glyma.13G215300,WGD
Glyma.13G215400,WGD
Glyma.13G215500,WGD
Glyma.13G215600,WGD
Glyma.13G215800,WGD
Glyma.13G215900,WGD
Glyma.13G216100,WGD
Glyma.13G216200,WGD
Glyma.13G216300,WGD
Glyma.13G216400,WGD
Glyma.13G216500,WGD
Glyma.13G216701,WGD
Glyma.13G216800,WGD
Glyma.13G216900,WGD
Glyma.13G217000,WGD
Glyma.13G217100,WGD
Glyma.13G217200,WGD
Glyma.13G217400,WGD
Glyma.13G217500,WGD
Glyma.13G217600,WGD
Glyma.13G217700,WGD
Glyma.13G217800,WGD
Glyma.13G217900,WGD
Glyma.13G218000,WGD
Glyma.13G218051,WGD
Glyma.13G218151,WGD
Glyma.13G218176,WGD
Glyma.13G218200,WGD
Glyma.13G218250,WGD
Glyma.13G218300,WGD
Glyma.13G218400,WGD
Glyma.13G218500,WGD
Glyma.13G218700,WGD
Glyma.13G218800,WGD
Glyma.13G219000,WGD
Glyma.13G219100,WGD
Glyma.13G219200,WGD
Glyma.13G219300,WGD
Glyma.13G219400,WGD
Glyma.13G219700,WGD
Glyma.13G219800,WGD
Glyma.13G219900,WGD
Glyma.13G220000,WGD
Glyma.13G220200,WGD
Glyma.13G220300,WGD
Glyma.13G220400,WGD
Glyma.13G220450,WGD
Glyma.13G220500,WGD
Glyma.13G220600,WGD
Glyma.13G220900,WGD
Glyma.13G221000,WGD
Glyma.13G221300,WGD
Glyma.13G221400,WGD
Glyma.13G221600,WGD
Glyma.13G221700,WGD
Glyma.13G221800,WGD
Glyma.13G221900,WGD
Glyma.13G222000,WGD
Glyma.13G222100,WGD
Glyma.13G222300,WGD
Glyma.13G222400,WGD
Glyma.13G222500,WGD
Glyma.13G222600,WGD
Glyma.13G222700,WGD
Glyma.13G222800,WGD
Glyma.13G223000,WGD
Glyma.13G223100,WGD
Glyma.13G223300,WGD
Glyma.13G223400,WGD
Glyma.13G223700,WGD
Glyma.13G223800,WGD
Glyma.13G223900,WGD
Glyma.13G224000,WGD
Glyma.13G224400,WGD
Glyma.13G224500,WGD
Glyma.13G224700,WGD
Glyma.13G224800,WGD
Glyma.13G224900,WGD
Glyma.13G225000,WGD
Glyma.13G225100,WGD
Glyma.13G225200,WGD
Glyma.13G225400,WGD
Glyma.13G225500,WGD
Glyma.13G225600,WGD
Glyma.13G225700,WGD
Glyma.13G225800,WGD
Glyma.13G225900,WGD
Glyma.13G226000,WGD
Glyma.13G226100,WGD
Glyma.13G226500,WGD
Glyma.13G226600,WGD
Glyma.13G226900,WGD
Glyma.13G227000,WGD
Glyma.13G227066,WGD
Glyma.13G227132,WGD
Glyma.13G227200,WGD
Glyma.13G227300,WGD
Glyma.13G227700,WGD
Glyma.13G227900,WGD
Glyma.13G228000,WGD
Glyma.13G228100,WGD
Glyma.13G228200,WGD
Glyma.13G228300,WGD
Glyma.13G228400,WGD
Glyma.13G228600,WGD
Glyma.13G228700,WGD
Glyma.13G228800,WGD
Glyma.13G228900,WGD
Glyma.13G229000,WGD
Glyma.13G229100,WGD
Glyma.13G229200,WGD
Glyma.13G229300,WGD
Glyma.13G229500,WGD
Glyma.13G229600,WGD
Glyma.13G229700,WGD
Glyma.13G229800,WGD
Glyma.13G230200,WGD
Glyma.13G230300,WGD
Glyma.13G230400,WGD
Glyma.13G230600,WGD
Glyma.13G230700,WGD
Glyma.13G230800,WGD
Glyma.13G231000,WGD
Glyma.13G231100,WGD
Glyma.13G231200,WGD
Glyma.13G231300,WGD
Glyma.13G231400,WGD
Glyma.13G231700,WGD
Glyma.13G231900,WGD
Glyma.13G232000,WGD
Glyma.13G232100,WGD
Glyma.13G232200,WGD
Glyma.13G232300,WGD
Glyma.13G232500,WGD
Glyma.13G232567,WGD
Glyma.13G232633,WGD
Glyma.13G232700,WGD
Glyma.13G232800,WGD
Glyma.13G232900,WGD
Glyma.13G233000,WGD
Glyma.13G233500,WGD
Glyma.13G233600,WGD
Glyma.13G233700,WGD
Glyma.13G233800,WGD
Glyma.13G233900,WGD
Glyma.13G234000,WGD
Glyma.13G234100,WGD
Glyma.13G234200,WGD
Glyma.13G234400,WGD
Glyma.13G234500,WGD
Glyma.13G234600,WGD
Glyma.13G234700,WGD
Glyma.13G234800,WGD
Glyma.13G234900,WGD
Glyma.13G235000,WGD
Glyma.13G235100,WGD
Glyma.13G235300,WGD
Glyma.13G235400,WGD
Glyma.13G236100,WGD
Glyma.13G236200,WGD
Glyma.13G236300,WGD
Glyma.13G236400,WGD
Glyma.13G236500,WGD
Glyma.13G236600,WGD
Glyma.13G236700,WGD
Glyma.13G236800,WGD
Glyma.13G236900,WGD
Glyma.13G237000,WGD
Glyma.13G237100,WGD
Glyma.13G237200,WGD
Glyma.13G237400,WGD
Glyma.13G237500,WGD
Glyma.13G237600,WGD
Glyma.13G237800,WGD
Glyma.13G237900,WGD
Glyma.13G238000,WGD
Glyma.13G238100,WGD
Glyma.13G238200,WGD
Glyma.13G238300,WGD
Glyma.13G238400,WGD
Glyma.13G238500,WGD
Glyma.13G238600,WGD
Glyma.13G238700,WGD
Glyma.13G238800,WGD
Glyma.13G238900,WGD
Glyma.13G239000,WGD
Glyma.13G239100,WGD
Glyma.13G239166,WGD
Glyma.13G239232,WGD
Glyma.13G239300,WGD
Glyma.13G239400,WGD
Glyma.13G239500,WGD
Glyma.13G239701,WGD
Glyma.13G239800,WGD
Glyma.13G240100,WGD
Glyma.13G240300,WGD
Glyma.13G240500,WGD
Glyma.13G240700,WGD
Glyma.13G240800,WGD
Glyma.13G240900,WGD
Glyma.13G241000,WGD
Glyma.13G241100,WGD
Glyma.13G241200,WGD
Glyma.13G241300,WGD
Glyma.13G241400,WGD
Glyma.13G241500,WGD
Glyma.13G241700,WGD
Glyma.13G241800,WGD
Glyma.13G241900,WGD
Glyma.13G242100,WGD
Glyma.13G242300,WGD
Glyma.13G242700,WGD
Glyma.13G242800,WGD
Glyma.13G243000,WGD
Glyma.13G243200,WGD
Glyma.13G243500,WGD
Glyma.13G243600,WGD
Glyma.13G243700,WGD
Glyma.13G243800,WGD
Glyma.13G243900,WGD
Glyma.13G244000,WGD
Glyma.13G244100,WGD
Glyma.13G244200,WGD
Glyma.13G244300,WGD
Glyma.13G244400,WGD
Glyma.13G244500,WGD
Glyma.13G244600,WGD
Glyma.13G244700,WGD
Glyma.13G244800,WGD
Glyma.13G244900,WGD
Glyma.13G245000,WGD
Glyma.13G245100,WGD
Glyma.13G245300,WGD
Glyma.13G245500,WGD
Glyma.13G245700,WGD
Glyma.13G245800,WGD
Glyma.13G245900,WGD
Glyma.13G246000,WGD
Glyma.13G246200,WGD
Glyma.13G246302,WGD
Glyma.13G246500,WGD
Glyma.13G246600,WGD
Glyma.13G246700,WGD
Glyma.13G246800,WGD
Glyma.13G246900,WGD
Glyma.13G247100,WGD
Glyma.13G247200,WGD
Glyma.13G247300,WGD
Glyma.13G247400,WGD
Glyma.13G247600,WGD
Glyma.13G247700,WGD
Glyma.13G247800,WGD
Glyma.13G248100,WGD
Glyma.13G248200,WGD
Glyma.13G248600,WGD
Glyma.13G248800,WGD
Glyma.13G248900,WGD
Glyma.13G249000,WGD
Glyma.13G249300,WGD
Glyma.13G249400,WGD
Glyma.13G249600,WGD
Glyma.13G249800,WGD
Glyma.13G249900,WGD
Glyma.13G250000,WGD
Glyma.13G250100,WGD
Glyma.13G250200,WGD
Glyma.13G250400,WGD
Glyma.13G250500,WGD
Glyma.13G250700,WGD
Glyma.13G250800,WGD
Glyma.13G250900,WGD
Glyma.13G251100,WGD
Glyma.13G251200,WGD
Glyma.13G251300,WGD
Glyma.13G251400,WGD
Glyma.13G251600,WGD
Glyma.13G251900,WGD
Glyma.13G252000,WGD
Glyma.13G252600,WGD
Glyma.13G252700,WGD
Glyma.13G252800,WGD
Glyma.13G253000,WGD
Glyma.13G253100,WGD
Glyma.13G253200,WGD
Glyma.13G253400,WGD
Glyma.13G253500,WGD
Glyma.13G253600,WGD
Glyma.13G253700,WGD
Glyma.13G253800,WGD
Glyma.13G253900,WGD
Glyma.13G254000,WGD
Glyma.13G254100,WGD
Glyma.13G254200,WGD
Glyma.13G254300,WGD
Glyma.13G254500,WGD
Glyma.13G254600,WGD
Glyma.13G254800,WGD
Glyma.13G254900,WGD
Glyma.13G255200,WGD
Glyma.13G255300,WGD
Glyma.13G255400,WGD
Glyma.13G255500,WGD
Glyma.13G255600,WGD
Glyma.13G255700,WGD
Glyma.13G255800,WGD
Glyma.13G255900,WGD
Glyma.13G256000,WGD
Glyma.13G256100,WGD
Glyma.13G256200,WGD
Glyma.13G256300,WGD
Glyma.13G256400,WGD
Glyma.13G256500,WGD
Glyma.13G256600,WGD
Glyma.13G256700,WGD
Glyma.13G256800,WGD
Glyma.13G256900,WGD
Glyma.13G257000,WGD
Glyma.13G257100,WGD
Glyma.13G257200,WGD
Glyma.13G257500,WGD
Glyma.13G257600,WGD
Glyma.13G257700,WGD
Glyma.13G258200,WGD
Glyma.13G258300,WGD
Glyma.13G258400,WGD
Glyma.13G258500,WGD
Glyma.13G258700,WGD
Glyma.13G259000,WGD
Glyma.13G259100,WGD
Glyma.13G259200,WGD
Glyma.13G259300,WGD
Glyma.13G259400,WGD
Glyma.13G259600,WGD
Glyma.13G259700,WGD
Glyma.13G259900,WGD
Glyma.13G260000,WGD
Glyma.13G260100,WGD
Glyma.13G260850,WGD
Glyma.13G261000,WGD
Glyma.13G261200,WGD
Glyma.13G261500,WGD
Glyma.13G261700,WGD
Glyma.13G261900,WGD
Glyma.13G262200,WGD
Glyma.13G262400,WGD
Glyma.13G262500,WGD
Glyma.13G262533,WGD
Glyma.13G262700,WGD
Glyma.13G263200,WGD
Glyma.13G263300,WGD
Glyma.13G263600,WGD
Glyma.13G263800,WGD
Glyma.13G264100,WGD
Glyma.13G264300,WGD
Glyma.13G264400,WGD
Glyma.13G264500,WGD
Glyma.13G264600,WGD
Glyma.13G264900,WGD
Glyma.13G265000,WGD
Glyma.13G265200,WGD
Glyma.13G265500,WGD
Glyma.13G265600,WGD
Glyma.13G265700,WGD
Glyma.13G266300,WGD
Glyma.13G266400,WGD
Glyma.13G266500,WGD
Glyma.13G266900,WGD
Glyma.13G268300,WGD
Glyma.13G268402,WGD
Glyma.13G268500,WGD
Glyma.13G268600,WGD
Glyma.13G268800,WGD
Glyma.13G268900,WGD
Glyma.13G269000,WGD
Glyma.13G269100,WGD
Glyma.13G269200,WGD
Glyma.13G269300,WGD
Glyma.13G269400,WGD
Glyma.13G269600,WGD
Glyma.13G269700,WGD
Glyma.13G269800,WGD
Glyma.13G269900,WGD
Glyma.13G270000,WGD
Glyma.13G270300,WGD
Glyma.13G270400,WGD
Glyma.13G270500,WGD
Glyma.13G270600,WGD
Glyma.13G270800,WGD
Glyma.13G270900,WGD
Glyma.13G271000,WGD
Glyma.13G271100,WGD
Glyma.13G271200,WGD
Glyma.13G271300,WGD
Glyma.13G271400,WGD
Glyma.13G271600,WGD
Glyma.13G271650,WGD
Glyma.13G271700,WGD
Glyma.13G271800,WGD
Glyma.13G271900,WGD
Glyma.13G272000,WGD
Glyma.13G272200,WGD
Glyma.13G272400,WGD
Glyma.13G272500,WGD
Glyma.13G272600,WGD
Glyma.13G272700,WGD
Glyma.13G272800,WGD
Glyma.13G272900,WGD
Glyma.13G273000,WGD
Glyma.13G273100,WGD
Glyma.13G273200,WGD
Glyma.13G273300,WGD
Glyma.13G273700,WGD
Glyma.13G273900,WGD
Glyma.13G274000,WGD
Glyma.13G274100,WGD
Glyma.13G274300,WGD
Glyma.13G274402,WGD
Glyma.13G274500,WGD
Glyma.13G274700,WGD
Glyma.13G274800,WGD
Glyma.13G274900,WGD
Glyma.13G275000,WGD
Glyma.13G275100,WGD
Glyma.13G275400,WGD
Glyma.13G275900,WGD
Glyma.13G276000,WGD
Glyma.13G276100,WGD
Glyma.13G276200,WGD
Glyma.13G276300,WGD
Glyma.13G276400,WGD
Glyma.13G276500,WGD
Glyma.13G276600,WGD
Glyma.13G276700,WGD
Glyma.13G276800,WGD
Glyma.13G276900,WGD
Glyma.13G277000,WGD
Glyma.13G277400,WGD
Glyma.13G277500,WGD
Glyma.13G277600,WGD
Glyma.13G277800,WGD
Glyma.13G277900,WGD
Glyma.13G278300,WGD
Glyma.13G278400,WGD
Glyma.13G278500,WGD
Glyma.13G278600,WGD
Glyma.13G278800,WGD
Glyma.13G279000,WGD
Glyma.13G279100,WGD
Glyma.13G279200,WGD
Glyma.13G279400,WGD
Glyma.13G279500,WGD
Glyma.13G279600,WGD
Glyma.13G279700,WGD
Glyma.13G279800,WGD
Glyma.13G279900,WGD
Glyma.13G280000,WGD
Glyma.13G280400,WGD
Glyma.13G280500,WGD
Glyma.13G280600,WGD
Glyma.13G280700,WGD
Glyma.13G280900,WGD
Glyma.13G281000,WGD
Glyma.13G281100,WGD
Glyma.13G281300,WGD
Glyma.13G281400,WGD
Glyma.13G281600,WGD
Glyma.13G281700,WGD
Glyma.13G281800,WGD
Glyma.13G281900,WGD
Glyma.13G282000,WGD
Glyma.13G282100,WGD
Glyma.13G282300,WGD
Glyma.13G282700,WGD
Glyma.13G282800,WGD
Glyma.13G282900,WGD
Glyma.13G283000,WGD
Glyma.13G283100,WGD
Glyma.13G283332,WGD
Glyma.13G283600,WGD
Glyma.13G283900,WGD
Glyma.13G284000,WGD
Glyma.13G284100,WGD
Glyma.13G284200,WGD
Glyma.13G284400,WGD
Glyma.13G284600,WGD
Glyma.13G284700,WGD
Glyma.13G284900,WGD
Glyma.13G285200,WGD
Glyma.13G285400,WGD
Glyma.13G285500,WGD
Glyma.13G285600,WGD
Glyma.13G285800,WGD
Glyma.13G285900,WGD
Glyma.13G286100,WGD
Glyma.13G286300,WGD
Glyma.13G286400,WGD
Glyma.13G286500,WGD
Glyma.13G286600,WGD
Glyma.13G286700,WGD
Glyma.13G286800,WGD
Glyma.13G286900,WGD
Glyma.13G287000,WGD
Glyma.13G287100,WGD
Glyma.13G287200,WGD
Glyma.13G287300,WGD
Glyma.13G287400,WGD
Glyma.13G287500,WGD
Glyma.13G287600,WGD
Glyma.13G288100,WGD
Glyma.13G288200,WGD
Glyma.13G288300,WGD
Glyma.13G288400,WGD
Glyma.13G288500,WGD
Glyma.13G288600,WGD
Glyma.13G288700,WGD
Glyma.13G288800,WGD
Glyma.13G289000,WGD
Glyma.13G289300,WGD
Glyma.13G289400,WGD
Glyma.13G289500,WGD
Glyma.13G289600,WGD
Glyma.13G289800,WGD
Glyma.13G289900,WGD
Glyma.13G290000,WGD
Glyma.13G290100,WGD
Glyma.13G290200,WGD
Glyma.13G290300,WGD
Glyma.13G290400,WGD
Glyma.13G290500,WGD
Glyma.13G290600,WGD
Glyma.13G290700,WGD
Glyma.13G290800,WGD
Glyma.13G290900,WGD
Glyma.13G291000,WGD
Glyma.13G291100,WGD
Glyma.13G291200,WGD
Glyma.13G291300,WGD
Glyma.13G291400,WGD
Glyma.13G291500,WGD
Glyma.13G291600,WGD
Glyma.13G291700,WGD
Glyma.13G291800,WGD
Glyma.13G291900,WGD
Glyma.13G292000,WGD
Glyma.13G292102,WGD
Glyma.13G292200,WGD
Glyma.13G292300,WGD
Glyma.13G292400,WGD
Glyma.13G292500,WGD
Glyma.13G292600,WGD
Glyma.13G292700,WGD
Glyma.13G292800,WGD
Glyma.13G292901,WGD
Glyma.13G293000,WGD
Glyma.13G293100,WGD
Glyma.13G293200,WGD
Glyma.13G293400,WGD
Glyma.13G293500,WGD
Glyma.13G293600,WGD
Glyma.13G293700,WGD
Glyma.13G293800,WGD
Glyma.13G293900,WGD
Glyma.13G294000,WGD
Glyma.13G294100,WGD
Glyma.13G294200,WGD
Glyma.13G294300,WGD
Glyma.13G294400,WGD
Glyma.13G294500,WGD
Glyma.13G294600,WGD
Glyma.13G294700,WGD
Glyma.13G294734,WGD
Glyma.13G294800,WGD
Glyma.13G294901,WGD
Glyma.13G295100,WGD
Glyma.13G295200,WGD
Glyma.13G295300,WGD
Glyma.13G295401,WGD
Glyma.13G295500,WGD
Glyma.13G295600,WGD
Glyma.13G296100,WGD
Glyma.13G296200,WGD
Glyma.13G296400,WGD
Glyma.13G296500,WGD
Glyma.13G296600,WGD
Glyma.13G296700,WGD
Glyma.13G296900,WGD
Glyma.13G297100,WGD
Glyma.13G297200,WGD
Glyma.13G297500,WGD
Glyma.13G297700,WGD
Glyma.13G297800,WGD
Glyma.13G297900,WGD
Glyma.13G298000,WGD
Glyma.13G298100,WGD
Glyma.13G298200,WGD
Glyma.13G298300,WGD
Glyma.13G298400,WGD
Glyma.13G298500,WGD
Glyma.13G298600,WGD
Glyma.13G298700,WGD
Glyma.13G298900,WGD
Glyma.13G299000,WGD
Glyma.13G299100,WGD
Glyma.13G299200,WGD
Glyma.13G299300,WGD
Glyma.13G299400,WGD
Glyma.13G299500,WGD
Glyma.13G299700,WGD
Glyma.13G299800,WGD
Glyma.13G300000,WGD
Glyma.13G300100,WGD
Glyma.13G300300,WGD
Glyma.13G300400,WGD
Glyma.13G300500,WGD
Glyma.13G300600,WGD
Glyma.13G300700,WGD
Glyma.13G300900,WGD
Glyma.13G301000,WGD
Glyma.13G301100,WGD
Glyma.13G301200,WGD
Glyma.13G301300,WGD
Glyma.13G301400,WGD
Glyma.13G301500,WGD
Glyma.13G301900,WGD
Glyma.13G302000,WGD
Glyma.13G302100,WGD
Glyma.13G302166,WGD
Glyma.13G302300,WGD
Glyma.13G302400,WGD
Glyma.13G302500,WGD
Glyma.13G302800,WGD
Glyma.13G302900,WGD
Glyma.13G303000,WGD
Glyma.13G303100,WGD
Glyma.13G303200,WGD
Glyma.13G303300,WGD
Glyma.13G303400,WGD
Glyma.13G303500,WGD
Glyma.13G303600,WGD
Glyma.13G303700,WGD
Glyma.13G303800,WGD
Glyma.13G303900,WGD
Glyma.13G304000,WGD
Glyma.13G304200,WGD
Glyma.13G304300,WGD
Glyma.13G304400,WGD
Glyma.13G304500,WGD
Glyma.13G304900,WGD
Glyma.13G305000,WGD
Glyma.13G305100,WGD
Glyma.13G305200,WGD
Glyma.13G305400,WGD
Glyma.13G305500,WGD
Glyma.13G305600,WGD
Glyma.13G305800,WGD
Glyma.13G306000,WGD
Glyma.13G306300,WGD
Glyma.13G306400,WGD
Glyma.13G306500,WGD
Glyma.13G306600,WGD
Glyma.13G306700,WGD
Glyma.13G306800,WGD
Glyma.13G306900,WGD
Glyma.13G307200,WGD
Glyma.13G307300,WGD
Glyma.13G307600,WGD
Glyma.13G307700,WGD
Glyma.13G308000,WGD
Glyma.13G308100,WGD
Glyma.13G308200,WGD
Glyma.13G308300,WGD
Glyma.13G308400,WGD
Glyma.13G308500,WGD
Glyma.13G308600,WGD
Glyma.13G308700,WGD
Glyma.13G308800,WGD
Glyma.13G308900,WGD
Glyma.13G309100,WGD
Glyma.13G309200,WGD
Glyma.13G309300,WGD
Glyma.13G309700,WGD
Glyma.13G309800,WGD
Glyma.13G309900,WGD
Glyma.13G310100,WGD
Glyma.13G310300,WGD
Glyma.13G310400,WGD
Glyma.13G310500,WGD
Glyma.13G310700,WGD
Glyma.13G310800,WGD
Glyma.13G310900,WGD
Glyma.13G311000,WGD
Glyma.13G311067,WGD
Glyma.13G311133,WGD
Glyma.13G311200,WGD
Glyma.13G311300,WGD
Glyma.13G311500,WGD
Glyma.13G311600,WGD
Glyma.13G311700,WGD
Glyma.13G311800,WGD
Glyma.13G312000,WGD
Glyma.13G312200,WGD
Glyma.13G312300,WGD
Glyma.13G312400,WGD
Glyma.13G312500,WGD
Glyma.13G312600,WGD
Glyma.13G312700,WGD
Glyma.13G312800,WGD
Glyma.13G312900,WGD
Glyma.13G313000,WGD
Glyma.13G313200,WGD
Glyma.13G313400,WGD
Glyma.13G313500,WGD
Glyma.13G313700,WGD
Glyma.13G314000,WGD
Glyma.13G314100,WGD
Glyma.13G314200,WGD
Glyma.13G314400,WGD
Glyma.13G314500,WGD
Glyma.13G314600,WGD
Glyma.13G314700,WGD
Glyma.13G314800,WGD
Glyma.13G314900,WGD
Glyma.13G315000,WGD
Glyma.13G315100,WGD
Glyma.13G315200,WGD
Glyma.13G315300,WGD
Glyma.13G315400,WGD
Glyma.13G315500,WGD
Glyma.13G315700,WGD
Glyma.13G315800,WGD
Glyma.13G315900,WGD
Glyma.13G316000,WGD
Glyma.13G316100,WGD
Glyma.13G316200,WGD
Glyma.13G316400,WGD
Glyma.13G316500,WGD
Glyma.13G316600,WGD
Glyma.13G316700,WGD
Glyma.13G316900,WGD
Glyma.13G317000,WGD
Glyma.13G317100,WGD
Glyma.13G317200,WGD
Glyma.13G317250,WGD
Glyma.13G317300,WGD
Glyma.13G317366,WGD
Glyma.13G317500,WGD
Glyma.13G317600,WGD
Glyma.13G317700,WGD
Glyma.13G317800,WGD
Glyma.13G318000,WGD
Glyma.13G318100,WGD
Glyma.13G318300,WGD
Glyma.13G318400,WGD
Glyma.13G318450,WGD
Glyma.13G318500,WGD
Glyma.13G318600,WGD
Glyma.13G318700,WGD
Glyma.13G318800,WGD
Glyma.13G318900,WGD
Glyma.13G319000,WGD
Glyma.13G319200,WGD
Glyma.13G319300,WGD
Glyma.13G319400,WGD
Glyma.13G319500,WGD
Glyma.13G319600,WGD
Glyma.13G319700,WGD
Glyma.13G320000,WGD
Glyma.13G320100,WGD
Glyma.13G320200,WGD
Glyma.13G320300,WGD
Glyma.13G320400,WGD
Glyma.13G320500,WGD
Glyma.13G320600,WGD
Glyma.13G320700,WGD
Glyma.13G320800,WGD
Glyma.13G320900,WGD
Glyma.13G321000,WGD
Glyma.13G321200,WGD
Glyma.13G321300,WGD
Glyma.13G321400,WGD
Glyma.13G321600,WGD
Glyma.13G321800,WGD
Glyma.13G321900,WGD
Glyma.13G322000,WGD
Glyma.13G322100,WGD
Glyma.13G322200,WGD
Glyma.13G322300,WGD
Glyma.13G322400,WGD
Glyma.13G322500,WGD
Glyma.13G322600,WGD
Glyma.13G322800,WGD
Glyma.13G322900,WGD
Glyma.13G323000,WGD
Glyma.13G323200,WGD
Glyma.13G323300,WGD
Glyma.13G323400,WGD
Glyma.13G323500,WGD
Glyma.13G323600,WGD
Glyma.13G323700,WGD
Glyma.13G323800,WGD
Glyma.13G324000,WGD
Glyma.13G324200,WGD
Glyma.13G324300,WGD
Glyma.13G324400,WGD
Glyma.13G324500,WGD
Glyma.13G324534,WGD
Glyma.13G324567,WGD
Glyma.13G324600,WGD
Glyma.13G324700,WGD
Glyma.13G324800,WGD
Glyma.13G324900,WGD
Glyma.13G325000,WGD
Glyma.13G325100,WGD
Glyma.13G325200,WGD
Glyma.13G325400,WGD
Glyma.13G325600,WGD
Glyma.13G325700,WGD
Glyma.13G325800,WGD
Glyma.13G325900,WGD
Glyma.13G326000,WGD
Glyma.13G326100,WGD
Glyma.13G326200,WGD
Glyma.13G326400,WGD
Glyma.13G326500,WGD
Glyma.13G326700,WGD
Glyma.13G326800,WGD
Glyma.13G326900,WGD
Glyma.13G327000,WGD
Glyma.13G327100,WGD
Glyma.13G327300,WGD
Glyma.13G327500,WGD
Glyma.13G327600,WGD
Glyma.13G327700,WGD
Glyma.13G327800,WGD
Glyma.13G327801,WGD
Glyma.13G327951,WGD
Glyma.13G328100,WGD
Glyma.13G328200,WGD
Glyma.13G328300,WGD
Glyma.13G328400,WGD
Glyma.13G328500,WGD
Glyma.13G328600,WGD
Glyma.13G328700,WGD
Glyma.13G328800,WGD
Glyma.13G328900,WGD
Glyma.13G329000,WGD
Glyma.13G329100,WGD
Glyma.13G329300,WGD
Glyma.13G329600,WGD
Glyma.13G329700,WGD
Glyma.13G329800,WGD
Glyma.13G329900,WGD
Glyma.13G330000,WGD
Glyma.13G330100,WGD
Glyma.13G330200,WGD
Glyma.13G330300,WGD
Glyma.13G330400,WGD
Glyma.13G330500,WGD
Glyma.13G330600,WGD
Glyma.13G330800,WGD
Glyma.13G330900,WGD
Glyma.13G331000,WGD
Glyma.13G331100,WGD
Glyma.13G331400,WGD
Glyma.13G331500,WGD
Glyma.13G331600,WGD
Glyma.13G331700,WGD
Glyma.13G331900,WGD
Glyma.13G332001,WGD
Glyma.13G332300,WGD
Glyma.13G332400,WGD
Glyma.13G332500,WGD
Glyma.13G332567,WGD
Glyma.13G332700,WGD
Glyma.13G332800,WGD
Glyma.13G332900,WGD
Glyma.13G333000,WGD
Glyma.13G333100,WGD
Glyma.13G333200,WGD
Glyma.13G333300,WGD
Glyma.13G333400,WGD
Glyma.13G333500,WGD
Glyma.13G333700,WGD
Glyma.13G333800,WGD
Glyma.13G334000,WGD
Glyma.13G334200,WGD
Glyma.13G334400,WGD
Glyma.13G334500,WGD
Glyma.13G334700,WGD
Glyma.13G334800,WGD
Glyma.13G334900,WGD
Glyma.13G335000,WGD
Glyma.13G335100,WGD
Glyma.13G335200,WGD
Glyma.13G335300,WGD
Glyma.13G335402,WGD
Glyma.13G335500,WGD
Glyma.13G335600,WGD
Glyma.13G335700,WGD
Glyma.13G335800,WGD
Glyma.13G335900,WGD
Glyma.13G336000,WGD
Glyma.13G336100,WGD
Glyma.13G336200,WGD
Glyma.13G336300,WGD
Glyma.13G336400,WGD
Glyma.13G336500,WGD
Glyma.13G336600,WGD
Glyma.13G336700,WGD
Glyma.13G336800,WGD
Glyma.13G337100,WGD
Glyma.13G337200,WGD
Glyma.13G337400,WGD
Glyma.13G337466,WGD
Glyma.13G337600,WGD
Glyma.13G337700,WGD
Glyma.13G337750,WGD
Glyma.13G337800,WGD
Glyma.13G337900,WGD
Glyma.13G338000,WGD
Glyma.13G338101,WGD
Glyma.13G338300,WGD
Glyma.13G338400,WGD
Glyma.13G338500,WGD
Glyma.13G338600,WGD
Glyma.13G338700,WGD
Glyma.13G338800,WGD
Glyma.13G338900,WGD
Glyma.13G339000,WGD
Glyma.13G339200,WGD
Glyma.13G339300,WGD
Glyma.13G339500,WGD
Glyma.13G339600,WGD
Glyma.13G339700,WGD
Glyma.13G339800,WGD
Glyma.13G339900,WGD
Glyma.13G340000,WGD
Glyma.13G340100,WGD
Glyma.13G340200,WGD
Glyma.13G340300,WGD
Glyma.13G340400,WGD
Glyma.13G340600,WGD
Glyma.13G340700,WGD
Glyma.13G340800,WGD
Glyma.13G340900,WGD
Glyma.13G341000,WGD
Glyma.13G341200,WGD
Glyma.13G341400,WGD
Glyma.13G341450,WGD
Glyma.13G341500,WGD
Glyma.13G341600,WGD
Glyma.13G341700,WGD
Glyma.13G341800,WGD
Glyma.13G341900,WGD
Glyma.13G342300,WGD
Glyma.13G342400,WGD
Glyma.13G342500,WGD
Glyma.13G342600,WGD
Glyma.13G342700,WGD
Glyma.13G342800,WGD
Glyma.13G343000,WGD
Glyma.13G343200,WGD
Glyma.13G343300,WGD
Glyma.13G343500,WGD
Glyma.13G343600,WGD
Glyma.13G343700,WGD
Glyma.13G343800,WGD
Glyma.13G343900,WGD
Glyma.13G344000,WGD
Glyma.13G344100,WGD
Glyma.13G344200,WGD
Glyma.13G344300,WGD
Glyma.13G344400,WGD
Glyma.13G344500,WGD
Glyma.13G344700,WGD
Glyma.13G344902,WGD
Glyma.13G345100,WGD
Glyma.13G345200,WGD
Glyma.13G345300,WGD
Glyma.13G345400,WGD
Glyma.13G345500,WGD
Glyma.13G345700,WGD
Glyma.13G345802,WGD
Glyma.13G345900,WGD
Glyma.13G346000,WGD
Glyma.13G346100,WGD
Glyma.13G346200,WGD
Glyma.13G346300,WGD
Glyma.13G346400,WGD
Glyma.13G346500,WGD
Glyma.13G346700,WGD
Glyma.13G346900,WGD
Glyma.13G347000,WGD
Glyma.13G347100,WGD
Glyma.13G347200,WGD
Glyma.13G347400,WGD
Glyma.13G347500,WGD
Glyma.13G347700,WGD
Glyma.13G347900,WGD
Glyma.13G348000,WGD
Glyma.13G348100,WGD
Glyma.13G348200,WGD
Glyma.13G348300,WGD
Glyma.13G348400,WGD
Glyma.13G348500,WGD
Glyma.13G348600,WGD
Glyma.13G349200,WGD
Glyma.13G349300,WGD
Glyma.13G349500,WGD
Glyma.13G349700,WGD
Glyma.13G349900,WGD
Glyma.13G350000,WGD
Glyma.13G350300,WGD
Glyma.13G350400,WGD
Glyma.13G350500,WGD
Glyma.13G350600,WGD
Glyma.13G350700,WGD
Glyma.13G350800,WGD
Glyma.13G351050,WGD
Glyma.13G351125,WGD
Glyma.13G351200,WGD
Glyma.13G351300,WGD
Glyma.13G351450,WGD
Glyma.13G351500,WGD
Glyma.13G351600,WGD
Glyma.13G351800,WGD
Glyma.13G351900,WGD
Glyma.13G352000,WGD
Glyma.13G352100,WGD
Glyma.13G352300,WGD
Glyma.13G352400,WGD
Glyma.13G352500,WGD
Glyma.13G352600,WGD
Glyma.13G352700,WGD
Glyma.13G352800,WGD
Glyma.13G353052,WGD
Glyma.13G353100,WGD
Glyma.13G353200,WGD
Glyma.13G353400,WGD
Glyma.13G353500,WGD
Glyma.13G353800,WGD
Glyma.13G354100,WGD
Glyma.13G354200,WGD
Glyma.13G354300,WGD
Glyma.13G354400,WGD
Glyma.13G354600,WGD
Glyma.13G354700,WGD
Glyma.13G354800,WGD
Glyma.13G354900,WGD
Glyma.13G355000,WGD
Glyma.13G355100,WGD
Glyma.13G355200,WGD
Glyma.13G355300,WGD
Glyma.13G355400,WGD
Glyma.13G355500,WGD
Glyma.13G355600,WGD
Glyma.13G355700,WGD
Glyma.13G355800,WGD
Glyma.13G355900,WGD
Glyma.13G356000,WGD
Glyma.13G356100,WGD
Glyma.13G356200,WGD
Glyma.13G356266,WGD
Glyma.13G356400,WGD
Glyma.13G356500,WGD
Glyma.13G356600,WGD
Glyma.13G356700,WGD
Glyma.13G356800,WGD
Glyma.13G356900,WGD
Glyma.13G357000,WGD
Glyma.13G357100,WGD
Glyma.13G357200,WGD
Glyma.13G357300,WGD
Glyma.13G357400,WGD
Glyma.13G357500,WGD
Glyma.13G357566,WGD
Glyma.13G357700,WGD
Glyma.13G357800,WGD
Glyma.13G357900,WGD
Glyma.13G358000,WGD
Glyma.13G358700,WGD
Glyma.13G358800,WGD
Glyma.13G359000,WGD
Glyma.13G359100,WGD
Glyma.13G359200,WGD
Glyma.13G359300,WGD
Glyma.13G359500,WGD
Glyma.13G359800,WGD
Glyma.13G359900,WGD
Glyma.13G360000,WGD
Glyma.13G360100,WGD
Glyma.13G360300,WGD
Glyma.13G360400,WGD
Glyma.13G360500,WGD
Glyma.13G360600,WGD
Glyma.13G360700,WGD
Glyma.13G360800,WGD
Glyma.13G360900,WGD
Glyma.13G361000,WGD
Glyma.13G361100,WGD
Glyma.13G361200,WGD
Glyma.13G361300,WGD
Glyma.13G361400,WGD
Glyma.13G361500,WGD
Glyma.13G361600,WGD
Glyma.13G361700,WGD
Glyma.13G361900,WGD
Glyma.13G362100,WGD
Glyma.13G362200,WGD
Glyma.13G362300,WGD
Glyma.13G362400,WGD
Glyma.13G362550,WGD
Glyma.13G362800,WGD
Glyma.13G362900,WGD
Glyma.13G363000,WGD
Glyma.13G363100,WGD
Glyma.13G363200,WGD
Glyma.13G363400,WGD
Glyma.13G363500,WGD
Glyma.13G363600,WGD
Glyma.13G363700,WGD
Glyma.13G363900,WGD
Glyma.13G364000,WGD
Glyma.13G364100,WGD
Glyma.13G364200,WGD
Glyma.13G364500,WGD
Glyma.13G364600,WGD
Glyma.13G364700,WGD
Glyma.13G364801,WGD
Glyma.13G364900,WGD
Glyma.13G365000,WGD
Glyma.13G365067,WGD
Glyma.13G365200,WGD
Glyma.13G365300,WGD
Glyma.13G365400,WGD
Glyma.13G365500,WGD
Glyma.13G365601,WGD
Glyma.13G365700,WGD
Glyma.13G365800,WGD
Glyma.13G366000,WGD
Glyma.13G366100,WGD
Glyma.13G366200,WGD
Glyma.13G366500,WGD
Glyma.13G366600,WGD
Glyma.13G366700,WGD
Glyma.13G367000,WGD
Glyma.13G367100,WGD
Glyma.13G367200,WGD
Glyma.13G367300,WGD
Glyma.13G367500,WGD
Glyma.13G367600,WGD
Glyma.13G367700,WGD
Glyma.13G367900,WGD
Glyma.13G368400,WGD
Glyma.13G368500,WGD
Glyma.13G368700,WGD
Glyma.13G368900,WGD
Glyma.13G369000,WGD
Glyma.13G369100,WGD
Glyma.13G369200,WGD
Glyma.13G369300,WGD
Glyma.13G369400,WGD
Glyma.13G369500,WGD
Glyma.13G369700,WGD
Glyma.13G369800,WGD
Glyma.13G369900,WGD
Glyma.13G370000,WGD
Glyma.13G370100,WGD
Glyma.13G370200,WGD
Glyma.13G370500,WGD
Glyma.13G370600,WGD
Glyma.13G370700,WGD
Glyma.13G370800,WGD
Glyma.13G370900,WGD
Glyma.13G371000,WGD
Glyma.13G371300,WGD
Glyma.13G371400,WGD
Glyma.13G371600,WGD
Glyma.13G371800,WGD
Glyma.13G372000,WGD
Glyma.13G372100,WGD
Glyma.13G372300,WGD
Glyma.13G372400,WGD
Glyma.13G372500,WGD
Glyma.13G372600,WGD
Glyma.13G372900,WGD
Glyma.13G373000,WGD
Glyma.14G000400,WGD
Glyma.14G000600,WGD
Glyma.14G000700,WGD
Glyma.14G000800,WGD
Glyma.14G000900,WGD
Glyma.14G001100,WGD
Glyma.14G001200,WGD
Glyma.14G001300,WGD
Glyma.14G001600,WGD
Glyma.14G002000,WGD
Glyma.14G002100,WGD
Glyma.14G002300,WGD
Glyma.14G002400,WGD
Glyma.14G002500,WGD
Glyma.14G002600,WGD
Glyma.14G002700,WGD
Glyma.14G002900,WGD
Glyma.14G003000,WGD
Glyma.14G003300,WGD
Glyma.14G003400,WGD
Glyma.14G003500,WGD
Glyma.14G003600,WGD
Glyma.14G003700,WGD
Glyma.14G003800,WGD
Glyma.14G004000,WGD
Glyma.14G004100,WGD
Glyma.14G004200,WGD
Glyma.14G004500,WGD
Glyma.14G004600,WGD
Glyma.14G004700,WGD
Glyma.14G004800,WGD
Glyma.14G004900,WGD
Glyma.14G005100,WGD
Glyma.14G005200,WGD
Glyma.14G005300,WGD
Glyma.14G005400,WGD
Glyma.14G005600,WGD
Glyma.14G005700,WGD
Glyma.14G005900,WGD
Glyma.14G006000,WGD
Glyma.14G006100,WGD
Glyma.14G006200,WGD
Glyma.14G006300,WGD
Glyma.14G006400,WGD
Glyma.14G006500,WGD
Glyma.14G006600,WGD
Glyma.14G006700,WGD
Glyma.14G006800,WGD
Glyma.14G006900,WGD
Glyma.14G007000,WGD
Glyma.14G007100,WGD
Glyma.14G007200,WGD
Glyma.14G007300,WGD
Glyma.14G007700,WGD
Glyma.14G007800,WGD
Glyma.14G008000,WGD
Glyma.14G008100,WGD
Glyma.14G008200,WGD
Glyma.14G008300,WGD
Glyma.14G008900,WGD
Glyma.14G009000,WGD
Glyma.14G009100,WGD
Glyma.14G009200,WGD
Glyma.14G009300,WGD
Glyma.14G009400,WGD
Glyma.14G009500,WGD
Glyma.14G009600,WGD
Glyma.14G009700,WGD
Glyma.14G009900,WGD
Glyma.14G010000,WGD
Glyma.14G010100,WGD
Glyma.14G010200,WGD
Glyma.14G010300,WGD
Glyma.14G010400,WGD
Glyma.14G010500,WGD
Glyma.14G010600,WGD
Glyma.14G010700,WGD
Glyma.14G010800,WGD
Glyma.14G010900,WGD
Glyma.14G011000,WGD
Glyma.14G011100,WGD
Glyma.14G011300,WGD
Glyma.14G011500,WGD
Glyma.14G011600,WGD
Glyma.14G011700,WGD
Glyma.14G011800,WGD
Glyma.14G011900,WGD
Glyma.14G012000,WGD
Glyma.14G012100,WGD
Glyma.14G012200,WGD
Glyma.14G012300,WGD
Glyma.14G012400,WGD
Glyma.14G012500,WGD
Glyma.14G012600,WGD
Glyma.14G012700,WGD
Glyma.14G012800,WGD
Glyma.14G013000,WGD
Glyma.14G013102,WGD
Glyma.14G013300,WGD
Glyma.14G013400,WGD
Glyma.14G013600,WGD
Glyma.14G013700,WGD
Glyma.14G013800,WGD
Glyma.14G013900,WGD
Glyma.14G014000,WGD
Glyma.14G014100,WGD
Glyma.14G014200,WGD
Glyma.14G014300,WGD
Glyma.14G014400,WGD
Glyma.14G014700,WGD
Glyma.14G015001,WGD
Glyma.14G015100,WGD
Glyma.14G015300,WGD
Glyma.14G015600,WGD
Glyma.14G015700,WGD
Glyma.14G015800,WGD
Glyma.14G016000,WGD
Glyma.14G016200,WGD
Glyma.14G016400,WGD
Glyma.14G016600,WGD
Glyma.14G016700,WGD
Glyma.14G016800,WGD
Glyma.14G016900,WGD
Glyma.14G017000,WGD
Glyma.14G017100,WGD
Glyma.14G017400,WGD
Glyma.14G017500,WGD
Glyma.14G017600,WGD
Glyma.14G017700,WGD
Glyma.14G017800,WGD
Glyma.14G017900,WGD
Glyma.14G018000,WGD
Glyma.14G018100,WGD
Glyma.14G018200,WGD
Glyma.14G018300,WGD
Glyma.14G018600,WGD
Glyma.14G018700,WGD
Glyma.14G019100,WGD
Glyma.14G019900,WGD
Glyma.14G020000,WGD
Glyma.14G020100,WGD
Glyma.14G020200,WGD
Glyma.14G020300,WGD
Glyma.14G020666,WGD
Glyma.14G020732,WGD
Glyma.14G021000,WGD
Glyma.14G021200,WGD
Glyma.14G021500,WGD
Glyma.14G021700,WGD
Glyma.14G021800,WGD
Glyma.14G021900,WGD
Glyma.14G022000,WGD
Glyma.14G022100,WGD
Glyma.14G022200,WGD
Glyma.14G022300,WGD
Glyma.14G022400,WGD
Glyma.14G022500,WGD
Glyma.14G022600,WGD
Glyma.14G022800,WGD
Glyma.14G022900,WGD
Glyma.14G023100,WGD
Glyma.14G023200,WGD
Glyma.14G023300,WGD
Glyma.14G023500,WGD
Glyma.14G023600,WGD
Glyma.14G023700,WGD
Glyma.14G023900,WGD
Glyma.14G024000,WGD
Glyma.14G024100,WGD
Glyma.14G024200,WGD
Glyma.14G024300,WGD
Glyma.14G024400,WGD
Glyma.14G024600,WGD
Glyma.14G024700,WGD
Glyma.14G025100,WGD
Glyma.14G025200,WGD
Glyma.14G025300,WGD
Glyma.14G025400,WGD
Glyma.14G025500,WGD
Glyma.14G025600,WGD
Glyma.14G025700,WGD
Glyma.14G025750,WGD
Glyma.14G025800,WGD
Glyma.14G025900,WGD
Glyma.14G026000,WGD
Glyma.14G026100,WGD
Glyma.14G026200,WGD
Glyma.14G026300,WGD
Glyma.14G026400,WGD
Glyma.14G026600,WGD
Glyma.14G026700,WGD
Glyma.14G026900,WGD
Glyma.14G027000,WGD
Glyma.14G027251,WGD
Glyma.14G027400,WGD
Glyma.14G027500,WGD
Glyma.14G027551,WGD
Glyma.14G027600,WGD
Glyma.14G027700,WGD
Glyma.14G027800,WGD
Glyma.14G027900,WGD
Glyma.14G028000,WGD
Glyma.14G028100,WGD
Glyma.14G028200,WGD
Glyma.14G028300,WGD
Glyma.14G028400,WGD
Glyma.14G028500,WGD
Glyma.14G028600,WGD
Glyma.14G028650,WGD
Glyma.14G028700,WGD
Glyma.14G028800,WGD
Glyma.14G028900,WGD
Glyma.14G029000,WGD
Glyma.14G029100,WGD
Glyma.14G029200,WGD
Glyma.14G029400,WGD
Glyma.14G029500,WGD
Glyma.14G029600,WGD
Glyma.14G029700,WGD
Glyma.14G029800,WGD
Glyma.14G029901,WGD
Glyma.14G030000,WGD
Glyma.14G030300,WGD
Glyma.14G030400,WGD
Glyma.14G030500,WGD
Glyma.14G030600,WGD
Glyma.14G030700,WGD
Glyma.14G031000,WGD
Glyma.14G031100,WGD
Glyma.14G031200,WGD
Glyma.14G031300,WGD
Glyma.14G031400,WGD
Glyma.14G031500,WGD
Glyma.14G031600,WGD
Glyma.14G031700,WGD
Glyma.14G031800,WGD
Glyma.14G031900,WGD
Glyma.14G032000,WGD
Glyma.14G032100,WGD
Glyma.14G032200,WGD
Glyma.14G032300,WGD
Glyma.14G032400,WGD
Glyma.14G032500,WGD
Glyma.14G032700,WGD
Glyma.14G032800,WGD
Glyma.14G032900,WGD
Glyma.14G033300,WGD
Glyma.14G033400,WGD
Glyma.14G033500,WGD
Glyma.14G033600,WGD
Glyma.14G033700,WGD
Glyma.14G033900,WGD
Glyma.14G034000,WGD
Glyma.14G034200,WGD
Glyma.14G034300,WGD
Glyma.14G034700,WGD
Glyma.14G034800,WGD
Glyma.14G034900,WGD
Glyma.14G035000,WGD
Glyma.14G035100,WGD
Glyma.14G035300,WGD
Glyma.14G035400,WGD
Glyma.14G035500,WGD
Glyma.14G035600,WGD
Glyma.14G035700,WGD
Glyma.14G035800,WGD
Glyma.14G035900,WGD
Glyma.14G036000,WGD
Glyma.14G036100,WGD
Glyma.14G036200,WGD
Glyma.14G036300,WGD
Glyma.14G036400,WGD
Glyma.14G036500,WGD
Glyma.14G036600,WGD
Glyma.14G036700,WGD
Glyma.14G036900,WGD
Glyma.14G037100,WGD
Glyma.14G037200,WGD
Glyma.14G037300,WGD
Glyma.14G037400,WGD
Glyma.14G037600,WGD
Glyma.14G038200,WGD
Glyma.14G038400,WGD
Glyma.14G038800,WGD
Glyma.14G038900,WGD
Glyma.14G039000,WGD
Glyma.14G039100,WGD
Glyma.14G039200,WGD
Glyma.14G039400,WGD
Glyma.14G039600,WGD
Glyma.14G039800,WGD
Glyma.14G039900,WGD
Glyma.14G040000,WGD
Glyma.14G040200,WGD
Glyma.14G040300,WGD
Glyma.14G040400,WGD
Glyma.14G040600,WGD
Glyma.14G040700,WGD
Glyma.14G040800,WGD
Glyma.14G040900,WGD
Glyma.14G041000,WGD
Glyma.14G041100,WGD
Glyma.14G041200,WGD
Glyma.14G041300,WGD
Glyma.14G041500,WGD
Glyma.14G041600,WGD
Glyma.14G041700,WGD
Glyma.14G041800,WGD
Glyma.14G041900,WGD
Glyma.14G042000,WGD
Glyma.14G042100,WGD
Glyma.14G043400,WGD
Glyma.14G043500,WGD
Glyma.14G043600,WGD
Glyma.14G043900,WGD
Glyma.14G044300,WGD
Glyma.14G044400,WGD
Glyma.14G044500,WGD
Glyma.14G044600,WGD
Glyma.14G044700,WGD
Glyma.14G044800,WGD
Glyma.14G044900,WGD
Glyma.14G045000,WGD
Glyma.14G045100,WGD
Glyma.14G045200,WGD
Glyma.14G045400,WGD
Glyma.14G045450,WGD
Glyma.14G045500,WGD
Glyma.14G045600,WGD
Glyma.14G045700,WGD
Glyma.14G045900,WGD
Glyma.14G046100,WGD
Glyma.14G046200,WGD
Glyma.14G046400,WGD
Glyma.14G046500,WGD
Glyma.14G046700,WGD
Glyma.14G046800,WGD
Glyma.14G046900,WGD
Glyma.14G047000,WGD
Glyma.14G047100,WGD
Glyma.14G047200,WGD
Glyma.14G047400,WGD
Glyma.14G047500,WGD
Glyma.14G047700,WGD
Glyma.14G048301,WGD
Glyma.14G048400,WGD
Glyma.14G048500,WGD
Glyma.14G048700,WGD
Glyma.14G048800,WGD
Glyma.14G049400,WGD
Glyma.14G049600,WGD
Glyma.14G049700,WGD
Glyma.14G049900,WGD
Glyma.14G050000,WGD
Glyma.14G050100,WGD
Glyma.14G050200,WGD
Glyma.14G050300,WGD
Glyma.14G050400,WGD
Glyma.14G050600,WGD
Glyma.14G050700,WGD
Glyma.14G050900,WGD
Glyma.14G051100,WGD
Glyma.14G051200,WGD
Glyma.14G051300,WGD
Glyma.14G051400,WGD
Glyma.14G051500,WGD
Glyma.14G051800,WGD
Glyma.14G052800,WGD
Glyma.14G052902,WGD
Glyma.14G053000,WGD
Glyma.14G053200,WGD
Glyma.14G053300,WGD
Glyma.14G053400,WGD
Glyma.14G053500,WGD
Glyma.14G053600,WGD
Glyma.14G053700,WGD
Glyma.14G053800,WGD
Glyma.14G053900,WGD
Glyma.14G055500,WGD
Glyma.14G055800,WGD
Glyma.14G055900,WGD
Glyma.14G056000,WGD
Glyma.14G056100,WGD
Glyma.14G056200,WGD
Glyma.14G056300,WGD
Glyma.14G056500,WGD
Glyma.14G056700,WGD
Glyma.14G056800,WGD
Glyma.14G056900,WGD
Glyma.14G057000,WGD
Glyma.14G057100,WGD
Glyma.14G057200,WGD
Glyma.14G057300,WGD
Glyma.14G057400,WGD
Glyma.14G057500,WGD
Glyma.14G057600,WGD
Glyma.14G057700,WGD
Glyma.14G057900,WGD
Glyma.14G058000,WGD
Glyma.14G058100,WGD
Glyma.14G058200,WGD
Glyma.14G058300,WGD
Glyma.14G058400,WGD
Glyma.14G058500,WGD
Glyma.14G058602,WGD
Glyma.14G058652,WGD
Glyma.14G058700,WGD
Glyma.14G058900,WGD
Glyma.14G059000,WGD
Glyma.14G059100,WGD
Glyma.14G059200,WGD
Glyma.14G059300,WGD
Glyma.14G059400,WGD
Glyma.14G059800,WGD
Glyma.14G059900,WGD
Glyma.14G060000,WGD
Glyma.14G060100,WGD
Glyma.14G060200,WGD
Glyma.14G060300,WGD
Glyma.14G060500,WGD
Glyma.14G060700,WGD
Glyma.14G060900,WGD
Glyma.14G061100,WGD
Glyma.14G061200,WGD
Glyma.14G061300,WGD
Glyma.14G061400,WGD
Glyma.14G061500,WGD
Glyma.14G061600,WGD
Glyma.14G061800,WGD
Glyma.14G061900,WGD
Glyma.14G062000,WGD
Glyma.14G062100,WGD
Glyma.14G062200,WGD
Glyma.14G062400,WGD
Glyma.14G062500,WGD
Glyma.14G062600,WGD
Glyma.14G062700,WGD
Glyma.14G062800,WGD
Glyma.14G062900,WGD
Glyma.14G063000,WGD
Glyma.14G063100,WGD
Glyma.14G063200,WGD
Glyma.14G063400,WGD
Glyma.14G063500,WGD
Glyma.14G063600,WGD
Glyma.14G063700,WGD
Glyma.14G063900,WGD
Glyma.14G064000,WGD
Glyma.14G064100,WGD
Glyma.14G064150,WGD
Glyma.14G064700,WGD
Glyma.14G064800,WGD
Glyma.14G064900,WGD
Glyma.14G065000,WGD
Glyma.14G065100,WGD
Glyma.14G065200,WGD
Glyma.14G065251,WGD
Glyma.14G065300,WGD
Glyma.14G065400,WGD
Glyma.14G065500,WGD
Glyma.14G065600,WGD
Glyma.14G065700,WGD
Glyma.14G065800,WGD
Glyma.14G065900,WGD
Glyma.14G066000,WGD
Glyma.14G066100,WGD
Glyma.14G066200,WGD
Glyma.14G066300,WGD
Glyma.14G066400,WGD
Glyma.14G066500,WGD
Glyma.14G066600,WGD
Glyma.14G066900,WGD
Glyma.14G067000,WGD
Glyma.14G067100,WGD
Glyma.14G067200,WGD
Glyma.14G067300,WGD
Glyma.14G067400,WGD
Glyma.14G067500,WGD
Glyma.14G067700,WGD
Glyma.14G067800,WGD
Glyma.14G068000,WGD
Glyma.14G068100,WGD
Glyma.14G068200,WGD
Glyma.14G068300,WGD
Glyma.14G068400,WGD
Glyma.14G068500,WGD
Glyma.14G068600,WGD
Glyma.14G068700,WGD
Glyma.14G068800,WGD
Glyma.14G068900,WGD
Glyma.14G069000,WGD
Glyma.14G069100,WGD
Glyma.14G069200,WGD
Glyma.14G069300,WGD
Glyma.14G069400,WGD
Glyma.14G069501,WGD
Glyma.14G069600,WGD
Glyma.14G069700,WGD
Glyma.14G069800,WGD
Glyma.14G070000,WGD
Glyma.14G070100,WGD
Glyma.14G070300,WGD
Glyma.14G070400,WGD
Glyma.14G070500,WGD
Glyma.14G070600,WGD
Glyma.14G070700,WGD
Glyma.14G070800,WGD
Glyma.14G070902,WGD
Glyma.14G071000,WGD
Glyma.14G071100,WGD
Glyma.14G071200,WGD
Glyma.14G071300,WGD
Glyma.14G071400,WGD
Glyma.14G071500,WGD
Glyma.14G071600,WGD
Glyma.14G071900,WGD
Glyma.14G072000,WGD
Glyma.14G072200,WGD
Glyma.14G072300,WGD
Glyma.14G072400,WGD
Glyma.14G072500,WGD
Glyma.14G072600,WGD
Glyma.14G072700,WGD
Glyma.14G073000,WGD
Glyma.14G073100,WGD
Glyma.14G073200,WGD
Glyma.14G073300,WGD
Glyma.14G073500,WGD
Glyma.14G073601,WGD
Glyma.14G073700,WGD
Glyma.14G073800,WGD
Glyma.14G074100,WGD
Glyma.14G074300,WGD
Glyma.14G074402,WGD
Glyma.14G074500,WGD
Glyma.14G074700,WGD
Glyma.14G074800,WGD
Glyma.14G074900,WGD
Glyma.14G075000,WGD
Glyma.14G075100,WGD
Glyma.14G075200,WGD
Glyma.14G075300,WGD
Glyma.14G075500,WGD
Glyma.14G075800,WGD
Glyma.14G075900,WGD
Glyma.14G076200,WGD
Glyma.14G076500,WGD
Glyma.14G076600,WGD
Glyma.14G076700,WGD
Glyma.14G076800,WGD
Glyma.14G076900,WGD
Glyma.14G077000,WGD
Glyma.14G077100,WGD
Glyma.14G077200,WGD
Glyma.14G077267,WGD
Glyma.14G077500,WGD
Glyma.14G077600,WGD
Glyma.14G077700,WGD
Glyma.14G077800,WGD
Glyma.14G077900,WGD
Glyma.14G078000,WGD
Glyma.14G078100,WGD
Glyma.14G078200,WGD
Glyma.14G078400,WGD
Glyma.14G078600,WGD
Glyma.14G078800,WGD
Glyma.14G078900,WGD
Glyma.14G079000,WGD
Glyma.14G079100,WGD
Glyma.14G079200,WGD
Glyma.14G079267,WGD
Glyma.14G079400,WGD
Glyma.14G079500,WGD
Glyma.14G080100,WGD
Glyma.14G080200,WGD
Glyma.14G080400,WGD
Glyma.14G080500,WGD
Glyma.14G080600,WGD
Glyma.14G080701,WGD
Glyma.14G080800,WGD
Glyma.14G080900,WGD
Glyma.14G081100,WGD
Glyma.14G081200,WGD
Glyma.14G081300,WGD
Glyma.14G081700,WGD
Glyma.14G081800,WGD
Glyma.14G081900,WGD
Glyma.14G082000,WGD
Glyma.14G082100,WGD
Glyma.14G082200,WGD
Glyma.14G082300,WGD
Glyma.14G082350,WGD
Glyma.14G082500,WGD
Glyma.14G082600,WGD
Glyma.14G082800,WGD
Glyma.14G082900,WGD
Glyma.14G083000,WGD
Glyma.14G083100,WGD
Glyma.14G083300,WGD
Glyma.14G083400,WGD
Glyma.14G083500,WGD
Glyma.14G083600,WGD
Glyma.14G083700,WGD
Glyma.14G083900,WGD
Glyma.14G084200,WGD
Glyma.14G084300,WGD
Glyma.14G084400,WGD
Glyma.14G084500,WGD
Glyma.14G084600,WGD
Glyma.14G084700,WGD
Glyma.14G084800,WGD
Glyma.14G084900,WGD
Glyma.14G085000,WGD
Glyma.14G085100,WGD
Glyma.14G085200,WGD
Glyma.14G085300,WGD
Glyma.14G085400,WGD
Glyma.14G085500,WGD
Glyma.14G085600,WGD
Glyma.14G085800,WGD
Glyma.14G085900,WGD
Glyma.14G086000,WGD
Glyma.14G086100,WGD
Glyma.14G086200,WGD
Glyma.14G086300,WGD
Glyma.14G086400,WGD
Glyma.14G086500,WGD
Glyma.14G086600,WGD
Glyma.14G086700,WGD
Glyma.14G086800,WGD
Glyma.14G086900,WGD
Glyma.14G087000,WGD
Glyma.14G087100,WGD
Glyma.14G087200,WGD
Glyma.14G087300,WGD
Glyma.14G087400,WGD
Glyma.14G087500,WGD
Glyma.14G087600,WGD
Glyma.14G087700,WGD
Glyma.14G087800,WGD
Glyma.14G087900,WGD
Glyma.14G088200,WGD
Glyma.14G088300,WGD
Glyma.14G088400,WGD
Glyma.14G088600,WGD
Glyma.14G088700,WGD
Glyma.14G088800,WGD
Glyma.14G089000,WGD
Glyma.14G089009,WGD
Glyma.14G089012,WGD
Glyma.14G089015,WGD
Glyma.14G089021,WGD
Glyma.14G089024,WGD
Glyma.14G089027,WGD
Glyma.14G089030,WGD
Glyma.14G089033,WGD
Glyma.14G089036,WGD
Glyma.14G089039,WGD
Glyma.14G089042,WGD
Glyma.14G089045,WGD
Glyma.14G089054,WGD
Glyma.14G089060,WGD
Glyma.14G089063,WGD
Glyma.14G089066,WGD
Glyma.14G089072,WGD
Glyma.14G089075,WGD
Glyma.14G089078,WGD
Glyma.14G089084,WGD
Glyma.14G089087,WGD
Glyma.14G089090,WGD
Glyma.14G089100,WGD
Glyma.14G089200,WGD
Glyma.14G089600,WGD
Glyma.14G089800,WGD
Glyma.14G090000,WGD
Glyma.14G090400,WGD
Glyma.14G090500,WGD
Glyma.14G090600,WGD
Glyma.14G090700,WGD
Glyma.14G090800,WGD
Glyma.14G090900,WGD
Glyma.14G091000,WGD
Glyma.14G091200,WGD
Glyma.14G091300,WGD
Glyma.14G091400,WGD
Glyma.14G091500,WGD
Glyma.14G091600,WGD
Glyma.14G091700,WGD
Glyma.14G091900,WGD
Glyma.14G092001,WGD
Glyma.14G092100,WGD
Glyma.14G092300,WGD
Glyma.14G092400,WGD
Glyma.14G092500,WGD
Glyma.14G092600,WGD
Glyma.14G092800,WGD
Glyma.14G092900,WGD
Glyma.14G093002,WGD
Glyma.14G093100,WGD
Glyma.14G093200,WGD
Glyma.14G093300,WGD
Glyma.14G093500,WGD
Glyma.14G093600,WGD
Glyma.14G093700,WGD
Glyma.14G093800,WGD
Glyma.14G093900,WGD
Glyma.14G094000,WGD
Glyma.14G094100,WGD
Glyma.14G094400,WGD
Glyma.14G094500,WGD
Glyma.14G094600,WGD
Glyma.14G094700,WGD
Glyma.14G094800,WGD
Glyma.14G094902,WGD
Glyma.14G095000,WGD
Glyma.14G095400,WGD
Glyma.14G095500,WGD
Glyma.14G096000,WGD
Glyma.14G096600,WGD
Glyma.14G096700,WGD
Glyma.14G096800,WGD
Glyma.14G096900,WGD
Glyma.14G097000,WGD
Glyma.14G097100,WGD
Glyma.14G097200,WGD
Glyma.14G097400,WGD
Glyma.14G097500,WGD
Glyma.14G097800,WGD
Glyma.14G098000,WGD
Glyma.14G098100,WGD
Glyma.14G098200,WGD
Glyma.14G098300,WGD
Glyma.14G098600,WGD
Glyma.14G098700,WGD
Glyma.14G098900,WGD
Glyma.14G099000,WGD
Glyma.14G099100,WGD
Glyma.14G099200,WGD
Glyma.14G099300,WGD
Glyma.14G099400,WGD
Glyma.14G099700,WGD
Glyma.14G099802,WGD
Glyma.14G099900,WGD
Glyma.14G100100,WGD
Glyma.14G100200,WGD
Glyma.14G100400,WGD
Glyma.14G100700,WGD
Glyma.14G101000,WGD
Glyma.14G101100,WGD
Glyma.14G101200,WGD
Glyma.14G101400,WGD
Glyma.14G101500,WGD
Glyma.14G101550,WGD
Glyma.14G101800,WGD
Glyma.14G101900,WGD
Glyma.14G102000,WGD
Glyma.14G102200,WGD
Glyma.14G102500,WGD
Glyma.14G102600,WGD
Glyma.14G102700,WGD
Glyma.14G102900,WGD
Glyma.14G103000,WGD
Glyma.14G103100,WGD
Glyma.14G103500,WGD
Glyma.14G103800,WGD
Glyma.14G104002,WGD
Glyma.14G104100,WGD
Glyma.14G104200,WGD
Glyma.14G104300,WGD
Glyma.14G104400,WGD
Glyma.14G104500,WGD
Glyma.14G104600,WGD
Glyma.14G104900,WGD
Glyma.14G105200,WGD
Glyma.14G105400,WGD
Glyma.14G105700,WGD
Glyma.14G105800,WGD
Glyma.14G105900,WGD
Glyma.14G106000,WGD
Glyma.14G106200,WGD
Glyma.14G106500,WGD
Glyma.14G106700,WGD
Glyma.14G107100,WGD
Glyma.14G107200,WGD
Glyma.14G107300,WGD
Glyma.14G107600,WGD
Glyma.14G108400,WGD
Glyma.14G108700,WGD
Glyma.14G109000,WGD
Glyma.14G109150,WGD
Glyma.14G109200,WGD
Glyma.14G110500,WGD
Glyma.14G110600,WGD
Glyma.14G110700,WGD
Glyma.14G110900,WGD
Glyma.14G111200,WGD
Glyma.14G111300,WGD
Glyma.14G111400,WGD
Glyma.14G111600,WGD
Glyma.14G111800,WGD
Glyma.14G111900,WGD
Glyma.14G112200,WGD
Glyma.14G112400,WGD
Glyma.14G112500,WGD
Glyma.14G112600,WGD
Glyma.14G112700,WGD
Glyma.14G113200,WGD
Glyma.14G113400,WGD
Glyma.14G113600,WGD
Glyma.14G113900,WGD
Glyma.14G114000,WGD
Glyma.14G114100,WGD
Glyma.14G115500,WGD
Glyma.14G115700,WGD
Glyma.14G115951,WGD
Glyma.14G116000,WGD
Glyma.14G116100,WGD
Glyma.14G116200,WGD
Glyma.14G116300,WGD
Glyma.14G116400,WGD
Glyma.14G116500,WGD
Glyma.14G116600,WGD
Glyma.14G116800,WGD
Glyma.14G116900,WGD
Glyma.14G117100,WGD
Glyma.14G117200,WGD
Glyma.14G118200,WGD
Glyma.14G118300,WGD
Glyma.14G118400,WGD
Glyma.14G118500,WGD
Glyma.14G119100,WGD
Glyma.14G119200,WGD
Glyma.14G119800,WGD
Glyma.14G120300,WGD
Glyma.14G120900,WGD
Glyma.14G121200,WGD
Glyma.14G121400,WGD
Glyma.14G122200,WGD
Glyma.14G122700,WGD
Glyma.14G123000,WGD
Glyma.14G123200,WGD
Glyma.14G123500,WGD
Glyma.14G123700,WGD
Glyma.14G123900,WGD
Glyma.14G124300,WGD
Glyma.14G124400,WGD
Glyma.14G124900,WGD
Glyma.14G125200,WGD
Glyma.14G126200,WGD
Glyma.14G126300,WGD
Glyma.14G126500,WGD
Glyma.14G126700,WGD
Glyma.14G126800,WGD
Glyma.14G127200,WGD
Glyma.14G127800,WGD
Glyma.14G128200,WGD
Glyma.14G128300,WGD
Glyma.14G128400,WGD
Glyma.14G128500,WGD
Glyma.14G128800,WGD
Glyma.14G128900,WGD
Glyma.14G129100,WGD
Glyma.14G129400,WGD
Glyma.14G129900,WGD
Glyma.14G130000,WGD
Glyma.14G130300,WGD
Glyma.14G130400,WGD
Glyma.14G130700,WGD
Glyma.14G130800,WGD
Glyma.14G131100,WGD
Glyma.14G131300,WGD
Glyma.14G131700,WGD
Glyma.14G131800,WGD
Glyma.14G131900,WGD
Glyma.14G132000,WGD
Glyma.14G132300,WGD
Glyma.14G132400,WGD
Glyma.14G132500,WGD
Glyma.14G132600,WGD
Glyma.14G132800,WGD
Glyma.14G133000,WGD
Glyma.14G133200,WGD
Glyma.14G133300,WGD
Glyma.14G133400,WGD
Glyma.14G133600,WGD
Glyma.14G133700,WGD
Glyma.14G134100,WGD
Glyma.14G134200,WGD
Glyma.14G134500,WGD
Glyma.14G134600,WGD
Glyma.14G134700,WGD
Glyma.14G134800,WGD
Glyma.14G134900,WGD
Glyma.14G135100,WGD
Glyma.14G135400,WGD
Glyma.14G135900,WGD
Glyma.14G136400,WGD
Glyma.14G136700,WGD
Glyma.14G136900,WGD
Glyma.14G137100,WGD
Glyma.14G137200,WGD
Glyma.14G137700,WGD
Glyma.14G137800,WGD
Glyma.14G138000,WGD
Glyma.14G138200,WGD
Glyma.14G138300,WGD
Glyma.14G138700,WGD
Glyma.14G139400,WGD
Glyma.14G139566,WGD
Glyma.14G139700,WGD
Glyma.14G139800,WGD
Glyma.14G140100,WGD
Glyma.14G140400,WGD
Glyma.14G140500,WGD
Glyma.14G140600,WGD
Glyma.14G140900,WGD
Glyma.14G141200,WGD
Glyma.14G141900,WGD
Glyma.14G142100,WGD
Glyma.14G142300,WGD
Glyma.14G142900,WGD
Glyma.14G144100,WGD
Glyma.14G144200,WGD
Glyma.14G145400,WGD
Glyma.14G145700,WGD
Glyma.14G145900,WGD
Glyma.14G145920,WGD
Glyma.14G146100,WGD
Glyma.14G146200,WGD
Glyma.14G146402,WGD
Glyma.14G146700,WGD
Glyma.14G147000,WGD
Glyma.14G147200,WGD
Glyma.14G147500,WGD
Glyma.14G147800,WGD
Glyma.14G147900,WGD
Glyma.14G148100,WGD
Glyma.14G148300,WGD
Glyma.14G148500,WGD
Glyma.14G148700,WGD
Glyma.14G148800,WGD
Glyma.14G148900,WGD
Glyma.14G149066,WGD
Glyma.14G149300,WGD
Glyma.14G149700,WGD
Glyma.14G150000,WGD
Glyma.14G150100,WGD
Glyma.14G150300,WGD
Glyma.14G150400,WGD
Glyma.14G150600,WGD
Glyma.14G150900,WGD
Glyma.14G151100,WGD
Glyma.14G151300,WGD
Glyma.14G151600,WGD
Glyma.14G152000,WGD
Glyma.14G152100,WGD
Glyma.14G152300,WGD
Glyma.14G152402,WGD
Glyma.14G152500,WGD
Glyma.14G152700,WGD
Glyma.14G152800,WGD
Glyma.14G152900,WGD
Glyma.14G153000,WGD
Glyma.14G153100,WGD
Glyma.14G153500,WGD
Glyma.14G154200,WGD
Glyma.14G154400,WGD
Glyma.14G154500,WGD
Glyma.14G154600,WGD
Glyma.14G154900,WGD
Glyma.14G155100,WGD
Glyma.14G155200,WGD
Glyma.14G155500,WGD
Glyma.14G155900,WGD
Glyma.14G156000,WGD
Glyma.14G156300,WGD
Glyma.14G156400,WGD
Glyma.14G156500,WGD
Glyma.14G156600,WGD
Glyma.14G156700,WGD
Glyma.14G157400,WGD
Glyma.14G157600,WGD
Glyma.14G158750,WGD
Glyma.14G158800,WGD
Glyma.14G158900,WGD
Glyma.14G159900,WGD
Glyma.14G161200,WGD
Glyma.14G161400,WGD
Glyma.14G161600,WGD
Glyma.14G162300,WGD
Glyma.14G162800,WGD
Glyma.14G163000,WGD
Glyma.14G163200,WGD
Glyma.14G163302,WGD
Glyma.14G163600,WGD
Glyma.14G163700,WGD
Glyma.14G163800,WGD
Glyma.14G163900,WGD
Glyma.14G164400,WGD
Glyma.14G164600,WGD
Glyma.14G164700,WGD
Glyma.14G164800,WGD
Glyma.14G164900,WGD
Glyma.14G165700,WGD
Glyma.14G166100,WGD
Glyma.14G166200,WGD
Glyma.14G166300,WGD
Glyma.14G166500,WGD
Glyma.14G166600,WGD
Glyma.14G166900,WGD
Glyma.14G167000,WGD
Glyma.14G167200,WGD
Glyma.14G167300,WGD
Glyma.14G167900,WGD
Glyma.14G168500,WGD
Glyma.14G168600,WGD
Glyma.14G168700,WGD
Glyma.14G168900,WGD
Glyma.14G169200,WGD
Glyma.14G169300,WGD
Glyma.14G169700,WGD
Glyma.14G170100,WGD
Glyma.14G170600,WGD
Glyma.14G170700,WGD
Glyma.14G170800,WGD
Glyma.14G170900,WGD
Glyma.14G171100,WGD
Glyma.14G171500,WGD
Glyma.14G171600,WGD
Glyma.14G171700,WGD
Glyma.14G171800,WGD
Glyma.14G172200,WGD
Glyma.14G172400,WGD
Glyma.14G172600,WGD
Glyma.14G172800,WGD
Glyma.14G172900,WGD
Glyma.14G173000,WGD
Glyma.14G174200,WGD
Glyma.14G174300,WGD
Glyma.14G174400,WGD
Glyma.14G174500,WGD
Glyma.14G174600,WGD
Glyma.14G174900,WGD
Glyma.14G175000,WGD
Glyma.14G176300,WGD
Glyma.14G176400,WGD
Glyma.14G176500,WGD
Glyma.14G176600,WGD
Glyma.14G176700,WGD
Glyma.14G176800,WGD
Glyma.14G176900,WGD
Glyma.14G177000,WGD
Glyma.14G177100,WGD
Glyma.14G177200,WGD
Glyma.14G177300,WGD
Glyma.14G177400,WGD
Glyma.14G177500,WGD
Glyma.14G177600,WGD
Glyma.14G177700,WGD
Glyma.14G177800,WGD
Glyma.14G177900,WGD
Glyma.14G178000,WGD
Glyma.14G178200,WGD
Glyma.14G178400,WGD
Glyma.14G178500,WGD
Glyma.14G178700,WGD
Glyma.14G178800,WGD
Glyma.14G178900,WGD
Glyma.14G179000,WGD
Glyma.14G179100,WGD
Glyma.14G179200,WGD
Glyma.14G179300,WGD
Glyma.14G179500,WGD
Glyma.14G179600,WGD
Glyma.14G179800,WGD
Glyma.14G179900,WGD
Glyma.14G180100,WGD
Glyma.14G180300,WGD
Glyma.14G180400,WGD
Glyma.14G180501,WGD
Glyma.14G180600,WGD
Glyma.14G180700,WGD
Glyma.14G180800,WGD
Glyma.14G180900,WGD
Glyma.14G181100,WGD
Glyma.14G181200,WGD
Glyma.14G181300,WGD
Glyma.14G181400,WGD
Glyma.14G181500,WGD
Glyma.14G181600,WGD
Glyma.14G181800,WGD
Glyma.14G181900,WGD
Glyma.14G182000,WGD
Glyma.14G182100,WGD
Glyma.14G182300,WGD
Glyma.14G182400,WGD
Glyma.14G182500,WGD
Glyma.14G182600,WGD
Glyma.14G182700,WGD
Glyma.14G182800,WGD
Glyma.14G182900,WGD
Glyma.14G183000,WGD
Glyma.14G183100,WGD
Glyma.14G183300,WGD
Glyma.14G183400,WGD
Glyma.14G183500,WGD
Glyma.14G183800,WGD
Glyma.14G184400,WGD
Glyma.14G184500,WGD
Glyma.14G184600,WGD
Glyma.14G184700,WGD
Glyma.14G185100,WGD
Glyma.14G185300,WGD
Glyma.14G185400,WGD
Glyma.14G185600,WGD
Glyma.14G185700,WGD
Glyma.14G185800,WGD
Glyma.14G186400,WGD
Glyma.14G186500,WGD
Glyma.14G186700,WGD
Glyma.14G186800,WGD
Glyma.14G187000,WGD
Glyma.14G187200,WGD
Glyma.14G187300,WGD
Glyma.14G187400,WGD
Glyma.14G187500,WGD
Glyma.14G187600,WGD
Glyma.14G187700,WGD
Glyma.14G187800,WGD
Glyma.14G187900,WGD
Glyma.14G188200,WGD
Glyma.14G188300,WGD
Glyma.14G188400,WGD
Glyma.14G188500,WGD
Glyma.14G188600,WGD
Glyma.14G188700,WGD
Glyma.14G188800,WGD
Glyma.14G189000,WGD
Glyma.14G189100,WGD
Glyma.14G189200,WGD
Glyma.14G189300,WGD
Glyma.14G189400,WGD
Glyma.14G189500,WGD
Glyma.14G189600,WGD
Glyma.14G189700,WGD
Glyma.14G189900,WGD
Glyma.14G190000,WGD
Glyma.14G190100,WGD
Glyma.14G190200,WGD
Glyma.14G190300,WGD
Glyma.14G190400,WGD
Glyma.14G190466,WGD
Glyma.14G190600,WGD
Glyma.14G190700,WGD
Glyma.14G190900,WGD
Glyma.14G191100,WGD
Glyma.14G191200,WGD
Glyma.14G191300,WGD
Glyma.14G191500,WGD
Glyma.14G191700,WGD
Glyma.14G191900,WGD
Glyma.14G192000,WGD
Glyma.14G192100,WGD
Glyma.14G192200,WGD
Glyma.14G192300,WGD
Glyma.14G192400,WGD
Glyma.14G192500,WGD
Glyma.14G192600,WGD
Glyma.14G192800,WGD
Glyma.14G193000,WGD
Glyma.14G193200,WGD
Glyma.14G193300,WGD
Glyma.14G193400,WGD
Glyma.14G193500,WGD
Glyma.14G193600,WGD
Glyma.14G193800,WGD
Glyma.14G193900,WGD
Glyma.14G194100,WGD
Glyma.14G194200,WGD
Glyma.14G194300,WGD
Glyma.14G194400,WGD
Glyma.14G194450,WGD
Glyma.14G194500,WGD
Glyma.14G194600,WGD
Glyma.14G194800,WGD
Glyma.14G194900,WGD
Glyma.14G195000,WGD
Glyma.14G195200,WGD
Glyma.14G195300,WGD
Glyma.14G195400,WGD
Glyma.14G195600,WGD
Glyma.14G195700,WGD
Glyma.14G195900,WGD
Glyma.14G196200,WGD
Glyma.14G196800,WGD
Glyma.14G197000,WGD
Glyma.14G197100,WGD
Glyma.14G197300,WGD
Glyma.14G197402,WGD
Glyma.14G197600,WGD
Glyma.14G197700,WGD
Glyma.14G197800,WGD
Glyma.14G197900,WGD
Glyma.14G198000,WGD
Glyma.14G198100,WGD
Glyma.14G198700,WGD
Glyma.14G198800,WGD
Glyma.14G198900,WGD
Glyma.14G199000,WGD
Glyma.14G199600,WGD
Glyma.14G199900,WGD
Glyma.14G200200,WGD
Glyma.14G200300,WGD
Glyma.14G200400,WGD
Glyma.14G200500,WGD
Glyma.14G200551,WGD
Glyma.14G200600,WGD
Glyma.14G200800,WGD
Glyma.14G201200,WGD
Glyma.14G201300,WGD
Glyma.14G201500,WGD
Glyma.14G201600,WGD
Glyma.14G201700,WGD
Glyma.14G201800,WGD
Glyma.14G202000,WGD
Glyma.14G202100,WGD
Glyma.14G202300,WGD
Glyma.14G202700,WGD
Glyma.14G202800,WGD
Glyma.14G202900,WGD
Glyma.14G203000,WGD
Glyma.14G203100,WGD
Glyma.14G203400,WGD
Glyma.14G203500,WGD
Glyma.14G203600,WGD
Glyma.14G203700,WGD
Glyma.14G203800,WGD
Glyma.14G203900,WGD
Glyma.14G204100,WGD
Glyma.14G204200,WGD
Glyma.14G204400,WGD
Glyma.14G205100,WGD
Glyma.14G205500,WGD
Glyma.14G205600,WGD
Glyma.14G205700,WGD
Glyma.14G206000,WGD
Glyma.14G206100,WGD
Glyma.14G206200,WGD
Glyma.14G206600,WGD
Glyma.14G206700,WGD
Glyma.14G206800,WGD
Glyma.14G207200,WGD
Glyma.14G207300,WGD
Glyma.14G207400,WGD
Glyma.14G207500,WGD
Glyma.14G207600,WGD
Glyma.14G207700,WGD
Glyma.14G207800,WGD
Glyma.14G207900,WGD
Glyma.14G208000,WGD
Glyma.14G208100,WGD
Glyma.14G208200,WGD
Glyma.14G208400,WGD
Glyma.14G208500,WGD
Glyma.14G208600,WGD
Glyma.14G208700,WGD
Glyma.14G208900,WGD
Glyma.14G209000,WGD
Glyma.14G209200,WGD
Glyma.14G209400,WGD
Glyma.14G209600,WGD
Glyma.14G209700,WGD
Glyma.14G209800,WGD
Glyma.14G209900,WGD
Glyma.14G210000,WGD
Glyma.14G210100,WGD
Glyma.14G210200,WGD
Glyma.14G210400,WGD
Glyma.14G210500,WGD
Glyma.14G210600,WGD
Glyma.14G210700,WGD
Glyma.14G211000,WGD
Glyma.14G211100,WGD
Glyma.14G211200,WGD
Glyma.14G211300,WGD
Glyma.14G211400,WGD
Glyma.14G211500,WGD
Glyma.14G211600,WGD
Glyma.14G211800,WGD
Glyma.14G211900,WGD
Glyma.14G212000,WGD
Glyma.14G212100,WGD
Glyma.14G212200,WGD
Glyma.14G212300,WGD
Glyma.14G212400,WGD
Glyma.14G212500,WGD
Glyma.14G212700,WGD
Glyma.14G212800,WGD
Glyma.14G212900,WGD
Glyma.14G213100,WGD
Glyma.14G213300,WGD
Glyma.14G213400,WGD
Glyma.14G213600,WGD
Glyma.14G214300,WGD
Glyma.14G214700,WGD
Glyma.14G215100,WGD
Glyma.14G215300,WGD
Glyma.14G215400,WGD
Glyma.14G215500,WGD
Glyma.14G215600,WGD
Glyma.14G215800,WGD
Glyma.14G215900,WGD
Glyma.14G216000,WGD
Glyma.14G216100,WGD
Glyma.14G216200,WGD
Glyma.14G216300,WGD
Glyma.14G216400,WGD
Glyma.14G216500,WGD
Glyma.14G216600,WGD
Glyma.14G216700,WGD
Glyma.14G216800,WGD
Glyma.14G216900,WGD
Glyma.14G217000,WGD
Glyma.14G217200,WGD
Glyma.14G217300,WGD
Glyma.14G217400,WGD
Glyma.14G217600,WGD
Glyma.14G217700,WGD
Glyma.14G217800,WGD
Glyma.14G217900,WGD
Glyma.14G218000,WGD
Glyma.14G218100,WGD
Glyma.14G218200,WGD
Glyma.14G218400,WGD
Glyma.14G218500,WGD
Glyma.14G218700,WGD
Glyma.14G218800,WGD
Glyma.14G218900,WGD
Glyma.14G219000,WGD
Glyma.14G219100,WGD
Glyma.14G219300,WGD
Glyma.14G219500,WGD
Glyma.14G219600,WGD
Glyma.14G219700,WGD
Glyma.14G219800,WGD
Glyma.14G219900,WGD
Glyma.14G220000,WGD
Glyma.14G220200,WGD
Glyma.14G220300,WGD
Glyma.14G220400,WGD
Glyma.14G220600,WGD
Glyma.14G220700,WGD
Glyma.14G220900,WGD
Glyma.14G221000,WGD
Glyma.14G221100,WGD
Glyma.14G221200,WGD
Glyma.14G221300,WGD
Glyma.14G221400,WGD
Glyma.14G221500,WGD
Glyma.14G221600,WGD
Glyma.14G221800,WGD
Glyma.14G222000,WGD
Glyma.14G222200,WGD
Glyma.14G222400,WGD
Glyma.14G222700,WGD
Glyma.14G223000,WGD
Glyma.14G223100,WGD
Glyma.14G223500,WGD
Glyma.14G223600,WGD
Glyma.14G223900,WGD
Glyma.14G224000,WGD
Glyma.14G224200,WGD
Glyma.15G000700,WGD
Glyma.15G001000,WGD
Glyma.15G001100,WGD
Glyma.15G001200,WGD
Glyma.15G001300,WGD
Glyma.15G001400,WGD
Glyma.15G001600,WGD
Glyma.15G001700,WGD
Glyma.15G001900,WGD
Glyma.15G002002,WGD
Glyma.15G002200,WGD
Glyma.15G002300,WGD
Glyma.15G002400,WGD
Glyma.15G002700,WGD
Glyma.15G002750,WGD
Glyma.15G002900,WGD
Glyma.15G003000,WGD
Glyma.15G003200,WGD
Glyma.15G003300,WGD
Glyma.15G003400,WGD
Glyma.15G003500,WGD
Glyma.15G003600,WGD
Glyma.15G003700,WGD
Glyma.15G003900,WGD
Glyma.15G004100,WGD
Glyma.15G004200,WGD
Glyma.15G004300,WGD
Glyma.15G004600,WGD
Glyma.15G004700,WGD
Glyma.15G004800,WGD
Glyma.15G004900,WGD
Glyma.15G005000,WGD
Glyma.15G005100,WGD
Glyma.15G005166,WGD
Glyma.15G005400,WGD
Glyma.15G005500,WGD
Glyma.15G005800,WGD
Glyma.15G006000,WGD
Glyma.15G006100,WGD
Glyma.15G006200,WGD
Glyma.15G006300,WGD
Glyma.15G006400,WGD
Glyma.15G006500,WGD
Glyma.15G006600,WGD
Glyma.15G006700,WGD
Glyma.15G006900,WGD
Glyma.15G007000,WGD
Glyma.15G007100,WGD
Glyma.15G007200,WGD
Glyma.15G007300,WGD
Glyma.15G007400,WGD
Glyma.15G007500,WGD
Glyma.15G007600,WGD
Glyma.15G007700,WGD
Glyma.15G007801,WGD
Glyma.15G007900,WGD
Glyma.15G008000,WGD
Glyma.15G008100,WGD
Glyma.15G008200,WGD
Glyma.15G008300,WGD
Glyma.15G008367,WGD
Glyma.15G008433,WGD
Glyma.15G008600,WGD
Glyma.15G008700,WGD
Glyma.15G008800,WGD
Glyma.15G008900,WGD
Glyma.15G009100,WGD
Glyma.15G009300,WGD
Glyma.15G009400,WGD
Glyma.15G009500,WGD
Glyma.15G009600,WGD
Glyma.15G009700,WGD
Glyma.15G009900,WGD
Glyma.15G010000,WGD
Glyma.15G010100,WGD
Glyma.15G010200,WGD
Glyma.15G010300,WGD
Glyma.15G010400,WGD
Glyma.15G010600,WGD
Glyma.15G010800,WGD
Glyma.15G010900,WGD
Glyma.15G011000,WGD
Glyma.15G011200,WGD
Glyma.15G011400,WGD
Glyma.15G011500,WGD
Glyma.15G011600,WGD
Glyma.15G011700,WGD
Glyma.15G011800,WGD
Glyma.15G012100,WGD
Glyma.15G012200,WGD
Glyma.15G012300,WGD
Glyma.15G012500,WGD
Glyma.15G012600,WGD
Glyma.15G012700,WGD
Glyma.15G012800,WGD
Glyma.15G012900,WGD
Glyma.15G013000,WGD
Glyma.15G013100,WGD
Glyma.15G013200,WGD
Glyma.15G013300,WGD
Glyma.15G013400,WGD
Glyma.15G013500,WGD
Glyma.15G013600,WGD
Glyma.15G013800,WGD
Glyma.15G014000,WGD
Glyma.15G014100,WGD
Glyma.15G014200,WGD
Glyma.15G014400,WGD
Glyma.15G014500,WGD
Glyma.15G014600,WGD
Glyma.15G014700,WGD
Glyma.15G014800,WGD
Glyma.15G015200,WGD
Glyma.15G015300,WGD
Glyma.15G015400,WGD
Glyma.15G015500,WGD
Glyma.15G015600,WGD
Glyma.15G015700,WGD
Glyma.15G015800,WGD
Glyma.15G015900,WGD
Glyma.15G016100,WGD
Glyma.15G016200,WGD
Glyma.15G016300,WGD
Glyma.15G016400,WGD
Glyma.15G016500,WGD
Glyma.15G016600,WGD
Glyma.15G016700,WGD
Glyma.15G016800,WGD
Glyma.15G016900,WGD
Glyma.15G017000,WGD
Glyma.15G017300,WGD
Glyma.15G017400,WGD
Glyma.15G017500,WGD
Glyma.15G017600,WGD
Glyma.15G017700,WGD
Glyma.15G017800,WGD
Glyma.15G017900,WGD
Glyma.15G018000,WGD
Glyma.15G018100,WGD
Glyma.15G018200,WGD
Glyma.15G018300,WGD
Glyma.15G018400,WGD
Glyma.15G018500,WGD
Glyma.15G018700,WGD
Glyma.15G018800,WGD
Glyma.15G018900,WGD
Glyma.15G019000,WGD
Glyma.15G019100,WGD
Glyma.15G019200,WGD
Glyma.15G019300,WGD
Glyma.15G019400,WGD
Glyma.15G019500,WGD
Glyma.15G019600,WGD
Glyma.15G019800,WGD
Glyma.15G019900,WGD
Glyma.15G020050,WGD
Glyma.15G020300,WGD
Glyma.15G020600,WGD
Glyma.15G020700,WGD
Glyma.15G020800,WGD
Glyma.15G020900,WGD
Glyma.15G021000,WGD
Glyma.15G021100,WGD
Glyma.15G021202,WGD
Glyma.15G021300,WGD
Glyma.15G021700,WGD
Glyma.15G021800,WGD
Glyma.15G022000,WGD
Glyma.15G022200,WGD
Glyma.15G022300,WGD
Glyma.15G022500,WGD
Glyma.15G022700,WGD
Glyma.15G022800,WGD
Glyma.15G022900,WGD
Glyma.15G023000,WGD
Glyma.15G023100,WGD
Glyma.15G023200,WGD
Glyma.15G023300,WGD
Glyma.15G023400,WGD
Glyma.15G023500,WGD
Glyma.15G023550,WGD
Glyma.15G023600,WGD
Glyma.15G023800,WGD
Glyma.15G023900,WGD
Glyma.15G023966,WGD
Glyma.15G024100,WGD
Glyma.15G024200,WGD
Glyma.15G024300,WGD
Glyma.15G024400,WGD
Glyma.15G024500,WGD
Glyma.15G024600,WGD
Glyma.15G024700,WGD
Glyma.15G025200,WGD
Glyma.15G025300,WGD
Glyma.15G025400,WGD
Glyma.15G025666,WGD
Glyma.15G025800,WGD
Glyma.15G025900,WGD
Glyma.15G026000,WGD
Glyma.15G026100,WGD
Glyma.15G026300,WGD
Glyma.15G026600,WGD
Glyma.15G026800,WGD
Glyma.15G026900,WGD
Glyma.15G027000,WGD
Glyma.15G027200,WGD
Glyma.15G027300,WGD
Glyma.15G027400,WGD
Glyma.15G027500,WGD
Glyma.15G027700,WGD
Glyma.15G027800,WGD
Glyma.15G027900,WGD
Glyma.15G028000,WGD
Glyma.15G028200,WGD
Glyma.15G028300,WGD
Glyma.15G028400,WGD
Glyma.15G028500,WGD
Glyma.15G028600,WGD
Glyma.15G028800,WGD
Glyma.15G028900,WGD
Glyma.15G029000,WGD
Glyma.15G029100,WGD
Glyma.15G029300,WGD
Glyma.15G029400,WGD
Glyma.15G029500,WGD
Glyma.15G029800,WGD
Glyma.15G029900,WGD
Glyma.15G030000,WGD
Glyma.15G030050,WGD
Glyma.15G030100,WGD
Glyma.15G030200,WGD
Glyma.15G030300,WGD
Glyma.15G030400,WGD
Glyma.15G030500,WGD
Glyma.15G030650,WGD
Glyma.15G030700,WGD
Glyma.15G030800,WGD
Glyma.15G031100,WGD
Glyma.15G031200,WGD
Glyma.15G031300,WGD
Glyma.15G031400,WGD
Glyma.15G031500,WGD
Glyma.15G031600,WGD
Glyma.15G031700,WGD
Glyma.15G031800,WGD
Glyma.15G031900,WGD
Glyma.15G032100,WGD
Glyma.15G032400,WGD
Glyma.15G032500,WGD
Glyma.15G032700,WGD
Glyma.15G032800,WGD
Glyma.15G032850,WGD
Glyma.15G033000,WGD
Glyma.15G033200,WGD
Glyma.15G033400,WGD
Glyma.15G033500,WGD
Glyma.15G033600,WGD
Glyma.15G033700,WGD
Glyma.15G033800,WGD
Glyma.15G034000,WGD
Glyma.15G034200,WGD
Glyma.15G034300,WGD
Glyma.15G034400,WGD
Glyma.15G034500,WGD
Glyma.15G034600,WGD
Glyma.15G034700,WGD
Glyma.15G034800,WGD
Glyma.15G034900,WGD
Glyma.15G035100,WGD
Glyma.15G035200,WGD
Glyma.15G035300,WGD
Glyma.15G035400,WGD
Glyma.15G035500,WGD
Glyma.15G035600,WGD
Glyma.15G035700,WGD
Glyma.15G035800,WGD
Glyma.15G035900,WGD
Glyma.15G036100,WGD
Glyma.15G036200,WGD
Glyma.15G036400,WGD
Glyma.15G036600,WGD
Glyma.15G036700,WGD
Glyma.15G036800,WGD
Glyma.15G036900,WGD
Glyma.15G037000,WGD
Glyma.15G037100,WGD
Glyma.15G037200,WGD
Glyma.15G037300,WGD
Glyma.15G037400,WGD
Glyma.15G037500,WGD
Glyma.15G037600,WGD
Glyma.15G037700,WGD
Glyma.15G037800,WGD
Glyma.15G037900,WGD
Glyma.15G038000,WGD
Glyma.15G038100,WGD
Glyma.15G038200,WGD
Glyma.15G038300,WGD
Glyma.15G038400,WGD
Glyma.15G038500,WGD
Glyma.15G038600,WGD
Glyma.15G038700,WGD
Glyma.15G038800,WGD
Glyma.15G039000,WGD
Glyma.15G039100,WGD
Glyma.15G039300,WGD
Glyma.15G039400,WGD
Glyma.15G039500,WGD
Glyma.15G039600,WGD
Glyma.15G039700,WGD
Glyma.15G039800,WGD
Glyma.15G040000,WGD
Glyma.15G040100,WGD
Glyma.15G040200,WGD
Glyma.15G040500,WGD
Glyma.15G040600,WGD
Glyma.15G040700,WGD
Glyma.15G040900,WGD
Glyma.15G041100,WGD
Glyma.15G041300,WGD
Glyma.15G041400,WGD
Glyma.15G041500,WGD
Glyma.15G041600,WGD
Glyma.15G041700,WGD
Glyma.15G041800,WGD
Glyma.15G042000,WGD
Glyma.15G042100,WGD
Glyma.15G042200,WGD
Glyma.15G042300,WGD
Glyma.15G042400,WGD
Glyma.15G042500,WGD
Glyma.15G042600,WGD
Glyma.15G042700,WGD
Glyma.15G042900,WGD
Glyma.15G043300,WGD
Glyma.15G043400,WGD
Glyma.15G043500,WGD
Glyma.15G043600,WGD
Glyma.15G043700,WGD
Glyma.15G043800,WGD
Glyma.15G043900,WGD
Glyma.15G044000,WGD
Glyma.15G044100,WGD
Glyma.15G044200,WGD
Glyma.15G044400,WGD
Glyma.15G044500,WGD
Glyma.15G044600,WGD
Glyma.15G044700,WGD
Glyma.15G044800,WGD
Glyma.15G044900,WGD
Glyma.15G045000,WGD
Glyma.15G045100,WGD
Glyma.15G045200,WGD
Glyma.15G045500,WGD
Glyma.15G045600,WGD
Glyma.15G045800,WGD
Glyma.15G045900,WGD
Glyma.15G046000,WGD
Glyma.15G046100,WGD
Glyma.15G046201,WGD
Glyma.15G046400,WGD
Glyma.15G046600,WGD
Glyma.15G046733,WGD
Glyma.15G046800,WGD
Glyma.15G046900,WGD
Glyma.15G047000,WGD
Glyma.15G047100,WGD
Glyma.15G047200,WGD
Glyma.15G047300,WGD
Glyma.15G047400,WGD
Glyma.15G047500,WGD
Glyma.15G047600,WGD
Glyma.15G047700,WGD
Glyma.15G047800,WGD
Glyma.15G048300,WGD
Glyma.15G048600,WGD
Glyma.15G048700,WGD
Glyma.15G048800,WGD
Glyma.15G048900,WGD
Glyma.15G049000,WGD
Glyma.15G049200,WGD
Glyma.15G049300,WGD
Glyma.15G049500,WGD
Glyma.15G049600,WGD
Glyma.15G049700,WGD
Glyma.15G050000,WGD
Glyma.15G050101,WGD
Glyma.15G050200,WGD
Glyma.15G050300,WGD
Glyma.15G050400,WGD
Glyma.15G050500,WGD
Glyma.15G050600,WGD
Glyma.15G050700,WGD
Glyma.15G050800,WGD
Glyma.15G050900,WGD
Glyma.15G051100,WGD
Glyma.15G051200,WGD
Glyma.15G051400,WGD
Glyma.15G051500,WGD
Glyma.15G051600,WGD
Glyma.15G051700,WGD
Glyma.15G051801,WGD
Glyma.15G051900,WGD
Glyma.15G052000,WGD
Glyma.15G052200,WGD
Glyma.15G052400,WGD
Glyma.15G052500,WGD
Glyma.15G052600,WGD
Glyma.15G053000,WGD
Glyma.15G053100,WGD
Glyma.15G053300,WGD
Glyma.15G053400,WGD
Glyma.15G053500,WGD
Glyma.15G053600,WGD
Glyma.15G053700,WGD
Glyma.15G053800,WGD
Glyma.15G053900,WGD
Glyma.15G054000,WGD
Glyma.15G054200,WGD
Glyma.15G054300,WGD
Glyma.15G054600,WGD
Glyma.15G054800,WGD
Glyma.15G054900,WGD
Glyma.15G055100,WGD
Glyma.15G055500,WGD
Glyma.15G055600,WGD
Glyma.15G055700,WGD
Glyma.15G055900,WGD
Glyma.15G056000,WGD
Glyma.15G056100,WGD
Glyma.15G056200,WGD
Glyma.15G056300,WGD
Glyma.15G056400,WGD
Glyma.15G056500,WGD
Glyma.15G056600,WGD
Glyma.15G056700,WGD
Glyma.15G056800,WGD
Glyma.15G056900,WGD
Glyma.15G057000,WGD
Glyma.15G057100,WGD
Glyma.15G057200,WGD
Glyma.15G057300,WGD
Glyma.15G057500,WGD
Glyma.15G057700,WGD
Glyma.15G057800,WGD
Glyma.15G057900,WGD
Glyma.15G058000,WGD
Glyma.15G058100,WGD
Glyma.15G058200,WGD
Glyma.15G058300,WGD
Glyma.15G058400,WGD
Glyma.15G058600,WGD
Glyma.15G058700,WGD
Glyma.15G058800,WGD
Glyma.15G058900,WGD
Glyma.15G059100,WGD
Glyma.15G059200,WGD
Glyma.15G059400,WGD
Glyma.15G059500,WGD
Glyma.15G059600,WGD
Glyma.15G059700,WGD
Glyma.15G059900,WGD
Glyma.15G060000,WGD
Glyma.15G060100,WGD
Glyma.15G060200,WGD
Glyma.15G060600,WGD
Glyma.15G060700,WGD
Glyma.15G060800,WGD
Glyma.15G060900,WGD
Glyma.15G061000,WGD
Glyma.15G061100,WGD
Glyma.15G061200,WGD
Glyma.15G061300,WGD
Glyma.15G061400,WGD
Glyma.15G061500,WGD
Glyma.15G061700,WGD
Glyma.15G061800,WGD
Glyma.15G061900,WGD
Glyma.15G062000,WGD
Glyma.15G062200,WGD
Glyma.15G062300,WGD
Glyma.15G062400,WGD
Glyma.15G062600,WGD
Glyma.15G062800,WGD
Glyma.15G063000,WGD
Glyma.15G063100,WGD
Glyma.15G063200,WGD
Glyma.15G063400,WGD
Glyma.15G063500,WGD
Glyma.15G063600,WGD
Glyma.15G063700,WGD
Glyma.15G063800,WGD
Glyma.15G063900,WGD
Glyma.15G064100,WGD
Glyma.15G064200,WGD
Glyma.15G064300,WGD
Glyma.15G064500,WGD
Glyma.15G064700,WGD
Glyma.15G064800,WGD
Glyma.15G064900,WGD
Glyma.15G065100,WGD
Glyma.15G065200,WGD
Glyma.15G065400,WGD
Glyma.15G065700,WGD
Glyma.15G065800,WGD
Glyma.15G066000,WGD
Glyma.15G066100,WGD
Glyma.15G066200,WGD
Glyma.15G066400,WGD
Glyma.15G066600,WGD
Glyma.15G066700,WGD
Glyma.15G066800,WGD
Glyma.15G066900,WGD
Glyma.15G067000,WGD
Glyma.15G067100,WGD
Glyma.15G067200,WGD
Glyma.15G067300,WGD
Glyma.15G067400,WGD
Glyma.15G067500,WGD
Glyma.15G067700,WGD
Glyma.15G067800,WGD
Glyma.15G067900,WGD
Glyma.15G068000,WGD
Glyma.15G068100,WGD
Glyma.15G068200,WGD
Glyma.15G068500,WGD
Glyma.15G068600,WGD
Glyma.15G068700,WGD
Glyma.15G068800,WGD
Glyma.15G068900,WGD
Glyma.15G069000,WGD
Glyma.15G069100,WGD
Glyma.15G069200,WGD
Glyma.15G069300,WGD
Glyma.15G069400,WGD
Glyma.15G069500,WGD
Glyma.15G069600,WGD
Glyma.15G069700,WGD
Glyma.15G069800,WGD
Glyma.15G069900,WGD
Glyma.15G070000,WGD
Glyma.15G070100,WGD
Glyma.15G070200,WGD
Glyma.15G070300,WGD
Glyma.15G070400,WGD
Glyma.15G070700,WGD
Glyma.15G070800,WGD
Glyma.15G071000,WGD
Glyma.15G071200,WGD
Glyma.15G071300,WGD
Glyma.15G071400,WGD
Glyma.15G071600,WGD
Glyma.15G071800,WGD
Glyma.15G071900,WGD
Glyma.15G072000,WGD
Glyma.15G072100,WGD
Glyma.15G072200,WGD
Glyma.15G072266,WGD
Glyma.15G072400,WGD
Glyma.15G072500,WGD
Glyma.15G072600,WGD
Glyma.15G072700,WGD
Glyma.15G072800,WGD
Glyma.15G072900,WGD
Glyma.15G073100,WGD
Glyma.15G073200,WGD
Glyma.15G073400,WGD
Glyma.15G073500,WGD
Glyma.15G073700,WGD
Glyma.15G073900,WGD
Glyma.15G074000,WGD
Glyma.15G074100,WGD
Glyma.15G074200,WGD
Glyma.15G074267,WGD
Glyma.15G074333,WGD
Glyma.15G074400,WGD
Glyma.15G074500,WGD
Glyma.15G074600,WGD
Glyma.15G074700,WGD
Glyma.15G074800,WGD
Glyma.15G074900,WGD
Glyma.15G075000,WGD
Glyma.15G075100,WGD
Glyma.15G075200,WGD
Glyma.15G075300,WGD
Glyma.15G075400,WGD
Glyma.15G075500,WGD
Glyma.15G075600,WGD
Glyma.15G075800,WGD
Glyma.15G076000,WGD
Glyma.15G076200,WGD
Glyma.15G076300,WGD
Glyma.15G076400,WGD
Glyma.15G076500,WGD
Glyma.15G076600,WGD
Glyma.15G076800,WGD
Glyma.15G076900,WGD
Glyma.15G077000,WGD
Glyma.15G077100,WGD
Glyma.15G077300,WGD
Glyma.15G077400,WGD
Glyma.15G077500,WGD
Glyma.15G077600,WGD
Glyma.15G077700,WGD
Glyma.15G078000,WGD
Glyma.15G078200,WGD
Glyma.15G078300,WGD
Glyma.15G078400,WGD
Glyma.15G078600,WGD
Glyma.15G078701,WGD
Glyma.15G078800,WGD
Glyma.15G078900,WGD
Glyma.15G079000,WGD
Glyma.15G079100,WGD
Glyma.15G079200,WGD
Glyma.15G079300,WGD
Glyma.15G079500,WGD
Glyma.15G079600,WGD
Glyma.15G079700,WGD
Glyma.15G079900,WGD
Glyma.15G080000,WGD
Glyma.15G080067,WGD
Glyma.15G080200,WGD
Glyma.15G080400,WGD
Glyma.15G080500,WGD
Glyma.15G080600,WGD
Glyma.15G080700,WGD
Glyma.15G080800,WGD
Glyma.15G080900,WGD
Glyma.15G081300,WGD
Glyma.15G081400,WGD
Glyma.15G081500,WGD
Glyma.15G081600,WGD
Glyma.15G081800,WGD
Glyma.15G082000,WGD
Glyma.15G082100,WGD
Glyma.15G082300,WGD
Glyma.15G082400,WGD
Glyma.15G082600,WGD
Glyma.15G082800,WGD
Glyma.15G082900,WGD
Glyma.15G083000,WGD
Glyma.15G083200,WGD
Glyma.15G083300,WGD
Glyma.15G083400,WGD
Glyma.15G083500,WGD
Glyma.15G083600,WGD
Glyma.15G083700,WGD
Glyma.15G083800,WGD
Glyma.15G083900,WGD
Glyma.15G084100,WGD
Glyma.15G084200,WGD
Glyma.15G084300,WGD
Glyma.15G084400,WGD
Glyma.15G084466,WGD
Glyma.15G084600,WGD
Glyma.15G084700,WGD
Glyma.15G084800,WGD
Glyma.15G085000,WGD
Glyma.15G085200,WGD
Glyma.15G085300,WGD
Glyma.15G085400,WGD
Glyma.15G085451,WGD
Glyma.15G085500,WGD
Glyma.15G085800,WGD
Glyma.15G085900,WGD
Glyma.15G086000,WGD
Glyma.15G086100,WGD
Glyma.15G086200,WGD
Glyma.15G086302,WGD
Glyma.15G086400,WGD
Glyma.15G086500,WGD
Glyma.15G086800,WGD
Glyma.15G086900,WGD
Glyma.15G087100,WGD
Glyma.15G087200,WGD
Glyma.15G087300,WGD
Glyma.15G087400,WGD
Glyma.15G087500,WGD
Glyma.15G087700,WGD
Glyma.15G087900,WGD
Glyma.15G088100,WGD
Glyma.15G088200,WGD
Glyma.15G088300,WGD
Glyma.15G088500,WGD
Glyma.15G088600,WGD
Glyma.15G088900,WGD
Glyma.15G089300,WGD
Glyma.15G089401,WGD
Glyma.15G089500,WGD
Glyma.15G089600,WGD
Glyma.15G089700,WGD
Glyma.15G089800,WGD
Glyma.15G089900,WGD
Glyma.15G090100,WGD
Glyma.15G090200,WGD
Glyma.15G090300,WGD
Glyma.15G090400,WGD
Glyma.15G090500,WGD
Glyma.15G090700,WGD
Glyma.15G091000,WGD
Glyma.15G091200,WGD
Glyma.15G091500,WGD
Glyma.15G091600,WGD
Glyma.15G091800,WGD
Glyma.15G091900,WGD
Glyma.15G091951,WGD
Glyma.15G092000,WGD
Glyma.15G092100,WGD
Glyma.15G092200,WGD
Glyma.15G092400,WGD
Glyma.15G092500,WGD
Glyma.15G092600,WGD
Glyma.15G092700,WGD
Glyma.15G092800,WGD
Glyma.15G092900,WGD
Glyma.15G093000,WGD
Glyma.15G093100,WGD
Glyma.15G093200,WGD
Glyma.15G093300,WGD
Glyma.15G093500,WGD
Glyma.15G093600,WGD
Glyma.15G093700,WGD
Glyma.15G093850,WGD
Glyma.15G093900,WGD
Glyma.15G094000,WGD
Glyma.15G094100,WGD
Glyma.15G094350,WGD
Glyma.15G094400,WGD
Glyma.15G094500,WGD
Glyma.15G094600,WGD
Glyma.15G094700,WGD
Glyma.15G094800,WGD
Glyma.15G094900,WGD
Glyma.15G095000,WGD
Glyma.15G095300,WGD
Glyma.15G095400,WGD
Glyma.15G095500,WGD
Glyma.15G095600,WGD
Glyma.15G095700,WGD
Glyma.15G095800,WGD
Glyma.15G096000,WGD
Glyma.15G096200,WGD
Glyma.15G096600,WGD
Glyma.15G096700,WGD
Glyma.15G096800,WGD
Glyma.15G097000,WGD
Glyma.15G097100,WGD
Glyma.15G097300,WGD
Glyma.15G097400,WGD
Glyma.15G097700,WGD
Glyma.15G097900,WGD
Glyma.15G098000,WGD
Glyma.15G098100,WGD
Glyma.15G098200,WGD
Glyma.15G098300,WGD
Glyma.15G098400,WGD
Glyma.15G098500,WGD
Glyma.15G098700,WGD
Glyma.15G098800,WGD
Glyma.15G098900,WGD
Glyma.15G099000,WGD
Glyma.15G099050,WGD
Glyma.15G099100,WGD
Glyma.15G099200,WGD
Glyma.15G099300,WGD
Glyma.15G099400,WGD
Glyma.15G099500,WGD
Glyma.15G099700,WGD
Glyma.15G099800,WGD
Glyma.15G099900,WGD
Glyma.15G100100,WGD
Glyma.15G100200,WGD
Glyma.15G100300,WGD
Glyma.15G100400,WGD
Glyma.15G100500,WGD
Glyma.15G100600,WGD
Glyma.15G100700,WGD
Glyma.15G100800,WGD
Glyma.15G100900,WGD
Glyma.15G101000,WGD
Glyma.15G101200,WGD
Glyma.15G101300,WGD
Glyma.15G101400,WGD
Glyma.15G101500,WGD
Glyma.15G101600,WGD
Glyma.15G101900,WGD
Glyma.15G102000,WGD
Glyma.15G102100,WGD
Glyma.15G102202,WGD
Glyma.15G102300,WGD
Glyma.15G102400,WGD
Glyma.15G102500,WGD
Glyma.15G102700,WGD
Glyma.15G102800,WGD
Glyma.15G103000,WGD
Glyma.15G103200,WGD
Glyma.15G103267,WGD
Glyma.15G103500,WGD
Glyma.15G103700,WGD
Glyma.15G103800,WGD
Glyma.15G103900,WGD
Glyma.15G104000,WGD
Glyma.15G104100,WGD
Glyma.15G104200,WGD
Glyma.15G104300,WGD
Glyma.15G104400,WGD
Glyma.15G104600,WGD
Glyma.15G104700,WGD
Glyma.15G104900,WGD
Glyma.15G105100,WGD
Glyma.15G105300,WGD
Glyma.15G105400,WGD
Glyma.15G105500,WGD
Glyma.15G105600,WGD
Glyma.15G105800,WGD
Glyma.15G105900,WGD
Glyma.15G106000,WGD
Glyma.15G106100,WGD
Glyma.15G106200,WGD
Glyma.15G106400,WGD
Glyma.15G106600,WGD
Glyma.15G106700,WGD
Glyma.15G106800,WGD
Glyma.15G106900,WGD
Glyma.15G107000,WGD
Glyma.15G107100,WGD
Glyma.15G107200,WGD
Glyma.15G107300,WGD
Glyma.15G107500,WGD
Glyma.15G107700,WGD
Glyma.15G107800,WGD
Glyma.15G107900,WGD
Glyma.15G108000,WGD
Glyma.15G108100,WGD
Glyma.15G108200,WGD
Glyma.15G108300,WGD
Glyma.15G108400,WGD
Glyma.15G108700,WGD
Glyma.15G108900,WGD
Glyma.15G109100,WGD
Glyma.15G109300,WGD
Glyma.15G109500,WGD
Glyma.15G109600,WGD
Glyma.15G109700,WGD
Glyma.15G109800,WGD
Glyma.15G110000,WGD
Glyma.15G110200,WGD
Glyma.15G110300,WGD
Glyma.15G110400,WGD
Glyma.15G110500,WGD
Glyma.15G110700,WGD
Glyma.15G110800,WGD
Glyma.15G110900,WGD
Glyma.15G111000,WGD
Glyma.15G111100,WGD
Glyma.15G111200,WGD
Glyma.15G111300,WGD
Glyma.15G111400,WGD
Glyma.15G111500,WGD
Glyma.15G111600,WGD
Glyma.15G111700,WGD
Glyma.15G111800,WGD
Glyma.15G111900,WGD
Glyma.15G112000,WGD
Glyma.15G112200,WGD
Glyma.15G112300,WGD
Glyma.15G112400,WGD
Glyma.15G112500,WGD
Glyma.15G112600,WGD
Glyma.15G112700,WGD
Glyma.15G112900,WGD
Glyma.15G113000,WGD
Glyma.15G113200,WGD
Glyma.15G113300,WGD
Glyma.15G113400,WGD
Glyma.15G113500,WGD
Glyma.15G113700,WGD
Glyma.15G113800,WGD
Glyma.15G113900,WGD
Glyma.15G114000,WGD
Glyma.15G114100,WGD
Glyma.15G114200,WGD
Glyma.15G114300,WGD
Glyma.15G114400,WGD
Glyma.15G114700,WGD
Glyma.15G114800,WGD
Glyma.15G114900,WGD
Glyma.15G115100,WGD
Glyma.15G115200,WGD
Glyma.15G115300,WGD
Glyma.15G115400,WGD
Glyma.15G115500,WGD
Glyma.15G115600,WGD
Glyma.15G115800,WGD
Glyma.15G115900,WGD
Glyma.15G116000,WGD
Glyma.15G116200,WGD
Glyma.15G116300,WGD
Glyma.15G116700,WGD
Glyma.15G116800,WGD
Glyma.15G116900,WGD
Glyma.15G117000,WGD
Glyma.15G117100,WGD
Glyma.15G117200,WGD
Glyma.15G117600,WGD
Glyma.15G117700,WGD
Glyma.15G117900,WGD
Glyma.15G118000,WGD
Glyma.15G118051,WGD
Glyma.15G118100,WGD
Glyma.15G118200,WGD
Glyma.15G118400,WGD
Glyma.15G118500,WGD
Glyma.15G118600,WGD
Glyma.15G118700,WGD
Glyma.15G118800,WGD
Glyma.15G118900,WGD
Glyma.15G119000,WGD
Glyma.15G119100,WGD
Glyma.15G120100,WGD
Glyma.15G120300,WGD
Glyma.15G120400,WGD
Glyma.15G120500,WGD
Glyma.15G120600,WGD
Glyma.15G120700,WGD
Glyma.15G120800,WGD
Glyma.15G121000,WGD
Glyma.15G121100,WGD
Glyma.15G121200,WGD
Glyma.15G121300,WGD
Glyma.15G121400,WGD
Glyma.15G121500,WGD
Glyma.15G121600,WGD
Glyma.15G121700,WGD
Glyma.15G121800,WGD
Glyma.15G121900,WGD
Glyma.15G122100,WGD
Glyma.15G122200,WGD
Glyma.15G122400,WGD
Glyma.15G122500,WGD
Glyma.15G122600,WGD
Glyma.15G122850,WGD
Glyma.15G122900,WGD
Glyma.15G123000,WGD
Glyma.15G123100,WGD
Glyma.15G123200,WGD
Glyma.15G123400,WGD
Glyma.15G123600,WGD
Glyma.15G123700,WGD
Glyma.15G123800,WGD
Glyma.15G123900,WGD
Glyma.15G124000,WGD
Glyma.15G124100,WGD
Glyma.15G124200,WGD
Glyma.15G124400,WGD
Glyma.15G124600,WGD
Glyma.15G124700,WGD
Glyma.15G124900,WGD
Glyma.15G125000,WGD
Glyma.15G125200,WGD
Glyma.15G125300,WGD
Glyma.15G125400,WGD
Glyma.15G125700,WGD
Glyma.15G125800,WGD
Glyma.15G125900,WGD
Glyma.15G126000,WGD
Glyma.15G126200,WGD
Glyma.15G126400,WGD
Glyma.15G126500,WGD
Glyma.15G126600,WGD
Glyma.15G126700,WGD
Glyma.15G126800,WGD
Glyma.15G126900,WGD
Glyma.15G127100,WGD
Glyma.15G127200,WGD
Glyma.15G127400,WGD
Glyma.15G127500,WGD
Glyma.15G127567,WGD
Glyma.15G127700,WGD
Glyma.15G127800,WGD
Glyma.15G127900,WGD
Glyma.15G128000,WGD
Glyma.15G128100,WGD
Glyma.15G128200,WGD
Glyma.15G128300,WGD
Glyma.15G128400,WGD
Glyma.15G128500,WGD
Glyma.15G128600,WGD
Glyma.15G128800,WGD
Glyma.15G129300,WGD
Glyma.15G129400,WGD
Glyma.15G129500,WGD
Glyma.15G129600,WGD
Glyma.15G129700,WGD
Glyma.15G129800,WGD
Glyma.15G129900,WGD
Glyma.15G130000,WGD
Glyma.15G130100,WGD
Glyma.15G130200,WGD
Glyma.15G130300,WGD
Glyma.15G130500,WGD
Glyma.15G130600,WGD
Glyma.15G130900,WGD
Glyma.15G131100,WGD
Glyma.15G131200,WGD
Glyma.15G131300,WGD
Glyma.15G131400,WGD
Glyma.15G131600,WGD
Glyma.15G131700,WGD
Glyma.15G131900,WGD
Glyma.15G132000,WGD
Glyma.15G132100,WGD
Glyma.15G132200,WGD
Glyma.15G132400,WGD
Glyma.15G132500,WGD
Glyma.15G132600,WGD
Glyma.15G132800,WGD
Glyma.15G133400,WGD
Glyma.15G133600,WGD
Glyma.15G133900,WGD
Glyma.15G134300,WGD
Glyma.15G134400,WGD
Glyma.15G134500,WGD
Glyma.15G134600,WGD
Glyma.15G134800,WGD
Glyma.15G134900,WGD
Glyma.15G135000,WGD
Glyma.15G135100,WGD
Glyma.15G135200,WGD
Glyma.15G135400,WGD
Glyma.15G135500,WGD
Glyma.15G135600,WGD
Glyma.15G135700,WGD
Glyma.15G135800,WGD
Glyma.15G135900,WGD
Glyma.15G136000,WGD
Glyma.15G136100,WGD
Glyma.15G136200,WGD
Glyma.15G136300,WGD
Glyma.15G136400,WGD
Glyma.15G136466,WGD
Glyma.15G136600,WGD
Glyma.15G136700,WGD
Glyma.15G136800,WGD
Glyma.15G136900,WGD
Glyma.15G137000,WGD
Glyma.15G137300,WGD
Glyma.15G137500,WGD
Glyma.15G137700,WGD
Glyma.15G137800,WGD
Glyma.15G137900,WGD
Glyma.15G138000,WGD
Glyma.15G138200,WGD
Glyma.15G138300,WGD
Glyma.15G138400,WGD
Glyma.15G138500,WGD
Glyma.15G138600,WGD
Glyma.15G138800,WGD
Glyma.15G139000,WGD
Glyma.15G139100,WGD
Glyma.15G139200,WGD
Glyma.15G139300,WGD
Glyma.15G139400,WGD
Glyma.15G139500,WGD
Glyma.15G139600,WGD
Glyma.15G139900,WGD
Glyma.15G140000,WGD
Glyma.15G140200,WGD
Glyma.15G140501,WGD
Glyma.15G140800,WGD
Glyma.15G140900,WGD
Glyma.15G141000,WGD
Glyma.15G141100,WGD
Glyma.15G141200,WGD
Glyma.15G141400,WGD
Glyma.15G141500,WGD
Glyma.15G141900,WGD
Glyma.15G142400,WGD
Glyma.15G142600,WGD
Glyma.15G142700,WGD
Glyma.15G142801,WGD
Glyma.15G142900,WGD
Glyma.15G143000,WGD
Glyma.15G143100,WGD
Glyma.15G143232,WGD
Glyma.15G143300,WGD
Glyma.15G143400,WGD
Glyma.15G143600,WGD
Glyma.15G143700,WGD
Glyma.15G143800,WGD
Glyma.15G143900,WGD
Glyma.15G144000,WGD
Glyma.15G144100,WGD
Glyma.15G144500,WGD
Glyma.15G144600,WGD
Glyma.15G144700,WGD
Glyma.15G144800,WGD
Glyma.15G144900,WGD
Glyma.15G145200,WGD
Glyma.15G145400,WGD
Glyma.15G145600,WGD
Glyma.15G145900,WGD
Glyma.15G146200,WGD
Glyma.15G146400,WGD
Glyma.15G146500,WGD
Glyma.15G146700,WGD
Glyma.15G146800,WGD
Glyma.15G146900,WGD
Glyma.15G147000,WGD
Glyma.15G147200,WGD
Glyma.15G147300,WGD
Glyma.15G147400,WGD
Glyma.15G147700,WGD
Glyma.15G147800,WGD
Glyma.15G148000,WGD
Glyma.15G148200,WGD
Glyma.15G148300,WGD
Glyma.15G148500,WGD
Glyma.15G148700,WGD
Glyma.15G148800,WGD
Glyma.15G148900,WGD
Glyma.15G149000,WGD
Glyma.15G149100,WGD
Glyma.15G149200,WGD
Glyma.15G149300,WGD
Glyma.15G149400,WGD
Glyma.15G149502,WGD
Glyma.15G149600,WGD
Glyma.15G149700,WGD
Glyma.15G149800,WGD
Glyma.15G149900,WGD
Glyma.15G150000,WGD
Glyma.15G150200,WGD
Glyma.15G150300,WGD
Glyma.15G150400,WGD
Glyma.15G150500,WGD
Glyma.15G150700,WGD
Glyma.15G150900,WGD
Glyma.15G151100,WGD
Glyma.15G151200,WGD
Glyma.15G151300,WGD
Glyma.15G151700,WGD
Glyma.15G151800,WGD
Glyma.15G152000,WGD
Glyma.15G152100,WGD
Glyma.15G152500,WGD
Glyma.15G152600,WGD
Glyma.15G152700,WGD
Glyma.15G152900,WGD
Glyma.15G153000,WGD
Glyma.15G153100,WGD
Glyma.15G153150,WGD
Glyma.15G153900,WGD
Glyma.15G154000,WGD
Glyma.15G154100,WGD
Glyma.15G154200,WGD
Glyma.15G154300,WGD
Glyma.15G154400,WGD
Glyma.15G154600,WGD
Glyma.15G154700,WGD
Glyma.15G154800,WGD
Glyma.15G154900,WGD
Glyma.15G155100,WGD
Glyma.15G155200,WGD
Glyma.15G155300,WGD
Glyma.15G155400,WGD
Glyma.15G155500,WGD
Glyma.15G155600,WGD
Glyma.15G155700,WGD
Glyma.15G155800,WGD
Glyma.15G155900,WGD
Glyma.15G156100,WGD
Glyma.15G156200,WGD
Glyma.15G156400,WGD
Glyma.15G156500,WGD
Glyma.15G156700,WGD
Glyma.15G156900,WGD
Glyma.15G157000,WGD
Glyma.15G157100,WGD
Glyma.15G157300,WGD
Glyma.15G157400,WGD
Glyma.15G157500,WGD
Glyma.15G157700,WGD
Glyma.15G157800,WGD
Glyma.15G157900,WGD
Glyma.15G158100,WGD
Glyma.15G158200,WGD
Glyma.15G158300,WGD
Glyma.15G158400,WGD
Glyma.15G158500,WGD
Glyma.15G158600,WGD
Glyma.15G158800,WGD
Glyma.15G158900,WGD
Glyma.15G159000,WGD
Glyma.15G159100,WGD
Glyma.15G160300,WGD
Glyma.15G160400,WGD
Glyma.15G160500,WGD
Glyma.15G160600,WGD
Glyma.15G161200,WGD
Glyma.15G161300,WGD
Glyma.15G161600,WGD
Glyma.15G161900,WGD
Glyma.15G162300,WGD
Glyma.15G162600,WGD
Glyma.15G162667,WGD
Glyma.15G162733,WGD
Glyma.15G162800,WGD
Glyma.15G163100,WGD
Glyma.15G163200,WGD
Glyma.15G163500,WGD
Glyma.15G163600,WGD
Glyma.15G163700,WGD
Glyma.15G163800,WGD
Glyma.15G163900,WGD
Glyma.15G164000,WGD
Glyma.15G164100,WGD
Glyma.15G164400,WGD
Glyma.15G164500,WGD
Glyma.15G164700,WGD
Glyma.15G164800,WGD
Glyma.15G164900,WGD
Glyma.15G165000,WGD
Glyma.15G165100,WGD
Glyma.15G165200,WGD
Glyma.15G165500,WGD
Glyma.15G165600,WGD
Glyma.15G165700,WGD
Glyma.15G165800,WGD
Glyma.15G165900,WGD
Glyma.15G166200,WGD
Glyma.15G166500,WGD
Glyma.15G166600,WGD
Glyma.15G166700,WGD
Glyma.15G166800,WGD
Glyma.15G166900,WGD
Glyma.15G167000,WGD
Glyma.15G167100,WGD
Glyma.15G167300,WGD
Glyma.15G167400,WGD
Glyma.15G167500,WGD
Glyma.15G167600,WGD
Glyma.15G167800,WGD
Glyma.15G167900,WGD
Glyma.15G168000,WGD
Glyma.15G168200,WGD
Glyma.15G168400,WGD
Glyma.15G168500,WGD
Glyma.15G168600,WGD
Glyma.15G168700,WGD
Glyma.15G168800,WGD
Glyma.15G169000,WGD
Glyma.15G169100,WGD
Glyma.15G169200,WGD
Glyma.15G169300,WGD
Glyma.15G169500,WGD
Glyma.15G169600,WGD
Glyma.15G169800,WGD
Glyma.15G170000,WGD
Glyma.15G170100,WGD
Glyma.15G170200,WGD
Glyma.15G170300,WGD
Glyma.15G170400,WGD
Glyma.15G170500,WGD
Glyma.15G170600,WGD
Glyma.15G170700,WGD
Glyma.15G170800,WGD
Glyma.15G171000,WGD
Glyma.15G171100,WGD
Glyma.15G171700,WGD
Glyma.15G171800,WGD
Glyma.15G171900,WGD
Glyma.15G172000,WGD
Glyma.15G172100,WGD
Glyma.15G172200,WGD
Glyma.15G172300,WGD
Glyma.15G172400,WGD
Glyma.15G172500,WGD
Glyma.15G172600,WGD
Glyma.15G172700,WGD
Glyma.15G172800,WGD
Glyma.15G172900,WGD
Glyma.15G173000,WGD
Glyma.15G173100,WGD
Glyma.15G173300,WGD
Glyma.15G173400,WGD
Glyma.15G173500,WGD
Glyma.15G173800,WGD
Glyma.15G174200,WGD
Glyma.15G175800,WGD
Glyma.15G176100,WGD
Glyma.15G176300,WGD
Glyma.15G176400,WGD
Glyma.15G176500,WGD
Glyma.15G176600,WGD
Glyma.15G176900,WGD
Glyma.15G177000,WGD
Glyma.15G177100,WGD
Glyma.15G177400,WGD
Glyma.15G177500,WGD
Glyma.15G177700,WGD
Glyma.15G177800,WGD
Glyma.15G177900,WGD
Glyma.15G178100,WGD
Glyma.15G178300,WGD
Glyma.15G178400,WGD
Glyma.15G178900,WGD
Glyma.15G179200,WGD
Glyma.15G179300,WGD
Glyma.15G179400,WGD
Glyma.15G179500,WGD
Glyma.15G179600,WGD
Glyma.15G179800,WGD
Glyma.15G180000,WGD
Glyma.15G180900,WGD
Glyma.15G181000,WGD
Glyma.15G181200,WGD
Glyma.15G181400,WGD
Glyma.15G181500,WGD
Glyma.15G181600,WGD
Glyma.15G181800,WGD
Glyma.15G181900,WGD
Glyma.15G182000,WGD
Glyma.15G182300,WGD
Glyma.15G182600,WGD
Glyma.15G182800,WGD
Glyma.15G182900,WGD
Glyma.15G183000,WGD
Glyma.15G183100,WGD
Glyma.15G183400,WGD
Glyma.15G183700,WGD
Glyma.15G183800,WGD
Glyma.15G184300,WGD
Glyma.15G184400,WGD
Glyma.15G184900,WGD
Glyma.15G185000,WGD
Glyma.15G185200,WGD
Glyma.15G185400,WGD
Glyma.15G185900,WGD
Glyma.15G186100,WGD
Glyma.15G186300,WGD
Glyma.15G186400,WGD
Glyma.15G186500,WGD
Glyma.15G187000,WGD
Glyma.15G187400,WGD
Glyma.15G187500,WGD
Glyma.15G188500,WGD
Glyma.15G188800,WGD
Glyma.15G188900,WGD
Glyma.15G189200,WGD
Glyma.15G189700,WGD
Glyma.15G190200,WGD
Glyma.15G190500,WGD
Glyma.15G190700,WGD
Glyma.15G190800,WGD
Glyma.15G191100,WGD
Glyma.15G191200,WGD
Glyma.15G191600,WGD
Glyma.15G191800,WGD
Glyma.15G192000,WGD
Glyma.15G192100,WGD
Glyma.15G192300,WGD
Glyma.15G192700,WGD
Glyma.15G192800,WGD
Glyma.15G193000,WGD
Glyma.15G193100,WGD
Glyma.15G193200,WGD
Glyma.15G193300,WGD
Glyma.15G193400,WGD
Glyma.15G193700,WGD
Glyma.15G194000,WGD
Glyma.15G194200,WGD
Glyma.15G194300,WGD
Glyma.15G194600,WGD
Glyma.15G194800,WGD
Glyma.15G194900,WGD
Glyma.15G195000,WGD
Glyma.15G195100,WGD
Glyma.15G195600,WGD
Glyma.15G195700,WGD
Glyma.15G196100,WGD
Glyma.15G196300,WGD
Glyma.15G196400,WGD
Glyma.15G196500,WGD
Glyma.15G196550,WGD
Glyma.15G196800,WGD
Glyma.15G196900,WGD
Glyma.15G197100,WGD
Glyma.15G197200,WGD
Glyma.15G197300,WGD
Glyma.15G197800,WGD
Glyma.15G198100,WGD
Glyma.15G198300,WGD
Glyma.15G198500,WGD
Glyma.15G198600,WGD
Glyma.15G198900,WGD
Glyma.15G199500,WGD
Glyma.15G199800,WGD
Glyma.15G200100,WGD
Glyma.15G200600,WGD
Glyma.15G200800,WGD
Glyma.15G201300,WGD
Glyma.15G201400,WGD
Glyma.15G201700,WGD
Glyma.15G201800,WGD
Glyma.15G202000,WGD
Glyma.15G202100,WGD
Glyma.15G202200,WGD
Glyma.15G202300,WGD
Glyma.15G202600,WGD
Glyma.15G203000,WGD
Glyma.15G203100,WGD
Glyma.15G203400,WGD
Glyma.15G203600,WGD
Glyma.15G205900,WGD
Glyma.15G206000,WGD
Glyma.15G206100,WGD
Glyma.15G206200,WGD
Glyma.15G206300,WGD
Glyma.15G207900,WGD
Glyma.15G208700,WGD
Glyma.15G209600,WGD
Glyma.15G209800,WGD
Glyma.15G213100,WGD
Glyma.15G213300,WGD
Glyma.15G213400,WGD
Glyma.15G213600,WGD
Glyma.15G214700,WGD
Glyma.15G215400,WGD
Glyma.15G215500,WGD
Glyma.15G215600,WGD
Glyma.15G216000,WGD
Glyma.15G216200,WGD
Glyma.15G216300,WGD
Glyma.15G216700,WGD
Glyma.15G217100,WGD
Glyma.15G217300,WGD
Glyma.15G217400,WGD
Glyma.15G217500,WGD
Glyma.15G217800,WGD
Glyma.15G218000,WGD
Glyma.15G218200,WGD
Glyma.15G218400,WGD
Glyma.15G218700,WGD
Glyma.15G218900,WGD
Glyma.15G219100,WGD
Glyma.15G219200,WGD
Glyma.15G219300,WGD
Glyma.15G220800,WGD
Glyma.15G221000,WGD
Glyma.15G221400,WGD
Glyma.15G221600,WGD
Glyma.15G221700,WGD
Glyma.15G222102,WGD
Glyma.15G222300,WGD
Glyma.15G222400,WGD
Glyma.15G222500,WGD
Glyma.15G223100,WGD
Glyma.15G223200,WGD
Glyma.15G223300,WGD
Glyma.15G223500,WGD
Glyma.15G223800,WGD
Glyma.15G223900,WGD
Glyma.15G224002,WGD
Glyma.15G224200,WGD
Glyma.15G224400,WGD
Glyma.15G224500,WGD
Glyma.15G224900,WGD
Glyma.15G225300,WGD
Glyma.15G226100,WGD
Glyma.15G226300,WGD
Glyma.15G226500,WGD
Glyma.15G227100,WGD
Glyma.15G227300,WGD
Glyma.15G227500,WGD
Glyma.15G227700,WGD
Glyma.15G228000,WGD
Glyma.15G228100,WGD
Glyma.15G229100,WGD
Glyma.15G229400,WGD
Glyma.15G230300,WGD
Glyma.15G231200,WGD
Glyma.15G231700,WGD
Glyma.15G231800,WGD
Glyma.15G231900,WGD
Glyma.15G232000,WGD
Glyma.15G232200,WGD
Glyma.15G232300,WGD
Glyma.15G232400,WGD
Glyma.15G232600,WGD
Glyma.15G232901,WGD
Glyma.15G233700,WGD
Glyma.15G234000,WGD
Glyma.15G234100,WGD
Glyma.15G234200,WGD
Glyma.15G234300,WGD
Glyma.15G234500,WGD
Glyma.15G234800,WGD
Glyma.15G235000,WGD
Glyma.15G235400,WGD
Glyma.15G236000,WGD
Glyma.15G236100,WGD
Glyma.15G236200,WGD
Glyma.15G236300,WGD
Glyma.15G236400,WGD
Glyma.15G236500,WGD
Glyma.15G236700,WGD
Glyma.15G236900,WGD
Glyma.15G237000,WGD
Glyma.15G237300,WGD
Glyma.15G237500,WGD
Glyma.15G237600,WGD
Glyma.15G237800,WGD
Glyma.15G237900,WGD
Glyma.15G238400,WGD
Glyma.15G238500,WGD
Glyma.15G239200,WGD
Glyma.15G240600,WGD
Glyma.15G240700,WGD
Glyma.15G240800,WGD
Glyma.15G241100,WGD
Glyma.15G242200,WGD
Glyma.15G242800,WGD
Glyma.15G242900,WGD
Glyma.15G243000,WGD
Glyma.15G243100,WGD
Glyma.15G244100,WGD
Glyma.15G245100,WGD
Glyma.15G245400,WGD
Glyma.15G245600,WGD
Glyma.15G245800,WGD
Glyma.15G246800,WGD
Glyma.15G247700,WGD
Glyma.15G248000,WGD
Glyma.15G248100,WGD
Glyma.15G248200,WGD
Glyma.15G248300,WGD
Glyma.15G248401,WGD
Glyma.15G248800,WGD
Glyma.15G248900,WGD
Glyma.15G249000,WGD
Glyma.15G249200,WGD
Glyma.15G249800,WGD
Glyma.15G249900,WGD
Glyma.15G250100,WGD
Glyma.15G250200,WGD
Glyma.15G250400,WGD
Glyma.15G250500,WGD
Glyma.15G250800,WGD
Glyma.15G250900,WGD
Glyma.15G251000,WGD
Glyma.15G251100,WGD
Glyma.15G251300,WGD
Glyma.15G251401,WGD
Glyma.15G251600,WGD
Glyma.15G252500,WGD
Glyma.15G252600,WGD
Glyma.15G252700,WGD
Glyma.15G252800,WGD
Glyma.15G253000,WGD
Glyma.15G253100,WGD
Glyma.15G253200,WGD
Glyma.15G253300,WGD
Glyma.15G253500,WGD
Glyma.15G253700,WGD
Glyma.15G253800,WGD
Glyma.15G254000,WGD
Glyma.15G254100,WGD
Glyma.15G254400,WGD
Glyma.15G254500,WGD
Glyma.15G254700,WGD
Glyma.15G254800,WGD
Glyma.15G254900,WGD
Glyma.15G255000,WGD
Glyma.15G255100,WGD
Glyma.15G255300,WGD
Glyma.15G255400,WGD
Glyma.15G255600,WGD
Glyma.15G255800,WGD
Glyma.15G255900,WGD
Glyma.15G256000,WGD
Glyma.15G256200,WGD
Glyma.15G256400,WGD
Glyma.15G256500,WGD
Glyma.15G256600,WGD
Glyma.15G256700,WGD
Glyma.15G256900,WGD
Glyma.15G257500,WGD
Glyma.15G257700,WGD
Glyma.15G258100,WGD
Glyma.15G258200,WGD
Glyma.15G258300,WGD
Glyma.15G258500,WGD
Glyma.15G258600,WGD
Glyma.15G258800,WGD
Glyma.15G259400,WGD
Glyma.15G259500,WGD
Glyma.15G259600,WGD
Glyma.15G259802,WGD
Glyma.15G259900,WGD
Glyma.15G260000,WGD
Glyma.15G260100,WGD
Glyma.15G260300,WGD
Glyma.15G260500,WGD
Glyma.15G260600,WGD
Glyma.15G261100,WGD
Glyma.15G261200,WGD
Glyma.15G261300,WGD
Glyma.15G261600,WGD
Glyma.15G261900,WGD
Glyma.15G262200,WGD
Glyma.15G262300,WGD
Glyma.15G262500,WGD
Glyma.15G262600,WGD
Glyma.15G262800,WGD
Glyma.15G263000,WGD
Glyma.15G263100,WGD
Glyma.15G263200,WGD
Glyma.15G263332,WGD
Glyma.15G263400,WGD
Glyma.15G263500,WGD
Glyma.15G263600,WGD
Glyma.15G263700,WGD
Glyma.15G263800,WGD
Glyma.15G264000,WGD
Glyma.15G264100,WGD
Glyma.15G264400,WGD
Glyma.15G264500,WGD
Glyma.15G265200,WGD
Glyma.15G265300,WGD
Glyma.15G265400,WGD
Glyma.15G265500,WGD
Glyma.15G265600,WGD
Glyma.15G265800,WGD
Glyma.15G265900,WGD
Glyma.15G266100,WGD
Glyma.15G266300,WGD
Glyma.15G266500,WGD
Glyma.15G266600,WGD
Glyma.15G266700,WGD
Glyma.15G266800,WGD
Glyma.15G266900,WGD
Glyma.15G267000,WGD
Glyma.15G267100,WGD
Glyma.15G267200,WGD
Glyma.15G267300,WGD
Glyma.15G267400,WGD
Glyma.15G267500,WGD
Glyma.15G267600,WGD
Glyma.15G267700,WGD
Glyma.15G267900,WGD
Glyma.15G268000,WGD
Glyma.15G268100,WGD
Glyma.15G268200,WGD
Glyma.15G268300,WGD
Glyma.15G268400,WGD
Glyma.15G268500,WGD
Glyma.15G268800,WGD
Glyma.15G268900,WGD
Glyma.15G269100,WGD
Glyma.15G269200,WGD
Glyma.15G269300,WGD
Glyma.15G269400,WGD
Glyma.15G269500,WGD
Glyma.15G269600,WGD
Glyma.15G269700,WGD
Glyma.15G269800,WGD
Glyma.15G270200,WGD
Glyma.15G270400,WGD
Glyma.15G271200,WGD
Glyma.15G271300,WGD
Glyma.15G271400,WGD
Glyma.15G271500,WGD
Glyma.15G271600,WGD
Glyma.15G271700,WGD
Glyma.15G271800,WGD
Glyma.15G271900,WGD
Glyma.15G272000,WGD
Glyma.15G272100,WGD
Glyma.15G272300,WGD
Glyma.15G272500,WGD
Glyma.15G272700,WGD
Glyma.15G273000,WGD
Glyma.15G273300,WGD
Glyma.15G273400,WGD
Glyma.15G273500,WGD
Glyma.15G273600,WGD
Glyma.15G273700,WGD
Glyma.15G273800,WGD
Glyma.15G273900,WGD
Glyma.15G274000,WGD
Glyma.15G274600,WGD
Glyma.15G274800,WGD
Glyma.15G275000,WGD
Glyma.15G275300,WGD
Glyma.15G275400,WGD
Glyma.15G275500,WGD
Glyma.15G275600,WGD
Glyma.15G275900,WGD
Glyma.15G276000,WGD
Glyma.15G276100,WGD
Glyma.15G276200,WGD
Glyma.15G276300,WGD
Glyma.15G276400,WGD
Glyma.15G276500,WGD
Glyma.16G000200,WGD
Glyma.16G000300,WGD
Glyma.16G000500,WGD
Glyma.16G000700,WGD
Glyma.16G001000,WGD
Glyma.16G001200,WGD
Glyma.16G001300,WGD
Glyma.16G001502,WGD
Glyma.16G001700,WGD
Glyma.16G001800,WGD
Glyma.16G002000,WGD
Glyma.16G002200,WGD
Glyma.16G002300,WGD
Glyma.16G002400,WGD
Glyma.16G002500,WGD
Glyma.16G002600,WGD
Glyma.16G002700,WGD
Glyma.16G002800,WGD
Glyma.16G002900,WGD
Glyma.16G003000,WGD
Glyma.16G003100,WGD
Glyma.16G003200,WGD
Glyma.16G003300,WGD
Glyma.16G003500,WGD
Glyma.16G003600,WGD
Glyma.16G003700,WGD
Glyma.16G003900,WGD
Glyma.16G004200,WGD
Glyma.16G004300,WGD
Glyma.16G004400,WGD
Glyma.16G004700,WGD
Glyma.16G004800,WGD
Glyma.16G005000,WGD
Glyma.16G005200,WGD
Glyma.16G005300,WGD
Glyma.16G005400,WGD
Glyma.16G005500,WGD
Glyma.16G005700,WGD
Glyma.16G005800,WGD
Glyma.16G005900,WGD
Glyma.16G006000,WGD
Glyma.16G006100,WGD
Glyma.16G006400,WGD
Glyma.16G006500,WGD
Glyma.16G006600,WGD
Glyma.16G006700,WGD
Glyma.16G006800,WGD
Glyma.16G006966,WGD
Glyma.16G007100,WGD
Glyma.16G007200,WGD
Glyma.16G007300,WGD
Glyma.16G007400,WGD
Glyma.16G007500,WGD
Glyma.16G007600,WGD
Glyma.16G007700,WGD
Glyma.16G007900,WGD
Glyma.16G008100,WGD
Glyma.16G008200,WGD
Glyma.16G008400,WGD
Glyma.16G008500,WGD
Glyma.16G008600,WGD
Glyma.16G008700,WGD
Glyma.16G008800,WGD
Glyma.16G008900,WGD
Glyma.16G008950,WGD
Glyma.16G009000,WGD
Glyma.16G009100,WGD
Glyma.16G009200,WGD
Glyma.16G009300,WGD
Glyma.16G009400,WGD
Glyma.16G009700,WGD
Glyma.16G009800,WGD
Glyma.16G009900,WGD
Glyma.16G010000,WGD
Glyma.16G010100,WGD
Glyma.16G010200,WGD
Glyma.16G010400,WGD
Glyma.16G010800,WGD
Glyma.16G010900,WGD
Glyma.16G011100,WGD
Glyma.16G011200,WGD
Glyma.16G011300,WGD
Glyma.16G011400,WGD
Glyma.16G011500,WGD
Glyma.16G011600,WGD
Glyma.16G011800,WGD
Glyma.16G011900,WGD
Glyma.16G012000,WGD
Glyma.16G012100,WGD
Glyma.16G012200,WGD
Glyma.16G012300,WGD
Glyma.16G012402,WGD
Glyma.16G012500,WGD
Glyma.16G012600,WGD
Glyma.16G012700,WGD
Glyma.16G012800,WGD
Glyma.16G012900,WGD
Glyma.16G013000,WGD
Glyma.16G013100,WGD
Glyma.16G013300,WGD
Glyma.16G013400,WGD
Glyma.16G013500,WGD
Glyma.16G013600,WGD
Glyma.16G013800,WGD
Glyma.16G013900,WGD
Glyma.16G014000,WGD
Glyma.16G014100,WGD
Glyma.16G014200,WGD
Glyma.16G014300,WGD
Glyma.16G014400,WGD
Glyma.16G014500,WGD
Glyma.16G014600,WGD
Glyma.16G014800,WGD
Glyma.16G014900,WGD
Glyma.16G015300,WGD
Glyma.16G015500,WGD
Glyma.16G015800,WGD
Glyma.16G015900,WGD
Glyma.16G016000,WGD
Glyma.16G016100,WGD
Glyma.16G016200,WGD
Glyma.16G016300,WGD
Glyma.16G016400,WGD
Glyma.16G017100,WGD
Glyma.16G017200,WGD
Glyma.16G017300,WGD
Glyma.16G017400,WGD
Glyma.16G017500,WGD
Glyma.16G017600,WGD
Glyma.16G017700,WGD
Glyma.16G017800,WGD
Glyma.16G017900,WGD
Glyma.16G018000,WGD
Glyma.16G018200,WGD
Glyma.16G018300,WGD
Glyma.16G018400,WGD
Glyma.16G018500,WGD
Glyma.16G018600,WGD
Glyma.16G018800,WGD
Glyma.16G018900,WGD
Glyma.16G019200,WGD
Glyma.16G019400,WGD
Glyma.16G019500,WGD
Glyma.16G019700,WGD
Glyma.16G019900,WGD
Glyma.16G020000,WGD
Glyma.16G020200,WGD
Glyma.16G020300,WGD
Glyma.16G020400,WGD
Glyma.16G020500,WGD
Glyma.16G020600,WGD
Glyma.16G020700,WGD
Glyma.16G020800,WGD
Glyma.16G021000,WGD
Glyma.16G021200,WGD
Glyma.16G021300,WGD
Glyma.16G021400,WGD
Glyma.16G021450,WGD
Glyma.16G021600,WGD
Glyma.16G021700,WGD
Glyma.16G021800,WGD
Glyma.16G022000,WGD
Glyma.16G022100,WGD
Glyma.16G022200,WGD
Glyma.16G022300,WGD
Glyma.16G022400,WGD
Glyma.16G022600,WGD
Glyma.16G022700,WGD
Glyma.16G022900,WGD
Glyma.16G023000,WGD
Glyma.16G023300,WGD
Glyma.16G023400,WGD
Glyma.16G023500,WGD
Glyma.16G023600,WGD
Glyma.16G023700,WGD
Glyma.16G023800,WGD
Glyma.16G023900,WGD
Glyma.16G024000,WGD
Glyma.16G024100,WGD
Glyma.16G024200,WGD
Glyma.16G024300,WGD
Glyma.16G024400,WGD
Glyma.16G024500,WGD
Glyma.16G024600,WGD
Glyma.16G024900,WGD
Glyma.16G025000,WGD
Glyma.16G025100,WGD
Glyma.16G025200,WGD
Glyma.16G025300,WGD
Glyma.16G025400,WGD
Glyma.16G025500,WGD
Glyma.16G025700,WGD
Glyma.16G025800,WGD
Glyma.16G025900,WGD
Glyma.16G026000,WGD
Glyma.16G026200,WGD
Glyma.16G026300,WGD
Glyma.16G026400,WGD
Glyma.16G026500,WGD
Glyma.16G026600,WGD
Glyma.16G026700,WGD
Glyma.16G026800,WGD
Glyma.16G026900,WGD
Glyma.16G027100,WGD
Glyma.16G027200,WGD
Glyma.16G027300,WGD
Glyma.16G027400,WGD
Glyma.16G027600,WGD
Glyma.16G027700,WGD
Glyma.16G027800,WGD
Glyma.16G028100,WGD
Glyma.16G028200,WGD
Glyma.16G028300,WGD
Glyma.16G028500,WGD
Glyma.16G028601,WGD
Glyma.16G028700,WGD
Glyma.16G028800,WGD
Glyma.16G028900,WGD
Glyma.16G029000,WGD
Glyma.16G029100,WGD
Glyma.16G029200,WGD
Glyma.16G029300,WGD
Glyma.16G029400,WGD
Glyma.16G029500,WGD
Glyma.16G029600,WGD
Glyma.16G029800,WGD
Glyma.16G029900,WGD
Glyma.16G030000,WGD
Glyma.16G030100,WGD
Glyma.16G030200,WGD
Glyma.16G030300,WGD
Glyma.16G030600,WGD
Glyma.16G030700,WGD
Glyma.16G030800,WGD
Glyma.16G030900,WGD
Glyma.16G031200,WGD
Glyma.16G031300,WGD
Glyma.16G031400,WGD
Glyma.16G031900,WGD
Glyma.16G032200,WGD
Glyma.16G032400,WGD
Glyma.16G032500,WGD
Glyma.16G032600,WGD
Glyma.16G032700,WGD
Glyma.16G032900,WGD
Glyma.16G033000,WGD
Glyma.16G033100,WGD
Glyma.16G033176,WGD
Glyma.16G033400,WGD
Glyma.16G033500,WGD
Glyma.16G033800,WGD
Glyma.16G033900,WGD
Glyma.16G034100,WGD
Glyma.16G034200,WGD
Glyma.16G034300,WGD
Glyma.16G034400,WGD
Glyma.16G034476,WGD
Glyma.16G034626,WGD
Glyma.16G034700,WGD
Glyma.16G034900,WGD
Glyma.16G035000,WGD
Glyma.16G035100,WGD
Glyma.16G035200,WGD
Glyma.16G035400,WGD
Glyma.16G035500,WGD
Glyma.16G035600,WGD
Glyma.16G035700,WGD
Glyma.16G035800,WGD
Glyma.16G036000,WGD
Glyma.16G036100,WGD
Glyma.16G036200,WGD
Glyma.16G036300,WGD
Glyma.16G036400,WGD
Glyma.16G036900,WGD
Glyma.16G037000,WGD
Glyma.16G037100,WGD
Glyma.16G037200,WGD
Glyma.16G037500,WGD
Glyma.16G037600,WGD
Glyma.16G037700,WGD
Glyma.16G037800,WGD
Glyma.16G037900,WGD
Glyma.16G038200,WGD
Glyma.16G038300,WGD
Glyma.16G038400,WGD
Glyma.16G038500,WGD
Glyma.16G038600,WGD
Glyma.16G038666,WGD
Glyma.16G038800,WGD
Glyma.16G038900,WGD
Glyma.16G039300,WGD
Glyma.16G039850,WGD
Glyma.16G039900,WGD
Glyma.16G040000,WGD
Glyma.16G040100,WGD
Glyma.16G040200,WGD
Glyma.16G040300,WGD
Glyma.16G040400,WGD
Glyma.16G040500,WGD
Glyma.16G040700,WGD
Glyma.16G040900,WGD
Glyma.16G041000,WGD
Glyma.16G041100,WGD
Glyma.16G041200,WGD
Glyma.16G041400,WGD
Glyma.16G041600,WGD
Glyma.16G041700,WGD
Glyma.16G041800,WGD
Glyma.16G041900,WGD
Glyma.16G042200,WGD
Glyma.16G042300,WGD
Glyma.16G042500,WGD
Glyma.16G042600,WGD
Glyma.16G042700,WGD
Glyma.16G042800,WGD
Glyma.16G042900,WGD
Glyma.16G043200,WGD
Glyma.16G043300,WGD
Glyma.16G043600,WGD
Glyma.16G043700,WGD
Glyma.16G043800,WGD
Glyma.16G043900,WGD
Glyma.16G044100,WGD
Glyma.16G044200,WGD
Glyma.16G044300,WGD
Glyma.16G044400,WGD
Glyma.16G044500,WGD
Glyma.16G044600,WGD
Glyma.16G044700,WGD
Glyma.16G044800,WGD
Glyma.16G044900,WGD
Glyma.16G045000,WGD
Glyma.16G045200,WGD
Glyma.16G045300,WGD
Glyma.16G045802,WGD
Glyma.16G046000,WGD
Glyma.16G046200,WGD
Glyma.16G046300,WGD
Glyma.16G046400,WGD
Glyma.16G046500,WGD
Glyma.16G046600,WGD
Glyma.16G047100,WGD
Glyma.16G047200,WGD
Glyma.16G047400,WGD
Glyma.16G047600,WGD
Glyma.16G047800,WGD
Glyma.16G047900,WGD
Glyma.16G048100,WGD
Glyma.16G048700,WGD
Glyma.16G048900,WGD
Glyma.16G049000,WGD
Glyma.16G049100,WGD
Glyma.16G049200,WGD
Glyma.16G049300,WGD
Glyma.16G049400,WGD
Glyma.16G049600,WGD
Glyma.16G049700,WGD
Glyma.16G049900,WGD
Glyma.16G050000,WGD
Glyma.16G050200,WGD
Glyma.16G050300,WGD
Glyma.16G050400,WGD
Glyma.16G050500,WGD
Glyma.16G050600,WGD
Glyma.16G050700,WGD
Glyma.16G050800,WGD
Glyma.16G050900,WGD
Glyma.16G051000,WGD
Glyma.16G051100,WGD
Glyma.16G051200,WGD
Glyma.16G051400,WGD
Glyma.16G051500,WGD
Glyma.16G051600,WGD
Glyma.16G051700,WGD
Glyma.16G051800,WGD
Glyma.16G052000,WGD
Glyma.16G052200,WGD
Glyma.16G052300,WGD
Glyma.16G052400,WGD
Glyma.16G052500,WGD
Glyma.16G052600,WGD
Glyma.16G052700,WGD
Glyma.16G052800,WGD
Glyma.16G052900,WGD
Glyma.16G053000,WGD
Glyma.16G053200,WGD
Glyma.16G053300,WGD
Glyma.16G053400,WGD
Glyma.16G053500,WGD
Glyma.16G053700,WGD
Glyma.16G053800,WGD
Glyma.16G053900,WGD
Glyma.16G054200,WGD
Glyma.16G054300,WGD
Glyma.16G054400,WGD
Glyma.16G054500,WGD
Glyma.16G054600,WGD
Glyma.16G054700,WGD
Glyma.16G054800,WGD
Glyma.16G054900,WGD
Glyma.16G055000,WGD
Glyma.16G055100,WGD
Glyma.16G055200,WGD
Glyma.16G055300,WGD
Glyma.16G055700,WGD
Glyma.16G055800,WGD
Glyma.16G055900,WGD
Glyma.16G056100,WGD
Glyma.16G056200,WGD
Glyma.16G056300,WGD
Glyma.16G056400,WGD
Glyma.16G056450,WGD
Glyma.16G056600,WGD
Glyma.16G056700,WGD
Glyma.16G056750,WGD
Glyma.16G057100,WGD
Glyma.16G057200,WGD
Glyma.16G057300,WGD
Glyma.16G057600,WGD
Glyma.16G057902,WGD
Glyma.16G058200,WGD
Glyma.16G058400,WGD
Glyma.16G058500,WGD
Glyma.16G059000,WGD
Glyma.16G059400,WGD
Glyma.16G059500,WGD
Glyma.16G059700,WGD
Glyma.16G059801,WGD
Glyma.16G060000,WGD
Glyma.16G060400,WGD
Glyma.16G060500,WGD
Glyma.16G060700,WGD
Glyma.16G061500,WGD
Glyma.16G062000,WGD
Glyma.16G062100,WGD
Glyma.16G062200,WGD
Glyma.16G062400,WGD
Glyma.16G062500,WGD
Glyma.16G062700,WGD
Glyma.16G062800,WGD
Glyma.16G063000,WGD
Glyma.16G063100,WGD
Glyma.16G063200,WGD
Glyma.16G063300,WGD
Glyma.16G063400,WGD
Glyma.16G063500,WGD
Glyma.16G063700,WGD
Glyma.16G063900,WGD
Glyma.16G064000,WGD
Glyma.16G064100,WGD
Glyma.16G065900,WGD
Glyma.16G066000,WGD
Glyma.16G066200,WGD
Glyma.16G066300,WGD
Glyma.16G066400,WGD
Glyma.16G066700,WGD
Glyma.16G067000,WGD
Glyma.16G067500,WGD
Glyma.16G067800,WGD
Glyma.16G067900,WGD
Glyma.16G068000,WGD
Glyma.16G068200,WGD
Glyma.16G068400,WGD
Glyma.16G069000,WGD
Glyma.16G069200,WGD
Glyma.16G069300,WGD
Glyma.16G069400,WGD
Glyma.16G070300,WGD
Glyma.16G070400,WGD
Glyma.16G070700,WGD
Glyma.16G070800,WGD
Glyma.16G070900,WGD
Glyma.16G071200,WGD
Glyma.16G071700,WGD
Glyma.16G071800,WGD
Glyma.16G071900,WGD
Glyma.16G072000,WGD
Glyma.16G072700,WGD
Glyma.16G073000,WGD
Glyma.16G073100,WGD
Glyma.16G073200,WGD
Glyma.16G073400,WGD
Glyma.16G073500,WGD
Glyma.16G073600,WGD
Glyma.16G073700,WGD
Glyma.16G074200,WGD
Glyma.16G074300,WGD
Glyma.16G074700,WGD
Glyma.16G075200,WGD
Glyma.16G075300,WGD
Glyma.16G075500,WGD
Glyma.16G075600,WGD
Glyma.16G075700,WGD
Glyma.16G075800,WGD
Glyma.16G076000,WGD
Glyma.16G076100,WGD
Glyma.16G076300,WGD
Glyma.16G076400,WGD
Glyma.16G076500,WGD
Glyma.16G076600,WGD
Glyma.16G076700,WGD
Glyma.16G076900,WGD
Glyma.16G077000,WGD
Glyma.16G077100,WGD
Glyma.16G077200,WGD
Glyma.16G077300,WGD
Glyma.16G077400,WGD
Glyma.16G077500,WGD
Glyma.16G077600,WGD
Glyma.16G077700,WGD
Glyma.16G077800,WGD
Glyma.16G077900,WGD
Glyma.16G078000,WGD
Glyma.16G078100,WGD
Glyma.16G078200,WGD
Glyma.16G078300,WGD
Glyma.16G078400,WGD
Glyma.16G078500,WGD
Glyma.16G078800,WGD
Glyma.16G079100,WGD
Glyma.16G079500,WGD
Glyma.16G079600,WGD
Glyma.16G079900,WGD
Glyma.16G080000,WGD
Glyma.16G080100,WGD
Glyma.16G080700,WGD
Glyma.16G081200,WGD
Glyma.16G081400,WGD
Glyma.16G082200,WGD
Glyma.16G082300,WGD
Glyma.16G082400,WGD
Glyma.16G082600,WGD
Glyma.16G082800,WGD
Glyma.16G082900,WGD
Glyma.16G083100,WGD
Glyma.16G083300,WGD
Glyma.16G083400,WGD
Glyma.16G083500,WGD
Glyma.16G083700,WGD
Glyma.16G083800,WGD
Glyma.16G084100,WGD
Glyma.16G084200,WGD
Glyma.16G084300,WGD
Glyma.16G084700,WGD
Glyma.16G084800,WGD
Glyma.16G085300,WGD
Glyma.16G085600,WGD
Glyma.16G086700,WGD
Glyma.16G087100,WGD
Glyma.16G087200,WGD
Glyma.16G087300,WGD
Glyma.16G087600,WGD
Glyma.16G087700,WGD
Glyma.16G088000,WGD
Glyma.16G088200,WGD
Glyma.16G088300,WGD
Glyma.16G088400,WGD
Glyma.16G088700,WGD
Glyma.16G089300,WGD
Glyma.16G089700,WGD
Glyma.16G090101,WGD
Glyma.16G090500,WGD
Glyma.16G090600,WGD
Glyma.16G090700,WGD
Glyma.16G092700,WGD
Glyma.16G093400,WGD
Glyma.16G093600,WGD
Glyma.16G093800,WGD
Glyma.16G093900,WGD
Glyma.16G094100,WGD
Glyma.16G094300,WGD
Glyma.16G094800,WGD
Glyma.16G095000,WGD
Glyma.16G095200,WGD
Glyma.16G095500,WGD
Glyma.16G095700,WGD
Glyma.16G096500,WGD
Glyma.16G097051,WGD
Glyma.16G097102,WGD
Glyma.16G097800,WGD
Glyma.16G098000,WGD
Glyma.16G098900,WGD
Glyma.16G099100,WGD
Glyma.16G099200,WGD
Glyma.16G099300,WGD
Glyma.16G099700,WGD
Glyma.16G099800,WGD
Glyma.16G100100,WGD
Glyma.16G100400,WGD
Glyma.16G100500,WGD
Glyma.16G101200,WGD
Glyma.16G101500,WGD
Glyma.16G101800,WGD
Glyma.16G103900,WGD
Glyma.16G104000,WGD
Glyma.16G104500,WGD
Glyma.16G104600,WGD
Glyma.16G105300,WGD
Glyma.16G105400,WGD
Glyma.16G105500,WGD
Glyma.16G106300,WGD
Glyma.16G106500,WGD
Glyma.16G106800,WGD
Glyma.16G106900,WGD
Glyma.16G107000,WGD
Glyma.16G107300,WGD
Glyma.16G107700,WGD
Glyma.16G107900,WGD
Glyma.16G108200,WGD
Glyma.16G108400,WGD
Glyma.16G108900,WGD
Glyma.16G109200,WGD
Glyma.16G109300,WGD
Glyma.16G109700,WGD
Glyma.16G110100,WGD
Glyma.16G110300,WGD
Glyma.16G110400,WGD
Glyma.16G111200,WGD
Glyma.16G111400,WGD
Glyma.16G111500,WGD
Glyma.16G111700,WGD
Glyma.16G111800,WGD
Glyma.16G111900,WGD
Glyma.16G112200,WGD
Glyma.16G112300,WGD
Glyma.16G112500,WGD
Glyma.16G112600,WGD
Glyma.16G112800,WGD
Glyma.16G112900,WGD
Glyma.16G113000,WGD
Glyma.16G113100,WGD
Glyma.16G114400,WGD
Glyma.16G114700,WGD
Glyma.16G114800,WGD
Glyma.16G114900,WGD
Glyma.16G115500,WGD
Glyma.16G115700,WGD
Glyma.16G116000,WGD
Glyma.16G116100,WGD
Glyma.16G116200,WGD
Glyma.16G116300,WGD
Glyma.16G116500,WGD
Glyma.16G116600,WGD
Glyma.16G117200,WGD
Glyma.16G118100,WGD
Glyma.16G118400,WGD
Glyma.16G118600,WGD
Glyma.16G118800,WGD
Glyma.16G118900,WGD
Glyma.16G119000,WGD
Glyma.16G119200,WGD
Glyma.16G119500,WGD
Glyma.16G119800,WGD
Glyma.16G120000,WGD
Glyma.16G120200,WGD
Glyma.16G120300,WGD
Glyma.16G120600,WGD
Glyma.16G121300,WGD
Glyma.16G121700,WGD
Glyma.16G121900,WGD
Glyma.16G122100,WGD
Glyma.16G122200,WGD
Glyma.16G122300,WGD
Glyma.16G122400,WGD
Glyma.16G122500,WGD
Glyma.16G122800,WGD
Glyma.16G123100,WGD
Glyma.16G123451,WGD
Glyma.16G123600,WGD
Glyma.16G123700,WGD
Glyma.16G123800,WGD
Glyma.16G123900,WGD
Glyma.16G124000,WGD
Glyma.16G124200,WGD
Glyma.16G124400,WGD
Glyma.16G124600,WGD
Glyma.16G124700,WGD
Glyma.16G124800,WGD
Glyma.16G125000,WGD
Glyma.16G125100,WGD
Glyma.16G125200,WGD
Glyma.16G125266,WGD
Glyma.16G125332,WGD
Glyma.16G125600,WGD
Glyma.16G125800,WGD
Glyma.16G126100,WGD
Glyma.16G126300,WGD
Glyma.16G126500,WGD
Glyma.16G126900,WGD
Glyma.16G127100,WGD
Glyma.16G127200,WGD
Glyma.16G127300,WGD
Glyma.16G127400,WGD
Glyma.16G127500,WGD
Glyma.16G127700,WGD
Glyma.16G128300,WGD
Glyma.16G128500,WGD
Glyma.16G128600,WGD
Glyma.16G128700,WGD
Glyma.16G128800,WGD
Glyma.16G128900,WGD
Glyma.16G129000,WGD
Glyma.16G129102,WGD
Glyma.16G129200,WGD
Glyma.16G129600,WGD
Glyma.16G129700,WGD
Glyma.16G129800,WGD
Glyma.16G129900,WGD
Glyma.16G130000,WGD
Glyma.16G130200,WGD
Glyma.16G130300,WGD
Glyma.16G130400,WGD
Glyma.16G130500,WGD
Glyma.16G131000,WGD
Glyma.16G131200,WGD
Glyma.16G131600,WGD
Glyma.16G131700,WGD
Glyma.16G131800,WGD
Glyma.16G131900,WGD
Glyma.16G132100,WGD
Glyma.16G132500,WGD
Glyma.16G132600,WGD
Glyma.16G132800,WGD
Glyma.16G133100,WGD
Glyma.16G133200,WGD
Glyma.16G133300,WGD
Glyma.16G133500,WGD
Glyma.16G133867,WGD
Glyma.16G134400,WGD
Glyma.16G134800,WGD
Glyma.16G134900,WGD
Glyma.16G135000,WGD
Glyma.16G135400,WGD
Glyma.16G135600,WGD
Glyma.16G137800,WGD
Glyma.16G138000,WGD
Glyma.16G138100,WGD
Glyma.16G138200,WGD
Glyma.16G138300,WGD
Glyma.16G138400,WGD
Glyma.16G138700,WGD
Glyma.16G138800,WGD
Glyma.16G139100,WGD
Glyma.16G139400,WGD
Glyma.16G139500,WGD
Glyma.16G139600,WGD
Glyma.16G139700,WGD
Glyma.16G140300,WGD
Glyma.16G140400,WGD
Glyma.16G140500,WGD
Glyma.16G140700,WGD
Glyma.16G140800,WGD
Glyma.16G141000,WGD
Glyma.16G141100,WGD
Glyma.16G141200,WGD
Glyma.16G141300,WGD
Glyma.16G141500,WGD
Glyma.16G141700,WGD
Glyma.16G141800,WGD
Glyma.16G142100,WGD
Glyma.16G142200,WGD
Glyma.16G142300,WGD
Glyma.16G142400,WGD
Glyma.16G142500,WGD
Glyma.16G142600,WGD
Glyma.16G142700,WGD
Glyma.16G142800,WGD
Glyma.16G143000,WGD
Glyma.16G143100,WGD
Glyma.16G143200,WGD
Glyma.16G143300,WGD
Glyma.16G143400,WGD
Glyma.16G143500,WGD
Glyma.16G143600,WGD
Glyma.16G143700,WGD
Glyma.16G143800,WGD
Glyma.16G143900,WGD
Glyma.16G144000,WGD
Glyma.16G144100,WGD
Glyma.16G144200,WGD
Glyma.16G144500,WGD
Glyma.16G144600,WGD
Glyma.16G144700,WGD
Glyma.16G144900,WGD
Glyma.16G145000,WGD
Glyma.16G145100,WGD
Glyma.16G145200,WGD
Glyma.16G145400,WGD
Glyma.16G145500,WGD
Glyma.16G145700,WGD
Glyma.16G145800,WGD
Glyma.16G145900,WGD
Glyma.16G146000,WGD
Glyma.16G146100,WGD
Glyma.16G146300,WGD
Glyma.16G146400,WGD
Glyma.16G146500,WGD
Glyma.16G146600,WGD
Glyma.16G146700,WGD
Glyma.16G146800,WGD
Glyma.16G146900,WGD
Glyma.16G147200,WGD
Glyma.16G147300,WGD
Glyma.16G147500,WGD
Glyma.16G147600,WGD
Glyma.16G147700,WGD
Glyma.16G147800,WGD
Glyma.16G147900,WGD
Glyma.16G148000,WGD
Glyma.16G148100,WGD
Glyma.16G148500,WGD
Glyma.16G148600,WGD
Glyma.16G148700,WGD
Glyma.16G148800,WGD
Glyma.16G149500,WGD
Glyma.16G149600,WGD
Glyma.16G149800,WGD
Glyma.16G150000,WGD
Glyma.16G150100,WGD
Glyma.16G150300,WGD
Glyma.16G150400,WGD
Glyma.16G150600,WGD
Glyma.16G150700,WGD
Glyma.16G151200,WGD
Glyma.16G151300,WGD
Glyma.16G151400,WGD
Glyma.16G151500,WGD
Glyma.16G151700,WGD
Glyma.16G151800,WGD
Glyma.16G151900,WGD
Glyma.16G152100,WGD
Glyma.16G152166,WGD
Glyma.16G152200,WGD
Glyma.16G152300,WGD
Glyma.16G152400,WGD
Glyma.16G152500,WGD
Glyma.16G152600,WGD
Glyma.16G152700,WGD
Glyma.16G152800,WGD
Glyma.16G152900,WGD
Glyma.16G153000,WGD
Glyma.16G153200,WGD
Glyma.16G153400,WGD
Glyma.16G153500,WGD
Glyma.16G153600,WGD
Glyma.16G153700,WGD
Glyma.16G153800,WGD
Glyma.16G154000,WGD
Glyma.16G154100,WGD
Glyma.16G154200,WGD
Glyma.16G154300,WGD
Glyma.16G154400,WGD
Glyma.16G154600,WGD
Glyma.16G154800,WGD
Glyma.16G154900,WGD
Glyma.16G155000,WGD
Glyma.16G155300,WGD
Glyma.16G155400,WGD
Glyma.16G155600,WGD
Glyma.16G155700,WGD
Glyma.16G156000,WGD
Glyma.16G156300,WGD
Glyma.16G156500,WGD
Glyma.16G156600,WGD
Glyma.16G156700,WGD
Glyma.16G156800,WGD
Glyma.16G156900,WGD
Glyma.16G157200,WGD
Glyma.16G157300,WGD
Glyma.16G157400,WGD
Glyma.16G157600,WGD
Glyma.16G157800,WGD
Glyma.16G157900,WGD
Glyma.16G158000,WGD
Glyma.16G158300,WGD
Glyma.16G158400,WGD
Glyma.16G159500,WGD
Glyma.16G159700,WGD
Glyma.16G159900,WGD
Glyma.16G160000,WGD
Glyma.16G160600,WGD
Glyma.16G160800,WGD
Glyma.16G160900,WGD
Glyma.16G161000,WGD
Glyma.16G161400,WGD
Glyma.16G161500,WGD
Glyma.16G161600,WGD
Glyma.16G162200,WGD
Glyma.16G163200,WGD
Glyma.16G163500,WGD
Glyma.16G163600,WGD
Glyma.16G163700,WGD
Glyma.16G163800,WGD
Glyma.16G163900,WGD
Glyma.16G163966,WGD
Glyma.16G164100,WGD
Glyma.16G164200,WGD
Glyma.16G164500,WGD
Glyma.16G164600,WGD
Glyma.16G164700,WGD
Glyma.16G164800,WGD
Glyma.16G164900,WGD
Glyma.16G165000,WGD
Glyma.16G165100,WGD
Glyma.16G165600,WGD
Glyma.16G165900,WGD
Glyma.16G166000,WGD
Glyma.16G166100,WGD
Glyma.16G166600,WGD
Glyma.16G166700,WGD
Glyma.16G166800,WGD
Glyma.16G166900,WGD
Glyma.16G167100,WGD
Glyma.16G167200,WGD
Glyma.16G167300,WGD
Glyma.16G167500,WGD
Glyma.16G167600,WGD
Glyma.16G167700,WGD
Glyma.16G167800,WGD
Glyma.16G167900,WGD
Glyma.16G168000,WGD
Glyma.16G168200,WGD
Glyma.16G168300,WGD
Glyma.16G168400,WGD
Glyma.16G168600,WGD
Glyma.16G170200,WGD
Glyma.16G170300,WGD
Glyma.16G170400,WGD
Glyma.16G170500,WGD
Glyma.16G171050,WGD
Glyma.16G171200,WGD
Glyma.16G171400,WGD
Glyma.16G171500,WGD
Glyma.16G171632,WGD
Glyma.16G171900,WGD
Glyma.16G172300,WGD
Glyma.16G172400,WGD
Glyma.16G172700,WGD
Glyma.16G172800,WGD
Glyma.16G173000,WGD
Glyma.16G173100,WGD
Glyma.16G173400,WGD
Glyma.16G173500,WGD
Glyma.16G173700,WGD
Glyma.16G175200,WGD
Glyma.16G175300,WGD
Glyma.16G176000,WGD
Glyma.16G176100,WGD
Glyma.16G176200,WGD
Glyma.16G176700,WGD
Glyma.16G177100,WGD
Glyma.16G177300,WGD
Glyma.16G177400,WGD
Glyma.16G177500,WGD
Glyma.16G177600,WGD
Glyma.16G177700,WGD
Glyma.16G177900,WGD
Glyma.16G178000,WGD
Glyma.16G178700,WGD
Glyma.16G178800,WGD
Glyma.16G178900,WGD
Glyma.16G179000,WGD
Glyma.16G179100,WGD
Glyma.16G179200,WGD
Glyma.16G179250,WGD
Glyma.16G179300,WGD
Glyma.16G179400,WGD
Glyma.16G179500,WGD
Glyma.16G179600,WGD
Glyma.16G179700,WGD
Glyma.16G179800,WGD
Glyma.16G179900,WGD
Glyma.16G180000,WGD
Glyma.16G180200,WGD
Glyma.16G180300,WGD
Glyma.16G180500,WGD
Glyma.16G180600,WGD
Glyma.16G180700,WGD
Glyma.16G180800,WGD
Glyma.16G181000,WGD
Glyma.16G181100,WGD
Glyma.16G181200,WGD
Glyma.16G181300,WGD
Glyma.16G181500,WGD
Glyma.16G181600,WGD
Glyma.16G181700,WGD
Glyma.16G181900,WGD
Glyma.16G182000,WGD
Glyma.16G182100,WGD
Glyma.16G182200,WGD
Glyma.16G182300,WGD
Glyma.16G182400,WGD
Glyma.16G182500,WGD
Glyma.16G182600,WGD
Glyma.16G182751,WGD
Glyma.16G182800,WGD
Glyma.16G182833,WGD
Glyma.16G182900,WGD
Glyma.16G183266,WGD
Glyma.16G183332,WGD
Glyma.16G183500,WGD
Glyma.16G183651,WGD
Glyma.16G183700,WGD
Glyma.16G183800,WGD
Glyma.16G184000,WGD
Glyma.16G184200,WGD
Glyma.16G184266,WGD
Glyma.16G184332,WGD
Glyma.16G184600,WGD
Glyma.16G185200,WGD
Glyma.16G185400,WGD
Glyma.16G185800,WGD
Glyma.16G186100,WGD
Glyma.16G186325,WGD
Glyma.16G186400,WGD
Glyma.16G186600,WGD
Glyma.16G186700,WGD
Glyma.16G187400,WGD
Glyma.16G187500,WGD
Glyma.16G187566,WGD
Glyma.16G187632,WGD
Glyma.16G187700,WGD
Glyma.16G187851,WGD
Glyma.16G187900,WGD
Glyma.16G188032,WGD
Glyma.16G188100,WGD
Glyma.16G188300,WGD
Glyma.16G188800,WGD
Glyma.16G188900,WGD
Glyma.16G189100,WGD
Glyma.16G189200,WGD
Glyma.16G189400,WGD
Glyma.16G189500,WGD
Glyma.16G189700,WGD
Glyma.16G189900,WGD
Glyma.16G190000,WGD
Glyma.16G190101,WGD
Glyma.16G190200,WGD
Glyma.16G190800,WGD
Glyma.16G190933,WGD
Glyma.16G191000,WGD
Glyma.16G191500,WGD
Glyma.16G191600,WGD
Glyma.16G191666,WGD
Glyma.16G192000,WGD
Glyma.16G192050,WGD
Glyma.16G192100,WGD
Glyma.16G192300,WGD
Glyma.16G192400,WGD
Glyma.16G192600,WGD
Glyma.16G192666,WGD
Glyma.16G192800,WGD
Glyma.16G192900,WGD
Glyma.16G193000,WGD
Glyma.16G193133,WGD
Glyma.16G193200,WGD
Glyma.16G193466,WGD
Glyma.16G193532,WGD
Glyma.16G193600,WGD
Glyma.16G193800,WGD
Glyma.16G193900,WGD
Glyma.16G194100,WGD
Glyma.16G194300,WGD
Glyma.16G194400,WGD
Glyma.16G194500,WGD
Glyma.16G194600,WGD
Glyma.16G195300,WGD
Glyma.16G195400,WGD
Glyma.16G195500,WGD
Glyma.16G196000,WGD
Glyma.16G196200,WGD
Glyma.16G196300,WGD
Glyma.16G196400,WGD
Glyma.16G196700,WGD
Glyma.16G196800,WGD
Glyma.16G196900,WGD
Glyma.16G197100,WGD
Glyma.16G197200,WGD
Glyma.16G197800,WGD
Glyma.16G197900,WGD
Glyma.16G198200,WGD
Glyma.16G198500,WGD
Glyma.16G198700,WGD
Glyma.16G198800,WGD
Glyma.16G199000,WGD
Glyma.16G199100,WGD
Glyma.16G199400,WGD
Glyma.16G199500,WGD
Glyma.16G199900,WGD
Glyma.16G200100,WGD
Glyma.16G200200,WGD
Glyma.16G200300,WGD
Glyma.16G200400,WGD
Glyma.16G200500,WGD
Glyma.16G200600,WGD
Glyma.16G200700,WGD
Glyma.16G200800,WGD
Glyma.16G200900,WGD
Glyma.16G201000,WGD
Glyma.16G201100,WGD
Glyma.16G201200,WGD
Glyma.16G201300,WGD
Glyma.16G201500,WGD
Glyma.16G201600,WGD
Glyma.16G201700,WGD
Glyma.16G201900,WGD
Glyma.16G202000,WGD
Glyma.16G202200,WGD
Glyma.16G202700,WGD
Glyma.16G203100,WGD
Glyma.16G203200,WGD
Glyma.16G203300,WGD
Glyma.16G203400,WGD
Glyma.16G203600,WGD
Glyma.16G203800,WGD
Glyma.16G203900,WGD
Glyma.16G204000,WGD
Glyma.16G204332,WGD
Glyma.16G204400,WGD
Glyma.16G204500,WGD
Glyma.16G204600,WGD
Glyma.16G204700,WGD
Glyma.16G204800,WGD
Glyma.16G204900,WGD
Glyma.16G205000,WGD
Glyma.16G205100,WGD
Glyma.16G205200,WGD
Glyma.16G205300,WGD
Glyma.16G205400,WGD
Glyma.16G205500,WGD
Glyma.16G205600,WGD
Glyma.16G205700,WGD
Glyma.16G205900,WGD
Glyma.16G206100,WGD
Glyma.16G206200,WGD
Glyma.16G206400,WGD
Glyma.16G206500,WGD
Glyma.16G206551,WGD
Glyma.16G206800,WGD
Glyma.16G206900,WGD
Glyma.16G207000,WGD
Glyma.16G207100,WGD
Glyma.16G207200,WGD
Glyma.16G207300,WGD
Glyma.16G207500,WGD
Glyma.16G207600,WGD
Glyma.16G207700,WGD
Glyma.16G207900,WGD
Glyma.16G208000,WGD
Glyma.16G208100,WGD
Glyma.16G208400,WGD
Glyma.16G208500,WGD
Glyma.16G208600,WGD
Glyma.16G208700,WGD
Glyma.16G208800,WGD
Glyma.16G208900,WGD
Glyma.16G209100,WGD
Glyma.16G209400,WGD
Glyma.16G209500,WGD
Glyma.16G209600,WGD
Glyma.16G209700,WGD
Glyma.16G209800,WGD
Glyma.16G210000,WGD
Glyma.16G210100,WGD
Glyma.16G210200,WGD
Glyma.16G210300,WGD
Glyma.16G210400,WGD
Glyma.16G210500,WGD
Glyma.16G210600,WGD
Glyma.16G210900,WGD
Glyma.16G211100,WGD
Glyma.16G211300,WGD
Glyma.16G211600,WGD
Glyma.16G212000,WGD
Glyma.16G212100,WGD
Glyma.16G212400,WGD
Glyma.16G212600,WGD
Glyma.16G212800,WGD
Glyma.16G212900,WGD
Glyma.16G213000,WGD
Glyma.16G213100,WGD
Glyma.16G213200,WGD
Glyma.16G213300,WGD
Glyma.16G213400,WGD
Glyma.16G213500,WGD
Glyma.16G214613,WGD
Glyma.16G215500,WGD
Glyma.16G215600,WGD
Glyma.16G215700,WGD
Glyma.16G215800,WGD
Glyma.16G216100,WGD
Glyma.16G216200,WGD
Glyma.16G216300,WGD
Glyma.16G216500,WGD
Glyma.16G216600,WGD
Glyma.16G216700,WGD
Glyma.16G217200,WGD
Glyma.16G217300,WGD
Glyma.16G217400,WGD
Glyma.16G217500,WGD
Glyma.16G217600,WGD
Glyma.16G217700,WGD
Glyma.16G217800,WGD
Glyma.16G217900,WGD
Glyma.16G218000,WGD
Glyma.16G218400,WGD
Glyma.16G218500,WGD
Glyma.16G218600,WGD
Glyma.16G218700,WGD
Glyma.16G218800,WGD
Glyma.16G218900,WGD
Glyma.16G219000,WGD
Glyma.16G219100,WGD
Glyma.16G219200,WGD
Glyma.16G219400,WGD
Glyma.16G219700,WGD
Glyma.16G219800,WGD
Glyma.16G220100,WGD
Glyma.16G220200,WGD
Glyma.16G220300,WGD
Glyma.16G220400,WGD
Glyma.16G220500,WGD
Glyma.16G220600,WGD
Glyma.16G220700,WGD
Glyma.16G221100,WGD
Glyma.16G221200,WGD
Glyma.16G221400,WGD
Glyma.16G221500,WGD
Glyma.16G221800,WGD
Glyma.16G221900,WGD
Glyma.16G222300,WGD
Glyma.17G000300,WGD
Glyma.17G000400,WGD
Glyma.17G000500,WGD
Glyma.17G000600,WGD
Glyma.17G000800,WGD
Glyma.17G001400,WGD
Glyma.17G001500,WGD
Glyma.17G001600,WGD
Glyma.17G001700,WGD
Glyma.17G001800,WGD
Glyma.17G001900,WGD
Glyma.17G002000,WGD
Glyma.17G002100,WGD
Glyma.17G002200,WGD
Glyma.17G002500,WGD
Glyma.17G002600,WGD
Glyma.17G002702,WGD
Glyma.17G002800,WGD
Glyma.17G002900,WGD
Glyma.17G003000,WGD
Glyma.17G003100,WGD
Glyma.17G003400,WGD
Glyma.17G003500,WGD
Glyma.17G003550,WGD
Glyma.17G003600,WGD
Glyma.17G003700,WGD
Glyma.17G003900,WGD
Glyma.17G004050,WGD
Glyma.17G004300,WGD
Glyma.17G004400,WGD
Glyma.17G004500,WGD
Glyma.17G004700,WGD
Glyma.17G004800,WGD
Glyma.17G004900,WGD
Glyma.17G005000,WGD
Glyma.17G005100,WGD
Glyma.17G005200,WGD
Glyma.17G005500,WGD
Glyma.17G005600,WGD
Glyma.17G006000,WGD
Glyma.17G006100,WGD
Glyma.17G006200,WGD
Glyma.17G006300,WGD
Glyma.17G006500,WGD
Glyma.17G006600,WGD
Glyma.17G006700,WGD
Glyma.17G006900,WGD
Glyma.17G007100,WGD
Glyma.17G007200,WGD
Glyma.17G007300,WGD
Glyma.17G007400,WGD
Glyma.17G007450,WGD
Glyma.17G007500,WGD
Glyma.17G007600,WGD
Glyma.17G007900,WGD
Glyma.17G008000,WGD
Glyma.17G008100,WGD
Glyma.17G008200,WGD
Glyma.17G008250,WGD
Glyma.17G008600,WGD
Glyma.17G008700,WGD
Glyma.17G008800,WGD
Glyma.17G008900,WGD
Glyma.17G009000,WGD
Glyma.17G009200,WGD
Glyma.17G009300,WGD
Glyma.17G009400,WGD
Glyma.17G009500,WGD
Glyma.17G009600,WGD
Glyma.17G009700,WGD
Glyma.17G009800,WGD
Glyma.17G009900,WGD
Glyma.17G010000,WGD
Glyma.17G010100,WGD
Glyma.17G010200,WGD
Glyma.17G010400,WGD
Glyma.17G010500,WGD
Glyma.17G010600,WGD
Glyma.17G010750,WGD
Glyma.17G010900,WGD
Glyma.17G011200,WGD
Glyma.17G011300,WGD
Glyma.17G011400,WGD
Glyma.17G011500,WGD
Glyma.17G011600,WGD
Glyma.17G011700,WGD
Glyma.17G011800,WGD
Glyma.17G012000,WGD
Glyma.17G012100,WGD
Glyma.17G012200,WGD
Glyma.17G012300,WGD
Glyma.17G012400,WGD
Glyma.17G012500,WGD
Glyma.17G012600,WGD
Glyma.17G012800,WGD
Glyma.17G012900,WGD
Glyma.17G013000,WGD
Glyma.17G013200,WGD
Glyma.17G013300,WGD
Glyma.17G013400,WGD
Glyma.17G013600,WGD
Glyma.17G013700,WGD
Glyma.17G013800,WGD
Glyma.17G013900,WGD
Glyma.17G014000,WGD
Glyma.17G014100,WGD
Glyma.17G014200,WGD
Glyma.17G014500,WGD
Glyma.17G014700,WGD
Glyma.17G014800,WGD
Glyma.17G014900,WGD
Glyma.17G015000,WGD
Glyma.17G015100,WGD
Glyma.17G015200,WGD
Glyma.17G015400,WGD
Glyma.17G015500,WGD
Glyma.17G015600,WGD
Glyma.17G015700,WGD
Glyma.17G015800,WGD
Glyma.17G015900,WGD
Glyma.17G016000,WGD
Glyma.17G016100,WGD
Glyma.17G016200,WGD
Glyma.17G016300,WGD
Glyma.17G016500,WGD
Glyma.17G016600,WGD
Glyma.17G016700,WGD
Glyma.17G016800,WGD
Glyma.17G016900,WGD
Glyma.17G017000,WGD
Glyma.17G017100,WGD
Glyma.17G017200,WGD
Glyma.17G017300,WGD
Glyma.17G017400,WGD
Glyma.17G017500,WGD
Glyma.17G017700,WGD
Glyma.17G018000,WGD
Glyma.17G018100,WGD
Glyma.17G018200,WGD
Glyma.17G018800,WGD
Glyma.17G019000,WGD
Glyma.17G019100,WGD
Glyma.17G019200,WGD
Glyma.17G019300,WGD
Glyma.17G019400,WGD
Glyma.17G020100,WGD
Glyma.17G020300,WGD
Glyma.17G020400,WGD
Glyma.17G020500,WGD
Glyma.17G020600,WGD
Glyma.17G020900,WGD
Glyma.17G021000,WGD
Glyma.17G021100,WGD
Glyma.17G021200,WGD
Glyma.17G021400,WGD
Glyma.17G021500,WGD
Glyma.17G021602,WGD
Glyma.17G021700,WGD
Glyma.17G021800,WGD
Glyma.17G021900,WGD
Glyma.17G022000,WGD
Glyma.17G022050,WGD
Glyma.17G022200,WGD
Glyma.17G022300,WGD
Glyma.17G022400,WGD
Glyma.17G022500,WGD
Glyma.17G022700,WGD
Glyma.17G022800,WGD
Glyma.17G022900,WGD
Glyma.17G023000,WGD
Glyma.17G023100,WGD
Glyma.17G023200,WGD
Glyma.17G023300,WGD
Glyma.17G023400,WGD
Glyma.17G023500,WGD
Glyma.17G023600,WGD
Glyma.17G023900,WGD
Glyma.17G024000,WGD
Glyma.17G024100,WGD
Glyma.17G024200,WGD
Glyma.17G024300,WGD
Glyma.17G024400,WGD
Glyma.17G024600,WGD
Glyma.17G024700,WGD
Glyma.17G024800,WGD
Glyma.17G024900,WGD
Glyma.17G025000,WGD
Glyma.17G025200,WGD
Glyma.17G025300,WGD
Glyma.17G025400,WGD
Glyma.17G025500,WGD
Glyma.17G025600,WGD
Glyma.17G025700,WGD
Glyma.17G025800,WGD
Glyma.17G026000,WGD
Glyma.17G026100,WGD
Glyma.17G026200,WGD
Glyma.17G026300,WGD
Glyma.17G026400,WGD
Glyma.17G026500,WGD
Glyma.17G026800,WGD
Glyma.17G026900,WGD
Glyma.17G027000,WGD
Glyma.17G027100,WGD
Glyma.17G027200,WGD
Glyma.17G027300,WGD
Glyma.17G027400,WGD
Glyma.17G027500,WGD
Glyma.17G027600,WGD
Glyma.17G027800,WGD
Glyma.17G027900,WGD
Glyma.17G028000,WGD
Glyma.17G028100,WGD
Glyma.17G028200,WGD
Glyma.17G028400,WGD
Glyma.17G028600,WGD
Glyma.17G028700,WGD
Glyma.17G028800,WGD
Glyma.17G028900,WGD
Glyma.17G028950,WGD
Glyma.17G029000,WGD
Glyma.17G029200,WGD
Glyma.17G029400,WGD
Glyma.17G029500,WGD
Glyma.17G029600,WGD
Glyma.17G029700,WGD
Glyma.17G029800,WGD
Glyma.17G029900,WGD
Glyma.17G030000,WGD
Glyma.17G030100,WGD
Glyma.17G030200,WGD
Glyma.17G030300,WGD
Glyma.17G030400,WGD
Glyma.17G030500,WGD
Glyma.17G030600,WGD
Glyma.17G030700,WGD
Glyma.17G030900,WGD
Glyma.17G031000,WGD
Glyma.17G031200,WGD
Glyma.17G031500,WGD
Glyma.17G031600,WGD
Glyma.17G031700,WGD
Glyma.17G031800,WGD
Glyma.17G031900,WGD
Glyma.17G032000,WGD
Glyma.17G032100,WGD
Glyma.17G032200,WGD
Glyma.17G032300,WGD
Glyma.17G032400,WGD
Glyma.17G032600,WGD
Glyma.17G032700,WGD
Glyma.17G032800,WGD
Glyma.17G033000,WGD
Glyma.17G033100,WGD
Glyma.17G033200,WGD
Glyma.17G033300,WGD
Glyma.17G033400,WGD
Glyma.17G033500,WGD
Glyma.17G033600,WGD
Glyma.17G033700,WGD
Glyma.17G033800,WGD
Glyma.17G034000,WGD
Glyma.17G034100,WGD
Glyma.17G034200,WGD
Glyma.17G034500,WGD
Glyma.17G034800,WGD
Glyma.17G034900,WGD
Glyma.17G035000,WGD
Glyma.17G035100,WGD
Glyma.17G035200,WGD
Glyma.17G035301,WGD
Glyma.17G035400,WGD
Glyma.17G035500,WGD
Glyma.17G035700,WGD
Glyma.17G035800,WGD
Glyma.17G035900,WGD
Glyma.17G036100,WGD
Glyma.17G036200,WGD
Glyma.17G036300,WGD
Glyma.17G036600,WGD
Glyma.17G036700,WGD
Glyma.17G036800,WGD
Glyma.17G036900,WGD
Glyma.17G037100,WGD
Glyma.17G037200,WGD
Glyma.17G037300,WGD
Glyma.17G037400,WGD
Glyma.17G037500,WGD
Glyma.17G037600,WGD
Glyma.17G037700,WGD
Glyma.17G037800,WGD
Glyma.17G037900,WGD
Glyma.17G038000,WGD
Glyma.17G038300,WGD
Glyma.17G038400,WGD
Glyma.17G038500,WGD
Glyma.17G038600,WGD
Glyma.17G038900,WGD
Glyma.17G039000,WGD
Glyma.17G039200,WGD
Glyma.17G039300,WGD
Glyma.17G039500,WGD
Glyma.17G039600,WGD
Glyma.17G039800,WGD
Glyma.17G039900,WGD
Glyma.17G040000,WGD
Glyma.17G040300,WGD
Glyma.17G040400,WGD
Glyma.17G040500,WGD
Glyma.17G040566,WGD
Glyma.17G040700,WGD
Glyma.17G041000,WGD
Glyma.17G041100,WGD
Glyma.17G041300,WGD
Glyma.17G041500,WGD
Glyma.17G041600,WGD
Glyma.17G041700,WGD
Glyma.17G041900,WGD
Glyma.17G042100,WGD
Glyma.17G042300,WGD
Glyma.17G042400,WGD
Glyma.17G042500,WGD
Glyma.17G042600,WGD
Glyma.17G042702,WGD
Glyma.17G042800,WGD
Glyma.17G042900,WGD
Glyma.17G043000,WGD
Glyma.17G043102,WGD
Glyma.17G043200,WGD
Glyma.17G043300,WGD
Glyma.17G043400,WGD
Glyma.17G043500,WGD
Glyma.17G043600,WGD
Glyma.17G043700,WGD
Glyma.17G043800,WGD
Glyma.17G043900,WGD
Glyma.17G044000,WGD
Glyma.17G044100,WGD
Glyma.17G044200,WGD
Glyma.17G044300,WGD
Glyma.17G044500,WGD
Glyma.17G044601,WGD
Glyma.17G044700,WGD
Glyma.17G045000,WGD
Glyma.17G045100,WGD
Glyma.17G045200,WGD
Glyma.17G045300,WGD
Glyma.17G045400,WGD
Glyma.17G045500,WGD
Glyma.17G045600,WGD
Glyma.17G045800,WGD
Glyma.17G045900,WGD
Glyma.17G046000,WGD
Glyma.17G046200,WGD
Glyma.17G046300,WGD
Glyma.17G046400,WGD
Glyma.17G046500,WGD
Glyma.17G046600,WGD
Glyma.17G046700,WGD
Glyma.17G046800,WGD
Glyma.17G046900,WGD
Glyma.17G047000,WGD
Glyma.17G047100,WGD
Glyma.17G047200,WGD
Glyma.17G047300,WGD
Glyma.17G047401,WGD
Glyma.17G047500,WGD
Glyma.17G047600,WGD
Glyma.17G047700,WGD
Glyma.17G047800,WGD
Glyma.17G047900,WGD
Glyma.17G048000,WGD
Glyma.17G048100,WGD
Glyma.17G048200,WGD
Glyma.17G048300,WGD
Glyma.17G048500,WGD
Glyma.17G048600,WGD
Glyma.17G048700,WGD
Glyma.17G048900,WGD
Glyma.17G049000,WGD
Glyma.17G049200,WGD
Glyma.17G049300,WGD
Glyma.17G049400,WGD
Glyma.17G049450,WGD
Glyma.17G049500,WGD
Glyma.17G049600,WGD
Glyma.17G049700,WGD
Glyma.17G049800,WGD
Glyma.17G049900,WGD
Glyma.17G050100,WGD
Glyma.17G050200,WGD
Glyma.17G050300,WGD
Glyma.17G050400,WGD
Glyma.17G050500,WGD
Glyma.17G050600,WGD
Glyma.17G050800,WGD
Glyma.17G050900,WGD
Glyma.17G051000,WGD
Glyma.17G051100,WGD
Glyma.17G051200,WGD
Glyma.17G051300,WGD
Glyma.17G051400,WGD
Glyma.17G051500,WGD
Glyma.17G051600,WGD
Glyma.17G051700,WGD
Glyma.17G051800,WGD
Glyma.17G051900,WGD
Glyma.17G052000,WGD
Glyma.17G052100,WGD
Glyma.17G052200,WGD
Glyma.17G052300,WGD
Glyma.17G052400,WGD
Glyma.17G052500,WGD
Glyma.17G052600,WGD
Glyma.17G052700,WGD
Glyma.17G052800,WGD
Glyma.17G052900,WGD
Glyma.17G053100,WGD
Glyma.17G053200,WGD
Glyma.17G053300,WGD
Glyma.17G053400,WGD
Glyma.17G053500,WGD
Glyma.17G053600,WGD
Glyma.17G053700,WGD
Glyma.17G053800,WGD
Glyma.17G053900,WGD
Glyma.17G054000,WGD
Glyma.17G054200,WGD
Glyma.17G054500,WGD
Glyma.17G054700,WGD
Glyma.17G055000,WGD
Glyma.17G055100,WGD
Glyma.17G055200,WGD
Glyma.17G055300,WGD
Glyma.17G055500,WGD
Glyma.17G055600,WGD
Glyma.17G055832,WGD
Glyma.17G055900,WGD
Glyma.17G056000,WGD
Glyma.17G056200,WGD
Glyma.17G056300,WGD
Glyma.17G056400,WGD
Glyma.17G056500,WGD
Glyma.17G056600,WGD
Glyma.17G056700,WGD
Glyma.17G056900,WGD
Glyma.17G057000,WGD
Glyma.17G057100,WGD
Glyma.17G057300,WGD
Glyma.17G057400,WGD
Glyma.17G057600,WGD
Glyma.17G057800,WGD
Glyma.17G058000,WGD
Glyma.17G058100,WGD
Glyma.17G058300,WGD
Glyma.17G058400,WGD
Glyma.17G058500,WGD
Glyma.17G058600,WGD
Glyma.17G058700,WGD
Glyma.17G058900,WGD
Glyma.17G059100,WGD
Glyma.17G059300,WGD
Glyma.17G059400,WGD
Glyma.17G059500,WGD
Glyma.17G059600,WGD
Glyma.17G059700,WGD
Glyma.17G059800,WGD
Glyma.17G059900,WGD
Glyma.17G060000,WGD
Glyma.17G060200,WGD
Glyma.17G060300,WGD
Glyma.17G060400,WGD
Glyma.17G060600,WGD
Glyma.17G060700,WGD
Glyma.17G060766,WGD
Glyma.17G060900,WGD
Glyma.17G061200,WGD
Glyma.17G061300,WGD
Glyma.17G061400,WGD
Glyma.17G061500,WGD
Glyma.17G061600,WGD
Glyma.17G061700,WGD
Glyma.17G061800,WGD
Glyma.17G061900,WGD
Glyma.17G062000,WGD
Glyma.17G062100,WGD
Glyma.17G062200,WGD
Glyma.17G062300,WGD
Glyma.17G062500,WGD
Glyma.17G062600,WGD
Glyma.17G062700,WGD
Glyma.17G062800,WGD
Glyma.17G062900,WGD
Glyma.17G063000,WGD
Glyma.17G063800,WGD
Glyma.17G063900,WGD
Glyma.17G064000,WGD
Glyma.17G064100,WGD
Glyma.17G064200,WGD
Glyma.17G064300,WGD
Glyma.17G064400,WGD
Glyma.17G064700,WGD
Glyma.17G064800,WGD
Glyma.17G064900,WGD
Glyma.17G065000,WGD
Glyma.17G065500,WGD
Glyma.17G065600,WGD
Glyma.17G065700,WGD
Glyma.17G065800,WGD
Glyma.17G066000,WGD
Glyma.17G066400,WGD
Glyma.17G066500,WGD
Glyma.17G066600,WGD
Glyma.17G066700,WGD
Glyma.17G066800,WGD
Glyma.17G066900,WGD
Glyma.17G067100,WGD
Glyma.17G067200,WGD
Glyma.17G067400,WGD
Glyma.17G067500,WGD
Glyma.17G067600,WGD
Glyma.17G067700,WGD
Glyma.17G067800,WGD
Glyma.17G068100,WGD
Glyma.17G068200,WGD
Glyma.17G068300,WGD
Glyma.17G068400,WGD
Glyma.17G068500,WGD
Glyma.17G068567,WGD
Glyma.17G068700,WGD
Glyma.17G068800,WGD
Glyma.17G068900,WGD
Glyma.17G069000,WGD
Glyma.17G069100,WGD
Glyma.17G069202,WGD
Glyma.17G069300,WGD
Glyma.17G069400,WGD
Glyma.17G069600,WGD
Glyma.17G069700,WGD
Glyma.17G069900,WGD
Glyma.17G070000,WGD
Glyma.17G070200,WGD
Glyma.17G070300,WGD
Glyma.17G070800,WGD
Glyma.17G070900,WGD
Glyma.17G071100,WGD
Glyma.17G071200,WGD
Glyma.17G071300,WGD
Glyma.17G071400,WGD
Glyma.17G071600,WGD
Glyma.17G071700,WGD
Glyma.17G071800,WGD
Glyma.17G071900,WGD
Glyma.17G072000,WGD
Glyma.17G072100,WGD
Glyma.17G072200,WGD
Glyma.17G072300,WGD
Glyma.17G072400,WGD
Glyma.17G072500,WGD
Glyma.17G072600,WGD
Glyma.17G072650,WGD
Glyma.17G073100,WGD
Glyma.17G073200,WGD
Glyma.17G073300,WGD
Glyma.17G073400,WGD
Glyma.17G073500,WGD
Glyma.17G073600,WGD
Glyma.17G073700,WGD
Glyma.17G073800,WGD
Glyma.17G073900,WGD
Glyma.17G074000,WGD
Glyma.17G074101,WGD
Glyma.17G074200,WGD
Glyma.17G074300,WGD
Glyma.17G074400,WGD
Glyma.17G074500,WGD
Glyma.17G074600,WGD
Glyma.17G074700,WGD
Glyma.17G074800,WGD
Glyma.17G075100,WGD
Glyma.17G075300,WGD
Glyma.17G075400,WGD
Glyma.17G076200,WGD
Glyma.17G076300,WGD
Glyma.17G076400,WGD
Glyma.17G076500,WGD
Glyma.17G076600,WGD
Glyma.17G076700,WGD
Glyma.17G076800,WGD
Glyma.17G076900,WGD
Glyma.17G077000,WGD
Glyma.17G077100,WGD
Glyma.17G077251,WGD
Glyma.17G077400,WGD
Glyma.17G077500,WGD
Glyma.17G077700,WGD
Glyma.17G077800,WGD
Glyma.17G077900,WGD
Glyma.17G078000,WGD
Glyma.17G078100,WGD
Glyma.17G078200,WGD
Glyma.17G078300,WGD
Glyma.17G078400,WGD
Glyma.17G078500,WGD
Glyma.17G078600,WGD
Glyma.17G078700,WGD
Glyma.17G078900,WGD
Glyma.17G079000,WGD
Glyma.17G079200,WGD
Glyma.17G079700,WGD
Glyma.17G079900,WGD
Glyma.17G080000,WGD
Glyma.17G080100,WGD
Glyma.17G080200,WGD
Glyma.17G080300,WGD
Glyma.17G080400,WGD
Glyma.17G080500,WGD
Glyma.17G080600,WGD
Glyma.17G080700,WGD
Glyma.17G080900,WGD
Glyma.17G081200,WGD
Glyma.17G081400,WGD
Glyma.17G081600,WGD
Glyma.17G081700,WGD
Glyma.17G081800,WGD
Glyma.17G081900,WGD
Glyma.17G082000,WGD
Glyma.17G082100,WGD
Glyma.17G082400,WGD
Glyma.17G082500,WGD
Glyma.17G082700,WGD
Glyma.17G082800,WGD
Glyma.17G082900,WGD
Glyma.17G083000,WGD
Glyma.17G083100,WGD
Glyma.17G083300,WGD
Glyma.17G083600,WGD
Glyma.17G083700,WGD
Glyma.17G083800,WGD
Glyma.17G084000,WGD
Glyma.17G084100,WGD
Glyma.17G084300,WGD
Glyma.17G084500,WGD
Glyma.17G084700,WGD
Glyma.17G084800,WGD
Glyma.17G084900,WGD
Glyma.17G085000,WGD
Glyma.17G085100,WGD
Glyma.17G085200,WGD
Glyma.17G085300,WGD
Glyma.17G085400,WGD
Glyma.17G085500,WGD
Glyma.17G085550,WGD
Glyma.17G085600,WGD
Glyma.17G085700,WGD
Glyma.17G086300,WGD
Glyma.17G086500,WGD
Glyma.17G086600,WGD
Glyma.17G086800,WGD
Glyma.17G086900,WGD
Glyma.17G087000,WGD
Glyma.17G087100,WGD
Glyma.17G087300,WGD
Glyma.17G087400,WGD
Glyma.17G087500,WGD
Glyma.17G087600,WGD
Glyma.17G087700,WGD
Glyma.17G087900,WGD
Glyma.17G088000,WGD
Glyma.17G088100,WGD
Glyma.17G088200,WGD
Glyma.17G088300,WGD
Glyma.17G088400,WGD
Glyma.17G088500,WGD
Glyma.17G088600,WGD
Glyma.17G088700,WGD
Glyma.17G088800,WGD
Glyma.17G088900,WGD
Glyma.17G089100,WGD
Glyma.17G089200,WGD
Glyma.17G089300,WGD
Glyma.17G089400,WGD
Glyma.17G089500,WGD
Glyma.17G089600,WGD
Glyma.17G089700,WGD
Glyma.17G089866,WGD
Glyma.17G090000,WGD
Glyma.17G090100,WGD
Glyma.17G090200,WGD
Glyma.17G090500,WGD
Glyma.17G090600,WGD
Glyma.17G090800,WGD
Glyma.17G090900,WGD
Glyma.17G091000,WGD
Glyma.17G091100,WGD
Glyma.17G091200,WGD
Glyma.17G091400,WGD
Glyma.17G091500,WGD
Glyma.17G091600,WGD
Glyma.17G091700,WGD
Glyma.17G091900,WGD
Glyma.17G092000,WGD
Glyma.17G092100,WGD
Glyma.17G092200,WGD
Glyma.17G092300,WGD
Glyma.17G092400,WGD
Glyma.17G092500,WGD
Glyma.17G092600,WGD
Glyma.17G092700,WGD
Glyma.17G092800,WGD
Glyma.17G093302,WGD
Glyma.17G093400,WGD
Glyma.17G093500,WGD
Glyma.17G093600,WGD
Glyma.17G093701,WGD
Glyma.17G093800,WGD
Glyma.17G093900,WGD
Glyma.17G093933,WGD
Glyma.17G094000,WGD
Glyma.17G094100,WGD
Glyma.17G094200,WGD
Glyma.17G094300,WGD
Glyma.17G094400,WGD
Glyma.17G094600,WGD
Glyma.17G094700,WGD
Glyma.17G094800,WGD
Glyma.17G095000,WGD
Glyma.17G095200,WGD
Glyma.17G095300,WGD
Glyma.17G095500,WGD
Glyma.17G095633,WGD
Glyma.17G095666,WGD
Glyma.17G095800,WGD
Glyma.17G096000,WGD
Glyma.17G096100,WGD
Glyma.17G096200,WGD
Glyma.17G096500,WGD
Glyma.17G096700,WGD
Glyma.17G096800,WGD
Glyma.17G097000,WGD
Glyma.17G097100,WGD
Glyma.17G097400,WGD
Glyma.17G097500,WGD
Glyma.17G097600,WGD
Glyma.17G097651,WGD
Glyma.17G097900,WGD
Glyma.17G098000,WGD
Glyma.17G098100,WGD
Glyma.17G098200,WGD
Glyma.17G098300,WGD
Glyma.17G098400,WGD
Glyma.17G098500,WGD
Glyma.17G098600,WGD
Glyma.17G098700,WGD
Glyma.17G098800,WGD
Glyma.17G098900,WGD
Glyma.17G099100,WGD
Glyma.17G099200,WGD
Glyma.17G099600,WGD
Glyma.17G099800,WGD
Glyma.17G100000,WGD
Glyma.17G100100,WGD
Glyma.17G100200,WGD
Glyma.17G100300,WGD
Glyma.17G100400,WGD
Glyma.17G100600,WGD
Glyma.17G100700,WGD
Glyma.17G100800,WGD
Glyma.17G100900,WGD
Glyma.17G101000,WGD
Glyma.17G101300,WGD
Glyma.17G101400,WGD
Glyma.17G101500,WGD
Glyma.17G101602,WGD
Glyma.17G101700,WGD
Glyma.17G101800,WGD
Glyma.17G102100,WGD
Glyma.17G102200,WGD
Glyma.17G102300,WGD
Glyma.17G102400,WGD
Glyma.17G102500,WGD
Glyma.17G102700,WGD
Glyma.17G102800,WGD
Glyma.17G102900,WGD
Glyma.17G103000,WGD
Glyma.17G103400,WGD
Glyma.17G103500,WGD
Glyma.17G103600,WGD
Glyma.17G103700,WGD
Glyma.17G103767,WGD
Glyma.17G104000,WGD
Glyma.17G104100,WGD
Glyma.17G104200,WGD
Glyma.17G104300,WGD
Glyma.17G104400,WGD
Glyma.17G104500,WGD
Glyma.17G104600,WGD
Glyma.17G104700,WGD
Glyma.17G104800,WGD
Glyma.17G105000,WGD
Glyma.17G105100,WGD
Glyma.17G105200,WGD
Glyma.17G105300,WGD
Glyma.17G105400,WGD
Glyma.17G105500,WGD
Glyma.17G105700,WGD
Glyma.17G105800,WGD
Glyma.17G105900,WGD
Glyma.17G106100,WGD
Glyma.17G106200,WGD
Glyma.17G106300,WGD
Glyma.17G106366,WGD
Glyma.17G106500,WGD
Glyma.17G106600,WGD
Glyma.17G106800,WGD
Glyma.17G106900,WGD
Glyma.17G107000,WGD
Glyma.17G107100,WGD
Glyma.17G107200,WGD
Glyma.17G107300,WGD
Glyma.17G107500,WGD
Glyma.17G107700,WGD
Glyma.17G108200,WGD
Glyma.17G108300,WGD
Glyma.17G108500,WGD
Glyma.17G108700,WGD
Glyma.17G108800,WGD
Glyma.17G109100,WGD
Glyma.17G109200,WGD
Glyma.17G109300,WGD
Glyma.17G109400,WGD
Glyma.17G109600,WGD
Glyma.17G109700,WGD
Glyma.17G109800,WGD
Glyma.17G110000,WGD
Glyma.17G110600,WGD
Glyma.17G110800,WGD
Glyma.17G110900,WGD
Glyma.17G111000,WGD
Glyma.17G111100,WGD
Glyma.17G111200,WGD
Glyma.17G111300,WGD
Glyma.17G111400,WGD
Glyma.17G112000,WGD
Glyma.17G112051,WGD
Glyma.17G112100,WGD
Glyma.17G112200,WGD
Glyma.17G112300,WGD
Glyma.17G112400,WGD
Glyma.17G112500,WGD
Glyma.17G112600,WGD
Glyma.17G112700,WGD
Glyma.17G112800,WGD
Glyma.17G113000,WGD
Glyma.17G113100,WGD
Glyma.17G113200,WGD
Glyma.17G113400,WGD
Glyma.17G113500,WGD
Glyma.17G113600,WGD
Glyma.17G113700,WGD
Glyma.17G113800,WGD
Glyma.17G113900,WGD
Glyma.17G114000,WGD
Glyma.17G114100,WGD
Glyma.17G114300,WGD
Glyma.17G114400,WGD
Glyma.17G114500,WGD
Glyma.17G114700,WGD
Glyma.17G114800,WGD
Glyma.17G114902,WGD
Glyma.17G115000,WGD
Glyma.17G115100,WGD
Glyma.17G115200,WGD
Glyma.17G115300,WGD
Glyma.17G115400,WGD
Glyma.17G115500,WGD
Glyma.17G115600,WGD
Glyma.17G115700,WGD
Glyma.17G115800,WGD
Glyma.17G115900,WGD
Glyma.17G116000,WGD
Glyma.17G116100,WGD
Glyma.17G116200,WGD
Glyma.17G116400,WGD
Glyma.17G116500,WGD
Glyma.17G116600,WGD
Glyma.17G116700,WGD
Glyma.17G116800,WGD
Glyma.17G117001,WGD
Glyma.17G117100,WGD
Glyma.17G117300,WGD
Glyma.17G117400,WGD
Glyma.17G117500,WGD
Glyma.17G117600,WGD
Glyma.17G117700,WGD
Glyma.17G117800,WGD
Glyma.17G118000,WGD
Glyma.17G118100,WGD
Glyma.17G118200,WGD
Glyma.17G118300,WGD
Glyma.17G118400,WGD
Glyma.17G118500,WGD
Glyma.17G118600,WGD
Glyma.17G118700,WGD
Glyma.17G119000,WGD
Glyma.17G119400,WGD
Glyma.17G119500,WGD
Glyma.17G119600,WGD
Glyma.17G119800,WGD
Glyma.17G119900,WGD
Glyma.17G120000,WGD
Glyma.17G120100,WGD
Glyma.17G120200,WGD
Glyma.17G120300,WGD
Glyma.17G120400,WGD
Glyma.17G120500,WGD
Glyma.17G120600,WGD
Glyma.17G120700,WGD
Glyma.17G120767,WGD
Glyma.17G120833,WGD
Glyma.17G120900,WGD
Glyma.17G121000,WGD
Glyma.17G121100,WGD
Glyma.17G121200,WGD
Glyma.17G121500,WGD
Glyma.17G121600,WGD
Glyma.17G121700,WGD
Glyma.17G121800,WGD
Glyma.17G121900,WGD
Glyma.17G122000,WGD
Glyma.17G122100,WGD
Glyma.17G122200,WGD
Glyma.17G122300,WGD
Glyma.17G122400,WGD
Glyma.17G122500,WGD
Glyma.17G122700,WGD
Glyma.17G123100,WGD
Glyma.17G123200,WGD
Glyma.17G123300,WGD
Glyma.17G123400,WGD
Glyma.17G123500,WGD
Glyma.17G123600,WGD
Glyma.17G123700,WGD
Glyma.17G123800,WGD
Glyma.17G123900,WGD
Glyma.17G124100,WGD
Glyma.17G124400,WGD
Glyma.17G124451,WGD
Glyma.17G124600,WGD
Glyma.17G124700,WGD
Glyma.17G124900,WGD
Glyma.17G125000,WGD
Glyma.17G125100,WGD
Glyma.17G125200,WGD
Glyma.17G125300,WGD
Glyma.17G125400,WGD
Glyma.17G125500,WGD
Glyma.17G125600,WGD
Glyma.17G125700,WGD
Glyma.17G125800,WGD
Glyma.17G125900,WGD
Glyma.17G126000,WGD
Glyma.17G126100,WGD
Glyma.17G126200,WGD
Glyma.17G126300,WGD
Glyma.17G126400,WGD
Glyma.17G126500,WGD
Glyma.17G126600,WGD
Glyma.17G126700,WGD
Glyma.17G126800,WGD
Glyma.17G126900,WGD
Glyma.17G127000,WGD
Glyma.17G127200,WGD
Glyma.17G127300,WGD
Glyma.17G127400,WGD
Glyma.17G127500,WGD
Glyma.17G127600,WGD
Glyma.17G127700,WGD
Glyma.17G127800,WGD
Glyma.17G127900,WGD
Glyma.17G128000,WGD
Glyma.17G128200,WGD
Glyma.17G128300,WGD
Glyma.17G128400,WGD
Glyma.17G128500,WGD
Glyma.17G128600,WGD
Glyma.17G128800,WGD
Glyma.17G128900,WGD
Glyma.17G129100,WGD
Glyma.17G129200,WGD
Glyma.17G129300,WGD
Glyma.17G129500,WGD
Glyma.17G129600,WGD
Glyma.17G129700,WGD
Glyma.17G129802,WGD
Glyma.17G130100,WGD
Glyma.17G130200,WGD
Glyma.17G130400,WGD
Glyma.17G130500,WGD
Glyma.17G130600,WGD
Glyma.17G130700,WGD
Glyma.17G130800,WGD
Glyma.17G130900,WGD
Glyma.17G131000,WGD
Glyma.17G131100,WGD
Glyma.17G131200,WGD
Glyma.17G131400,WGD
Glyma.17G131500,WGD
Glyma.17G131600,WGD
Glyma.17G131700,WGD
Glyma.17G131800,WGD
Glyma.17G131900,WGD
Glyma.17G132000,WGD
Glyma.17G132100,WGD
Glyma.17G132200,WGD
Glyma.17G132300,WGD
Glyma.17G132400,WGD
Glyma.17G132500,WGD
Glyma.17G132600,WGD
Glyma.17G132700,WGD
Glyma.17G132800,WGD
Glyma.17G133000,WGD
Glyma.17G133100,WGD
Glyma.17G133200,WGD
Glyma.17G133400,WGD
Glyma.17G133600,WGD
Glyma.17G133800,WGD
Glyma.17G133900,WGD
Glyma.17G134300,WGD
Glyma.17G134700,WGD
Glyma.17G134900,WGD
Glyma.17G135000,WGD
Glyma.17G135100,WGD
Glyma.17G135200,WGD
Glyma.17G135300,WGD
Glyma.17G135500,WGD
Glyma.17G135600,WGD
Glyma.17G135800,WGD
Glyma.17G135900,WGD
Glyma.17G136000,WGD
Glyma.17G136100,WGD
Glyma.17G136200,WGD
Glyma.17G136300,WGD
Glyma.17G136350,WGD
Glyma.17G136400,WGD
Glyma.17G136600,WGD
Glyma.17G136800,WGD
Glyma.17G136900,WGD
Glyma.17G137100,WGD
Glyma.17G137200,WGD
Glyma.17G137300,WGD
Glyma.17G137400,WGD
Glyma.17G137600,WGD
Glyma.17G137700,WGD
Glyma.17G137800,WGD
Glyma.17G138100,WGD
Glyma.17G138200,WGD
Glyma.17G138300,WGD
Glyma.17G138500,WGD
Glyma.17G138600,WGD
Glyma.17G138800,WGD
Glyma.17G139000,WGD
Glyma.17G139100,WGD
Glyma.17G139200,WGD
Glyma.17G139400,WGD
Glyma.17G139500,WGD
Glyma.17G139700,WGD
Glyma.17G139900,WGD
Glyma.17G140100,WGD
Glyma.17G140200,WGD
Glyma.17G140500,WGD
Glyma.17G140600,WGD
Glyma.17G140700,WGD
Glyma.17G140800,WGD
Glyma.17G141000,WGD
Glyma.17G141100,WGD
Glyma.17G141200,WGD
Glyma.17G141300,WGD
Glyma.17G141400,WGD
Glyma.17G141500,WGD
Glyma.17G141600,WGD
Glyma.17G141700,WGD
Glyma.17G141800,WGD
Glyma.17G142000,WGD
Glyma.17G142300,WGD
Glyma.17G142402,WGD
Glyma.17G142500,WGD
Glyma.17G142600,WGD
Glyma.17G142700,WGD
Glyma.17G142800,WGD
Glyma.17G142900,WGD
Glyma.17G143100,WGD
Glyma.17G143200,WGD
Glyma.17G143300,WGD
Glyma.17G143400,WGD
Glyma.17G143600,WGD
Glyma.17G143800,WGD
Glyma.17G143900,WGD
Glyma.17G144000,WGD
Glyma.17G144100,WGD
Glyma.17G144301,WGD
Glyma.17G144400,WGD
Glyma.17G144700,WGD
Glyma.17G144800,WGD
Glyma.17G144900,WGD
Glyma.17G145000,WGD
Glyma.17G145100,WGD
Glyma.17G145300,WGD
Glyma.17G145400,WGD
Glyma.17G145500,WGD
Glyma.17G145600,WGD
Glyma.17G145900,WGD
Glyma.17G146100,WGD
Glyma.17G146300,WGD
Glyma.17G146400,WGD
Glyma.17G146500,WGD
Glyma.17G146600,WGD
Glyma.17G146900,WGD
Glyma.17G147400,WGD
Glyma.17G147600,WGD
Glyma.17G147700,WGD
Glyma.17G147900,WGD
Glyma.17G148000,WGD
Glyma.17G148100,WGD
Glyma.17G148400,WGD
Glyma.17G148600,WGD
Glyma.17G148700,WGD
Glyma.17G148800,WGD
Glyma.17G149000,WGD
Glyma.17G149100,WGD
Glyma.17G149300,WGD
Glyma.17G149400,WGD
Glyma.17G149600,WGD
Glyma.17G149800,WGD
Glyma.17G149900,WGD
Glyma.17G150000,WGD
Glyma.17G150100,WGD
Glyma.17G150800,WGD
Glyma.17G150900,WGD
Glyma.17G151000,WGD
Glyma.17G151100,WGD
Glyma.17G151200,WGD
Glyma.17G151500,WGD
Glyma.17G151600,WGD
Glyma.17G151700,WGD
Glyma.17G151800,WGD
Glyma.17G152300,WGD
Glyma.17G152500,WGD
Glyma.17G152700,WGD
Glyma.17G152800,WGD
Glyma.17G152900,WGD
Glyma.17G153000,WGD
Glyma.17G153200,WGD
Glyma.17G153300,WGD
Glyma.17G153400,WGD
Glyma.17G153500,WGD
Glyma.17G153700,WGD
Glyma.17G153800,WGD
Glyma.17G153900,WGD
Glyma.17G154100,WGD
Glyma.17G154151,WGD
Glyma.17G154200,WGD
Glyma.17G154400,WGD
Glyma.17G154600,WGD
Glyma.17G154800,WGD
Glyma.17G154900,WGD
Glyma.17G155000,WGD
Glyma.17G155100,WGD
Glyma.17G155200,WGD
Glyma.17G155300,WGD
Glyma.17G155400,WGD
Glyma.17G155600,WGD
Glyma.17G155650,WGD
Glyma.17G155700,WGD
Glyma.17G155900,WGD
Glyma.17G156000,WGD
Glyma.17G156100,WGD
Glyma.17G156200,WGD
Glyma.17G156300,WGD
Glyma.17G156900,WGD
Glyma.17G157000,WGD
Glyma.17G157100,WGD
Glyma.17G157200,WGD
Glyma.17G157300,WGD
Glyma.17G157400,WGD
Glyma.17G157600,WGD
Glyma.17G157700,WGD
Glyma.17G157900,WGD
Glyma.17G158000,WGD
Glyma.17G158100,WGD
Glyma.17G158200,WGD
Glyma.17G158300,WGD
Glyma.17G158600,WGD
Glyma.17G158900,WGD
Glyma.17G159000,WGD
Glyma.17G159100,WGD
Glyma.17G159500,WGD
Glyma.17G159600,WGD
Glyma.17G159800,WGD
Glyma.17G160000,WGD
Glyma.17G160100,WGD
Glyma.17G160300,WGD
Glyma.17G160400,WGD
Glyma.17G160500,WGD
Glyma.17G160600,WGD
Glyma.17G160700,WGD
Glyma.17G160800,WGD
Glyma.17G160900,WGD
Glyma.17G161000,WGD
Glyma.17G161100,WGD
Glyma.17G161200,WGD
Glyma.17G161300,WGD
Glyma.17G161400,WGD
Glyma.17G161500,WGD
Glyma.17G161700,WGD
Glyma.17G161800,WGD
Glyma.17G162000,WGD
Glyma.17G162800,WGD
Glyma.17G163000,WGD
Glyma.17G163200,WGD
Glyma.17G163400,WGD
Glyma.17G163500,WGD
Glyma.17G163700,WGD
Glyma.17G163800,WGD
Glyma.17G163900,WGD
Glyma.17G164100,WGD
Glyma.17G164200,WGD
Glyma.17G164300,WGD
Glyma.17G164400,WGD
Glyma.17G164600,WGD
Glyma.17G164700,WGD
Glyma.17G164800,WGD
Glyma.17G164900,WGD
Glyma.17G165000,WGD
Glyma.17G165100,WGD
Glyma.17G165200,WGD
Glyma.17G165300,WGD
Glyma.17G165600,WGD
Glyma.17G165702,WGD
Glyma.17G165900,WGD
Glyma.17G166000,WGD
Glyma.17G166200,WGD
Glyma.17G166300,WGD
Glyma.17G166400,WGD
Glyma.17G166500,WGD
Glyma.17G166700,WGD
Glyma.17G166800,WGD
Glyma.17G166900,WGD
Glyma.17G167100,WGD
Glyma.17G167200,WGD
Glyma.17G167600,WGD
Glyma.17G167700,WGD
Glyma.17G167800,WGD
Glyma.17G168200,WGD
Glyma.17G168300,WGD
Glyma.17G168400,WGD
Glyma.17G168900,WGD
Glyma.17G169000,WGD
Glyma.17G169200,WGD
Glyma.17G169300,WGD
Glyma.17G169400,WGD
Glyma.17G169700,WGD
Glyma.17G169800,WGD
Glyma.17G170300,WGD
Glyma.17G170600,WGD
Glyma.17G170900,WGD
Glyma.17G171100,WGD
Glyma.17G171250,WGD
Glyma.17G171300,WGD
Glyma.17G172400,WGD
Glyma.17G172500,WGD
Glyma.17G172700,WGD
Glyma.17G172900,WGD
Glyma.17G173000,WGD
Glyma.17G173100,WGD
Glyma.17G173600,WGD
Glyma.17G174300,WGD
Glyma.17G174500,WGD
Glyma.17G174600,WGD
Glyma.17G174900,WGD
Glyma.17G175000,WGD
Glyma.17G175400,WGD
Glyma.17G175700,WGD
Glyma.17G175900,WGD
Glyma.17G176100,WGD
Glyma.17G176200,WGD
Glyma.17G176300,WGD
Glyma.17G176400,WGD
Glyma.17G176500,WGD
Glyma.17G176700,WGD
Glyma.17G176800,WGD
Glyma.17G176900,WGD
Glyma.17G177000,WGD
Glyma.17G177600,WGD
Glyma.17G177800,WGD
Glyma.17G177900,WGD
Glyma.17G178001,WGD
Glyma.17G178300,WGD
Glyma.17G178500,WGD
Glyma.17G178800,WGD
Glyma.17G179200,WGD
Glyma.17G180100,WGD
Glyma.17G180400,WGD
Glyma.17G180600,WGD
Glyma.17G183700,WGD
Glyma.17G183800,WGD
Glyma.17G185100,WGD
Glyma.17G185200,WGD
Glyma.17G186500,WGD
Glyma.17G186600,WGD
Glyma.17G186800,WGD
Glyma.17G187400,WGD
Glyma.17G187500,WGD
Glyma.17G188100,WGD
Glyma.17G188300,WGD
Glyma.17G188500,WGD
Glyma.17G188600,WGD
Glyma.17G188800,WGD
Glyma.17G189200,WGD
Glyma.17G189300,WGD
Glyma.17G189700,WGD
Glyma.17G190400,WGD
Glyma.17G191000,WGD
Glyma.17G191900,WGD
Glyma.17G192000,WGD
Glyma.17G192300,WGD
Glyma.17G192500,WGD
Glyma.17G192800,WGD
Glyma.17G194100,WGD
Glyma.17G194200,WGD
Glyma.17G194300,WGD
Glyma.17G194400,WGD
Glyma.17G194500,WGD
Glyma.17G194700,WGD
Glyma.17G194800,WGD
Glyma.17G195900,WGD
Glyma.17G196200,WGD
Glyma.17G196300,WGD
Glyma.17G196400,WGD
Glyma.17G196700,WGD
Glyma.17G196800,WGD
Glyma.17G196900,WGD
Glyma.17G197200,WGD
Glyma.17G197500,WGD
Glyma.17G197600,WGD
Glyma.17G197700,WGD
Glyma.17G197800,WGD
Glyma.17G197900,WGD
Glyma.17G198000,WGD
Glyma.17G198300,WGD
Glyma.17G198400,WGD
Glyma.17G198800,WGD
Glyma.17G199200,WGD
Glyma.17G200200,WGD
Glyma.17G200301,WGD
Glyma.17G200500,WGD
Glyma.17G200600,WGD
Glyma.17G200700,WGD
Glyma.17G200800,WGD
Glyma.17G200900,WGD
Glyma.17G201000,WGD
Glyma.17G201100,WGD
Glyma.17G201400,WGD
Glyma.17G201700,WGD
Glyma.17G202000,WGD
Glyma.17G202100,WGD
Glyma.17G202200,WGD
Glyma.17G202300,WGD
Glyma.17G202400,WGD
Glyma.17G202500,WGD
Glyma.17G202600,WGD
Glyma.17G202700,WGD
Glyma.17G202802,WGD
Glyma.17G202900,WGD
Glyma.17G203000,WGD
Glyma.17G203600,WGD
Glyma.17G203800,WGD
Glyma.17G204000,WGD
Glyma.17G204800,WGD
Glyma.17G204900,WGD
Glyma.17G205000,WGD
Glyma.17G205200,WGD
Glyma.17G205300,WGD
Glyma.17G205700,WGD
Glyma.17G205800,WGD
Glyma.17G206100,WGD
Glyma.17G206700,WGD
Glyma.17G206966,WGD
Glyma.17G207100,WGD
Glyma.17G207700,WGD
Glyma.17G207900,WGD
Glyma.17G208000,WGD
Glyma.17G208200,WGD
Glyma.17G209100,WGD
Glyma.17G209500,WGD
Glyma.17G210500,WGD
Glyma.17G210800,WGD
Glyma.17G211000,WGD
Glyma.17G211100,WGD
Glyma.17G211200,WGD
Glyma.17G211300,WGD
Glyma.17G211400,WGD
Glyma.17G211500,WGD
Glyma.17G211600,WGD
Glyma.17G211700,WGD
Glyma.17G211900,WGD
Glyma.17G212100,WGD
Glyma.17G212200,WGD
Glyma.17G212300,WGD
Glyma.17G212400,WGD
Glyma.17G212500,WGD
Glyma.17G213466,WGD
Glyma.17G213600,WGD
Glyma.17G213700,WGD
Glyma.17G214100,WGD
Glyma.17G215200,WGD
Glyma.17G215300,WGD
Glyma.17G215400,WGD
Glyma.17G215500,WGD
Glyma.17G215700,WGD
Glyma.17G215900,WGD
Glyma.17G216000,WGD
Glyma.17G216100,WGD
Glyma.17G216500,WGD
Glyma.17G216600,WGD
Glyma.17G216700,WGD
Glyma.17G216800,WGD
Glyma.17G217000,WGD
Glyma.17G217100,WGD
Glyma.17G217200,WGD
Glyma.17G217300,WGD
Glyma.17G218000,WGD
Glyma.17G218200,WGD
Glyma.17G218300,WGD
Glyma.17G218400,WGD
Glyma.17G218700,WGD
Glyma.17G218900,WGD
Glyma.17G219200,WGD
Glyma.17G219300,WGD
Glyma.17G219400,WGD
Glyma.17G219500,WGD
Glyma.17G219600,WGD
Glyma.17G219700,WGD
Glyma.17G220300,WGD
Glyma.17G220500,WGD
Glyma.17G220600,WGD
Glyma.17G220700,WGD
Glyma.17G220800,WGD
Glyma.17G220900,WGD
Glyma.17G221100,WGD
Glyma.17G221200,WGD
Glyma.17G221400,WGD
Glyma.17G221500,WGD
Glyma.17G221700,WGD
Glyma.17G221800,WGD
Glyma.17G221900,WGD
Glyma.17G222000,WGD
Glyma.17G222100,WGD
Glyma.17G222200,WGD
Glyma.17G222300,WGD
Glyma.17G222400,WGD
Glyma.17G222500,WGD
Glyma.17G222700,WGD
Glyma.17G222800,WGD
Glyma.17G223000,WGD
Glyma.17G223100,WGD
Glyma.17G223200,WGD
Glyma.17G223300,WGD
Glyma.17G223400,WGD
Glyma.17G223500,WGD
Glyma.17G223600,WGD
Glyma.17G223800,WGD
Glyma.17G223900,WGD
Glyma.17G224000,WGD
Glyma.17G224100,WGD
Glyma.17G224200,WGD
Glyma.17G224300,WGD
Glyma.17G224700,WGD
Glyma.17G224800,WGD
Glyma.17G224900,WGD
Glyma.17G225000,WGD
Glyma.17G225100,WGD
Glyma.17G225200,WGD
Glyma.17G225300,WGD
Glyma.17G225400,WGD
Glyma.17G225500,WGD
Glyma.17G225600,WGD
Glyma.17G225700,WGD
Glyma.17G225800,WGD
Glyma.17G225900,WGD
Glyma.17G226000,WGD
Glyma.17G226100,WGD
Glyma.17G226400,WGD
Glyma.17G226500,WGD
Glyma.17G226600,WGD
Glyma.17G226700,WGD
Glyma.17G226800,WGD
Glyma.17G227002,WGD
Glyma.17G227100,WGD
Glyma.17G227200,WGD
Glyma.17G227400,WGD
Glyma.17G227500,WGD
Glyma.17G227600,WGD
Glyma.17G227700,WGD
Glyma.17G227800,WGD
Glyma.17G228100,WGD
Glyma.17G228300,WGD
Glyma.17G228400,WGD
Glyma.17G228500,WGD
Glyma.17G228600,WGD
Glyma.17G228700,WGD
Glyma.17G228800,WGD
Glyma.17G228900,WGD
Glyma.17G229000,WGD
Glyma.17G229100,WGD
Glyma.17G229300,WGD
Glyma.17G229400,WGD
Glyma.17G229700,WGD
Glyma.17G229800,WGD
Glyma.17G229900,WGD
Glyma.17G230000,WGD
Glyma.17G230100,WGD
Glyma.17G230200,WGD
Glyma.17G230300,WGD
Glyma.17G230500,WGD
Glyma.17G230600,WGD
Glyma.17G230700,WGD
Glyma.17G230900,WGD
Glyma.17G231000,WGD
Glyma.17G231100,WGD
Glyma.17G231200,WGD
Glyma.17G231400,WGD
Glyma.17G231500,WGD
Glyma.17G231600,WGD
Glyma.17G231700,WGD
Glyma.17G231800,WGD
Glyma.17G231900,WGD
Glyma.17G232000,WGD
Glyma.17G232200,WGD
Glyma.17G232205,WGD
Glyma.17G232210,WGD
Glyma.17G232220,WGD
Glyma.17G232225,WGD
Glyma.17G232235,WGD
Glyma.17G232240,WGD
Glyma.17G232245,WGD
Glyma.17G232255,WGD
Glyma.17G232280,WGD
Glyma.17G232285,WGD
Glyma.17G232290,WGD
Glyma.17G232300,WGD
Glyma.17G232500,WGD
Glyma.17G232600,WGD
Glyma.17G232800,WGD
Glyma.17G232900,WGD
Glyma.17G233000,WGD
Glyma.17G233100,WGD
Glyma.17G233200,WGD
Glyma.17G233300,WGD
Glyma.17G233400,WGD
Glyma.17G233500,WGD
Glyma.17G233600,WGD
Glyma.17G233700,WGD
Glyma.17G233800,WGD
Glyma.17G233900,WGD
Glyma.17G234000,WGD
Glyma.17G234152,WGD
Glyma.17G234300,WGD
Glyma.17G234500,WGD
Glyma.17G234600,WGD
Glyma.17G234700,WGD
Glyma.17G234800,WGD
Glyma.17G234900,WGD
Glyma.17G235000,WGD
Glyma.17G235100,WGD
Glyma.17G235300,WGD
Glyma.17G235700,WGD
Glyma.17G235900,WGD
Glyma.17G236100,WGD
Glyma.17G236200,WGD
Glyma.17G236300,WGD
Glyma.17G236400,WGD
Glyma.17G236500,WGD
Glyma.17G236600,WGD
Glyma.17G236700,WGD
Glyma.17G236800,WGD
Glyma.17G236900,WGD
Glyma.17G237000,WGD
Glyma.17G237100,WGD
Glyma.17G237200,WGD
Glyma.17G237400,WGD
Glyma.17G237500,WGD
Glyma.17G237600,WGD
Glyma.17G237700,WGD
Glyma.17G237800,WGD
Glyma.17G237900,WGD
Glyma.17G238000,WGD
Glyma.17G238200,WGD
Glyma.17G238400,WGD
Glyma.17G238600,WGD
Glyma.17G238700,WGD
Glyma.17G238800,WGD
Glyma.17G238900,WGD
Glyma.17G239000,WGD
Glyma.17G239200,WGD
Glyma.17G239300,WGD
Glyma.17G239400,WGD
Glyma.17G239500,WGD
Glyma.17G239700,WGD
Glyma.17G239800,WGD
Glyma.17G239900,WGD
Glyma.17G240000,WGD
Glyma.17G240100,WGD
Glyma.17G240300,WGD
Glyma.17G240400,WGD
Glyma.17G240500,WGD
Glyma.17G240700,WGD
Glyma.17G240800,WGD
Glyma.17G241000,WGD
Glyma.17G241100,WGD
Glyma.17G241300,WGD
Glyma.17G241400,WGD
Glyma.17G241500,WGD
Glyma.17G241702,WGD
Glyma.17G241800,WGD
Glyma.17G242000,WGD
Glyma.17G242100,WGD
Glyma.17G242200,WGD
Glyma.17G242300,WGD
Glyma.17G242500,WGD
Glyma.17G242800,WGD
Glyma.17G242900,WGD
Glyma.17G243000,WGD
Glyma.17G243100,WGD
Glyma.17G243200,WGD
Glyma.17G243300,WGD
Glyma.17G243400,WGD
Glyma.17G243500,WGD
Glyma.17G243600,WGD
Glyma.17G243900,WGD
Glyma.17G244100,WGD
Glyma.17G244300,WGD
Glyma.17G244500,WGD
Glyma.17G244600,WGD
Glyma.17G244700,WGD
Glyma.17G244800,WGD
Glyma.17G244900,WGD
Glyma.17G245000,WGD
Glyma.17G245100,WGD
Glyma.17G245200,WGD
Glyma.17G245300,WGD
Glyma.17G245500,WGD
Glyma.17G245700,WGD
Glyma.17G245800,WGD
Glyma.17G245900,WGD
Glyma.17G246000,WGD
Glyma.17G246200,WGD
Glyma.17G246300,WGD
Glyma.17G246400,WGD
Glyma.17G246500,WGD
Glyma.17G246600,WGD
Glyma.17G247200,WGD
Glyma.17G247300,WGD
Glyma.17G247400,WGD
Glyma.17G247600,WGD
Glyma.17G247700,WGD
Glyma.17G247800,WGD
Glyma.17G247900,WGD
Glyma.17G248200,WGD
Glyma.17G248300,WGD
Glyma.17G248400,WGD
Glyma.17G248600,WGD
Glyma.17G248801,WGD
Glyma.17G248900,WGD
Glyma.17G249000,WGD
Glyma.17G249100,WGD
Glyma.17G249200,WGD
Glyma.17G249300,WGD
Glyma.17G249600,WGD
Glyma.17G249700,WGD
Glyma.17G249800,WGD
Glyma.17G249900,WGD
Glyma.17G250100,WGD
Glyma.17G250200,WGD
Glyma.17G250300,WGD
Glyma.17G250400,WGD
Glyma.17G250500,WGD
Glyma.17G250700,WGD
Glyma.17G250800,WGD
Glyma.17G250900,WGD
Glyma.17G251000,WGD
Glyma.17G251100,WGD
Glyma.17G251200,WGD
Glyma.17G251300,WGD
Glyma.17G251400,WGD
Glyma.17G251500,WGD
Glyma.17G251700,WGD
Glyma.17G251800,WGD
Glyma.17G251900,WGD
Glyma.17G252100,WGD
Glyma.17G252200,WGD
Glyma.17G252400,WGD
Glyma.17G252500,WGD
Glyma.17G252600,WGD
Glyma.17G252700,WGD
Glyma.17G252900,WGD
Glyma.17G253000,WGD
Glyma.17G253132,WGD
Glyma.17G253200,WGD
Glyma.17G253300,WGD
Glyma.17G253400,WGD
Glyma.17G253500,WGD
Glyma.17G253600,WGD
Glyma.17G253700,WGD
Glyma.17G253800,WGD
Glyma.17G254000,WGD
Glyma.17G254100,WGD
Glyma.17G254200,WGD
Glyma.17G254300,WGD
Glyma.17G254500,WGD
Glyma.17G254600,WGD
Glyma.17G254700,WGD
Glyma.17G254900,WGD
Glyma.17G255000,WGD
Glyma.17G255100,WGD
Glyma.17G255200,WGD
Glyma.17G255300,WGD
Glyma.17G255400,WGD
Glyma.17G255500,WGD
Glyma.17G255800,WGD
Glyma.17G256102,WGD
Glyma.17G256200,WGD
Glyma.17G256400,WGD
Glyma.17G256500,WGD
Glyma.17G256700,WGD
Glyma.17G256900,WGD
Glyma.17G257100,WGD
Glyma.17G257200,WGD
Glyma.17G257400,WGD
Glyma.17G257500,WGD
Glyma.17G257600,WGD
Glyma.17G257700,WGD
Glyma.17G257800,WGD
Glyma.17G257900,WGD
Glyma.17G258000,WGD
Glyma.17G258100,WGD
Glyma.17G258300,WGD
Glyma.17G258400,WGD
Glyma.17G258500,WGD
Glyma.17G258700,WGD
Glyma.17G258800,WGD
Glyma.17G258900,WGD
Glyma.17G259000,WGD
Glyma.17G259100,WGD
Glyma.17G259200,WGD
Glyma.17G259300,WGD
Glyma.17G259400,WGD
Glyma.17G259500,WGD
Glyma.17G259600,WGD
Glyma.17G259700,WGD
Glyma.17G259800,WGD
Glyma.17G259900,WGD
Glyma.17G260000,WGD
Glyma.17G260100,WGD
Glyma.17G260200,WGD
Glyma.17G260300,WGD
Glyma.17G260400,WGD
Glyma.17G260500,WGD
Glyma.17G260700,WGD
Glyma.17G260900,WGD
Glyma.17G261100,WGD
Glyma.17G261300,WGD
Glyma.17G261500,WGD
Glyma.17G261600,WGD
Glyma.17G261700,WGD
Glyma.17G261800,WGD
Glyma.17G262100,WGD
Glyma.17G262300,WGD
Glyma.17G262500,WGD
Glyma.18G000100,WGD
Glyma.18G000400,WGD
Glyma.18G000500,WGD
Glyma.18G000600,WGD
Glyma.18G000700,WGD
Glyma.18G000800,WGD
Glyma.18G001100,WGD
Glyma.18G001300,WGD
Glyma.18G001500,WGD
Glyma.18G001600,WGD
Glyma.18G001700,WGD
Glyma.18G001800,WGD
Glyma.18G001900,WGD
Glyma.18G002000,WGD
Glyma.18G002200,WGD
Glyma.18G002300,WGD
Glyma.18G002500,WGD
Glyma.18G002600,WGD
Glyma.18G002700,WGD
Glyma.18G002800,WGD
Glyma.18G002866,WGD
Glyma.18G003000,WGD
Glyma.18G003100,WGD
Glyma.18G003200,WGD
Glyma.18G003300,WGD
Glyma.18G003400,WGD
Glyma.18G003500,WGD
Glyma.18G003600,WGD
Glyma.18G003700,WGD
Glyma.18G003800,WGD
Glyma.18G003900,WGD
Glyma.18G004100,WGD
Glyma.18G004200,WGD
Glyma.18G004300,WGD
Glyma.18G004400,WGD
Glyma.18G004500,WGD
Glyma.18G004700,WGD
Glyma.18G004900,WGD
Glyma.18G005000,WGD
Glyma.18G005100,WGD
Glyma.18G005200,WGD
Glyma.18G005300,WGD
Glyma.18G005400,WGD
Glyma.18G005600,WGD
Glyma.18G005700,WGD
Glyma.18G005800,WGD
Glyma.18G006000,WGD
Glyma.18G006100,WGD
Glyma.18G006200,WGD
Glyma.18G006400,WGD
Glyma.18G006600,WGD
Glyma.18G006700,WGD
Glyma.18G006800,WGD
Glyma.18G006900,WGD
Glyma.18G007000,WGD
Glyma.18G007100,WGD
Glyma.18G007200,WGD
Glyma.18G007400,WGD
Glyma.18G007500,WGD
Glyma.18G007600,WGD
Glyma.18G007700,WGD
Glyma.18G007900,WGD
Glyma.18G008000,WGD
Glyma.18G008100,WGD
Glyma.18G008300,WGD
Glyma.18G008500,WGD
Glyma.18G008600,WGD
Glyma.18G008700,WGD
Glyma.18G008800,WGD
Glyma.18G008900,WGD
Glyma.18G009000,WGD
Glyma.18G009100,WGD
Glyma.18G009200,WGD
Glyma.18G009300,WGD
Glyma.18G009400,WGD
Glyma.18G009500,WGD
Glyma.18G009700,WGD
Glyma.18G009800,WGD
Glyma.18G009900,WGD
Glyma.18G010000,WGD
Glyma.18G010100,WGD
Glyma.18G010200,WGD
Glyma.18G010300,WGD
Glyma.18G010400,WGD
Glyma.18G010500,WGD
Glyma.18G010600,WGD
Glyma.18G010700,WGD
Glyma.18G010900,WGD
Glyma.18G011000,WGD
Glyma.18G011100,WGD
Glyma.18G011200,WGD
Glyma.18G011300,WGD
Glyma.18G011400,WGD
Glyma.18G011500,WGD
Glyma.18G011700,WGD
Glyma.18G011800,WGD
Glyma.18G011900,WGD
Glyma.18G012000,WGD
Glyma.18G012200,WGD
Glyma.18G012400,WGD
Glyma.18G012500,WGD
Glyma.18G012600,WGD
Glyma.18G012800,WGD
Glyma.18G012900,WGD
Glyma.18G013000,WGD
Glyma.18G013100,WGD
Glyma.18G013200,WGD
Glyma.18G013300,WGD
Glyma.18G013400,WGD
Glyma.18G013500,WGD
Glyma.18G013700,WGD
Glyma.18G013800,WGD
Glyma.18G013901,WGD
Glyma.18G014100,WGD
Glyma.18G014200,WGD
Glyma.18G014250,WGD
Glyma.18G014300,WGD
Glyma.18G014400,WGD
Glyma.18G014600,WGD
Glyma.18G014700,WGD
Glyma.18G014800,WGD
Glyma.18G014900,WGD
Glyma.18G015000,WGD
Glyma.18G015100,WGD
Glyma.18G015400,WGD
Glyma.18G015500,WGD
Glyma.18G015632,WGD
Glyma.18G015700,WGD
Glyma.18G015800,WGD
Glyma.18G015900,WGD
Glyma.18G016200,WGD
Glyma.18G016300,WGD
Glyma.18G016400,WGD
Glyma.18G016600,WGD
Glyma.18G016700,WGD
Glyma.18G016800,WGD
Glyma.18G016900,WGD
Glyma.18G017000,WGD
Glyma.18G017100,WGD
Glyma.18G017200,WGD
Glyma.18G017300,WGD
Glyma.18G017400,WGD
Glyma.18G017500,WGD
Glyma.18G017600,WGD
Glyma.18G017700,WGD
Glyma.18G017800,WGD
Glyma.18G017900,WGD
Glyma.18G018100,WGD
Glyma.18G018200,WGD
Glyma.18G018300,WGD
Glyma.18G018400,WGD
Glyma.18G018500,WGD
Glyma.18G018600,WGD
Glyma.18G018800,WGD
Glyma.18G018900,WGD
Glyma.18G019000,WGD
Glyma.18G019200,WGD
Glyma.18G019300,WGD
Glyma.18G019400,WGD
Glyma.18G019600,WGD
Glyma.18G019700,WGD
Glyma.18G019800,WGD
Glyma.18G020000,WGD
Glyma.18G020300,WGD
Glyma.18G020400,WGD
Glyma.18G020600,WGD
Glyma.18G020800,WGD
Glyma.18G020900,WGD
Glyma.18G021001,WGD
Glyma.18G021100,WGD
Glyma.18G021200,WGD
Glyma.18G021300,WGD
Glyma.18G021400,WGD
Glyma.18G021500,WGD
Glyma.18G021600,WGD
Glyma.18G021700,WGD
Glyma.18G021800,WGD
Glyma.18G021900,WGD
Glyma.18G022000,WGD
Glyma.18G022100,WGD
Glyma.18G022200,WGD
Glyma.18G022300,WGD
Glyma.18G022400,WGD
Glyma.18G022500,WGD
Glyma.18G022551,WGD
Glyma.18G022700,WGD
Glyma.18G022800,WGD
Glyma.18G022900,WGD
Glyma.18G023000,WGD
Glyma.18G023100,WGD
Glyma.18G023200,WGD
Glyma.18G023300,WGD
Glyma.18G023400,WGD
Glyma.18G023500,WGD
Glyma.18G023600,WGD
Glyma.18G023900,WGD
Glyma.18G023966,WGD
Glyma.18G024000,WGD
Glyma.18G024100,WGD
Glyma.18G024200,WGD
Glyma.18G024300,WGD
Glyma.18G024400,WGD
Glyma.18G024600,WGD
Glyma.18G024800,WGD
Glyma.18G025000,WGD
Glyma.18G025100,WGD
Glyma.18G025200,WGD
Glyma.18G025300,WGD
Glyma.18G025400,WGD
Glyma.18G025500,WGD
Glyma.18G025600,WGD
Glyma.18G025700,WGD
Glyma.18G025800,WGD
Glyma.18G025900,WGD
Glyma.18G026000,WGD
Glyma.18G026100,WGD
Glyma.18G026200,WGD
Glyma.18G026400,WGD
Glyma.18G026500,WGD
Glyma.18G026600,WGD
Glyma.18G026700,WGD
Glyma.18G026900,WGD
Glyma.18G027000,WGD
Glyma.18G027100,WGD
Glyma.18G027200,WGD
Glyma.18G027300,WGD
Glyma.18G027400,WGD
Glyma.18G027500,WGD
Glyma.18G027600,WGD
Glyma.18G027800,WGD
Glyma.18G028000,WGD
Glyma.18G028100,WGD
Glyma.18G028167,WGD
Glyma.18G028300,WGD
Glyma.18G028400,WGD
Glyma.18G028500,WGD
Glyma.18G028600,WGD
Glyma.18G028700,WGD
Glyma.18G029000,WGD
Glyma.18G029200,WGD
Glyma.18G029300,WGD
Glyma.18G029400,WGD
Glyma.18G029500,WGD
Glyma.18G029700,WGD
Glyma.18G029800,WGD
Glyma.18G029900,WGD
Glyma.18G030000,WGD
Glyma.18G030100,WGD
Glyma.18G030200,WGD
Glyma.18G030300,WGD
Glyma.18G030400,WGD
Glyma.18G030500,WGD
Glyma.18G030600,WGD
Glyma.18G030700,WGD
Glyma.18G030800,WGD
Glyma.18G030900,WGD
Glyma.18G031100,WGD
Glyma.18G031200,WGD
Glyma.18G031300,WGD
Glyma.18G031400,WGD
Glyma.18G031600,WGD
Glyma.18G031800,WGD
Glyma.18G032000,WGD
Glyma.18G032100,WGD
Glyma.18G032200,WGD
Glyma.18G032400,WGD
Glyma.18G032600,WGD
Glyma.18G033302,WGD
Glyma.18G033400,WGD
Glyma.18G033500,WGD
Glyma.18G033600,WGD
Glyma.18G033700,WGD
Glyma.18G034100,WGD
Glyma.18G034200,WGD
Glyma.18G034300,WGD
Glyma.18G034400,WGD
Glyma.18G034500,WGD
Glyma.18G034600,WGD
Glyma.18G034700,WGD
Glyma.18G034800,WGD
Glyma.18G034900,WGD
Glyma.18G035000,WGD
Glyma.18G035100,WGD
Glyma.18G035300,WGD
Glyma.18G035500,WGD
Glyma.18G035700,WGD
Glyma.18G035900,WGD
Glyma.18G036000,WGD
Glyma.18G036102,WGD
Glyma.18G036200,WGD
Glyma.18G036300,WGD
Glyma.18G036400,WGD
Glyma.18G036450,WGD
Glyma.18G036900,WGD
Glyma.18G037000,WGD
Glyma.18G037100,WGD
Glyma.18G037200,WGD
Glyma.18G037300,WGD
Glyma.18G037400,WGD
Glyma.18G037566,WGD
Glyma.18G037700,WGD
Glyma.18G037800,WGD
Glyma.18G037900,WGD
Glyma.18G038000,WGD
Glyma.18G038300,WGD
Glyma.18G038400,WGD
Glyma.18G038500,WGD
Glyma.18G038600,WGD
Glyma.18G038700,WGD
Glyma.18G038800,WGD
Glyma.18G038851,WGD
Glyma.18G038900,WGD
Glyma.18G039000,WGD
Glyma.18G039100,WGD
Glyma.18G039200,WGD
Glyma.18G039300,WGD
Glyma.18G039400,WGD
Glyma.18G039500,WGD
Glyma.18G039600,WGD
Glyma.18G039700,WGD
Glyma.18G039800,WGD
Glyma.18G039900,WGD
Glyma.18G040000,WGD
Glyma.18G040100,WGD
Glyma.18G040200,WGD
Glyma.18G040400,WGD
Glyma.18G040500,WGD
Glyma.18G040600,WGD
Glyma.18G040700,WGD
Glyma.18G040800,WGD
Glyma.18G040900,WGD
Glyma.18G041000,WGD
Glyma.18G041100,WGD
Glyma.18G041200,WGD
Glyma.18G041300,WGD
Glyma.18G041400,WGD
Glyma.18G041500,WGD
Glyma.18G041700,WGD
Glyma.18G041900,WGD
Glyma.18G042000,WGD
Glyma.18G042100,WGD
Glyma.18G042200,WGD
Glyma.18G042300,WGD
Glyma.18G042400,WGD
Glyma.18G042600,WGD
Glyma.18G042700,WGD
Glyma.18G042900,WGD
Glyma.18G043000,WGD
Glyma.18G043100,WGD
Glyma.18G043200,WGD
Glyma.18G043300,WGD
Glyma.18G043500,WGD
Glyma.18G043600,WGD
Glyma.18G043700,WGD
Glyma.18G043733,WGD
Glyma.18G043800,WGD
Glyma.18G043900,WGD
Glyma.18G044000,WGD
Glyma.18G044100,WGD
Glyma.18G044200,WGD
Glyma.18G044300,WGD
Glyma.18G044400,WGD
Glyma.18G044500,WGD
Glyma.18G044800,WGD
Glyma.18G044900,WGD
Glyma.18G045000,WGD
Glyma.18G045100,WGD
Glyma.18G045200,WGD
Glyma.18G045300,WGD
Glyma.18G045400,WGD
Glyma.18G045600,WGD
Glyma.18G046100,WGD
Glyma.18G046400,WGD
Glyma.18G046700,WGD
Glyma.18G046800,WGD
Glyma.18G046900,WGD
Glyma.18G047000,WGD
Glyma.18G047300,WGD
Glyma.18G047400,WGD
Glyma.18G047600,WGD
Glyma.18G047800,WGD
Glyma.18G047900,WGD
Glyma.18G048000,WGD
Glyma.18G048200,WGD
Glyma.18G048300,WGD
Glyma.18G048400,WGD
Glyma.18G048500,WGD
Glyma.18G048700,WGD
Glyma.18G048800,WGD
Glyma.18G048900,WGD
Glyma.18G049000,WGD
Glyma.18G049200,WGD
Glyma.18G049400,WGD
Glyma.18G049500,WGD
Glyma.18G049600,WGD
Glyma.18G050000,WGD
Glyma.18G050100,WGD
Glyma.18G050200,WGD
Glyma.18G050300,WGD
Glyma.18G050400,WGD
Glyma.18G050500,WGD
Glyma.18G050700,WGD
Glyma.18G050800,WGD
Glyma.18G050900,WGD
Glyma.18G051100,WGD
Glyma.18G051200,WGD
Glyma.18G051400,WGD
Glyma.18G051500,WGD
Glyma.18G051600,WGD
Glyma.18G051700,WGD
Glyma.18G052000,WGD
Glyma.18G052100,WGD
Glyma.18G052200,WGD
Glyma.18G052300,WGD
Glyma.18G052500,WGD
Glyma.18G052700,WGD
Glyma.18G052800,WGD
Glyma.18G053500,WGD
Glyma.18G053700,WGD
Glyma.18G053900,WGD
Glyma.18G054000,WGD
Glyma.18G054100,WGD
Glyma.18G054200,WGD
Glyma.18G054400,WGD
Glyma.18G054500,WGD
Glyma.18G054600,WGD
Glyma.18G054700,WGD
Glyma.18G054800,WGD
Glyma.18G054900,WGD
Glyma.18G055000,WGD
Glyma.18G055100,WGD
Glyma.18G055200,WGD
Glyma.18G055300,WGD
Glyma.18G055400,WGD
Glyma.18G055600,WGD
Glyma.18G055700,WGD
Glyma.18G055800,WGD
Glyma.18G055900,WGD
Glyma.18G056300,WGD
Glyma.18G056400,WGD
Glyma.18G056500,WGD
Glyma.18G056600,WGD
Glyma.18G056900,WGD
Glyma.18G057000,WGD
Glyma.18G057100,WGD
Glyma.18G057200,WGD
Glyma.18G057300,WGD
Glyma.18G057400,WGD
Glyma.18G057500,WGD
Glyma.18G057600,WGD
Glyma.18G057700,WGD
Glyma.18G057900,WGD
Glyma.18G058000,WGD
Glyma.18G058200,WGD
Glyma.18G058300,WGD
Glyma.18G058400,WGD
Glyma.18G058500,WGD
Glyma.18G058600,WGD
Glyma.18G058700,WGD
Glyma.18G058800,WGD
Glyma.18G058900,WGD
Glyma.18G059000,WGD
Glyma.18G059200,WGD
Glyma.18G059300,WGD
Glyma.18G059500,WGD
Glyma.18G059600,WGD
Glyma.18G059700,WGD
Glyma.18G059800,WGD
Glyma.18G060000,WGD
Glyma.18G060200,WGD
Glyma.18G060300,WGD
Glyma.18G060400,WGD
Glyma.18G060500,WGD
Glyma.18G060600,WGD
Glyma.18G060701,WGD
Glyma.18G060801,WGD
Glyma.18G060900,WGD
Glyma.18G061000,WGD
Glyma.18G061100,WGD
Glyma.18G061200,WGD
Glyma.18G061251,WGD
Glyma.18G061300,WGD
Glyma.18G061600,WGD
Glyma.18G061700,WGD
Glyma.18G061800,WGD
Glyma.18G061900,WGD
Glyma.18G062000,WGD
Glyma.18G062100,WGD
Glyma.18G062200,WGD
Glyma.18G062300,WGD
Glyma.18G062500,WGD
Glyma.18G062600,WGD
Glyma.18G062900,WGD
Glyma.18G063000,WGD
Glyma.18G063100,WGD
Glyma.18G063200,WGD
Glyma.18G063400,WGD
Glyma.18G064000,WGD
Glyma.18G064100,WGD
Glyma.18G064700,WGD
Glyma.18G064800,WGD
Glyma.18G064900,WGD
Glyma.18G065100,WGD
Glyma.18G065200,WGD
Glyma.18G065367,WGD
Glyma.18G065500,WGD
Glyma.18G065600,WGD
Glyma.18G065800,WGD
Glyma.18G066000,WGD
Glyma.18G066400,WGD
Glyma.18G066500,WGD
Glyma.18G066900,WGD
Glyma.18G067000,WGD
Glyma.18G067200,WGD
Glyma.18G067300,WGD
Glyma.18G067500,WGD
Glyma.18G067600,WGD
Glyma.18G067700,WGD
Glyma.18G067800,WGD
Glyma.18G067900,WGD
Glyma.18G068800,WGD
Glyma.18G070300,WGD
Glyma.18G070400,WGD
Glyma.18G070500,WGD
Glyma.18G070600,WGD
Glyma.18G071000,WGD
Glyma.18G071100,WGD
Glyma.18G071300,WGD
Glyma.18G071400,WGD
Glyma.18G071500,WGD
Glyma.18G071600,WGD
Glyma.18G071700,WGD
Glyma.18G071800,WGD
Glyma.18G072200,WGD
Glyma.18G072300,WGD
Glyma.18G072400,WGD
Glyma.18G072500,WGD
Glyma.18G072600,WGD
Glyma.18G072800,WGD
Glyma.18G073200,WGD
Glyma.18G073400,WGD
Glyma.18G073500,WGD
Glyma.18G073600,WGD
Glyma.18G073700,WGD
Glyma.18G074000,WGD
Glyma.18G074100,WGD
Glyma.18G074200,WGD
Glyma.18G074300,WGD
Glyma.18G074400,WGD
Glyma.18G074500,WGD
Glyma.18G074600,WGD
Glyma.18G074700,WGD
Glyma.18G074800,WGD
Glyma.18G075000,WGD
Glyma.18G075200,WGD
Glyma.18G075300,WGD
Glyma.18G075400,WGD
Glyma.18G075500,WGD
Glyma.18G075600,WGD
Glyma.18G075800,WGD
Glyma.18G075900,WGD
Glyma.18G076100,WGD
Glyma.18G076200,WGD
Glyma.18G076300,WGD
Glyma.18G076500,WGD
Glyma.18G076600,WGD
Glyma.18G076700,WGD
Glyma.18G076900,WGD
Glyma.18G077000,WGD
Glyma.18G077350,WGD
Glyma.18G077500,WGD
Glyma.18G077600,WGD
Glyma.18G077800,WGD
Glyma.18G077900,WGD
Glyma.18G078100,WGD
Glyma.18G078200,WGD
Glyma.18G078300,WGD
Glyma.18G078400,WGD
Glyma.18G078600,WGD
Glyma.18G079400,WGD
Glyma.18G079500,WGD
Glyma.18G079900,WGD
Glyma.18G080000,WGD
Glyma.18G080100,WGD
Glyma.18G080200,WGD
Glyma.18G080300,WGD
Glyma.18G080700,WGD
Glyma.18G080900,WGD
Glyma.18G081000,WGD
Glyma.18G081100,WGD
Glyma.18G081200,WGD
Glyma.18G081400,WGD
Glyma.18G081500,WGD
Glyma.18G081700,WGD
Glyma.18G081800,WGD
Glyma.18G081900,WGD
Glyma.18G082000,WGD
Glyma.18G084600,WGD
Glyma.18G084800,WGD
Glyma.18G085100,WGD
Glyma.18G085300,WGD
Glyma.18G085400,WGD
Glyma.18G085500,WGD
Glyma.18G086000,WGD
Glyma.18G087100,WGD
Glyma.18G087200,WGD
Glyma.18G087600,WGD
Glyma.18G088800,WGD
Glyma.18G089000,WGD
Glyma.18G089100,WGD
Glyma.18G089300,WGD
Glyma.18G089400,WGD
Glyma.18G089500,WGD
Glyma.18G089600,WGD
Glyma.18G089700,WGD
Glyma.18G089800,WGD
Glyma.18G089901,WGD
Glyma.18G090001,WGD
Glyma.18G090300,WGD
Glyma.18G090400,WGD
Glyma.18G090500,WGD
Glyma.18G090600,WGD
Glyma.18G090700,WGD
Glyma.18G090800,WGD
Glyma.18G090900,WGD
Glyma.18G091000,WGD
Glyma.18G091300,WGD
Glyma.18G091600,WGD
Glyma.18G091900,WGD
Glyma.18G092200,WGD
Glyma.18G092300,WGD
Glyma.18G092400,WGD
Glyma.18G092500,WGD
Glyma.18G092700,WGD
Glyma.18G092800,WGD
Glyma.18G092900,WGD
Glyma.18G093200,WGD
Glyma.18G093333,WGD
Glyma.18G094400,WGD
Glyma.18G094500,WGD
Glyma.18G094600,WGD
Glyma.18G095100,WGD
Glyma.18G095150,WGD
Glyma.18G095200,WGD
Glyma.18G095600,WGD
Glyma.18G095800,WGD
Glyma.18G095900,WGD
Glyma.18G096200,WGD
Glyma.18G096300,WGD
Glyma.18G096500,WGD
Glyma.18G096600,WGD
Glyma.18G096800,WGD
Glyma.18G096900,WGD
Glyma.18G097000,WGD
Glyma.18G097100,WGD
Glyma.18G097300,WGD
Glyma.18G098400,WGD
Glyma.18G098800,WGD
Glyma.18G098900,WGD
Glyma.18G099000,WGD
Glyma.18G099500,WGD
Glyma.18G099600,WGD
Glyma.18G099700,WGD
Glyma.18G099800,WGD
Glyma.18G100200,WGD
Glyma.18G101400,WGD
Glyma.18G101600,WGD
Glyma.18G101700,WGD
Glyma.18G101800,WGD
Glyma.18G102100,WGD
Glyma.18G102400,WGD
Glyma.18G102700,WGD
Glyma.18G102800,WGD
Glyma.18G103000,WGD
Glyma.18G103400,WGD
Glyma.18G103800,WGD
Glyma.18G104000,WGD
Glyma.18G104200,WGD
Glyma.18G104250,WGD
Glyma.18G104400,WGD
Glyma.18G104600,WGD
Glyma.18G104900,WGD
Glyma.18G105100,WGD
Glyma.18G105400,WGD
Glyma.18G105500,WGD
Glyma.18G105600,WGD
Glyma.18G105800,WGD
Glyma.18G105900,WGD
Glyma.18G106300,WGD
Glyma.18G106400,WGD
Glyma.18G106500,WGD
Glyma.18G106800,WGD
Glyma.18G106900,WGD
Glyma.18G107000,WGD
Glyma.18G107100,WGD
Glyma.18G107300,WGD
Glyma.18G107400,WGD
Glyma.18G107600,WGD
Glyma.18G107800,WGD
Glyma.18G108100,WGD
Glyma.18G108600,WGD
Glyma.18G108700,WGD
Glyma.18G109100,WGD
Glyma.18G109500,WGD
Glyma.18G109600,WGD
Glyma.18G109800,WGD
Glyma.18G109900,WGD
Glyma.18G110000,WGD
Glyma.18G110200,WGD
Glyma.18G110300,WGD
Glyma.18G110500,WGD
Glyma.18G110700,WGD
Glyma.18G111000,WGD
Glyma.18G111100,WGD
Glyma.18G111200,WGD
Glyma.18G111600,WGD
Glyma.18G111800,WGD
Glyma.18G111900,WGD
Glyma.18G112100,WGD
Glyma.18G112900,WGD
Glyma.18G113300,WGD
Glyma.18G113400,WGD
Glyma.18G113600,WGD
Glyma.18G114100,WGD
Glyma.18G114700,WGD
Glyma.18G114800,WGD
Glyma.18G114900,WGD
Glyma.18G115300,WGD
Glyma.18G115500,WGD
Glyma.18G115700,WGD
Glyma.18G116300,WGD
Glyma.18G116350,WGD
Glyma.18G116400,WGD
Glyma.18G116700,WGD
Glyma.18G116800,WGD
Glyma.18G116900,WGD
Glyma.18G117100,WGD
Glyma.18G117500,WGD
Glyma.18G117601,WGD
Glyma.18G117700,WGD
Glyma.18G118300,WGD
Glyma.18G118400,WGD
Glyma.18G119100,WGD
Glyma.18G119300,WGD
Glyma.18G119400,WGD
Glyma.18G119600,WGD
Glyma.18G120000,WGD
Glyma.18G120051,WGD
Glyma.18G120100,WGD
Glyma.18G120200,WGD
Glyma.18G120300,WGD
Glyma.18G120400,WGD
Glyma.18G121000,WGD
Glyma.18G121400,WGD
Glyma.18G121600,WGD
Glyma.18G121800,WGD
Glyma.18G121900,WGD
Glyma.18G122000,WGD
Glyma.18G123100,WGD
Glyma.18G123400,WGD
Glyma.18G123500,WGD
Glyma.18G123600,WGD
Glyma.18G123732,WGD
Glyma.18G123800,WGD
Glyma.18G124200,WGD
Glyma.18G124500,WGD
Glyma.18G124600,WGD
Glyma.18G124700,WGD
Glyma.18G124800,WGD
Glyma.18G125200,WGD
Glyma.18G125300,WGD
Glyma.18G125500,WGD
Glyma.18G125600,WGD
Glyma.18G125700,WGD
Glyma.18G125800,WGD
Glyma.18G126000,WGD
Glyma.18G126500,WGD
Glyma.18G126800,WGD
Glyma.18G127100,WGD
Glyma.18G127200,WGD
Glyma.18G127267,WGD
Glyma.18G127400,WGD
Glyma.18G127500,WGD
Glyma.18G127801,WGD
Glyma.18G128000,WGD
Glyma.18G128200,WGD
Glyma.18G128300,WGD
Glyma.18G128400,WGD
Glyma.18G128600,WGD
Glyma.18G129200,WGD
Glyma.18G129700,WGD
Glyma.18G129800,WGD
Glyma.18G129900,WGD
Glyma.18G130100,WGD
Glyma.18G130300,WGD
Glyma.18G130400,WGD
Glyma.18G130500,WGD
Glyma.18G130700,WGD
Glyma.18G130800,WGD
Glyma.18G130900,WGD
Glyma.18G131200,WGD
Glyma.18G131300,WGD
Glyma.18G132000,WGD
Glyma.18G132100,WGD
Glyma.18G132200,WGD
Glyma.18G132500,WGD
Glyma.18G133100,WGD
Glyma.18G133300,WGD
Glyma.18G133400,WGD
Glyma.18G133500,WGD
Glyma.18G133800,WGD
Glyma.18G134100,WGD
Glyma.18G134200,WGD
Glyma.18G134500,WGD
Glyma.18G134600,WGD
Glyma.18G134700,WGD
Glyma.18G134800,WGD
Glyma.18G135000,WGD
Glyma.18G135300,WGD
Glyma.18G135351,WGD
Glyma.18G135800,WGD
Glyma.18G136200,WGD
Glyma.18G136500,WGD
Glyma.18G136900,WGD
Glyma.18G137000,WGD
Glyma.18G137100,WGD
Glyma.18G137300,WGD
Glyma.18G137500,WGD
Glyma.18G137600,WGD
Glyma.18G137700,WGD
Glyma.18G138000,WGD
Glyma.18G138300,WGD
Glyma.18G138400,WGD
Glyma.18G138700,WGD
Glyma.18G138751,WGD
Glyma.18G138900,WGD
Glyma.18G139000,WGD
Glyma.18G139100,WGD
Glyma.18G139400,WGD
Glyma.18G139700,WGD
Glyma.18G139900,WGD
Glyma.18G140400,WGD
Glyma.18G140500,WGD
Glyma.18G140700,WGD
Glyma.18G140800,WGD
Glyma.18G141000,WGD
Glyma.18G141200,WGD
Glyma.18G141500,WGD
Glyma.18G141700,WGD
Glyma.18G141900,WGD
Glyma.18G142500,WGD
Glyma.18G142600,WGD
Glyma.18G142900,WGD
Glyma.18G143100,WGD
Glyma.18G143200,WGD
Glyma.18G143300,WGD
Glyma.18G143600,WGD
Glyma.18G143700,WGD
Glyma.18G143800,WGD
Glyma.18G143900,WGD
Glyma.18G144100,WGD
Glyma.18G144700,WGD
Glyma.18G144900,WGD
Glyma.18G145000,WGD
Glyma.18G145300,WGD
Glyma.18G145400,WGD
Glyma.18G145500,WGD
Glyma.18G145600,WGD
Glyma.18G146100,WGD
Glyma.18G146200,WGD
Glyma.18G146600,WGD
Glyma.18G146900,WGD
Glyma.18G147000,WGD
Glyma.18G147100,WGD
Glyma.18G147200,WGD
Glyma.18G147700,WGD
Glyma.18G147800,WGD
Glyma.18G148000,WGD
Glyma.18G148100,WGD
Glyma.18G148200,WGD
Glyma.18G148700,WGD
Glyma.18G150100,WGD
Glyma.18G150800,WGD
Glyma.18G151800,WGD
Glyma.18G151900,WGD
Glyma.18G152200,WGD
Glyma.18G152300,WGD
Glyma.18G152400,WGD
Glyma.18G152800,WGD
Glyma.18G152900,WGD
Glyma.18G153800,WGD
Glyma.18G153900,WGD
Glyma.18G154000,WGD
Glyma.18G154200,WGD
Glyma.18G155000,WGD
Glyma.18G155100,WGD
Glyma.18G155200,WGD
Glyma.18G156100,WGD
Glyma.18G156300,WGD
Glyma.18G156500,WGD
Glyma.18G156900,WGD
Glyma.18G157200,WGD
Glyma.18G157300,WGD
Glyma.18G158100,WGD
Glyma.18G158200,WGD
Glyma.18G158300,WGD
Glyma.18G158400,WGD
Glyma.18G158600,WGD
Glyma.18G158700,WGD
Glyma.18G158900,WGD
Glyma.18G159000,WGD
Glyma.18G159100,WGD
Glyma.18G159500,WGD
Glyma.18G159700,WGD
Glyma.18G159800,WGD
Glyma.18G159900,WGD
Glyma.18G160200,WGD
Glyma.18G160500,WGD
Glyma.18G160700,WGD
Glyma.18G161000,WGD
Glyma.18G164100,WGD
Glyma.18G164200,WGD
Glyma.18G164300,WGD
Glyma.18G164400,WGD
Glyma.18G164800,WGD
Glyma.18G164900,WGD
Glyma.18G165000,WGD
Glyma.18G165200,WGD
Glyma.18G165700,WGD
Glyma.18G166400,WGD
Glyma.18G166600,WGD
Glyma.18G166700,WGD
Glyma.18G166800,WGD
Glyma.18G167000,WGD
Glyma.18G167300,WGD
Glyma.18G167400,WGD
Glyma.18G167500,WGD
Glyma.18G167866,WGD
Glyma.18G168800,WGD
Glyma.18G170200,WGD
Glyma.18G170300,WGD
Glyma.18G170600,WGD
Glyma.18G170800,WGD
Glyma.18G171000,WGD
Glyma.18G171500,WGD
Glyma.18G171700,WGD
Glyma.18G171800,WGD
Glyma.18G171900,WGD
Glyma.18G172100,WGD
Glyma.18G172500,WGD
Glyma.18G172600,WGD
Glyma.18G173100,WGD
Glyma.18G173200,WGD
Glyma.18G173300,WGD
Glyma.18G173400,WGD
Glyma.18G174200,WGD
Glyma.18G174500,WGD
Glyma.18G174600,WGD
Glyma.18G175300,WGD
Glyma.18G175500,WGD
Glyma.18G175601,WGD
Glyma.18G175700,WGD
Glyma.18G175800,WGD
Glyma.18G176000,WGD
Glyma.18G176100,WGD
Glyma.18G176300,WGD
Glyma.18G176600,WGD
Glyma.18G176700,WGD
Glyma.18G177500,WGD
Glyma.18G179051,WGD
Glyma.18G179300,WGD
Glyma.18G179500,WGD
Glyma.18G179600,WGD
Glyma.18G179800,WGD
Glyma.18G180400,WGD
Glyma.18G180600,WGD
Glyma.18G180800,WGD
Glyma.18G180900,WGD
Glyma.18G181100,WGD
Glyma.18G181200,WGD
Glyma.18G181300,WGD
Glyma.18G181500,WGD
Glyma.18G181700,WGD
Glyma.18G181800,WGD
Glyma.18G182000,WGD
Glyma.18G182400,WGD
Glyma.18G182500,WGD
Glyma.18G182600,WGD
Glyma.18G182800,WGD
Glyma.18G183100,WGD
Glyma.18G183451,WGD
Glyma.18G183500,WGD
Glyma.18G183600,WGD
Glyma.18G183700,WGD
Glyma.18G183900,WGD
Glyma.18G184000,WGD
Glyma.18G184200,WGD
Glyma.18G184500,WGD
Glyma.18G184551,WGD
Glyma.18G185200,WGD
Glyma.18G185300,WGD
Glyma.18G185400,WGD
Glyma.18G185500,WGD
Glyma.18G185600,WGD
Glyma.18G185800,WGD
Glyma.18G185900,WGD
Glyma.18G186000,WGD
Glyma.18G186400,WGD
Glyma.18G187100,WGD
Glyma.18G187200,WGD
Glyma.18G187300,WGD
Glyma.18G187532,WGD
Glyma.18G187600,WGD
Glyma.18G187800,WGD
Glyma.18G187900,WGD
Glyma.18G188000,WGD
Glyma.18G188650,WGD
Glyma.18G188700,WGD
Glyma.18G188800,WGD
Glyma.18G189100,WGD
Glyma.18G189300,WGD
Glyma.18G189600,WGD
Glyma.18G189800,WGD
Glyma.18G189900,WGD
Glyma.18G190000,WGD
Glyma.18G190100,WGD
Glyma.18G190200,WGD
Glyma.18G190500,WGD
Glyma.18G190700,WGD
Glyma.18G191000,WGD
Glyma.18G191200,WGD
Glyma.18G191300,WGD
Glyma.18G191600,WGD
Glyma.18G192000,WGD
Glyma.18G192400,WGD
Glyma.18G192800,WGD
Glyma.18G192902,WGD
Glyma.18G193200,WGD
Glyma.18G193600,WGD
Glyma.18G193700,WGD
Glyma.18G193900,WGD
Glyma.18G194300,WGD
Glyma.18G194900,WGD
Glyma.18G195200,WGD
Glyma.18G195400,WGD
Glyma.18G195500,WGD
Glyma.18G196200,WGD
Glyma.18G196300,WGD
Glyma.18G196402,WGD
Glyma.18G197300,WGD
Glyma.18G197400,WGD
Glyma.18G197500,WGD
Glyma.18G197600,WGD
Glyma.18G197700,WGD
Glyma.18G197800,WGD
Glyma.18G198300,WGD
Glyma.18G198400,WGD
Glyma.18G198600,WGD
Glyma.18G199200,WGD
Glyma.18G199300,WGD
Glyma.18G199400,WGD
Glyma.18G199600,WGD
Glyma.18G199700,WGD
Glyma.18G199800,WGD
Glyma.18G200000,WGD
Glyma.18G200100,WGD
Glyma.18G200200,WGD
Glyma.18G200300,WGD
Glyma.18G200367,WGD
Glyma.18G200500,WGD
Glyma.18G200700,WGD
Glyma.18G200800,WGD
Glyma.18G201100,WGD
Glyma.18G201300,WGD
Glyma.18G201500,WGD
Glyma.18G201600,WGD
Glyma.18G201700,WGD
Glyma.18G201850,WGD
Glyma.18G202100,WGD
Glyma.18G202400,WGD
Glyma.18G202500,WGD
Glyma.18G202600,WGD
Glyma.18G202700,WGD
Glyma.18G202800,WGD
Glyma.18G202900,WGD
Glyma.18G203100,WGD
Glyma.18G203200,WGD
Glyma.18G203300,WGD
Glyma.18G203400,WGD
Glyma.18G203500,WGD
Glyma.18G203550,WGD
Glyma.18G203733,WGD
Glyma.18G203900,WGD
Glyma.18G204000,WGD
Glyma.18G204200,WGD
Glyma.18G204301,WGD
Glyma.18G204400,WGD
Glyma.18G204700,WGD
Glyma.18G204800,WGD
Glyma.18G204900,WGD
Glyma.18G205000,WGD
Glyma.18G205100,WGD
Glyma.18G205200,WGD
Glyma.18G205300,WGD
Glyma.18G205400,WGD
Glyma.18G205500,WGD
Glyma.18G205600,WGD
Glyma.18G205700,WGD
Glyma.18G205800,WGD
Glyma.18G205900,WGD
Glyma.18G206000,WGD
Glyma.18G206100,WGD
Glyma.18G206200,WGD
Glyma.18G206300,WGD
Glyma.18G206400,WGD
Glyma.18G206500,WGD
Glyma.18G206600,WGD
Glyma.18G207100,WGD
Glyma.18G207200,WGD
Glyma.18G207300,WGD
Glyma.18G207700,WGD
Glyma.18G207900,WGD
Glyma.18G208000,WGD
Glyma.18G208100,WGD
Glyma.18G208202,WGD
Glyma.18G208300,WGD
Glyma.18G208700,WGD
Glyma.18G208800,WGD
Glyma.18G208900,WGD
Glyma.18G209000,WGD
Glyma.18G209100,WGD
Glyma.18G209200,WGD
Glyma.18G209300,WGD
Glyma.18G209500,WGD
Glyma.18G209600,WGD
Glyma.18G209800,WGD
Glyma.18G209900,WGD
Glyma.18G210100,WGD
Glyma.18G210300,WGD
Glyma.18G210400,WGD
Glyma.18G210500,WGD
Glyma.18G210600,WGD
Glyma.18G210700,WGD
Glyma.18G210900,WGD
Glyma.18G211000,WGD
Glyma.18G211200,WGD
Glyma.18G211300,WGD
Glyma.18G211400,WGD
Glyma.18G211800,WGD
Glyma.18G211900,WGD
Glyma.18G212200,WGD
Glyma.18G212300,WGD
Glyma.18G212500,WGD
Glyma.18G212700,WGD
Glyma.18G212800,WGD
Glyma.18G212900,WGD
Glyma.18G213000,WGD
Glyma.18G213100,WGD
Glyma.18G213200,WGD
Glyma.18G213300,WGD
Glyma.18G213400,WGD
Glyma.18G213500,WGD
Glyma.18G213600,WGD
Glyma.18G213700,WGD
Glyma.18G213900,WGD
Glyma.18G214000,WGD
Glyma.18G214100,WGD
Glyma.18G214200,WGD
Glyma.18G214300,WGD
Glyma.18G214500,WGD
Glyma.18G214600,WGD
Glyma.18G214700,WGD
Glyma.18G214800,WGD
Glyma.18G215000,WGD
Glyma.18G215100,WGD
Glyma.18G215300,WGD
Glyma.18G215400,WGD
Glyma.18G215500,WGD
Glyma.18G215600,WGD
Glyma.18G215700,WGD
Glyma.18G215800,WGD
Glyma.18G215900,WGD
Glyma.18G216000,WGD
Glyma.18G216200,WGD
Glyma.18G216300,WGD
Glyma.18G216400,WGD
Glyma.18G216600,WGD
Glyma.18G216800,WGD
Glyma.18G217100,WGD
Glyma.18G217200,WGD
Glyma.18G217500,WGD
Glyma.18G217700,WGD
Glyma.18G217800,WGD
Glyma.18G218000,WGD
Glyma.18G218200,WGD
Glyma.18G218300,WGD
Glyma.18G218500,WGD
Glyma.18G218800,WGD
Glyma.18G218900,WGD
Glyma.18G219000,WGD
Glyma.18G219100,WGD
Glyma.18G219200,WGD
Glyma.18G219900,WGD
Glyma.18G220000,WGD
Glyma.18G220100,WGD
Glyma.18G220200,WGD
Glyma.18G220400,WGD
Glyma.18G220500,WGD
Glyma.18G220700,WGD
Glyma.18G220800,WGD
Glyma.18G220900,WGD
Glyma.18G221000,WGD
Glyma.18G221200,WGD
Glyma.18G221300,WGD
Glyma.18G221600,WGD
Glyma.18G221700,WGD
Glyma.18G221800,WGD
Glyma.18G221900,WGD
Glyma.18G222000,WGD
Glyma.18G222100,WGD
Glyma.18G222200,WGD
Glyma.18G222400,WGD
Glyma.18G222500,WGD
Glyma.18G222900,WGD
Glyma.18G223300,WGD
Glyma.18G223400,WGD
Glyma.18G223900,WGD
Glyma.18G224000,WGD
Glyma.18G224200,WGD
Glyma.18G224300,WGD
Glyma.18G224402,WGD
Glyma.18G224500,WGD
Glyma.18G224800,WGD
Glyma.18G224900,WGD
Glyma.18G225300,WGD
Glyma.18G225500,WGD
Glyma.18G225700,WGD
Glyma.18G225800,WGD
Glyma.18G225900,WGD
Glyma.18G226200,WGD
Glyma.18G226500,WGD
Glyma.18G227100,WGD
Glyma.18G227200,WGD
Glyma.18G227400,WGD
Glyma.18G227500,WGD
Glyma.18G227700,WGD
Glyma.18G227900,WGD
Glyma.18G228000,WGD
Glyma.18G228100,WGD
Glyma.18G228300,WGD
Glyma.18G228400,WGD
Glyma.18G228500,WGD
Glyma.18G228600,WGD
Glyma.18G228700,WGD
Glyma.18G228900,WGD
Glyma.18G229000,WGD
Glyma.18G229100,WGD
Glyma.18G229200,WGD
Glyma.18G229300,WGD
Glyma.18G229400,WGD
Glyma.18G229700,WGD
Glyma.18G229800,WGD
Glyma.18G229900,WGD
Glyma.18G230000,WGD
Glyma.18G230100,WGD
Glyma.18G230166,WGD
Glyma.18G230300,WGD
Glyma.18G230400,WGD
Glyma.18G230500,WGD
Glyma.18G230600,WGD
Glyma.18G230800,WGD
Glyma.18G230900,WGD
Glyma.18G231100,WGD
Glyma.18G231300,WGD
Glyma.18G231400,WGD
Glyma.18G231600,WGD
Glyma.18G231800,WGD
Glyma.18G232000,WGD
Glyma.18G232400,WGD
Glyma.18G232500,WGD
Glyma.18G232800,WGD
Glyma.18G232900,WGD
Glyma.18G233100,WGD
Glyma.18G233500,WGD
Glyma.18G233600,WGD
Glyma.18G233700,WGD
Glyma.18G233800,WGD
Glyma.18G234000,WGD
Glyma.18G234100,WGD
Glyma.18G234200,WGD
Glyma.18G234400,WGD
Glyma.18G234533,WGD
Glyma.18G234600,WGD
Glyma.18G234700,WGD
Glyma.18G234800,WGD
Glyma.18G234900,WGD
Glyma.18G235000,WGD
Glyma.18G235100,WGD
Glyma.18G235200,WGD
Glyma.18G235300,WGD
Glyma.18G235400,WGD
Glyma.18G235600,WGD
Glyma.18G235800,WGD
Glyma.18G235900,WGD
Glyma.18G236000,WGD
Glyma.18G236100,WGD
Glyma.18G236600,WGD
Glyma.18G236700,WGD
Glyma.18G236800,WGD
Glyma.18G237000,WGD
Glyma.18G237100,WGD
Glyma.18G237300,WGD
Glyma.18G237400,WGD
Glyma.18G237600,WGD
Glyma.18G237700,WGD
Glyma.18G237800,WGD
Glyma.18G238000,WGD
Glyma.18G238100,WGD
Glyma.18G238200,WGD
Glyma.18G238400,WGD
Glyma.18G238500,WGD
Glyma.18G238600,WGD
Glyma.18G238700,WGD
Glyma.18G238900,WGD
Glyma.18G239200,WGD
Glyma.18G239300,WGD
Glyma.18G239400,WGD
Glyma.18G239500,WGD
Glyma.18G239600,WGD
Glyma.18G239800,WGD
Glyma.18G239900,WGD
Glyma.18G240000,WGD
Glyma.18G240100,WGD
Glyma.18G240151,WGD
Glyma.18G240300,WGD
Glyma.18G240400,WGD
Glyma.18G240500,WGD
Glyma.18G240600,WGD
Glyma.18G240700,WGD
Glyma.18G240800,WGD
Glyma.18G240900,WGD
Glyma.18G241000,WGD
Glyma.18G241100,WGD
Glyma.18G241200,WGD
Glyma.18G241300,WGD
Glyma.18G241400,WGD
Glyma.18G241500,WGD
Glyma.18G241600,WGD
Glyma.18G241700,WGD
Glyma.18G241800,WGD
Glyma.18G241900,WGD
Glyma.18G242000,WGD
Glyma.18G242100,WGD
Glyma.18G242200,WGD
Glyma.18G242300,WGD
Glyma.18G242400,WGD
Glyma.18G242500,WGD
Glyma.18G242600,WGD
Glyma.18G242700,WGD
Glyma.18G242900,WGD
Glyma.18G243000,WGD
Glyma.18G243100,WGD
Glyma.18G243200,WGD
Glyma.18G243300,WGD
Glyma.18G243400,WGD
Glyma.18G243500,WGD
Glyma.18G243900,WGD
Glyma.18G244000,WGD
Glyma.18G244100,WGD
Glyma.18G244300,WGD
Glyma.18G244400,WGD
Glyma.18G244600,WGD
Glyma.18G244700,WGD
Glyma.18G244800,WGD
Glyma.18G244900,WGD
Glyma.18G245100,WGD
Glyma.18G245200,WGD
Glyma.18G245600,WGD
Glyma.18G245700,WGD
Glyma.18G245800,WGD
Glyma.18G246000,WGD
Glyma.18G246100,WGD
Glyma.18G246300,WGD
Glyma.18G246400,WGD
Glyma.18G246500,WGD
Glyma.18G246600,WGD
Glyma.18G246700,WGD
Glyma.18G246800,WGD
Glyma.18G246900,WGD
Glyma.18G247000,WGD
Glyma.18G247200,WGD
Glyma.18G247300,WGD
Glyma.18G247400,WGD
Glyma.18G247500,WGD
Glyma.18G247800,WGD
Glyma.18G248000,WGD
Glyma.18G248100,WGD
Glyma.18G248200,WGD
Glyma.18G248300,WGD
Glyma.18G248400,WGD
Glyma.18G248600,WGD
Glyma.18G248900,WGD
Glyma.18G249200,WGD
Glyma.18G249300,WGD
Glyma.18G249400,WGD
Glyma.18G249502,WGD
Glyma.18G249600,WGD
Glyma.18G249800,WGD
Glyma.18G251201,WGD
Glyma.18G251300,WGD
Glyma.18G251400,WGD
Glyma.18G251500,WGD
Glyma.18G251600,WGD
Glyma.18G251800,WGD
Glyma.18G251900,WGD
Glyma.18G252000,WGD
Glyma.18G252300,WGD
Glyma.18G252400,WGD
Glyma.18G252700,WGD
Glyma.18G253000,WGD
Glyma.18G253300,WGD
Glyma.18G253400,WGD
Glyma.18G253500,WGD
Glyma.18G253600,WGD
Glyma.18G253700,WGD
Glyma.18G253800,WGD
Glyma.18G254100,WGD
Glyma.18G254200,WGD
Glyma.18G254300,WGD
Glyma.18G254800,WGD
Glyma.18G254900,WGD
Glyma.18G255000,WGD
Glyma.18G255300,WGD
Glyma.18G255600,WGD
Glyma.18G255700,WGD
Glyma.18G255800,WGD
Glyma.18G255900,WGD
Glyma.18G256000,WGD
Glyma.18G256300,WGD
Glyma.18G256400,WGD
Glyma.18G256500,WGD
Glyma.18G256600,WGD
Glyma.18G257700,WGD
Glyma.18G257800,WGD
Glyma.18G257900,WGD
Glyma.18G258300,WGD
Glyma.18G258400,WGD
Glyma.18G258500,WGD
Glyma.18G258600,WGD
Glyma.18G258700,WGD
Glyma.18G258900,WGD
Glyma.18G259000,WGD
Glyma.18G259100,WGD
Glyma.18G259300,WGD
Glyma.18G259400,WGD
Glyma.18G259500,WGD
Glyma.18G259600,WGD
Glyma.18G259900,WGD
Glyma.18G260101,WGD
Glyma.18G260200,WGD
Glyma.18G260266,WGD
Glyma.18G260400,WGD
Glyma.18G260500,WGD
Glyma.18G260600,WGD
Glyma.18G260700,WGD
Glyma.18G260800,WGD
Glyma.18G260900,WGD
Glyma.18G261000,WGD
Glyma.18G261100,WGD
Glyma.18G261200,WGD
Glyma.18G261300,WGD
Glyma.18G261400,WGD
Glyma.18G261600,WGD
Glyma.18G261900,WGD
Glyma.18G262000,WGD
Glyma.18G262100,WGD
Glyma.18G262500,WGD
Glyma.18G262600,WGD
Glyma.18G262800,WGD
Glyma.18G262900,WGD
Glyma.18G263300,WGD
Glyma.18G263400,WGD
Glyma.18G263500,WGD
Glyma.18G263600,WGD
Glyma.18G263900,WGD
Glyma.18G264000,WGD
Glyma.18G264100,WGD
Glyma.18G264200,WGD
Glyma.18G264400,WGD
Glyma.18G264600,WGD
Glyma.18G264700,WGD
Glyma.18G264800,WGD
Glyma.18G264900,WGD
Glyma.18G265000,WGD
Glyma.18G265100,WGD
Glyma.18G265200,WGD
Glyma.18G265300,WGD
Glyma.18G265400,WGD
Glyma.18G265500,WGD
Glyma.18G265600,WGD
Glyma.18G265700,WGD
Glyma.18G265800,WGD
Glyma.18G266400,WGD
Glyma.18G266500,WGD
Glyma.18G266600,WGD
Glyma.18G266700,WGD
Glyma.18G266900,WGD
Glyma.18G267000,WGD
Glyma.18G267200,WGD
Glyma.18G267400,WGD
Glyma.18G267500,WGD
Glyma.18G267600,WGD
Glyma.18G267800,WGD
Glyma.18G268100,WGD
Glyma.18G268200,WGD
Glyma.18G268400,WGD
Glyma.18G268500,WGD
Glyma.18G268700,WGD
Glyma.18G268800,WGD
Glyma.18G268900,WGD
Glyma.18G269100,WGD
Glyma.18G269200,WGD
Glyma.18G269300,WGD
Glyma.18G269500,WGD
Glyma.18G269600,WGD
Glyma.18G269700,WGD
Glyma.18G269800,WGD
Glyma.18G270600,WGD
Glyma.18G270700,WGD
Glyma.18G271300,WGD
Glyma.18G271700,WGD
Glyma.18G271900,WGD
Glyma.18G272000,WGD
Glyma.18G272100,WGD
Glyma.18G272200,WGD
Glyma.18G272300,WGD
Glyma.18G272400,WGD
Glyma.18G273200,WGD
Glyma.18G273300,WGD
Glyma.18G273500,WGD
Glyma.18G273600,WGD
Glyma.18G273700,WGD
Glyma.18G273800,WGD
Glyma.18G273900,WGD
Glyma.18G274000,WGD
Glyma.18G274100,WGD
Glyma.18G274200,WGD
Glyma.18G274500,WGD
Glyma.18G275000,WGD
Glyma.18G275100,WGD
Glyma.18G275200,WGD
Glyma.18G275300,WGD
Glyma.18G275400,WGD
Glyma.18G275500,WGD
Glyma.18G275600,WGD
Glyma.18G275700,WGD
Glyma.18G275800,WGD
Glyma.18G275900,WGD
Glyma.18G276000,WGD
Glyma.18G276200,WGD
Glyma.18G276300,WGD
Glyma.18G276500,WGD
Glyma.18G276600,WGD
Glyma.18G276800,WGD
Glyma.18G276900,WGD
Glyma.18G277000,WGD
Glyma.18G277100,WGD
Glyma.18G277300,WGD
Glyma.18G277500,WGD
Glyma.18G277600,WGD
Glyma.18G277700,WGD
Glyma.18G278000,WGD
Glyma.18G278100,WGD
Glyma.18G278200,WGD
Glyma.18G278400,WGD
Glyma.18G278500,WGD
Glyma.18G278600,WGD
Glyma.18G278800,WGD
Glyma.18G278850,WGD
Glyma.18G278900,WGD
Glyma.18G279000,WGD
Glyma.18G279500,WGD
Glyma.18G279700,WGD
Glyma.18G279800,WGD
Glyma.18G279900,WGD
Glyma.18G280500,WGD
Glyma.18G280600,WGD
Glyma.18G280700,WGD
Glyma.18G280800,WGD
Glyma.18G280900,WGD
Glyma.18G281000,WGD
Glyma.18G281100,WGD
Glyma.18G281200,WGD
Glyma.18G281300,WGD
Glyma.18G281400,WGD
Glyma.18G281451,WGD
Glyma.18G281800,WGD
Glyma.18G282000,WGD
Glyma.18G282100,WGD
Glyma.18G282200,WGD
Glyma.18G282300,WGD
Glyma.18G282400,WGD
Glyma.18G282500,WGD
Glyma.18G282600,WGD
Glyma.18G282700,WGD
Glyma.18G282800,WGD
Glyma.18G283100,WGD
Glyma.18G283166,WGD
Glyma.18G283400,WGD
Glyma.18G283500,WGD
Glyma.18G283600,WGD
Glyma.18G283800,WGD
Glyma.18G283900,WGD
Glyma.18G284000,WGD
Glyma.18G284100,WGD
Glyma.18G284200,WGD
Glyma.18G284300,WGD
Glyma.18G284400,WGD
Glyma.18G284500,WGD
Glyma.18G284600,WGD
Glyma.18G284700,WGD
Glyma.18G284800,WGD
Glyma.18G284900,WGD
Glyma.18G285200,WGD
Glyma.18G285300,WGD
Glyma.18G285600,WGD
Glyma.18G285700,WGD
Glyma.18G285900,WGD
Glyma.18G286000,WGD
Glyma.18G286100,WGD
Glyma.18G286200,WGD
Glyma.18G286300,WGD
Glyma.18G286400,WGD
Glyma.18G286500,WGD
Glyma.18G286600,WGD
Glyma.18G286700,WGD
Glyma.18G286800,WGD
Glyma.18G287200,WGD
Glyma.18G287300,WGD
Glyma.18G287400,WGD
Glyma.18G287500,WGD
Glyma.18G287600,WGD
Glyma.18G288000,WGD
Glyma.18G288300,WGD
Glyma.18G288400,WGD
Glyma.18G288500,WGD
Glyma.18G288600,WGD
Glyma.18G288700,WGD
Glyma.18G289000,WGD
Glyma.18G289100,WGD
Glyma.18G289200,WGD
Glyma.18G289300,WGD
Glyma.18G289500,WGD
Glyma.18G289700,WGD
Glyma.18G289800,WGD
Glyma.18G290200,WGD
Glyma.18G290300,WGD
Glyma.18G290600,WGD
Glyma.18G290700,WGD
Glyma.18G290800,WGD
Glyma.18G291000,WGD
Glyma.18G291100,WGD
Glyma.18G291400,WGD
Glyma.18G291600,WGD
Glyma.18G291700,WGD
Glyma.18G291800,WGD
Glyma.18G291900,WGD
Glyma.18G292200,WGD
Glyma.18G292300,WGD
Glyma.18G292400,WGD
Glyma.18G292600,WGD
Glyma.18G292800,WGD
Glyma.18G292900,WGD
Glyma.18G293000,WGD
Glyma.18G293100,WGD
Glyma.18G293200,WGD
Glyma.18G293500,WGD
Glyma.18G293700,WGD
Glyma.18G293900,WGD
Glyma.18G294100,WGD
Glyma.18G294200,WGD
Glyma.18G294300,WGD
Glyma.18G294800,WGD
Glyma.18G294900,WGD
Glyma.18G295100,WGD
Glyma.18G295200,WGD
Glyma.18G295300,WGD
Glyma.18G295500,WGD
Glyma.18G295600,WGD
Glyma.18G295700,WGD
Glyma.18G295800,WGD
Glyma.18G295900,WGD
Glyma.18G296100,WGD
Glyma.18G296200,WGD
Glyma.18G296300,WGD
Glyma.18G296400,WGD
Glyma.18G296500,WGD
Glyma.18G296600,WGD
Glyma.18G296700,WGD
Glyma.18G296900,WGD
Glyma.18G297100,WGD
Glyma.18G297200,WGD
Glyma.18G297251,WGD
Glyma.18G297500,WGD
Glyma.18G297600,WGD
Glyma.18G297700,WGD
Glyma.18G297800,WGD
Glyma.18G297900,WGD
Glyma.18G298000,WGD
Glyma.18G298100,WGD
Glyma.18G298200,WGD
Glyma.18G298300,WGD
Glyma.18G298500,WGD
Glyma.18G298600,WGD
Glyma.18G298700,WGD
Glyma.18G298800,WGD
Glyma.18G299100,WGD
Glyma.18G299300,WGD
Glyma.18G299500,WGD
Glyma.18G299600,WGD
Glyma.18G299800,WGD
Glyma.18G299900,WGD
Glyma.18G300000,WGD
Glyma.18G300100,WGD
Glyma.18G300200,WGD
Glyma.18G300300,WGD
Glyma.18G300400,WGD
Glyma.18G300500,WGD
Glyma.18G300600,WGD
Glyma.18G300700,WGD
Glyma.18G300800,WGD
Glyma.18G300900,WGD
Glyma.18G301000,WGD
Glyma.18G301100,WGD
Glyma.18G301500,WGD
Glyma.18G301600,WGD
Glyma.18G301900,WGD
Glyma.19G000200,WGD
Glyma.19G000400,WGD
Glyma.19G000700,WGD
Glyma.19G000800,WGD
Glyma.19G000900,WGD
Glyma.19G001000,WGD
Glyma.19G001100,WGD
Glyma.19G001200,WGD
Glyma.19G001300,WGD
Glyma.19G001400,WGD
Glyma.19G001500,WGD
Glyma.19G001600,WGD
Glyma.19G001700,WGD
Glyma.19G001900,WGD
Glyma.19G002300,WGD
Glyma.19G002400,WGD
Glyma.19G002501,WGD
Glyma.19G002600,WGD
Glyma.19G002700,WGD
Glyma.19G002802,WGD
Glyma.19G002900,WGD
Glyma.19G003000,WGD
Glyma.19G003100,WGD
Glyma.19G003200,WGD
Glyma.19G003300,WGD
Glyma.19G003400,WGD
Glyma.19G003700,WGD
Glyma.19G003800,WGD
Glyma.19G003900,WGD
Glyma.19G004400,WGD
Glyma.19G004800,WGD
Glyma.19G004900,WGD
Glyma.19G005000,WGD
Glyma.19G005200,WGD
Glyma.19G005300,WGD
Glyma.19G005400,WGD
Glyma.19G005502,WGD
Glyma.19G005600,WGD
Glyma.19G005700,WGD
Glyma.19G005800,WGD
Glyma.19G005900,WGD
Glyma.19G006000,WGD
Glyma.19G006100,WGD
Glyma.19G006200,WGD
Glyma.19G006300,WGD
Glyma.19G006500,WGD
Glyma.19G006600,WGD
Glyma.19G006700,WGD
Glyma.19G006800,WGD
Glyma.19G006900,WGD
Glyma.19G007300,WGD
Glyma.19G007400,WGD
Glyma.19G007600,WGD
Glyma.19G007700,WGD
Glyma.19G007800,WGD
Glyma.19G007900,WGD
Glyma.19G008100,WGD
Glyma.19G008200,WGD
Glyma.19G008300,WGD
Glyma.19G008500,WGD
Glyma.19G008800,WGD
Glyma.19G008900,WGD
Glyma.19G009000,WGD
Glyma.19G009200,WGD
Glyma.19G009300,WGD
Glyma.19G009400,WGD
Glyma.19G009500,WGD
Glyma.19G009700,WGD
Glyma.19G009800,WGD
Glyma.19G010100,WGD
Glyma.19G010200,WGD
Glyma.19G010300,WGD
Glyma.19G010400,WGD
Glyma.19G010500,WGD
Glyma.19G010700,WGD
Glyma.19G010767,WGD
Glyma.19G010833,WGD
Glyma.19G010900,WGD
Glyma.19G011000,WGD
Glyma.19G011100,WGD
Glyma.19G011200,WGD
Glyma.19G011300,WGD
Glyma.19G011700,WGD
Glyma.19G011900,WGD
Glyma.19G012100,WGD
Glyma.19G012300,WGD
Glyma.19G012350,WGD
Glyma.19G012500,WGD
Glyma.19G012700,WGD
Glyma.19G012900,WGD
Glyma.19G013000,WGD
Glyma.19G013400,WGD
Glyma.19G013500,WGD
Glyma.19G013700,WGD
Glyma.19G013800,WGD
Glyma.19G014300,WGD
Glyma.19G014600,WGD
Glyma.19G015500,WGD
Glyma.19G015800,WGD
Glyma.19G015900,WGD
Glyma.19G016000,WGD
Glyma.19G016100,WGD
Glyma.19G016300,WGD
Glyma.19G016800,WGD
Glyma.19G017000,WGD
Glyma.19G017100,WGD
Glyma.19G017300,WGD
Glyma.19G017400,WGD
Glyma.19G017500,WGD
Glyma.19G017700,WGD
Glyma.19G017800,WGD
Glyma.19G017900,WGD
Glyma.19G018100,WGD
Glyma.19G018501,WGD
Glyma.19G018600,WGD
Glyma.19G018700,WGD
Glyma.19G018800,WGD
Glyma.19G018900,WGD
Glyma.19G019100,WGD
Glyma.19G019200,WGD
Glyma.19G019900,WGD
Glyma.19G020000,WGD
Glyma.19G020100,WGD
Glyma.19G020200,WGD
Glyma.19G020300,WGD
Glyma.19G020400,WGD
Glyma.19G020500,WGD
Glyma.19G020600,WGD
Glyma.19G020700,WGD
Glyma.19G020800,WGD
Glyma.19G021100,WGD
Glyma.19G021300,WGD
Glyma.19G021400,WGD
Glyma.19G021500,WGD
Glyma.19G021600,WGD
Glyma.19G021800,WGD
Glyma.19G021900,WGD
Glyma.19G022000,WGD
Glyma.19G022100,WGD
Glyma.19G022200,WGD
Glyma.19G022500,WGD
Glyma.19G022700,WGD
Glyma.19G022800,WGD
Glyma.19G022900,WGD
Glyma.19G023000,WGD
Glyma.19G023200,WGD
Glyma.19G023300,WGD
Glyma.19G024200,WGD
Glyma.19G024400,WGD
Glyma.19G024500,WGD
Glyma.19G024700,WGD
Glyma.19G025000,WGD
Glyma.19G025100,WGD
Glyma.19G025300,WGD
Glyma.19G025500,WGD
Glyma.19G025600,WGD
Glyma.19G025700,WGD
Glyma.19G025800,WGD
Glyma.19G025900,WGD
Glyma.19G026000,WGD
Glyma.19G026100,WGD
Glyma.19G026200,WGD
Glyma.19G026600,WGD
Glyma.19G026800,WGD
Glyma.19G026900,WGD
Glyma.19G027100,WGD
Glyma.19G027200,WGD
Glyma.19G027300,WGD
Glyma.19G027400,WGD
Glyma.19G027500,WGD
Glyma.19G027700,WGD
Glyma.19G027800,WGD
Glyma.19G027900,WGD
Glyma.19G028100,WGD
Glyma.19G028200,WGD
Glyma.19G028400,WGD
Glyma.19G028500,WGD
Glyma.19G028600,WGD
Glyma.19G028700,WGD
Glyma.19G028800,WGD
Glyma.19G029000,WGD
Glyma.19G029200,WGD
Glyma.19G029300,WGD
Glyma.19G029400,WGD
Glyma.19G029500,WGD
Glyma.19G030100,WGD
Glyma.19G030300,WGD
Glyma.19G030400,WGD
Glyma.19G030500,WGD
Glyma.19G030700,WGD
Glyma.19G030800,WGD
Glyma.19G030900,WGD
Glyma.19G031100,WGD
Glyma.19G031600,WGD
Glyma.19G032000,WGD
Glyma.19G032167,WGD
Glyma.19G032400,WGD
Glyma.19G032600,WGD
Glyma.19G032700,WGD
Glyma.19G032800,WGD
Glyma.19G033100,WGD
Glyma.19G033200,WGD
Glyma.19G033300,WGD
Glyma.19G033500,WGD
Glyma.19G033600,WGD
Glyma.19G033700,WGD
Glyma.19G033800,WGD
Glyma.19G033900,WGD
Glyma.19G034000,WGD
Glyma.19G034500,WGD
Glyma.19G034600,WGD
Glyma.19G034700,WGD
Glyma.19G034900,WGD
Glyma.19G035600,WGD
Glyma.19G036400,WGD
Glyma.19G036600,WGD
Glyma.19G036800,WGD
Glyma.19G037000,WGD
Glyma.19G037400,WGD
Glyma.19G037700,WGD
Glyma.19G037800,WGD
Glyma.19G037900,WGD
Glyma.19G038000,WGD
Glyma.19G038100,WGD
Glyma.19G038400,WGD
Glyma.19G038700,WGD
Glyma.19G039000,WGD
Glyma.19G039100,WGD
Glyma.19G040000,WGD
Glyma.19G040100,WGD
Glyma.19G040200,WGD
Glyma.19G040800,WGD
Glyma.19G041300,WGD
Glyma.19G041375,WGD
Glyma.19G042000,WGD
Glyma.19G042200,WGD
Glyma.19G042350,WGD
Glyma.19G042700,WGD
Glyma.19G042900,WGD
Glyma.19G043200,WGD
Glyma.19G043700,WGD
Glyma.19G043901,WGD
Glyma.19G044300,WGD
Glyma.19G044400,WGD
Glyma.19G044900,WGD
Glyma.19G045202,WGD
Glyma.19G045400,WGD
Glyma.19G045500,WGD
Glyma.19G045700,WGD
Glyma.19G045800,WGD
Glyma.19G046000,WGD
Glyma.19G046266,WGD
Glyma.19G046300,WGD
Glyma.19G046600,WGD
Glyma.19G047100,WGD
Glyma.19G047400,WGD
Glyma.19G047800,WGD
Glyma.19G049100,WGD
Glyma.19G049200,WGD
Glyma.19G049300,WGD
Glyma.19G049500,WGD
Glyma.19G049666,WGD
Glyma.19G049800,WGD
Glyma.19G049900,WGD
Glyma.19G050000,WGD
Glyma.19G050202,WGD
Glyma.19G050300,WGD
Glyma.19G050400,WGD
Glyma.19G050500,WGD
Glyma.19G050600,WGD
Glyma.19G050700,WGD
Glyma.19G050800,WGD
Glyma.19G051500,WGD
Glyma.19G051600,WGD
Glyma.19G052100,WGD
Glyma.19G052200,WGD
Glyma.19G052300,WGD
Glyma.19G052400,WGD
Glyma.19G052500,WGD
Glyma.19G053100,WGD
Glyma.19G053300,WGD
Glyma.19G053500,WGD
Glyma.19G053800,WGD
Glyma.19G054400,WGD
Glyma.19G054500,WGD
Glyma.19G055100,WGD
Glyma.19G055400,WGD
Glyma.19G055500,WGD
Glyma.19G055800,WGD
Glyma.19G055900,WGD
Glyma.19G056300,WGD
Glyma.19G056400,WGD
Glyma.19G056500,WGD
Glyma.19G056700,WGD
Glyma.19G056800,WGD
Glyma.19G057200,WGD
Glyma.19G057300,WGD
Glyma.19G060200,WGD
Glyma.19G060500,WGD
Glyma.19G060600,WGD
Glyma.19G061100,WGD
Glyma.19G061200,WGD
Glyma.19G061300,WGD
Glyma.19G062000,WGD
Glyma.19G062600,WGD
Glyma.19G063300,WGD
Glyma.19G063400,WGD
Glyma.19G063600,WGD
Glyma.19G065400,WGD
Glyma.19G067400,WGD
Glyma.19G067500,WGD
Glyma.19G067900,WGD
Glyma.19G068600,WGD
Glyma.19G069800,WGD
Glyma.19G071032,WGD
Glyma.19G071100,WGD
Glyma.19G071300,WGD
Glyma.19G071500,WGD
Glyma.19G071600,WGD
Glyma.19G071700,WGD
Glyma.19G071800,WGD
Glyma.19G072000,WGD
Glyma.19G072100,WGD
Glyma.19G072400,WGD
Glyma.19G074200,WGD
Glyma.19G074300,WGD
Glyma.19G074500,WGD
Glyma.19G074600,WGD
Glyma.19G074900,WGD
Glyma.19G075100,WGD
Glyma.19G075700,WGD
Glyma.19G075800,WGD
Glyma.19G076200,WGD
Glyma.19G076300,WGD
Glyma.19G076400,WGD
Glyma.19G076500,WGD
Glyma.19G076700,WGD
Glyma.19G076800,WGD
Glyma.19G077000,WGD
Glyma.19G077100,WGD
Glyma.19G077200,WGD
Glyma.19G077300,WGD
Glyma.19G077600,WGD
Glyma.19G077700,WGD
Glyma.19G078200,WGD
Glyma.19G078300,WGD
Glyma.19G078600,WGD
Glyma.19G078800,WGD
Glyma.19G079000,WGD
Glyma.19G079100,WGD
Glyma.19G079400,WGD
Glyma.19G079600,WGD
Glyma.19G080300,WGD
Glyma.19G080400,WGD
Glyma.19G080500,WGD
Glyma.19G080600,WGD
Glyma.19G080702,WGD
Glyma.19G080800,WGD
Glyma.19G081200,WGD
Glyma.19G081500,WGD
Glyma.19G082000,WGD
Glyma.19G082100,WGD
Glyma.19G082300,WGD
Glyma.19G082400,WGD
Glyma.19G082500,WGD
Glyma.19G082900,WGD
Glyma.19G083100,WGD
Glyma.19G083600,WGD
Glyma.19G083900,WGD
Glyma.19G084400,WGD
Glyma.19G084600,WGD
Glyma.19G084900,WGD
Glyma.19G085100,WGD
Glyma.19G085300,WGD
Glyma.19G086000,WGD
Glyma.19G086600,WGD
Glyma.19G086700,WGD
Glyma.19G087000,WGD
Glyma.19G087200,WGD
Glyma.19G087800,WGD
Glyma.19G087900,WGD
Glyma.19G088000,WGD
Glyma.19G088400,WGD
Glyma.19G088700,WGD
Glyma.19G088850,WGD
Glyma.19G089100,WGD
Glyma.19G089200,WGD
Glyma.19G089600,WGD
Glyma.19G089800,WGD
Glyma.19G090600,WGD
Glyma.19G090700,WGD
Glyma.19G090800,WGD
Glyma.19G090900,WGD
Glyma.19G091000,WGD
Glyma.19G091100,WGD
Glyma.19G091200,WGD
Glyma.19G091300,WGD
Glyma.19G091400,WGD
Glyma.19G091500,WGD
Glyma.19G091600,WGD
Glyma.19G091800,WGD
Glyma.19G092100,WGD
Glyma.19G092300,WGD
Glyma.19G092600,WGD
Glyma.19G092700,WGD
Glyma.19G092800,WGD
Glyma.19G092900,WGD
Glyma.19G093100,WGD
Glyma.19G093300,WGD
Glyma.19G093500,WGD
Glyma.19G093900,WGD
Glyma.19G094000,WGD
Glyma.19G094100,WGD
Glyma.19G094600,WGD
Glyma.19G094800,WGD
Glyma.19G095300,WGD
Glyma.19G095400,WGD
Glyma.19G095500,WGD
Glyma.19G095700,WGD
Glyma.19G095900,WGD
Glyma.19G096100,WGD
Glyma.19G096200,WGD
Glyma.19G096400,WGD
Glyma.19G096500,WGD
Glyma.19G096600,WGD
Glyma.19G096700,WGD
Glyma.19G096900,WGD
Glyma.19G097001,WGD
Glyma.19G097200,WGD
Glyma.19G097300,WGD
Glyma.19G097400,WGD
Glyma.19G097500,WGD
Glyma.19G097700,WGD
Glyma.19G098500,WGD
Glyma.19G098600,WGD
Glyma.19G099000,WGD
Glyma.19G099200,WGD
Glyma.19G099300,WGD
Glyma.19G099400,WGD
Glyma.19G099500,WGD
Glyma.19G099600,WGD
Glyma.19G099700,WGD
Glyma.19G099900,WGD
Glyma.19G100000,WGD
Glyma.19G100100,WGD
Glyma.19G100200,WGD
Glyma.19G100500,WGD
Glyma.19G100900,WGD
Glyma.19G101000,WGD
Glyma.19G101100,WGD
Glyma.19G101300,WGD
Glyma.19G101500,WGD
Glyma.19G101600,WGD
Glyma.19G102000,WGD
Glyma.19G102100,WGD
Glyma.19G102200,WGD
Glyma.19G102300,WGD
Glyma.19G102400,WGD
Glyma.19G102500,WGD
Glyma.19G103000,WGD
Glyma.19G103100,WGD
Glyma.19G103400,WGD
Glyma.19G103550,WGD
Glyma.19G104300,WGD
Glyma.19G104500,WGD
Glyma.19G104600,WGD
Glyma.19G105600,WGD
Glyma.19G105700,WGD
Glyma.19G105900,WGD
Glyma.19G106000,WGD
Glyma.19G106200,WGD
Glyma.19G106400,WGD
Glyma.19G106500,WGD
Glyma.19G106600,WGD
Glyma.19G106800,WGD
Glyma.19G106900,WGD
Glyma.19G107000,WGD
Glyma.19G107300,WGD
Glyma.19G107402,WGD
Glyma.19G107500,WGD
Glyma.19G107700,WGD
Glyma.19G108100,WGD
Glyma.19G108300,WGD
Glyma.19G108400,WGD
Glyma.19G108500,WGD
Glyma.19G108600,WGD
Glyma.19G108800,WGD
Glyma.19G109100,WGD
Glyma.19G109200,WGD
Glyma.19G109400,WGD
Glyma.19G109500,WGD
Glyma.19G109901,WGD
Glyma.19G110200,WGD
Glyma.19G110300,WGD
Glyma.19G110500,WGD
Glyma.19G110600,WGD
Glyma.19G110700,WGD
Glyma.19G110800,WGD
Glyma.19G110900,WGD
Glyma.19G111000,WGD
Glyma.19G112000,WGD
Glyma.19G112100,WGD
Glyma.19G112200,WGD
Glyma.19G112500,WGD
Glyma.19G112600,WGD
Glyma.19G112700,WGD
Glyma.19G112800,WGD
Glyma.19G112900,WGD
Glyma.19G113000,WGD
Glyma.19G113100,WGD
Glyma.19G113200,WGD
Glyma.19G113300,WGD
Glyma.19G113500,WGD
Glyma.19G113700,WGD
Glyma.19G114000,WGD
Glyma.19G114100,WGD
Glyma.19G114200,WGD
Glyma.19G114300,WGD
Glyma.19G114400,WGD
Glyma.19G114500,WGD
Glyma.19G114600,WGD
Glyma.19G114700,WGD
Glyma.19G114800,WGD
Glyma.19G114900,WGD
Glyma.19G115300,WGD
Glyma.19G115800,WGD
Glyma.19G115900,WGD
Glyma.19G116000,WGD
Glyma.19G116100,WGD
Glyma.19G116200,WGD
Glyma.19G116300,WGD
Glyma.19G116400,WGD
Glyma.19G116600,WGD
Glyma.19G116700,WGD
Glyma.19G117100,WGD
Glyma.19G117300,WGD
Glyma.19G117400,WGD
Glyma.19G117450,WGD
Glyma.19G117600,WGD
Glyma.19G117700,WGD
Glyma.19G117800,WGD
Glyma.19G117900,WGD
Glyma.19G118000,WGD
Glyma.19G118400,WGD
Glyma.19G118500,WGD
Glyma.19G118700,WGD
Glyma.19G118800,WGD
Glyma.19G118900,WGD
Glyma.19G119000,WGD
Glyma.19G119100,WGD
Glyma.19G119200,WGD
Glyma.19G119300,WGD
Glyma.19G119800,WGD
Glyma.19G120000,WGD
Glyma.19G120051,WGD
Glyma.19G120100,WGD
Glyma.19G120400,WGD
Glyma.19G120900,WGD
Glyma.19G121000,WGD
Glyma.19G121100,WGD
Glyma.19G121300,WGD
Glyma.19G121400,WGD
Glyma.19G121500,WGD
Glyma.19G121600,WGD
Glyma.19G121700,WGD
Glyma.19G121900,WGD
Glyma.19G122100,WGD
Glyma.19G122200,WGD
Glyma.19G122400,WGD
Glyma.19G122600,WGD
Glyma.19G122700,WGD
Glyma.19G122800,WGD
Glyma.19G122900,WGD
Glyma.19G123000,WGD
Glyma.19G123300,WGD
Glyma.19G123400,WGD
Glyma.19G123451,WGD
Glyma.19G123600,WGD
Glyma.19G123700,WGD
Glyma.19G123800,WGD
Glyma.19G123900,WGD
Glyma.19G124100,WGD
Glyma.19G124500,WGD
Glyma.19G124800,WGD
Glyma.19G124900,WGD
Glyma.19G125000,WGD
Glyma.19G125100,WGD
Glyma.19G125300,WGD
Glyma.19G125400,WGD
Glyma.19G125600,WGD
Glyma.19G125800,WGD
Glyma.19G125900,WGD
Glyma.19G126000,WGD
Glyma.19G126251,WGD
Glyma.19G126400,WGD
Glyma.19G126500,WGD
Glyma.19G126600,WGD
Glyma.19G126700,WGD
Glyma.19G126800,WGD
Glyma.19G126900,WGD
Glyma.19G127000,WGD
Glyma.19G127101,WGD
Glyma.19G127200,WGD
Glyma.19G127400,WGD
Glyma.19G127700,WGD
Glyma.19G127800,WGD
Glyma.19G127950,WGD
Glyma.19G128025,WGD
Glyma.19G128100,WGD
Glyma.19G128300,WGD
Glyma.19G128400,WGD
Glyma.19G128800,WGD
Glyma.19G128900,WGD
Glyma.19G129300,WGD
Glyma.19G129400,WGD
Glyma.19G129500,WGD
Glyma.19G129600,WGD
Glyma.19G129800,WGD
Glyma.19G129900,WGD
Glyma.19G130000,WGD
Glyma.19G130100,WGD
Glyma.19G130200,WGD
Glyma.19G130251,WGD
Glyma.19G130400,WGD
Glyma.19G130500,WGD
Glyma.19G130600,WGD
Glyma.19G130700,WGD
Glyma.19G130800,WGD
Glyma.19G130900,WGD
Glyma.19G131100,WGD
Glyma.19G131200,WGD
Glyma.19G131400,WGD
Glyma.19G131500,WGD
Glyma.19G131600,WGD
Glyma.19G131700,WGD
Glyma.19G131800,WGD
Glyma.19G132000,WGD
Glyma.19G132200,WGD
Glyma.19G132300,WGD
Glyma.19G132400,WGD
Glyma.19G132500,WGD
Glyma.19G132700,WGD
Glyma.19G132800,WGD
Glyma.19G132900,WGD
Glyma.19G133000,WGD
Glyma.19G133100,WGD
Glyma.19G133200,WGD
Glyma.19G133400,WGD
Glyma.19G133500,WGD
Glyma.19G133600,WGD
Glyma.19G133702,WGD
Glyma.19G133800,WGD
Glyma.19G133900,WGD
Glyma.19G134000,WGD
Glyma.19G134401,WGD
Glyma.19G134600,WGD
Glyma.19G135000,WGD
Glyma.19G135100,WGD
Glyma.19G135200,WGD
Glyma.19G135300,WGD
Glyma.19G135900,WGD
Glyma.19G136000,WGD
Glyma.19G136100,WGD
Glyma.19G136200,WGD
Glyma.19G136300,WGD
Glyma.19G136400,WGD
Glyma.19G136500,WGD
Glyma.19G136700,WGD
Glyma.19G136800,WGD
Glyma.19G137300,WGD
Glyma.19G137400,WGD
Glyma.19G137500,WGD
Glyma.19G137600,WGD
Glyma.19G137700,WGD
Glyma.19G137800,WGD
Glyma.19G138000,WGD
Glyma.19G138101,WGD
Glyma.19G138200,WGD
Glyma.19G138700,WGD
Glyma.19G139000,WGD
Glyma.19G139100,WGD
Glyma.19G139200,WGD
Glyma.19G139300,WGD
Glyma.19G139800,WGD
Glyma.19G139950,WGD
Glyma.19G140100,WGD
Glyma.19G140200,WGD
Glyma.19G140400,WGD
Glyma.19G140600,WGD
Glyma.19G140700,WGD
Glyma.19G140800,WGD
Glyma.19G141100,WGD
Glyma.19G141200,WGD
Glyma.19G141300,WGD
Glyma.19G141367,WGD
Glyma.19G141700,WGD
Glyma.19G142000,WGD
Glyma.19G142100,WGD
Glyma.19G142200,WGD
Glyma.19G142400,WGD
Glyma.19G142500,WGD
Glyma.19G142600,WGD
Glyma.19G142700,WGD
Glyma.19G142900,WGD
Glyma.19G143000,WGD
Glyma.19G143100,WGD
Glyma.19G143200,WGD
Glyma.19G143300,WGD
Glyma.19G143600,WGD
Glyma.19G143900,WGD
Glyma.19G144000,WGD
Glyma.19G144100,WGD
Glyma.19G144200,WGD
Glyma.19G144400,WGD
Glyma.19G144500,WGD
Glyma.19G144600,WGD
Glyma.19G144900,WGD
Glyma.19G145000,WGD
Glyma.19G145300,WGD
Glyma.19G145400,WGD
Glyma.19G145500,WGD
Glyma.19G145800,WGD
Glyma.19G145900,WGD
Glyma.19G145950,WGD
Glyma.19G146000,WGD
Glyma.19G146200,WGD
Glyma.19G146400,WGD
Glyma.19G146500,WGD
Glyma.19G146600,WGD
Glyma.19G146800,WGD
Glyma.19G146900,WGD
Glyma.19G147000,WGD
Glyma.19G147100,WGD
Glyma.19G147200,WGD
Glyma.19G147300,WGD
Glyma.19G147500,WGD
Glyma.19G147700,WGD
Glyma.19G147800,WGD
Glyma.19G147900,WGD
Glyma.19G148000,WGD
Glyma.19G148100,WGD
Glyma.19G148200,WGD
Glyma.19G148300,WGD
Glyma.19G148600,WGD
Glyma.19G148700,WGD
Glyma.19G148800,WGD
Glyma.19G148900,WGD
Glyma.19G149000,WGD
Glyma.19G149100,WGD
Glyma.19G149200,WGD
Glyma.19G149300,WGD
Glyma.19G149500,WGD
Glyma.19G149600,WGD
Glyma.19G149700,WGD
Glyma.19G149800,WGD
Glyma.19G149900,WGD
Glyma.19G150000,WGD
Glyma.19G150250,WGD
Glyma.19G150300,WGD
Glyma.19G150400,WGD
Glyma.19G150500,WGD
Glyma.19G150800,WGD
Glyma.19G150900,WGD
Glyma.19G151100,WGD
Glyma.19G151350,WGD
Glyma.19G151400,WGD
Glyma.19G151500,WGD
Glyma.19G151700,WGD
Glyma.19G151800,WGD
Glyma.19G151900,WGD
Glyma.19G152000,WGD
Glyma.19G152100,WGD
Glyma.19G152200,WGD
Glyma.19G152400,WGD
Glyma.19G152500,WGD
Glyma.19G152600,WGD
Glyma.19G152700,WGD
Glyma.19G152800,WGD
Glyma.19G152900,WGD
Glyma.19G153000,WGD
Glyma.19G153100,WGD
Glyma.19G153200,WGD
Glyma.19G153300,WGD
Glyma.19G153400,WGD
Glyma.19G153600,WGD
Glyma.19G153700,WGD
Glyma.19G153800,WGD
Glyma.19G153900,WGD
Glyma.19G154100,WGD
Glyma.19G154200,WGD
Glyma.19G154300,WGD
Glyma.19G154400,WGD
Glyma.19G154500,WGD
Glyma.19G154700,WGD
Glyma.19G154800,WGD
Glyma.19G154900,WGD
Glyma.19G155000,WGD
Glyma.19G155100,WGD
Glyma.19G155200,WGD
Glyma.19G155300,WGD
Glyma.19G155400,WGD
Glyma.19G155450,WGD
Glyma.19G155600,WGD
Glyma.19G155700,WGD
Glyma.19G155800,WGD
Glyma.19G155900,WGD
Glyma.19G156000,WGD
Glyma.19G156200,WGD
Glyma.19G156300,WGD
Glyma.19G156400,WGD
Glyma.19G156700,WGD
Glyma.19G156800,WGD
Glyma.19G156900,WGD
Glyma.19G157000,WGD
Glyma.19G157100,WGD
Glyma.19G157200,WGD
Glyma.19G157300,WGD
Glyma.19G157500,WGD
Glyma.19G157600,WGD
Glyma.19G157700,WGD
Glyma.19G157800,WGD
Glyma.19G158100,WGD
Glyma.19G158200,WGD
Glyma.19G158300,WGD
Glyma.19G158400,WGD
Glyma.19G158500,WGD
Glyma.19G158600,WGD
Glyma.19G158700,WGD
Glyma.19G158800,WGD
Glyma.19G158900,WGD
Glyma.19G159000,WGD
Glyma.19G159100,WGD
Glyma.19G159200,WGD
Glyma.19G159300,WGD
Glyma.19G159400,WGD
Glyma.19G159500,WGD
Glyma.19G159600,WGD
Glyma.19G159700,WGD
Glyma.19G159900,WGD
Glyma.19G160200,WGD
Glyma.19G160300,WGD
Glyma.19G160400,WGD
Glyma.19G160500,WGD
Glyma.19G160600,WGD
Glyma.19G160700,WGD
Glyma.19G160800,WGD
Glyma.19G160900,WGD
Glyma.19G161000,WGD
Glyma.19G161100,WGD
Glyma.19G161200,WGD
Glyma.19G161300,WGD
Glyma.19G161400,WGD
Glyma.19G161500,WGD
Glyma.19G161600,WGD
Glyma.19G161700,WGD
Glyma.19G161800,WGD
Glyma.19G161900,WGD
Glyma.19G162000,WGD
Glyma.19G162100,WGD
Glyma.19G162150,WGD
Glyma.19G162301,WGD
Glyma.19G162400,WGD
Glyma.19G162500,WGD
Glyma.19G162600,WGD
Glyma.19G162700,WGD
Glyma.19G162800,WGD
Glyma.19G162900,WGD
Glyma.19G163000,WGD
Glyma.19G163200,WGD
Glyma.19G163300,WGD
Glyma.19G163350,WGD
Glyma.19G163400,WGD
Glyma.19G163500,WGD
Glyma.19G163600,WGD
Glyma.19G163700,WGD
Glyma.19G163900,WGD
Glyma.19G164000,WGD
Glyma.19G164100,WGD
Glyma.19G164300,WGD
Glyma.19G164400,WGD
Glyma.19G164500,WGD
Glyma.19G164600,WGD
Glyma.19G164700,WGD
Glyma.19G164800,WGD
Glyma.19G164900,WGD
Glyma.19G165000,WGD
Glyma.19G165100,WGD
Glyma.19G165200,WGD
Glyma.19G165300,WGD
Glyma.19G165500,WGD
Glyma.19G165600,WGD
Glyma.19G165700,WGD
Glyma.19G165800,WGD
Glyma.19G165900,WGD
Glyma.19G166000,WGD
Glyma.19G166100,WGD
Glyma.19G166200,WGD
Glyma.19G166300,WGD
Glyma.19G166400,WGD
Glyma.19G166500,WGD
Glyma.19G166600,WGD
Glyma.19G166700,WGD
Glyma.19G166800,WGD
Glyma.19G166900,WGD
Glyma.19G167000,WGD
Glyma.19G167200,WGD
Glyma.19G167400,WGD
Glyma.19G167500,WGD
Glyma.19G167600,WGD
Glyma.19G167700,WGD
Glyma.19G167900,WGD
Glyma.19G168000,WGD
Glyma.19G168100,WGD
Glyma.19G168200,WGD
Glyma.19G168300,WGD
Glyma.19G168400,WGD
Glyma.19G168500,WGD
Glyma.19G168600,WGD
Glyma.19G168700,WGD
Glyma.19G168800,WGD
Glyma.19G168900,WGD
Glyma.19G169000,WGD
Glyma.19G169200,WGD
Glyma.19G169600,WGD
Glyma.19G169900,WGD
Glyma.19G170000,WGD
Glyma.19G170100,WGD
Glyma.19G170200,WGD
Glyma.19G170300,WGD
Glyma.19G170400,WGD
Glyma.19G170500,WGD
Glyma.19G170700,WGD
Glyma.19G170800,WGD
Glyma.19G170900,WGD
Glyma.19G171000,WGD
Glyma.19G171100,WGD
Glyma.19G171200,WGD
Glyma.19G171300,WGD
Glyma.19G171500,WGD
Glyma.19G171700,WGD
Glyma.19G171800,WGD
Glyma.19G172100,WGD
Glyma.19G172200,WGD
Glyma.19G172601,WGD
Glyma.19G172700,WGD
Glyma.19G172800,WGD
Glyma.19G172900,WGD
Glyma.19G173000,WGD
Glyma.19G173100,WGD
Glyma.19G173200,WGD
Glyma.19G173300,WGD
Glyma.19G173400,WGD
Glyma.19G173500,WGD
Glyma.19G173600,WGD
Glyma.19G173800,WGD
Glyma.19G173900,WGD
Glyma.19G174000,WGD
Glyma.19G174300,WGD
Glyma.19G174400,WGD
Glyma.19G174600,WGD
Glyma.19G174700,WGD
Glyma.19G174800,WGD
Glyma.19G175100,WGD
Glyma.19G175200,WGD
Glyma.19G175300,WGD
Glyma.19G175400,WGD
Glyma.19G175500,WGD
Glyma.19G175600,WGD
Glyma.19G175700,WGD
Glyma.19G175800,WGD
Glyma.19G175900,WGD
Glyma.19G176000,WGD
Glyma.19G176100,WGD
Glyma.19G176300,WGD
Glyma.19G176400,WGD
Glyma.19G176500,WGD
Glyma.19G176600,WGD
Glyma.19G176700,WGD
Glyma.19G177100,WGD
Glyma.19G177200,WGD
Glyma.19G177300,WGD
Glyma.19G177400,WGD
Glyma.19G177500,WGD
Glyma.19G177600,WGD
Glyma.19G177700,WGD
Glyma.19G177767,WGD
Glyma.19G177900,WGD
Glyma.19G178000,WGD
Glyma.19G178100,WGD
Glyma.19G178200,WGD
Glyma.19G178400,WGD
Glyma.19G178500,WGD
Glyma.19G178700,WGD
Glyma.19G178800,WGD
Glyma.19G178900,WGD
Glyma.19G179000,WGD
Glyma.19G179100,WGD
Glyma.19G179200,WGD
Glyma.19G179300,WGD
Glyma.19G179400,WGD
Glyma.19G179500,WGD
Glyma.19G179600,WGD
Glyma.19G179700,WGD
Glyma.19G179800,WGD
Glyma.19G179900,WGD
Glyma.19G180000,WGD
Glyma.19G180100,WGD
Glyma.19G180200,WGD
Glyma.19G180300,WGD
Glyma.19G180400,WGD
Glyma.19G180600,WGD
Glyma.19G180700,WGD
Glyma.19G180800,WGD
Glyma.19G180900,WGD
Glyma.19G181000,WGD
Glyma.19G181100,WGD
Glyma.19G181200,WGD
Glyma.19G181300,WGD
Glyma.19G181700,WGD
Glyma.19G181800,WGD
Glyma.19G181900,WGD
Glyma.19G182000,WGD
Glyma.19G182100,WGD
Glyma.19G182151,WGD
Glyma.19G182200,WGD
Glyma.19G182300,WGD
Glyma.19G182400,WGD
Glyma.19G182500,WGD
Glyma.19G182600,WGD
Glyma.19G182800,WGD
Glyma.19G183000,WGD
Glyma.19G183100,WGD
Glyma.19G183200,WGD
Glyma.19G183400,WGD
Glyma.19G183500,WGD
Glyma.19G183700,WGD
Glyma.19G183800,WGD
Glyma.19G183900,WGD
Glyma.19G184100,WGD
Glyma.19G184200,WGD
Glyma.19G184300,WGD
Glyma.19G184500,WGD
Glyma.19G184600,WGD
Glyma.19G184700,WGD
Glyma.19G184800,WGD
Glyma.19G184900,WGD
Glyma.19G185000,WGD
Glyma.19G185300,WGD
Glyma.19G185401,WGD
Glyma.19G185500,WGD
Glyma.19G185700,WGD
Glyma.19G185800,WGD
Glyma.19G185900,WGD
Glyma.19G186000,WGD
Glyma.19G186100,WGD
Glyma.19G186200,WGD
Glyma.19G186300,WGD
Glyma.19G186500,WGD
Glyma.19G186600,WGD
Glyma.19G186800,WGD
Glyma.19G186900,WGD
Glyma.19G187000,WGD
Glyma.19G187100,WGD
Glyma.19G187400,WGD
Glyma.19G187600,WGD
Glyma.19G187700,WGD
Glyma.19G187900,WGD
Glyma.19G188100,WGD
Glyma.19G188200,WGD
Glyma.19G188300,WGD
Glyma.19G188400,WGD
Glyma.19G188600,WGD
Glyma.19G188700,WGD
Glyma.19G188800,WGD
Glyma.19G188900,WGD
Glyma.19G189000,WGD
Glyma.19G189100,WGD
Glyma.19G189200,WGD
Glyma.19G189300,WGD
Glyma.19G189400,WGD
Glyma.19G189500,WGD
Glyma.19G189600,WGD
Glyma.19G189700,WGD
Glyma.19G190000,WGD
Glyma.19G190100,WGD
Glyma.19G190200,WGD
Glyma.19G190300,WGD
Glyma.19G190400,WGD
Glyma.19G190600,WGD
Glyma.19G190667,WGD
Glyma.19G190900,WGD
Glyma.19G191000,WGD
Glyma.19G191100,WGD
Glyma.19G191600,WGD
Glyma.19G191700,WGD
Glyma.19G191800,WGD
Glyma.19G192000,WGD
Glyma.19G192100,WGD
Glyma.19G192300,WGD
Glyma.19G192400,WGD
Glyma.19G192500,WGD
Glyma.19G192600,WGD
Glyma.19G192700,WGD
Glyma.19G192800,WGD
Glyma.19G192900,WGD
Glyma.19G193000,WGD
Glyma.19G193100,WGD
Glyma.19G193200,WGD
Glyma.19G193300,WGD
Glyma.19G193400,WGD
Glyma.19G193500,WGD
Glyma.19G193600,WGD
Glyma.19G193700,WGD
Glyma.19G193800,WGD
Glyma.19G193900,WGD
Glyma.19G194100,WGD
Glyma.19G194200,WGD
Glyma.19G194300,WGD
Glyma.19G194366,WGD
Glyma.19G194500,WGD
Glyma.19G194600,WGD
Glyma.19G194700,WGD
Glyma.19G194800,WGD
Glyma.19G194900,WGD
Glyma.19G194915,WGD
Glyma.19G194922,WGD
Glyma.19G194929,WGD
Glyma.19G194936,WGD
Glyma.19G194943,WGD
Glyma.19G194950,WGD
Glyma.19G194957,WGD
Glyma.19G194964,WGD
Glyma.19G194971,WGD
Glyma.19G194978,WGD
Glyma.19G194985,WGD
Glyma.19G194992,WGD
Glyma.19G195200,WGD
Glyma.19G195300,WGD
Glyma.19G195400,WGD
Glyma.19G195600,WGD
Glyma.19G195700,WGD
Glyma.19G195800,WGD
Glyma.19G195900,WGD
Glyma.19G196000,WGD
Glyma.19G196100,WGD
Glyma.19G196202,WGD
Glyma.19G196300,WGD
Glyma.19G196400,WGD
Glyma.19G196500,WGD
Glyma.19G196600,WGD
Glyma.19G196700,WGD
Glyma.19G196800,WGD
Glyma.19G196900,WGD
Glyma.19G197000,WGD
Glyma.19G197300,WGD
Glyma.19G197400,WGD
Glyma.19G197500,WGD
Glyma.19G197600,WGD
Glyma.19G197700,WGD
Glyma.19G197800,WGD
Glyma.19G197900,WGD
Glyma.19G198000,WGD
Glyma.19G198100,WGD
Glyma.19G198200,WGD
Glyma.19G198300,WGD
Glyma.19G198400,WGD
Glyma.19G198500,WGD
Glyma.19G198600,WGD
Glyma.19G198700,WGD
Glyma.19G198800,WGD
Glyma.19G198900,WGD
Glyma.19G199000,WGD
Glyma.19G199300,WGD
Glyma.19G199400,WGD
Glyma.19G199500,WGD
Glyma.19G199900,WGD
Glyma.19G200200,WGD
Glyma.19G200300,WGD
Glyma.19G200400,WGD
Glyma.19G200500,WGD
Glyma.19G200700,WGD
Glyma.19G200800,WGD
Glyma.19G200850,WGD
Glyma.19G200900,WGD
Glyma.19G201000,WGD
Glyma.19G201100,WGD
Glyma.19G201200,WGD
Glyma.19G201300,WGD
Glyma.19G201366,WGD
Glyma.19G201400,WGD
Glyma.19G201500,WGD
Glyma.19G201600,WGD
Glyma.19G201800,WGD
Glyma.19G201900,WGD
Glyma.19G202000,WGD
Glyma.19G202200,WGD
Glyma.19G202300,WGD
Glyma.19G202400,WGD
Glyma.19G202500,WGD
Glyma.19G202600,WGD
Glyma.19G202800,WGD
Glyma.19G202900,WGD
Glyma.19G203100,WGD
Glyma.19G203200,WGD
Glyma.19G203400,WGD
Glyma.19G203500,WGD
Glyma.19G203700,WGD
Glyma.19G204000,WGD
Glyma.19G204100,WGD
Glyma.19G204200,WGD
Glyma.19G204400,WGD
Glyma.19G204500,WGD
Glyma.19G204600,WGD
Glyma.19G204700,WGD
Glyma.19G204800,WGD
Glyma.19G204900,WGD
Glyma.19G205000,WGD
Glyma.19G205200,WGD
Glyma.19G205300,WGD
Glyma.19G205467,WGD
Glyma.19G205600,WGD
Glyma.19G205700,WGD
Glyma.19G205800,WGD
Glyma.19G206100,WGD
Glyma.19G206200,WGD
Glyma.19G206300,WGD
Glyma.19G206800,WGD
Glyma.19G206900,WGD
Glyma.19G207000,WGD
Glyma.19G207100,WGD
Glyma.19G207200,WGD
Glyma.19G207300,WGD
Glyma.19G207400,WGD
Glyma.19G207500,WGD
Glyma.19G207600,WGD
Glyma.19G207700,WGD
Glyma.19G207800,WGD
Glyma.19G207900,WGD
Glyma.19G208000,WGD
Glyma.19G208100,WGD
Glyma.19G208200,WGD
Glyma.19G208300,WGD
Glyma.19G208400,WGD
Glyma.19G208600,WGD
Glyma.19G208700,WGD
Glyma.19G208900,WGD
Glyma.19G209000,WGD
Glyma.19G209100,WGD
Glyma.19G209200,WGD
Glyma.19G209400,WGD
Glyma.19G209500,WGD
Glyma.19G209600,WGD
Glyma.19G209700,WGD
Glyma.19G209800,WGD
Glyma.19G209900,WGD
Glyma.19G210000,WGD
Glyma.19G210200,WGD
Glyma.19G210300,WGD
Glyma.19G210402,WGD
Glyma.19G210500,WGD
Glyma.19G210600,WGD
Glyma.19G210700,WGD
Glyma.19G210900,WGD
Glyma.19G211000,WGD
Glyma.19G211100,WGD
Glyma.19G211200,WGD
Glyma.19G211300,WGD
Glyma.19G211500,WGD
Glyma.19G211600,WGD
Glyma.19G211700,WGD
Glyma.19G211800,WGD
Glyma.19G211900,WGD
Glyma.19G212000,WGD
Glyma.19G212100,WGD
Glyma.19G212200,WGD
Glyma.19G212300,WGD
Glyma.19G212400,WGD
Glyma.19G212600,WGD
Glyma.19G212667,WGD
Glyma.19G212800,WGD
Glyma.19G212900,WGD
Glyma.19G213000,WGD
Glyma.19G213100,WGD
Glyma.19G213200,WGD
Glyma.19G213300,WGD
Glyma.19G213400,WGD
Glyma.19G213500,WGD
Glyma.19G213600,WGD
Glyma.19G213700,WGD
Glyma.19G213802,WGD
Glyma.19G213900,WGD
Glyma.19G214000,WGD
Glyma.19G214100,WGD
Glyma.19G214200,WGD
Glyma.19G214300,WGD
Glyma.19G214400,WGD
Glyma.19G214600,WGD
Glyma.19G214700,WGD
Glyma.19G214800,WGD
Glyma.19G214900,WGD
Glyma.19G215100,WGD
Glyma.19G215200,WGD
Glyma.19G215300,WGD
Glyma.19G215400,WGD
Glyma.19G215500,WGD
Glyma.19G215600,WGD
Glyma.19G215700,WGD
Glyma.19G215800,WGD
Glyma.19G215900,WGD
Glyma.19G216000,WGD
Glyma.19G216100,WGD
Glyma.19G216151,WGD
Glyma.19G216200,WGD
Glyma.19G216300,WGD
Glyma.19G216400,WGD
Glyma.19G216500,WGD
Glyma.19G216601,WGD
Glyma.19G216700,WGD
Glyma.19G216900,WGD
Glyma.19G217000,WGD
Glyma.19G217200,WGD
Glyma.19G217300,WGD
Glyma.19G217400,WGD
Glyma.19G217500,WGD
Glyma.19G217800,WGD
Glyma.19G217900,WGD
Glyma.19G218000,WGD
Glyma.19G218100,WGD
Glyma.19G218200,WGD
Glyma.19G218300,WGD
Glyma.19G218500,WGD
Glyma.19G218700,WGD
Glyma.19G218800,WGD
Glyma.19G219000,WGD
Glyma.19G219100,WGD
Glyma.19G219200,WGD
Glyma.19G219300,WGD
Glyma.19G219400,WGD
Glyma.19G219500,WGD
Glyma.19G219600,WGD
Glyma.19G219700,WGD
Glyma.19G219800,WGD
Glyma.19G219900,WGD
Glyma.19G220000,WGD
Glyma.19G220200,WGD
Glyma.19G220300,WGD
Glyma.19G220400,WGD
Glyma.19G220500,WGD
Glyma.19G220600,WGD
Glyma.19G220702,WGD
Glyma.19G220800,WGD
Glyma.19G220900,WGD
Glyma.19G221000,WGD
Glyma.19G221200,WGD
Glyma.19G221300,WGD
Glyma.19G221400,WGD
Glyma.19G221600,WGD
Glyma.19G221700,WGD
Glyma.19G221800,WGD
Glyma.19G221900,WGD
Glyma.19G222000,WGD
Glyma.19G222200,WGD
Glyma.19G222300,WGD
Glyma.19G222400,WGD
Glyma.19G222500,WGD
Glyma.19G222600,WGD
Glyma.19G222700,WGD
Glyma.19G222800,WGD
Glyma.19G222900,WGD
Glyma.19G223000,WGD
Glyma.19G223100,WGD
Glyma.19G223200,WGD
Glyma.19G223300,WGD
Glyma.19G223400,WGD
Glyma.19G223500,WGD
Glyma.19G223600,WGD
Glyma.19G223700,WGD
Glyma.19G223800,WGD
Glyma.19G223900,WGD
Glyma.19G224000,WGD
Glyma.19G224100,WGD
Glyma.19G224200,WGD
Glyma.19G224300,WGD
Glyma.19G224400,WGD
Glyma.19G224500,WGD
Glyma.19G224600,WGD
Glyma.19G224700,WGD
Glyma.19G224802,WGD
Glyma.19G225200,WGD
Glyma.19G225400,WGD
Glyma.19G225500,WGD
Glyma.19G225600,WGD
Glyma.19G225800,WGD
Glyma.19G225900,WGD
Glyma.19G226000,WGD
Glyma.19G226100,WGD
Glyma.19G226200,WGD
Glyma.19G226300,WGD
Glyma.19G226400,WGD
Glyma.19G226600,WGD
Glyma.19G226700,WGD
Glyma.19G226800,WGD
Glyma.19G226900,WGD
Glyma.19G227000,WGD
Glyma.19G227100,WGD
Glyma.19G227300,WGD
Glyma.19G227500,WGD
Glyma.19G227600,WGD
Glyma.19G227700,WGD
Glyma.19G227800,WGD
Glyma.19G227900,WGD
Glyma.19G228000,WGD
Glyma.19G228100,WGD
Glyma.19G228200,WGD
Glyma.19G228300,WGD
Glyma.19G228400,WGD
Glyma.19G228500,WGD
Glyma.19G228600,WGD
Glyma.19G228700,WGD
Glyma.19G228800,WGD
Glyma.19G228900,WGD
Glyma.19G229000,WGD
Glyma.19G229100,WGD
Glyma.19G229200,WGD
Glyma.19G229300,WGD
Glyma.19G229400,WGD
Glyma.19G229700,WGD
Glyma.19G229800,WGD
Glyma.19G229900,WGD
Glyma.19G230000,WGD
Glyma.19G230100,WGD
Glyma.19G230200,WGD
Glyma.19G230500,WGD
Glyma.19G230600,WGD
Glyma.19G230900,WGD
Glyma.19G231000,WGD
Glyma.19G231200,WGD
Glyma.19G231400,WGD
Glyma.19G231500,WGD
Glyma.19G231700,WGD
Glyma.19G231800,WGD
Glyma.19G232100,WGD
Glyma.19G232300,WGD
Glyma.19G232400,WGD
Glyma.19G232500,WGD
Glyma.19G232700,WGD
Glyma.19G232800,WGD
Glyma.19G233000,WGD
Glyma.19G233100,WGD
Glyma.19G233300,WGD
Glyma.19G233400,WGD
Glyma.19G233500,WGD
Glyma.19G233600,WGD
Glyma.19G233700,WGD
Glyma.19G233800,WGD
Glyma.19G233900,WGD
Glyma.19G234000,WGD
Glyma.19G234300,WGD
Glyma.19G234400,WGD
Glyma.19G234500,WGD
Glyma.19G234600,WGD
Glyma.19G234700,WGD
Glyma.19G234751,WGD
Glyma.19G234800,WGD
Glyma.19G235000,WGD
Glyma.19G235100,WGD
Glyma.19G235200,WGD
Glyma.19G235300,WGD
Glyma.19G235400,WGD
Glyma.19G235500,WGD
Glyma.19G235600,WGD
Glyma.19G235800,WGD
Glyma.19G235900,WGD
Glyma.19G236000,WGD
Glyma.19G236100,WGD
Glyma.19G236200,WGD
Glyma.19G236400,WGD
Glyma.19G236500,WGD
Glyma.19G236600,WGD
Glyma.19G236700,WGD
Glyma.19G236800,WGD
Glyma.19G236900,WGD
Glyma.19G237000,WGD
Glyma.19G237200,WGD
Glyma.19G237300,WGD
Glyma.19G237600,WGD
Glyma.19G237700,WGD
Glyma.19G237800,WGD
Glyma.19G238000,WGD
Glyma.19G238100,WGD
Glyma.19G238400,WGD
Glyma.19G238502,WGD
Glyma.19G238900,WGD
Glyma.19G239100,WGD
Glyma.19G239200,WGD
Glyma.19G239300,WGD
Glyma.19G239400,WGD
Glyma.19G239500,WGD
Glyma.19G239700,WGD
Glyma.19G239800,WGD
Glyma.19G240000,WGD
Glyma.19G240100,WGD
Glyma.19G240200,WGD
Glyma.19G240300,WGD
Glyma.19G240400,WGD
Glyma.19G240500,WGD
Glyma.19G240600,WGD
Glyma.19G240700,WGD
Glyma.19G241000,WGD
Glyma.19G241100,WGD
Glyma.19G241200,WGD
Glyma.19G241300,WGD
Glyma.19G241400,WGD
Glyma.19G241700,WGD
Glyma.19G242000,WGD
Glyma.19G242200,WGD
Glyma.19G242300,WGD
Glyma.19G242400,WGD
Glyma.19G242600,WGD
Glyma.19G242700,WGD
Glyma.19G242800,WGD
Glyma.19G242900,WGD
Glyma.19G243100,WGD
Glyma.19G243200,WGD
Glyma.19G243300,WGD
Glyma.19G243400,WGD
Glyma.19G243500,WGD
Glyma.19G243600,WGD
Glyma.19G243700,WGD
Glyma.19G243800,WGD
Glyma.19G243900,WGD
Glyma.19G244100,WGD
Glyma.19G244200,WGD
Glyma.19G244300,WGD
Glyma.19G244500,WGD
Glyma.19G244600,WGD
Glyma.19G244800,WGD
Glyma.19G244900,WGD
Glyma.19G245100,WGD
Glyma.19G245200,WGD
Glyma.19G245400,WGD
Glyma.19G245700,WGD
Glyma.19G245750,WGD
Glyma.19G245800,WGD
Glyma.19G245900,WGD
Glyma.19G246000,WGD
Glyma.19G246100,WGD
Glyma.19G246200,WGD
Glyma.19G246400,WGD
Glyma.19G246500,WGD
Glyma.19G246600,WGD
Glyma.19G246700,WGD
Glyma.19G246800,WGD
Glyma.19G247000,WGD
Glyma.19G247100,WGD
Glyma.19G247200,WGD
Glyma.19G247300,WGD
Glyma.19G247400,WGD
Glyma.19G247500,WGD
Glyma.19G247600,WGD
Glyma.19G247700,WGD
Glyma.19G247800,WGD
Glyma.19G247901,WGD
Glyma.19G248000,WGD
Glyma.19G248100,WGD
Glyma.19G248200,WGD
Glyma.19G248300,WGD
Glyma.19G248400,WGD
Glyma.19G248600,WGD
Glyma.19G248700,WGD
Glyma.19G249000,WGD
Glyma.19G249100,WGD
Glyma.19G249200,WGD
Glyma.19G249400,WGD
Glyma.19G249500,WGD
Glyma.19G249700,WGD
Glyma.19G249800,WGD
Glyma.19G249900,WGD
Glyma.19G250000,WGD
Glyma.19G250100,WGD
Glyma.19G250400,WGD
Glyma.19G250600,WGD
Glyma.19G250700,WGD
Glyma.19G250800,WGD
Glyma.19G250900,WGD
Glyma.19G251000,WGD
Glyma.19G251100,WGD
Glyma.19G251200,WGD
Glyma.19G251300,WGD
Glyma.19G251500,WGD
Glyma.19G251600,WGD
Glyma.19G252000,WGD
Glyma.19G252100,WGD
Glyma.19G252300,WGD
Glyma.19G252500,WGD
Glyma.19G252600,WGD
Glyma.19G252700,WGD
Glyma.19G252800,WGD
Glyma.19G252900,WGD
Glyma.19G253000,WGD
Glyma.19G253100,WGD
Glyma.19G253200,WGD
Glyma.19G253300,WGD
Glyma.19G253600,WGD
Glyma.19G253800,WGD
Glyma.19G253900,WGD
Glyma.19G254000,WGD
Glyma.19G254100,WGD
Glyma.19G254200,WGD
Glyma.19G254300,WGD
Glyma.19G254500,WGD
Glyma.19G254600,WGD
Glyma.19G254800,WGD
Glyma.19G255100,WGD
Glyma.19G255200,WGD
Glyma.19G255300,WGD
Glyma.19G255600,WGD
Glyma.19G255700,WGD
Glyma.19G255800,WGD
Glyma.19G256100,WGD
Glyma.19G256200,WGD
Glyma.19G256300,WGD
Glyma.19G256400,WGD
Glyma.19G256500,WGD
Glyma.19G256600,WGD
Glyma.19G256700,WGD
Glyma.19G256800,WGD
Glyma.19G257000,WGD
Glyma.19G257200,WGD
Glyma.19G257400,WGD
Glyma.19G257500,WGD
Glyma.19G257600,WGD
Glyma.19G257700,WGD
Glyma.19G257800,WGD
Glyma.19G258000,WGD
Glyma.19G258100,WGD
Glyma.19G258300,WGD
Glyma.19G258400,WGD
Glyma.19G258500,WGD
Glyma.19G258700,WGD
Glyma.19G258800,WGD
Glyma.19G258900,WGD
Glyma.19G259000,WGD
Glyma.19G259100,WGD
Glyma.19G259200,WGD
Glyma.19G259300,WGD
Glyma.19G259400,WGD
Glyma.19G259500,WGD
Glyma.19G259600,WGD
Glyma.19G260000,WGD
Glyma.19G260100,WGD
Glyma.19G260200,WGD
Glyma.19G260400,WGD
Glyma.19G260500,WGD
Glyma.19G260600,WGD
Glyma.19G260700,WGD
Glyma.19G260900,WGD
Glyma.19G261000,WGD
Glyma.19G261100,WGD
Glyma.19G261200,WGD
Glyma.19G261300,WGD
Glyma.19G261500,WGD
Glyma.19G261600,WGD
Glyma.19G261700,WGD
Glyma.19G261800,WGD
Glyma.19G262000,WGD
Glyma.19G262200,WGD
Glyma.19G262250,WGD
Glyma.19G262400,WGD
Glyma.19G262500,WGD
Glyma.19G262600,WGD
Glyma.19G262700,WGD
Glyma.19G262800,WGD
Glyma.19G262900,WGD
Glyma.19G263100,WGD
Glyma.19G263200,WGD
Glyma.19G263300,WGD
Glyma.19G263400,WGD
Glyma.19G263600,WGD
Glyma.20G000200,WGD
Glyma.20G000400,WGD
Glyma.20G000700,WGD
Glyma.20G000800,WGD
Glyma.20G001000,WGD
Glyma.20G001300,WGD
Glyma.20G001400,WGD
Glyma.20G001600,WGD
Glyma.20G001700,WGD
Glyma.20G001800,WGD
Glyma.20G001900,WGD
Glyma.20G002301,WGD
Glyma.20G002400,WGD
Glyma.20G002500,WGD
Glyma.20G002700,WGD
Glyma.20G002800,WGD
Glyma.20G002900,WGD
Glyma.20G003100,WGD
Glyma.20G003300,WGD
Glyma.20G003400,WGD
Glyma.20G003500,WGD
Glyma.20G004000,WGD
Glyma.20G004100,WGD
Glyma.20G004400,WGD
Glyma.20G004500,WGD
Glyma.20G004600,WGD
Glyma.20G005100,WGD
Glyma.20G005200,WGD
Glyma.20G005300,WGD
Glyma.20G005400,WGD
Glyma.20G005600,WGD
Glyma.20G005700,WGD
Glyma.20G005800,WGD
Glyma.20G006000,WGD
Glyma.20G006100,WGD
Glyma.20G006200,WGD
Glyma.20G006300,WGD
Glyma.20G006400,WGD
Glyma.20G006500,WGD
Glyma.20G006600,WGD
Glyma.20G006700,WGD
Glyma.20G006800,WGD
Glyma.20G007000,WGD
Glyma.20G007400,WGD
Glyma.20G007800,WGD
Glyma.20G007900,WGD
Glyma.20G008000,WGD
Glyma.20G008300,WGD
Glyma.20G008400,WGD
Glyma.20G008500,WGD
Glyma.20G008600,WGD
Glyma.20G008700,WGD
Glyma.20G008800,WGD
Glyma.20G009000,WGD
Glyma.20G009100,WGD
Glyma.20G009200,WGD
Glyma.20G009300,WGD
Glyma.20G009400,WGD
Glyma.20G009500,WGD
Glyma.20G009600,WGD
Glyma.20G009700,WGD
Glyma.20G009800,WGD
Glyma.20G009900,WGD
Glyma.20G010000,WGD
Glyma.20G010200,WGD
Glyma.20G010400,WGD
Glyma.20G010800,WGD
Glyma.20G010900,WGD
Glyma.20G011000,WGD
Glyma.20G011100,WGD
Glyma.20G011400,WGD
Glyma.20G011500,WGD
Glyma.20G011700,WGD
Glyma.20G011800,WGD
Glyma.20G011900,WGD
Glyma.20G012100,WGD
Glyma.20G012300,WGD
Glyma.20G012400,WGD
Glyma.20G012600,WGD
Glyma.20G012700,WGD
Glyma.20G012900,WGD
Glyma.20G013000,WGD
Glyma.20G013200,WGD
Glyma.20G013300,WGD
Glyma.20G013400,WGD
Glyma.20G013500,WGD
Glyma.20G013600,WGD
Glyma.20G013700,WGD
Glyma.20G013800,WGD
Glyma.20G013900,WGD
Glyma.20G014100,WGD
Glyma.20G014200,WGD
Glyma.20G014300,WGD
Glyma.20G014400,WGD
Glyma.20G014801,WGD
Glyma.20G015200,WGD
Glyma.20G016750,WGD
Glyma.20G017000,WGD
Glyma.20G017100,WGD
Glyma.20G017200,WGD
Glyma.20G017400,WGD
Glyma.20G017500,WGD
Glyma.20G017600,WGD
Glyma.20G017700,WGD
Glyma.20G017800,WGD
Glyma.20G017900,WGD
Glyma.20G018100,WGD
Glyma.20G018200,WGD
Glyma.20G018400,WGD
Glyma.20G018500,WGD
Glyma.20G018600,WGD
Glyma.20G019000,WGD
Glyma.20G019200,WGD
Glyma.20G019400,WGD
Glyma.20G019600,WGD
Glyma.20G019967,WGD
Glyma.20G020100,WGD
Glyma.20G020400,WGD
Glyma.20G020900,WGD
Glyma.20G021600,WGD
Glyma.20G021700,WGD
Glyma.20G021900,WGD
Glyma.20G022200,WGD
Glyma.20G022400,WGD
Glyma.20G022500,WGD
Glyma.20G022600,WGD
Glyma.20G022800,WGD
Glyma.20G022900,WGD
Glyma.20G023000,WGD
Glyma.20G023200,WGD
Glyma.20G023400,WGD
Glyma.20G023500,WGD
Glyma.20G024100,WGD
Glyma.20G024400,WGD
Glyma.20G024500,WGD
Glyma.20G024700,WGD
Glyma.20G024800,WGD
Glyma.20G024900,WGD
Glyma.20G025000,WGD
Glyma.20G025100,WGD
Glyma.20G025200,WGD
Glyma.20G025500,WGD
Glyma.20G025600,WGD
Glyma.20G025700,WGD
Glyma.20G025800,WGD
Glyma.20G025900,WGD
Glyma.20G026000,WGD
Glyma.20G026300,WGD
Glyma.20G026600,WGD
Glyma.20G027100,WGD
Glyma.20G027400,WGD
Glyma.20G027500,WGD
Glyma.20G028000,WGD
Glyma.20G028100,WGD
Glyma.20G028400,WGD
Glyma.20G030100,WGD
Glyma.20G030300,WGD
Glyma.20G030800,WGD
Glyma.20G031000,WGD
Glyma.20G031300,WGD
Glyma.20G031400,WGD
Glyma.20G031501,WGD
Glyma.20G031600,WGD
Glyma.20G031700,WGD
Glyma.20G032400,WGD
Glyma.20G032900,WGD
Glyma.20G033300,WGD
Glyma.20G033700,WGD
Glyma.20G033900,WGD
Glyma.20G034100,WGD
Glyma.20G034200,WGD
Glyma.20G035200,WGD
Glyma.20G035300,WGD
Glyma.20G036100,WGD
Glyma.20G036300,WGD
Glyma.20G036400,WGD
Glyma.20G036502,WGD
Glyma.20G036600,WGD
Glyma.20G037100,WGD
Glyma.20G037400,WGD
Glyma.20G037600,WGD
Glyma.20G039600,WGD
Glyma.20G040400,WGD
Glyma.20G040500,WGD
Glyma.20G040700,WGD
Glyma.20G040900,WGD
Glyma.20G041000,WGD
Glyma.20G041100,WGD
Glyma.20G041200,WGD
Glyma.20G041500,WGD
Glyma.20G042000,WGD
Glyma.20G042200,WGD
Glyma.20G042900,WGD
Glyma.20G043000,WGD
Glyma.20G044200,WGD
Glyma.20G044800,WGD
Glyma.20G045400,WGD
Glyma.20G045500,WGD
Glyma.20G045600,WGD
Glyma.20G045800,WGD
Glyma.20G046100,WGD
Glyma.20G046501,WGD
Glyma.20G046700,WGD
Glyma.20G046800,WGD
Glyma.20G047500,WGD
Glyma.20G047600,WGD
Glyma.20G047800,WGD
Glyma.20G048000,WGD
Glyma.20G048300,WGD
Glyma.20G048400,WGD
Glyma.20G048900,WGD
Glyma.20G049200,WGD
Glyma.20G049300,WGD
Glyma.20G049800,WGD
Glyma.20G050200,WGD
Glyma.20G050300,WGD
Glyma.20G051100,WGD
Glyma.20G051500,WGD
Glyma.20G051602,WGD
Glyma.20G051700,WGD
Glyma.20G052500,WGD
Glyma.20G052800,WGD
Glyma.20G052900,WGD
Glyma.20G053100,WGD
Glyma.20G053500,WGD
Glyma.20G053700,WGD
Glyma.20G054600,WGD
Glyma.20G054800,WGD
Glyma.20G056500,WGD
Glyma.20G056800,WGD
Glyma.20G056900,WGD
Glyma.20G058000,WGD
Glyma.20G059200,WGD
Glyma.20G060000,WGD
Glyma.20G060100,WGD
Glyma.20G060400,WGD
Glyma.20G060900,WGD
Glyma.20G061600,WGD
Glyma.20G061700,WGD
Glyma.20G062000,WGD
Glyma.20G062100,WGD
Glyma.20G062300,WGD
Glyma.20G062700,WGD
Glyma.20G063000,WGD
Glyma.20G063100,WGD
Glyma.20G063200,WGD
Glyma.20G064400,WGD
Glyma.20G064500,WGD
Glyma.20G064600,WGD
Glyma.20G064700,WGD
Glyma.20G065200,WGD
Glyma.20G065600,WGD
Glyma.20G065900,WGD
Glyma.20G066100,WGD
Glyma.20G066200,WGD
Glyma.20G066300,WGD
Glyma.20G066500,WGD
Glyma.20G066600,WGD
Glyma.20G066700,WGD
Glyma.20G066800,WGD
Glyma.20G066900,WGD
Glyma.20G067400,WGD
Glyma.20G067600,WGD
Glyma.20G068000,WGD
Glyma.20G068100,WGD
Glyma.20G068300,WGD
Glyma.20G068500,WGD
Glyma.20G069700,WGD
Glyma.20G069800,WGD
Glyma.20G070000,WGD
Glyma.20G070100,WGD
Glyma.20G070200,WGD
Glyma.20G070400,WGD
Glyma.20G070600,WGD
Glyma.20G070700,WGD
Glyma.20G070800,WGD
Glyma.20G071200,WGD
Glyma.20G071600,WGD
Glyma.20G072400,WGD
Glyma.20G072500,WGD
Glyma.20G072700,WGD
Glyma.20G073000,WGD
Glyma.20G073500,WGD
Glyma.20G073900,WGD
Glyma.20G074500,WGD
Glyma.20G075100,WGD
Glyma.20G075951,WGD
Glyma.20G076200,WGD
Glyma.20G076300,WGD
Glyma.20G076500,WGD
Glyma.20G076700,WGD
Glyma.20G077000,WGD
Glyma.20G077200,WGD
Glyma.20G077300,WGD
Glyma.20G077400,WGD
Glyma.20G077600,WGD
Glyma.20G077800,WGD
Glyma.20G078100,WGD
Glyma.20G078200,WGD
Glyma.20G078300,WGD
Glyma.20G078700,WGD
Glyma.20G079100,WGD
Glyma.20G079300,WGD
Glyma.20G079400,WGD
Glyma.20G079600,WGD
Glyma.20G079901,WGD
Glyma.20G080000,WGD
Glyma.20G080200,WGD
Glyma.20G080700,WGD
Glyma.20G080900,WGD
Glyma.20G081000,WGD
Glyma.20G081400,WGD
Glyma.20G081500,WGD
Glyma.20G081800,WGD
Glyma.20G082300,WGD
Glyma.20G082450,WGD
Glyma.20G083000,WGD
Glyma.20G084100,WGD
Glyma.20G084500,WGD
Glyma.20G085100,WGD
Glyma.20G085300,WGD
Glyma.20G085500,WGD
Glyma.20G085800,WGD
Glyma.20G085900,WGD
Glyma.20G086200,WGD
Glyma.20G086400,WGD
Glyma.20G086700,WGD
Glyma.20G087000,WGD
Glyma.20G087200,WGD
Glyma.20G087600,WGD
Glyma.20G087700,WGD
Glyma.20G087900,WGD
Glyma.20G088200,WGD
Glyma.20G088500,WGD
Glyma.20G088600,WGD
Glyma.20G088900,WGD
Glyma.20G089100,WGD
Glyma.20G089200,WGD
Glyma.20G089300,WGD
Glyma.20G089400,WGD
Glyma.20G089500,WGD
Glyma.20G089600,WGD
Glyma.20G089700,WGD
Glyma.20G089800,WGD
Glyma.20G089900,WGD
Glyma.20G090000,WGD
Glyma.20G090100,WGD
Glyma.20G090200,WGD
Glyma.20G090300,WGD
Glyma.20G090400,WGD
Glyma.20G090500,WGD
Glyma.20G090700,WGD
Glyma.20G091100,WGD
Glyma.20G091200,WGD
Glyma.20G091300,WGD
Glyma.20G091600,WGD
Glyma.20G091900,WGD
Glyma.20G092000,WGD
Glyma.20G092400,WGD
Glyma.20G092502,WGD
Glyma.20G092900,WGD
Glyma.20G093000,WGD
Glyma.20G093200,WGD
Glyma.20G093300,WGD
Glyma.20G093600,WGD
Glyma.20G093900,WGD
Glyma.20G094000,WGD
Glyma.20G094100,WGD
Glyma.20G094200,WGD
Glyma.20G094300,WGD
Glyma.20G094500,WGD
Glyma.20G094600,WGD
Glyma.20G095200,WGD
Glyma.20G095300,WGD
Glyma.20G095366,WGD
Glyma.20G095700,WGD
Glyma.20G095800,WGD
Glyma.20G096000,WGD
Glyma.20G096100,WGD
Glyma.20G096200,WGD
Glyma.20G096402,WGD
Glyma.20G096700,WGD
Glyma.20G096900,WGD
Glyma.20G097001,WGD
Glyma.20G097500,WGD
Glyma.20G097600,WGD
Glyma.20G097700,WGD
Glyma.20G097800,WGD
Glyma.20G098100,WGD
Glyma.20G098300,WGD
Glyma.20G098400,WGD
Glyma.20G098451,WGD
Glyma.20G098500,WGD
Glyma.20G098601,WGD
Glyma.20G098700,WGD
Glyma.20G098800,WGD
Glyma.20G098900,WGD
Glyma.20G099100,WGD
Glyma.20G099200,WGD
Glyma.20G099300,WGD
Glyma.20G099400,WGD
Glyma.20G099500,WGD
Glyma.20G099600,WGD
Glyma.20G099700,WGD
Glyma.20G099800,WGD
Glyma.20G099900,WGD
Glyma.20G100200,WGD
Glyma.20G100400,WGD
Glyma.20G100500,WGD
Glyma.20G100600,WGD
Glyma.20G100800,WGD
Glyma.20G100900,WGD
Glyma.20G101000,WGD
Glyma.20G101200,WGD
Glyma.20G101400,WGD
Glyma.20G101700,WGD
Glyma.20G102000,WGD
Glyma.20G102300,WGD
Glyma.20G102400,WGD
Glyma.20G102500,WGD
Glyma.20G102600,WGD
Glyma.20G102800,WGD
Glyma.20G102900,WGD
Glyma.20G103100,WGD
Glyma.20G103200,WGD
Glyma.20G103300,WGD
Glyma.20G103400,WGD
Glyma.20G103500,WGD
Glyma.20G103700,WGD
Glyma.20G103800,WGD
Glyma.20G103900,WGD
Glyma.20G104000,WGD
Glyma.20G104300,WGD
Glyma.20G104500,WGD
Glyma.20G104600,WGD
Glyma.20G104900,WGD
Glyma.20G105300,WGD
Glyma.20G105400,WGD
Glyma.20G105500,WGD
Glyma.20G105700,WGD
Glyma.20G105800,WGD
Glyma.20G105900,WGD
Glyma.20G106100,WGD
Glyma.20G106200,WGD
Glyma.20G106300,WGD
Glyma.20G106400,WGD
Glyma.20G106500,WGD
Glyma.20G106600,WGD
Glyma.20G106700,WGD
Glyma.20G106800,WGD
Glyma.20G106900,WGD
Glyma.20G107100,WGD
Glyma.20G107200,WGD
Glyma.20G107300,WGD
Glyma.20G107400,WGD
Glyma.20G107466,WGD
Glyma.20G107600,WGD
Glyma.20G107700,WGD
Glyma.20G107800,WGD
Glyma.20G107900,WGD
Glyma.20G108600,WGD
Glyma.20G108700,WGD
Glyma.20G108800,WGD
Glyma.20G109000,WGD
Glyma.20G109100,WGD
Glyma.20G109150,WGD
Glyma.20G109400,WGD
Glyma.20G109900,WGD
Glyma.20G110000,WGD
Glyma.20G110200,WGD
Glyma.20G110300,WGD
Glyma.20G110400,WGD
Glyma.20G110500,WGD
Glyma.20G110600,WGD
Glyma.20G110700,WGD
Glyma.20G110800,WGD
Glyma.20G110900,WGD
Glyma.20G111000,WGD
Glyma.20G111100,WGD
Glyma.20G111200,WGD
Glyma.20G111300,WGD
Glyma.20G111600,WGD
Glyma.20G111700,WGD
Glyma.20G111800,WGD
Glyma.20G111900,WGD
Glyma.20G112100,WGD
Glyma.20G112200,WGD
Glyma.20G112400,WGD
Glyma.20G112600,WGD
Glyma.20G112700,WGD
Glyma.20G112800,WGD
Glyma.20G112900,WGD
Glyma.20G113200,WGD
Glyma.20G113300,WGD
Glyma.20G113400,WGD
Glyma.20G113500,WGD
Glyma.20G113600,WGD
Glyma.20G113700,WGD
Glyma.20G113800,WGD
Glyma.20G114100,WGD
Glyma.20G114200,WGD
Glyma.20G114300,WGD
Glyma.20G114400,WGD
Glyma.20G114500,WGD
Glyma.20G114600,WGD
Glyma.20G114700,WGD
Glyma.20G114800,WGD
Glyma.20G114900,WGD
Glyma.20G115200,WGD
Glyma.20G115300,WGD
Glyma.20G115500,WGD
Glyma.20G115600,WGD
Glyma.20G115800,WGD
Glyma.20G115900,WGD
Glyma.20G116000,WGD
Glyma.20G116200,WGD
Glyma.20G116300,WGD
Glyma.20G116400,WGD
Glyma.20G116500,WGD
Glyma.20G116600,WGD
Glyma.20G116700,WGD
Glyma.20G116900,WGD
Glyma.20G117000,WGD
Glyma.20G117100,WGD
Glyma.20G117200,WGD
Glyma.20G117300,WGD
Glyma.20G117400,WGD
Glyma.20G117600,WGD
Glyma.20G117800,WGD
Glyma.20G117900,WGD
Glyma.20G118100,WGD
Glyma.20G118200,WGD
Glyma.20G118300,WGD
Glyma.20G119100,WGD
Glyma.20G119300,WGD
Glyma.20G119400,WGD
Glyma.20G120300,WGD
Glyma.20G120500,WGD
Glyma.20G120700,WGD
Glyma.20G120800,WGD
Glyma.20G120900,WGD
Glyma.20G121000,WGD
Glyma.20G121100,WGD
Glyma.20G121200,WGD
Glyma.20G121400,WGD
Glyma.20G121600,WGD
Glyma.20G121700,WGD
Glyma.20G121800,WGD
Glyma.20G122200,WGD
Glyma.20G122300,WGD
Glyma.20G122500,WGD
Glyma.20G122600,WGD
Glyma.20G122800,WGD
Glyma.20G122900,WGD
Glyma.20G123000,WGD
Glyma.20G123100,WGD
Glyma.20G123200,WGD
Glyma.20G123400,WGD
Glyma.20G123500,WGD
Glyma.20G123600,WGD
Glyma.20G123700,WGD
Glyma.20G123800,WGD
Glyma.20G124000,WGD
Glyma.20G124100,WGD
Glyma.20G124200,WGD
Glyma.20G124500,WGD
Glyma.20G124600,WGD
Glyma.20G124700,WGD
Glyma.20G124800,WGD
Glyma.20G124900,WGD
Glyma.20G125000,WGD
Glyma.20G125200,WGD
Glyma.20G125500,WGD
Glyma.20G125550,WGD
Glyma.20G125700,WGD
Glyma.20G125800,WGD
Glyma.20G125900,WGD
Glyma.20G126000,WGD
Glyma.20G126100,WGD
Glyma.20G126200,WGD
Glyma.20G126300,WGD
Glyma.20G126500,WGD
Glyma.20G126600,WGD
Glyma.20G126700,WGD
Glyma.20G126800,WGD
Glyma.20G127300,WGD
Glyma.20G127500,WGD
Glyma.20G127600,WGD
Glyma.20G128100,WGD
Glyma.20G128300,WGD
Glyma.20G128600,WGD
Glyma.20G128700,WGD
Glyma.20G128800,WGD
Glyma.20G128900,WGD
Glyma.20G129000,WGD
Glyma.20G129100,WGD
Glyma.20G129200,WGD
Glyma.20G129300,WGD
Glyma.20G129400,WGD
Glyma.20G129500,WGD
Glyma.20G129700,WGD
Glyma.20G129900,WGD
Glyma.20G130200,WGD
Glyma.20G130300,WGD
Glyma.20G130366,WGD
Glyma.20G130600,WGD
Glyma.20G130700,WGD
Glyma.20G130800,WGD
Glyma.20G130900,WGD
Glyma.20G131000,WGD
Glyma.20G131100,WGD
Glyma.20G131200,WGD
Glyma.20G131300,WGD
Glyma.20G131500,WGD
Glyma.20G131600,WGD
Glyma.20G131700,WGD
Glyma.20G132000,WGD
Glyma.20G132100,WGD
Glyma.20G132300,WGD
Glyma.20G132400,WGD
Glyma.20G132500,WGD
Glyma.20G132600,WGD
Glyma.20G132700,WGD
Glyma.20G132800,WGD
Glyma.20G132900,WGD
Glyma.20G133000,WGD
Glyma.20G133100,WGD
Glyma.20G133200,WGD
Glyma.20G133300,WGD
Glyma.20G133400,WGD
Glyma.20G133500,WGD
Glyma.20G133600,WGD
Glyma.20G133800,WGD
Glyma.20G133900,WGD
Glyma.20G134000,WGD
Glyma.20G134100,WGD
Glyma.20G134200,WGD
Glyma.20G134300,WGD
Glyma.20G134600,WGD
Glyma.20G134700,WGD
Glyma.20G135300,WGD
Glyma.20G135400,WGD
Glyma.20G135500,WGD
Glyma.20G135700,WGD
Glyma.20G135800,WGD
Glyma.20G135900,WGD
Glyma.20G136000,WGD
Glyma.20G136100,WGD
Glyma.20G136200,WGD
Glyma.20G136300,WGD
Glyma.20G136400,WGD
Glyma.20G137000,WGD
Glyma.20G137100,WGD
Glyma.20G137200,WGD
Glyma.20G137700,WGD
Glyma.20G138500,WGD
Glyma.20G138800,WGD
Glyma.20G139100,WGD
Glyma.20G139500,WGD
Glyma.20G139700,WGD
Glyma.20G140100,WGD
Glyma.20G140900,WGD
Glyma.20G141000,WGD
Glyma.20G141100,WGD
Glyma.20G141200,WGD
Glyma.20G141300,WGD
Glyma.20G141450,WGD
Glyma.20G141800,WGD
Glyma.20G141900,WGD
Glyma.20G142000,WGD
Glyma.20G142100,WGD
Glyma.20G142200,WGD
Glyma.20G142300,WGD
Glyma.20G142600,WGD
Glyma.20G142700,WGD
Glyma.20G142800,WGD
Glyma.20G142900,WGD
Glyma.20G143000,WGD
Glyma.20G143100,WGD
Glyma.20G143200,WGD
Glyma.20G143400,WGD
Glyma.20G143500,WGD
Glyma.20G143600,WGD
Glyma.20G143700,WGD
Glyma.20G143800,WGD
Glyma.20G143900,WGD
Glyma.20G144000,WGD
Glyma.20G144151,WGD
Glyma.20G144300,WGD
Glyma.20G144400,WGD
Glyma.20G144600,WGD
Glyma.20G144700,WGD
Glyma.20G144800,WGD
Glyma.20G145000,WGD
Glyma.20G145100,WGD
Glyma.20G145500,WGD
Glyma.20G145600,WGD
Glyma.20G145800,WGD
Glyma.20G146000,WGD
Glyma.20G146100,WGD
Glyma.20G146200,WGD
Glyma.20G146500,WGD
Glyma.20G146800,WGD
Glyma.20G146900,WGD
Glyma.20G147000,WGD
Glyma.20G147100,WGD
Glyma.20G147200,WGD
Glyma.20G147400,WGD
Glyma.20G147600,WGD
Glyma.20G147700,WGD
Glyma.20G147802,WGD
Glyma.20G147852,WGD
Glyma.20G148100,WGD
Glyma.20G148200,WGD
Glyma.20G148500,WGD
Glyma.20G148600,WGD
Glyma.20G148900,WGD
Glyma.20G149000,WGD
Glyma.20G149100,WGD
Glyma.20G149200,WGD
Glyma.20G149400,WGD
Glyma.20G149500,WGD
Glyma.20G149600,WGD
Glyma.20G149700,WGD
Glyma.20G149800,WGD
Glyma.20G149900,WGD
Glyma.20G150000,WGD
Glyma.20G150100,WGD
Glyma.20G150300,WGD
Glyma.20G150500,WGD
Glyma.20G150600,WGD
Glyma.20G150700,WGD
Glyma.20G150800,WGD
Glyma.20G150900,WGD
Glyma.20G151100,WGD
Glyma.20G151300,WGD
Glyma.20G151400,WGD
Glyma.20G151500,WGD
Glyma.20G151600,WGD
Glyma.20G151700,WGD
Glyma.20G151800,WGD
Glyma.20G151900,WGD
Glyma.20G152100,WGD
Glyma.20G152200,WGD
Glyma.20G152267,WGD
Glyma.20G152400,WGD
Glyma.20G152500,WGD
Glyma.20G152600,WGD
Glyma.20G152700,WGD
Glyma.20G152800,WGD
Glyma.20G152900,WGD
Glyma.20G153100,WGD
Glyma.20G153200,WGD
Glyma.20G153400,WGD
Glyma.20G153600,WGD
Glyma.20G153700,WGD
Glyma.20G153900,WGD
Glyma.20G154000,WGD
Glyma.20G154100,WGD
Glyma.20G154200,WGD
Glyma.20G154300,WGD
Glyma.20G154400,WGD
Glyma.20G154600,WGD
Glyma.20G154700,WGD
Glyma.20G154800,WGD
Glyma.20G154900,WGD
Glyma.20G155000,WGD
Glyma.20G155100,WGD
Glyma.20G155200,WGD
Glyma.20G155400,WGD
Glyma.20G155500,WGD
Glyma.20G155600,WGD
Glyma.20G155700,WGD
Glyma.20G155900,WGD
Glyma.20G156000,WGD
Glyma.20G156133,WGD
Glyma.20G156200,WGD
Glyma.20G156300,WGD
Glyma.20G156400,WGD
Glyma.20G156500,WGD
Glyma.20G156600,WGD
Glyma.20G156700,WGD
Glyma.20G156800,WGD
Glyma.20G156900,WGD
Glyma.20G157001,WGD
Glyma.20G157100,WGD
Glyma.20G157200,WGD
Glyma.20G157300,WGD
Glyma.20G157500,WGD
Glyma.20G157600,WGD
Glyma.20G157800,WGD
Glyma.20G157900,WGD
Glyma.20G158000,WGD
Glyma.20G158100,WGD
Glyma.20G158200,WGD
Glyma.20G158300,WGD
Glyma.20G158400,WGD
Glyma.20G158500,WGD
Glyma.20G158700,WGD
Glyma.20G159000,WGD
Glyma.20G159100,WGD
Glyma.20G159200,WGD
Glyma.20G159300,WGD
Glyma.20G159400,WGD
Glyma.20G159500,WGD
Glyma.20G159600,WGD
Glyma.20G159700,WGD
Glyma.20G159900,WGD
Glyma.20G160100,WGD
Glyma.20G160200,WGD
Glyma.20G160251,WGD
Glyma.20G160400,WGD
Glyma.20G160600,WGD
Glyma.20G160800,WGD
Glyma.20G160900,WGD
Glyma.20G161000,WGD
Glyma.20G161100,WGD
Glyma.20G161200,WGD
Glyma.20G161400,WGD
Glyma.20G161500,WGD
Glyma.20G161700,WGD
Glyma.20G161800,WGD
Glyma.20G162000,WGD
Glyma.20G162100,WGD
Glyma.20G162200,WGD
Glyma.20G162300,WGD
Glyma.20G162500,WGD
Glyma.20G162551,WGD
Glyma.20G162600,WGD
Glyma.20G162700,WGD
Glyma.20G162751,WGD
Glyma.20G162800,WGD
Glyma.20G162900,WGD
Glyma.20G163000,WGD
Glyma.20G163100,WGD
Glyma.20G163200,WGD
Glyma.20G163300,WGD
Glyma.20G163400,WGD
Glyma.20G163600,WGD
Glyma.20G163700,WGD
Glyma.20G163801,WGD
Glyma.20G163900,WGD
Glyma.20G164000,WGD
Glyma.20G164100,WGD
Glyma.20G164200,WGD
Glyma.20G164300,WGD
Glyma.20G164400,WGD
Glyma.20G164500,WGD
Glyma.20G164600,WGD
Glyma.20G164700,WGD
Glyma.20G165000,WGD
Glyma.20G165200,WGD
Glyma.20G165400,WGD
Glyma.20G165500,WGD
Glyma.20G165600,WGD
Glyma.20G165700,WGD
Glyma.20G165767,WGD
Glyma.20G166100,WGD
Glyma.20G166200,WGD
Glyma.20G166300,WGD
Glyma.20G166400,WGD
Glyma.20G166500,WGD
Glyma.20G166600,WGD
Glyma.20G166800,WGD
Glyma.20G166900,WGD
Glyma.20G167300,WGD
Glyma.20G167400,WGD
Glyma.20G167500,WGD
Glyma.20G167600,WGD
Glyma.20G167700,WGD
Glyma.20G167800,WGD
Glyma.20G167900,WGD
Glyma.20G168000,WGD
Glyma.20G168100,WGD
Glyma.20G168102,WGD
Glyma.20G168200,WGD
Glyma.20G168400,WGD
Glyma.20G168500,WGD
Glyma.20G168700,WGD
Glyma.20G168800,WGD
Glyma.20G168900,WGD
Glyma.20G169000,WGD
Glyma.20G169200,WGD
Glyma.20G169300,WGD
Glyma.20G169400,WGD
Glyma.20G169500,WGD
Glyma.20G169600,WGD
Glyma.20G169800,WGD
Glyma.20G169900,WGD
Glyma.20G170000,WGD
Glyma.20G170200,WGD
Glyma.20G170250,WGD
Glyma.20G170300,WGD
Glyma.20G170400,WGD
Glyma.20G170500,WGD
Glyma.20G170600,WGD
Glyma.20G170700,WGD
Glyma.20G170900,WGD
Glyma.20G171000,WGD
Glyma.20G171100,WGD
Glyma.20G171200,WGD
Glyma.20G171600,WGD
Glyma.20G171700,WGD
Glyma.20G171766,WGD
Glyma.20G171900,WGD
Glyma.20G172000,WGD
Glyma.20G172100,WGD
Glyma.20G172200,WGD
Glyma.20G172300,WGD
Glyma.20G172400,WGD
Glyma.20G172600,WGD
Glyma.20G172800,WGD
Glyma.20G172900,WGD
Glyma.20G173000,WGD
Glyma.20G173100,WGD
Glyma.20G173200,WGD
Glyma.20G173300,WGD
Glyma.20G173400,WGD
Glyma.20G173600,WGD
Glyma.20G173700,WGD
Glyma.20G174000,WGD
Glyma.20G174200,WGD
Glyma.20G174300,WGD
Glyma.20G174400,WGD
Glyma.20G174500,WGD
Glyma.20G174600,WGD
Glyma.20G174800,WGD
Glyma.20G174900,WGD
Glyma.20G175000,WGD
Glyma.20G175100,WGD
Glyma.20G175300,WGD
Glyma.20G175400,WGD
Glyma.20G175500,WGD
Glyma.20G175700,WGD
Glyma.20G175800,WGD
Glyma.20G176000,WGD
Glyma.20G176100,WGD
Glyma.20G176200,WGD
Glyma.20G176300,WGD
Glyma.20G176400,WGD
Glyma.20G176500,WGD
Glyma.20G176566,WGD
Glyma.20G176800,WGD
Glyma.20G176900,WGD
Glyma.20G177100,WGD
Glyma.20G177200,WGD
Glyma.20G177400,WGD
Glyma.20G177500,WGD
Glyma.20G177600,WGD
Glyma.20G177700,WGD
Glyma.20G177800,WGD
Glyma.20G177900,WGD
Glyma.20G178000,WGD
Glyma.20G178200,WGD
Glyma.20G178300,WGD
Glyma.20G178500,WGD
Glyma.20G178600,WGD
Glyma.20G178700,WGD
Glyma.20G178800,WGD
Glyma.20G178900,WGD
Glyma.20G179100,WGD
Glyma.20G179400,WGD
Glyma.20G179500,WGD
Glyma.20G179600,WGD
Glyma.20G179700,WGD
Glyma.20G179800,WGD
Glyma.20G179900,WGD
Glyma.20G180000,WGD
Glyma.20G180100,WGD
Glyma.20G180300,WGD
Glyma.20G180400,WGD
Glyma.20G180500,WGD
Glyma.20G180551,WGD
Glyma.20G180600,WGD
Glyma.20G180800,WGD
Glyma.20G180900,WGD
Glyma.20G181000,WGD
Glyma.20G181100,WGD
Glyma.20G181200,WGD
Glyma.20G181300,WGD
Glyma.20G181400,WGD
Glyma.20G181500,WGD
Glyma.20G181600,WGD
Glyma.20G181900,WGD
Glyma.20G182000,WGD
Glyma.20G182100,WGD
Glyma.20G182200,WGD
Glyma.20G182400,WGD
Glyma.20G182600,WGD
Glyma.20G182800,WGD
Glyma.20G183100,WGD
Glyma.20G183400,WGD
Glyma.20G183500,WGD
Glyma.20G183600,WGD
Glyma.20G183666,WGD
Glyma.20G184000,WGD
Glyma.20G184100,WGD
Glyma.20G184300,WGD
Glyma.20G184400,WGD
Glyma.20G184500,WGD
Glyma.20G184600,WGD
Glyma.20G184700,WGD
Glyma.20G184800,WGD
Glyma.20G184900,WGD
Glyma.20G185000,WGD
Glyma.20G185100,WGD
Glyma.20G185167,WGD
Glyma.20G185300,WGD
Glyma.20G185400,WGD
Glyma.20G185500,WGD
Glyma.20G185600,WGD
Glyma.20G185700,WGD
Glyma.20G185800,WGD
Glyma.20G185900,WGD
Glyma.20G186000,WGD
Glyma.20G186100,WGD
Glyma.20G186200,WGD
Glyma.20G186400,WGD
Glyma.20G186500,WGD
Glyma.20G186600,WGD
Glyma.20G186700,WGD
Glyma.20G186800,WGD
Glyma.20G186867,WGD
Glyma.20G186933,WGD
Glyma.20G187100,WGD
Glyma.20G187200,WGD
Glyma.20G187400,WGD
Glyma.20G187500,WGD
Glyma.20G187600,WGD
Glyma.20G187800,WGD
Glyma.20G187900,WGD
Glyma.20G188000,WGD
Glyma.20G188100,WGD
Glyma.20G188300,WGD
Glyma.20G188400,WGD
Glyma.20G188500,WGD
Glyma.20G188600,WGD
Glyma.20G188800,WGD
Glyma.20G188900,WGD
Glyma.20G188967,WGD
Glyma.20G189100,WGD
Glyma.20G189200,WGD
Glyma.20G189300,WGD
Glyma.20G189500,WGD
Glyma.20G189600,WGD
Glyma.20G189900,WGD
Glyma.20G190000,WGD
Glyma.20G190100,WGD
Glyma.20G190200,WGD
Glyma.20G190300,WGD
Glyma.20G190400,WGD
Glyma.20G190500,WGD
Glyma.20G190600,WGD
Glyma.20G190700,WGD
Glyma.20G190800,WGD
Glyma.20G190900,WGD
Glyma.20G191000,WGD
Glyma.20G191200,WGD
Glyma.20G191300,WGD
Glyma.20G191400,WGD
Glyma.20G191700,WGD
Glyma.20G191800,WGD
Glyma.20G191900,WGD
Glyma.20G192100,WGD
Glyma.20G192200,WGD
Glyma.20G192300,WGD
Glyma.20G192500,WGD
Glyma.20G192600,WGD
Glyma.20G192800,WGD
Glyma.20G193000,WGD
Glyma.20G193100,WGD
Glyma.20G193200,WGD
Glyma.20G193300,WGD
Glyma.20G193600,WGD
Glyma.20G193700,WGD
Glyma.20G193800,WGD
Glyma.20G193900,WGD
Glyma.20G194000,WGD
Glyma.20G194100,WGD
Glyma.20G194200,WGD
Glyma.20G194300,WGD
Glyma.20G194400,WGD
Glyma.20G195000,WGD
Glyma.20G195100,WGD
Glyma.20G195200,WGD
Glyma.20G195300,WGD
Glyma.20G195600,WGD
Glyma.20G195900,WGD
Glyma.20G196000,WGD
Glyma.20G196600,WGD
Glyma.20G196700,WGD
Glyma.20G196800,WGD
Glyma.20G196900,WGD
Glyma.20G197000,WGD
Glyma.20G197100,WGD
Glyma.20G197300,WGD
Glyma.20G197500,WGD
Glyma.20G197600,WGD
Glyma.20G197700,WGD
Glyma.20G197800,WGD
Glyma.20G197900,WGD
Glyma.20G198000,WGD
Glyma.20G198100,WGD
Glyma.20G198200,WGD
Glyma.20G198402,WGD
Glyma.20G198500,WGD
Glyma.20G198600,WGD
Glyma.20G198666,WGD
Glyma.20G198900,WGD
Glyma.20G199000,WGD
Glyma.20G199100,WGD
Glyma.20G199200,WGD
Glyma.20G199300,WGD
Glyma.20G199450,WGD
Glyma.20G199700,WGD
Glyma.20G199800,WGD
Glyma.20G199900,WGD
Glyma.20G200067,WGD
Glyma.20G200200,WGD
Glyma.20G200300,WGD
Glyma.20G200400,WGD
Glyma.20G200500,WGD
Glyma.20G200700,WGD
Glyma.20G200800,WGD
Glyma.20G201000,WGD
Glyma.20G201100,WGD
Glyma.20G201200,WGD
Glyma.20G201300,WGD
Glyma.20G201400,WGD
Glyma.20G201450,WGD
Glyma.20G201500,WGD
Glyma.20G201600,WGD
Glyma.20G201800,WGD
Glyma.20G202100,WGD
Glyma.20G202200,WGD
Glyma.20G202300,WGD
Glyma.20G202500,WGD
Glyma.20G202600,WGD
Glyma.20G202700,WGD
Glyma.20G202800,WGD
Glyma.20G202900,WGD
Glyma.20G203000,WGD
Glyma.20G203100,WGD
Glyma.20G203200,WGD
Glyma.20G203400,WGD
Glyma.20G203500,WGD
Glyma.20G203600,WGD
Glyma.20G203700,WGD
Glyma.20G203900,WGD
Glyma.20G204000,WGD
Glyma.20G204100,WGD
Glyma.20G204200,WGD
Glyma.20G204300,WGD
Glyma.20G204400,WGD
Glyma.20G204800,WGD
Glyma.20G205000,WGD
Glyma.20G205100,WGD
Glyma.20G205250,WGD
Glyma.20G205400,WGD
Glyma.20G205500,WGD
Glyma.20G205600,WGD
Glyma.20G205700,WGD
Glyma.20G206000,WGD
Glyma.20G206050,WGD
Glyma.20G206300,WGD
Glyma.20G206400,WGD
Glyma.20G206500,WGD
Glyma.20G206700,WGD
Glyma.20G206800,WGD
Glyma.20G206900,WGD
Glyma.20G207000,WGD
Glyma.20G207100,WGD
Glyma.20G207200,WGD
Glyma.20G207300,WGD
Glyma.20G207400,WGD
Glyma.20G207500,WGD
Glyma.20G207600,WGD
Glyma.20G207700,WGD
Glyma.20G207800,WGD
Glyma.20G207900,WGD
Glyma.20G208000,WGD
Glyma.20G208100,WGD
Glyma.20G208500,WGD
Glyma.20G208800,WGD
Glyma.20G208900,WGD
Glyma.20G209000,WGD
Glyma.20G209200,WGD
Glyma.20G209400,WGD
Glyma.20G209500,WGD
Glyma.20G209700,WGD
Glyma.20G209800,WGD
Glyma.20G209900,WGD
Glyma.20G210100,WGD
Glyma.20G210200,WGD
Glyma.20G210300,WGD
Glyma.20G210400,WGD
Glyma.20G210500,WGD
Glyma.20G210550,WGD
Glyma.20G210600,WGD
Glyma.20G210700,WGD
Glyma.20G210800,WGD
Glyma.20G210900,WGD
Glyma.20G211000,WGD
Glyma.20G211100,WGD
Glyma.20G211200,WGD
Glyma.20G211400,WGD
Glyma.20G211500,WGD
Glyma.20G211700,WGD
Glyma.20G211800,WGD
Glyma.20G212000,WGD
Glyma.20G212100,WGD
Glyma.20G212200,WGD
Glyma.20G212300,WGD
Glyma.20G212400,WGD
Glyma.20G212600,WGD
Glyma.20G212700,WGD
Glyma.20G212800,WGD
Glyma.20G212900,WGD
Glyma.20G213100,WGD
Glyma.20G213200,WGD
Glyma.20G213300,WGD
Glyma.20G213400,WGD
Glyma.20G213500,WGD
Glyma.20G213900,WGD
Glyma.20G214100,WGD
Glyma.20G214200,WGD
Glyma.20G214400,WGD
Glyma.20G214500,WGD
Glyma.20G214600,WGD
Glyma.20G214700,WGD
Glyma.20G214900,WGD
Glyma.20G215000,WGD
Glyma.20G215100,WGD
Glyma.20G215200,WGD
Glyma.20G215300,WGD
Glyma.20G215400,WGD
Glyma.20G215600,WGD
Glyma.20G215800,WGD
Glyma.20G215900,WGD
Glyma.20G216000,WGD
Glyma.20G216100,WGD
Glyma.20G216200,WGD
Glyma.20G216300,WGD
Glyma.20G216400,WGD
Glyma.20G216500,WGD
Glyma.20G216600,WGD
Glyma.20G216700,WGD
Glyma.20G216800,WGD
Glyma.20G216900,WGD
Glyma.20G217000,WGD
Glyma.20G217100,WGD
Glyma.20G217200,WGD
Glyma.20G217400,WGD
Glyma.20G217500,WGD
Glyma.20G217600,WGD
Glyma.20G217700,WGD
Glyma.20G217800,WGD
Glyma.20G218100,WGD
Glyma.20G218200,WGD
Glyma.20G218400,WGD
Glyma.20G218500,WGD
Glyma.20G218600,WGD
Glyma.20G218700,WGD
Glyma.20G218800,WGD
Glyma.20G218902,WGD
Glyma.20G219000,WGD
Glyma.20G219100,WGD
Glyma.20G219200,WGD
Glyma.20G219300,WGD
Glyma.20G219500,WGD
Glyma.20G219600,WGD
Glyma.20G219700,WGD
Glyma.20G219800,WGD
Glyma.20G219900,WGD
Glyma.20G220000,WGD
Glyma.20G220100,WGD
Glyma.20G220400,WGD
Glyma.20G220500,WGD
Glyma.20G220600,WGD
Glyma.20G220800,WGD
Glyma.20G221000,WGD
Glyma.20G221100,WGD
Glyma.20G221200,WGD
Glyma.20G221300,WGD
Glyma.20G221401,WGD
Glyma.20G221500,WGD
Glyma.20G221600,WGD
Glyma.20G221700,WGD
Glyma.20G221800,WGD
Glyma.20G222000,WGD
Glyma.20G222100,WGD
Glyma.20G222200,WGD
Glyma.20G222300,WGD
Glyma.20G222500,WGD
Glyma.20G222600,WGD
Glyma.20G222700,WGD
Glyma.20G223000,WGD
Glyma.20G223100,WGD
Glyma.20G223200,WGD
Glyma.20G223300,WGD
Glyma.20G223500,WGD
Glyma.20G223600,WGD
Glyma.20G223700,WGD
Glyma.20G223800,WGD
Glyma.20G223900,WGD
Glyma.20G224000,WGD
Glyma.20G224100,WGD
Glyma.20G224200,WGD
Glyma.20G224300,WGD
Glyma.20G224400,WGD
Glyma.20G224500,WGD
Glyma.20G224600,WGD
Glyma.20G224700,WGD
Glyma.20G225000,WGD
Glyma.20G225100,WGD
Glyma.20G225200,WGD
Glyma.20G225400,WGD
Glyma.20G225500,WGD
Glyma.20G225600,WGD
Glyma.20G225700,WGD
Glyma.20G225800,WGD
Glyma.20G226000,WGD
Glyma.20G226100,WGD
Glyma.20G226300,WGD
Glyma.20G226400,WGD
Glyma.20G226500,WGD
Glyma.20G226600,WGD
Glyma.20G226700,WGD
Glyma.20G226800,WGD
Glyma.20G226900,WGD
Glyma.20G227000,WGD
Glyma.20G227200,WGD
Glyma.20G227300,WGD
Glyma.20G227400,WGD
Glyma.20G227500,WGD
Glyma.20G227600,WGD
Glyma.20G227700,WGD
Glyma.20G227801,WGD
Glyma.20G227900,WGD
Glyma.20G228000,WGD
Glyma.20G228100,WGD
Glyma.20G228200,WGD
Glyma.20G228300,WGD
Glyma.20G228500,WGD
Glyma.20G228700,WGD
Glyma.20G228900,WGD
Glyma.20G229100,WGD
Glyma.20G229400,WGD
Glyma.20G229500,WGD
Glyma.20G229600,WGD
Glyma.20G229700,WGD
Glyma.20G229800,WGD
Glyma.20G229900,WGD
Glyma.20G230000,WGD
Glyma.20G230100,WGD
Glyma.20G230200,WGD
Glyma.20G230300,WGD
Glyma.20G230400,WGD
Glyma.20G230500,WGD
Glyma.20G230600,WGD
Glyma.20G230700,WGD
Glyma.20G230800,WGD
Glyma.20G230851,WGD
Glyma.20G231000,WGD
Glyma.20G231100,WGD
Glyma.20G231200,WGD
Glyma.20G231300,WGD
Glyma.20G231400,WGD
Glyma.20G231466,WGD
Glyma.20G231532,WGD
Glyma.20G231600,WGD
Glyma.20G231700,WGD
Glyma.20G231800,WGD
Glyma.20G231900,WGD
Glyma.20G232100,WGD
Glyma.20G232200,WGD
Glyma.20G232300,WGD
Glyma.20G232400,WGD
Glyma.20G232500,WGD
Glyma.20G232600,WGD
Glyma.20G232700,WGD
Glyma.20G232800,WGD
Glyma.20G232900,WGD
Glyma.20G233000,WGD
Glyma.20G233100,WGD
Glyma.20G233200,WGD
Glyma.20G233300,WGD
Glyma.20G233400,WGD
Glyma.20G233500,WGD
Glyma.20G233700,WGD
Glyma.20G233800,WGD
Glyma.20G233900,WGD
Glyma.20G234000,WGD
Glyma.20G234100,WGD
Glyma.20G234200,WGD
Glyma.20G234300,WGD
Glyma.20G234400,WGD
Glyma.20G234500,WGD
Glyma.20G234600,WGD
Glyma.20G234700,WGD
Glyma.20G234900,WGD
Glyma.20G234950,WGD
Glyma.20G235100,WGD
Glyma.20G235300,WGD
Glyma.20G235400,WGD
Glyma.20G235500,WGD
Glyma.20G235700,WGD
Glyma.20G235800,WGD
Glyma.20G235900,WGD
Glyma.20G236100,WGD
Glyma.20G236200,WGD
Glyma.20G236400,WGD
Glyma.20G236500,WGD
Glyma.20G236700,WGD
Glyma.20G236900,WGD
Glyma.20G237000,WGD
Glyma.20G237200,WGD
Glyma.20G237300,WGD
Glyma.20G237400,WGD
Glyma.20G237500,WGD
Glyma.20G237800,WGD
Glyma.20G237900,WGD
Glyma.20G237950,WGD
Glyma.20G238100,WGD
Glyma.20G238400,WGD
Glyma.20G238500,WGD
Glyma.20G238550,WGD
Glyma.20G238600,WGD
Glyma.20G238700,WGD
Glyma.20G238800,WGD
Glyma.20G238951,WGD
Glyma.20G239100,WGD
Glyma.20G239200,WGD
Glyma.20G239300,WGD
Glyma.20G239400,WGD
Glyma.20G239500,WGD
Glyma.20G239600,WGD
Glyma.20G239700,WGD
Glyma.20G239800,WGD
Glyma.20G240000,WGD
Glyma.20G240100,WGD
Glyma.20G240300,WGD
Glyma.20G240400,WGD
Glyma.20G240500,WGD
Glyma.20G240600,WGD
Glyma.20G240700,WGD
Glyma.20G240900,WGD
Glyma.20G241101,WGD
Glyma.20G241200,WGD
Glyma.20G241300,WGD
Glyma.20G241400,WGD
Glyma.20G241500,WGD
Glyma.20G242100,WGD
Glyma.20G242400,WGD
Glyma.20G242800,WGD
Glyma.20G242900,WGD
Glyma.20G243000,WGD
Glyma.20G243067,WGD
Glyma.20G243200,WGD
Glyma.20G243500,WGD
Glyma.20G243600,WGD
Glyma.20G243700,WGD
Glyma.20G243800,WGD
Glyma.20G243900,WGD
Glyma.20G244000,WGD
Glyma.20G244200,WGD
Glyma.20G244300,WGD
Glyma.20G244400,WGD
Glyma.20G244500,WGD
Glyma.20G244700,WGD
Glyma.20G244900,WGD
Glyma.20G245100,WGD
Glyma.20G245300,WGD
Glyma.20G245400,WGD
Glyma.20G245500,WGD
Glyma.20G245600,WGD
Glyma.20G245800,WGD
Glyma.20G245900,WGD
Glyma.20G246100,WGD
Glyma.20G246200,WGD
Glyma.20G246400,WGD
Glyma.20G246800,WGD
Glyma.20G246900,WGD
Glyma.20G247200,WGD
Glyma.20G247400,WGD
Glyma.20G247500,WGD
Glyma.20G247700,WGD
Glyma.20G248000,WGD
Glyma.20G248500,WGD
Glyma.20G248600,WGD
Glyma.20G248700,WGD
Glyma.20G248900,WGD
Glyma.20G249000,WGD
Glyma.20G249200,WGD
Glyma.20G249300,WGD
Glyma.20G249600,WGD
Glyma.20G249700,WGD
Glyma.20G249800,WGD
Glyma.20G249900,WGD
Glyma.20G250000,WGD
Glyma.20G250200,WGD
